{"type":"FeatureCollection","features":[{"type":"Feature","geometry":{"type":"Polygon","coordinates":[[[-73.12613628297227,45.226665351954225],[-73.12601781764417,45.22681174540499],[-73.1263204663516,45.22693499110816],[-73.12643892898475,45.2267885979748],[-73.12613628297227,45.226665351954225]]]},"properties":{"NO_LOT":"4 391 088","geoId":"ca/qc/lot/4-391-088","name":"4 391 088","code":"4 391 088","level":"locality","country":"CA","noLot":"4 391 088"}},{"type":"Feature","geometry":{"type":"Polygon","coordinates":[[[-73.12625480938578,45.22651888220384],[-73.12613628297227,45.226665351954225],[-73.12643892898475,45.2267885979748],[-73.1265574562966,45.226642126643895],[-73.12625480938578,45.22651888220384]]]},"properties":{"NO_LOT":"4 391 087","geoId":"ca/qc/lot/4-391-087","name":"4 391 087","code":"4 391 087","level":"locality","country":"CA","noLot":"4 391 087"}},{"type":"Feature","geometry":{"type":"Polygon","coordinates":[[[-73.127079925449,45.22666362724958],[-73.12671972527458,45.22725164538349],[-73.1273225460342,45.227503630685895],[-73.1275729253685,45.22686995242545],[-73.127079925449,45.22666362724958]]]},"properties":{"NO_LOT":"4 391 084","geoId":"ca/qc/lot/4-391-084","name":"4 391 084","code":"4 391 084","level":"locality","country":"CA","noLot":"4 391 084"}},{"type":"Feature","geometry":{"type":"Polygon","coordinates":[[[-73.12602874025971,45.227295384463034],[-73.12581844375339,45.227209746739035],[-73.12573285317144,45.227428130683656],[-73.1259605132139,45.22766932998062],[-73.12615581953307,45.22743169392865],[-73.12602874025971,45.227295384463034]]]},"properties":{"NO_LOT":"4 391 090","geoId":"ca/qc/lot/4-391-090","name":"4 391 090","code":"4 391 090","level":"locality","country":"CA","noLot":"4 391 090"}},{"type":"Feature","geometry":{"type":"Polygon","coordinates":[[[-73.12667768052602,45.226493466464866],[-73.1265574562966,45.226642126643895],[-73.12643892898475,45.2267885979748],[-73.1263204663516,45.22693499110816],[-73.12602874025971,45.227295384463034],[-73.12615581953307,45.22743169392865],[-73.12638375805327,45.227673066563675],[-73.12643132923743,45.227725272411305],[-73.12671972527458,45.22725164538349],[-73.127079925449,45.22666362724958],[-73.12690223329591,45.22658926054085],[-73.12667768052602,45.226493466464866]]]},"properties":{"NO_LOT":"4 878 894","geoId":"ca/qc/lot/4-878-894","name":"4 878 894","code":"4 878 894","level":"locality","country":"CA","noLot":"4 878 894"}},{"type":"Feature","geometry":{"type":"Polygon","coordinates":[[[-73.12609002153177,45.2289163398853],[-73.12640892615258,45.22904718244111],[-73.12668174899595,45.22871515304365],[-73.12636284617176,45.228584310988886],[-73.12626540501458,45.22870289833788],[-73.1261679638574,45.22882148543952],[-73.12609002153177,45.2289163398853]]]},"properties":{"NO_LOT":"4 391 106","geoId":"ca/qc/lot/4-391-106","name":"4 391 106","code":"4 391 106","level":"locality","country":"CA","noLot":"4 391 106"}},{"type":"Feature","geometry":{"type":"Polygon","coordinates":[[[-73.1258457579279,45.228689286564304],[-73.12574639707097,45.22881020758846],[-73.12606860210214,45.22894240681511],[-73.12609002153177,45.2289163398853],[-73.1261679638574,45.22882148543952],[-73.1258457579279,45.228689286564304]]]},"properties":{"NO_LOT":"4 391 110","geoId":"ca/qc/lot/4-391-110","name":"4 391 110","code":"4 391 110","level":"locality","country":"CA","noLot":"4 391 110"}},{"type":"Feature","geometry":{"type":"Polygon","coordinates":[[[-73.12612138171832,45.230277273615016],[-73.12579915602592,45.23014506357481],[-73.12570175708956,45.230263669810164],[-73.1260240321893,45.230395809983484],[-73.12612138171832,45.230277273615016]]]},"properties":{"NO_LOT":"4 391 167","geoId":"ca/qc/lot/4-391-167","name":"4 391 167","code":"4 391 167","level":"locality","country":"CA","noLot":"4 391 167"}},{"type":"Feature","geometry":{"type":"Polygon","coordinates":[[[-73.12626540501458,45.22870289833788],[-73.12594319998342,45.228570699819535],[-73.1258457579279,45.228689286564304],[-73.1261679638574,45.22882148543952],[-73.12626540501458,45.22870289833788]]]},"properties":{"NO_LOT":"4 391 109","geoId":"ca/qc/lot/4-391-109","name":"4 391 109","code":"4 391 109","level":"locality","country":"CA","noLot":"4 391 109"}},{"type":"Feature","geometry":{"type":"Polygon","coordinates":[[[-73.12634466516873,45.22808211083776],[-73.12594319998342,45.228570699819535],[-73.12626540501458,45.22870289833788],[-73.12636284617176,45.228584310988886],[-73.12668174899595,45.22871515304365],[-73.12680316528973,45.22856738718158],[-73.12657516029422,45.22832606705965],[-73.12634466516873,45.22808211083776]]]},"properties":{"NO_LOT":"4 391 105","geoId":"ca/qc/lot/4-391-105","name":"4 391 105","code":"4 391 105","level":"locality","country":"CA","noLot":"4 391 105"}},{"type":"Feature","geometry":{"type":"Polygon","coordinates":[[[-73.12916472388228,45.21135166368738],[-73.12800080820968,45.21137104937138],[-73.12801202726926,45.21244261391197],[-73.12802301186856,45.213500351104074],[-73.12803395155208,45.21455372177113],[-73.12812522667316,45.223342410766556],[-73.12812539465813,45.22335684256509],[-73.12812559947399,45.223371273727274],[-73.12812583932418,45.22338570488581],[-73.12812611420867,45.22340013540798],[-73.12812642502575,45.22341456655917],[-73.12812677087713,45.22342899644124],[-73.12812715266114,45.22344342568695],[-73.12812757127605,45.22345785556169],[-73.12812802492527,45.22347228353467],[-73.1281285145071,45.22348671150393],[-73.12812903822493,45.22350113946953],[-73.12812959877364,45.223515565533326],[-73.12813019435669,45.2235299915934],[-73.12813082587233,45.223544417649876],[-73.1281314933206,45.22355884180453],[-73.12813219580313,45.22357326595549],[-73.1281329342183,45.22358768883736],[-73.12813370766777,45.223602109817435],[-73.12813451794814,45.22361653079384],[-73.12813536326284,45.223630950501125],[-73.12813624451012,45.22364536957202],[-73.12813716079171,45.22365978674112],[-73.12813811300592,45.22367420390657],[-73.12813910025442,45.22368861853747],[-73.12814012433384,45.223703032532],[-73.12814118344755,45.22371744589019],[-73.12814227669726,45.22373185671379],[-73.12814340677788,45.22374626690102],[-73.12814457279113,45.22376067581917],[-73.12814577383865,45.22377508283554],[-73.12814701081881,45.2237894885828],[-73.12814828283324,45.22380389306099],[-73.1281495907803,45.22381829563735],[-73.12815093555828,45.223832695679185],[-73.12815231447225,45.223847095717375],[-73.12815372931881,45.22386149322105],[-73.12815517919968,45.22387588882294],[-73.12815666501317,45.22389028315573],[-73.12815818586094,45.223904674954],[-73.12815974353964,45.2239190648505],[-73.1281613353543,45.223933452845216],[-73.12816296310163,45.22394784020351],[-73.12816462678153,45.223962223761895],[-73.12816632639404,45.22397660605123],[-73.12816806014253,45.22399098580602],[-73.12816982982365,45.22400536429176],[-73.12817163633568,45.2240197389776],[-73.1281734769837,45.22403411302704],[-73.12817535356434,45.224048483909286],[-73.12817726517926,45.22406285288974],[-73.12817921362512,45.22407721933569],[-73.12818119620694,45.22409158324716],[-73.12818321382308,45.22410594525686],[-73.12818526827012,45.22412030409935],[-73.12818735864978,45.224134659774634],[-73.12818948226712,45.224149014180846],[-73.12819164361369,45.22416336478717],[-73.12819383819793,45.22417771412446],[-73.12819607051142,45.224192059029114],[-73.12819833606257,45.22420640203197],[-73.12820063844464,45.224220743133074],[-73.128202975861,45.224235080434305],[-73.12820534831167,45.22424941393563],[-73.12820775759326,45.224263746167935],[-73.1282102001125,45.2242780739676],[-73.1282126794627,45.224292399865476],[-73.12821519384718,45.22430672196355],[-73.12821774326596,45.224321040894395],[-73.12822032861736,45.224335357290784],[-73.12822294900303,45.22434966988728],[-73.12822560532132,45.224363979949366],[-73.12822829667392,45.22437828621156],[-73.12823102216248,45.22439258930659],[-73.12823378448199,45.22440688923445],[-73.12823658093747,45.22442118536243],[-73.12823941422387,45.224435478323294],[-73.12824228164627,45.224449767484224],[-73.12824518410295,45.22446405221266],[-73.12824812339055,45.22447833440661],[-73.12825109681414,45.224492613433455],[-73.12825410527203,45.22450688802771],[-73.12825714966253,45.22452115818943],[-73.128260228189,45.22453542644941],[-73.12826334354642,45.22454968901145],[-73.1282664930398,45.224563948406306],[-73.1282696784658,45.22457820463407],[-73.12827289802779,45.224592456429264],[-73.12827615352236,45.224606703159225],[-73.12827944405124,45.22462094735477],[-73.12828277051275,45.224635187117805],[-73.12828613111022,45.22464942244827],[-73.128289526742,45.22466365334624],[-73.12829295830637,45.22467788044437],[-73.12829642490507,45.22469210310999],[-73.12829992653805,45.224706321343064],[-73.128303462307,45.224720535143646],[-73.12830703490688,45.22473474514445],[-73.12831064164276,45.224748950712716],[-73.1283142825146,45.22476315121573],[-73.12831795931905,45.224777348551704],[-73.1283216711578,45.22479153955703],[-73.12832541892918,45.22480572739532],[-73.12832920083653,45.224819909535654],[-73.12833301777816,45.224834087243515],[-73.1283368697541,45.22484826051887],[-73.12834075676435,45.224862428729075],[-73.12834467970718,45.22487659250679],[-73.12834863678601,45.22489075121927],[-73.12835262889914,45.224904904233924],[-73.12835665514824,45.22491905344879],[-73.12836071643163,45.22493319759849],[-73.12836481364764,45.22494733668303],[-73.12836894589796,45.224961470702375],[-73.12837311228425,45.22497559839118],[-73.12837731370483,45.22498972228027],[-73.12838155105801,45.22500384047146],[-73.12838582164888,45.225017953597494],[-73.12839012727403,45.2250320616584],[-73.1283944688318,45.22504616338875],[-73.12839884452555,45.225060260686675],[-73.12840325435528,45.22507435165405],[-73.12840770101593,45.225088438821686],[-73.12841218091427,45.22510251839339],[-73.12841669584687,45.22511659353271],[-73.12842124581378,45.225130663606855],[-73.12842582991668,45.225144727350525],[-73.12843044905388,45.225158785396374],[-73.12843510232705,45.22517283774442],[-73.12843979153283,45.22518688439465],[-73.1284445148746,45.22520092534708],[-73.12844927235236,45.22521496060172],[-73.12845406486439,45.225228989525846],[-73.1284588924107,45.22524301275224],[-73.12846375499134,45.22525702964807],[-73.12846865080964,45.225271041478884],[-73.12847358166225,45.2252850463465],[-73.12847854754914,45.2252990455163],[-73.12848354757202,45.225313038355715],[-73.12848858262917,45.225327024864605],[-73.12849365182231,45.22534100567578],[-73.12849875604978,45.22535497952378],[-73.1285038953115,45.22536894767403],[-73.12850906781091,45.225382909493824],[-73.12851427534461,45.22539686498321],[-73.1285195170143,45.22541081287672],[-73.12852479281996,45.22542475570526],[-73.12853010365991,45.2254386909379],[-73.12853544863586,45.22545261984019],[-73.12854082774778,45.22546654304472],[-73.128546241894,45.22548045865345],[-73.12855169017621,45.22549436793176],[-73.12855717259437,45.22550826961428],[-73.12856269004685,45.2255221655991],[-73.128568240737,45.22553605462086],[-73.12857382735974,45.225549936679506],[-73.12857944632184,45.22556381177505],[-73.12858510031823,45.22557767990753],[-73.12859078934895,45.22559154107697],[-73.12859651071899,45.225605394650614],[-73.12860226802164,45.22561924189388],[-73.12860805946028,45.22563308090874],[-73.12861388413658,45.22564691359324],[-73.12861974294887,45.22566073994738],[-73.12862563679545,45.22567455807304],[-73.1286315638797,45.225688368603016],[-73.12863752599823,45.225702171537286],[-73.12864352225276,45.22571596814117],[-73.12864955084663,45.225729756516685],[-73.1286556153731,45.22574353856187],[-73.12866171313725,45.22575731174595],[-73.12866784503738,45.22577107859971],[-73.1286740110735,45.225784836592425],[-73.12868021124558,45.225798587622116],[-73.12868644555365,45.2258123316888],[-73.12869271220109,45.225826068159854],[-73.1286990138828,45.2258397957698],[-73.1287053497005,45.225853515784095],[-73.12871171965416,45.22586722757003],[-73.1287181219472,45.225880931760315],[-73.12872455927453,45.225894628987625],[-73.12873103073785,45.22590831798665],[-73.1287375354388,45.22592199812458],[-73.12874407427576,45.22593567066691],[-73.12875064635037,45.22594933498095],[-73.12875725256097,45.22596299106662],[-73.12876389200925,45.225976638923996],[-73.1287705655935,45.22599027918577],[-73.12877727241539,45.2260039112192],[-73.12878401337329,45.2260175350244],[-73.12879078846717,45.22603114870318],[-73.12879759679872,45.2260447560518],[-73.1288044374696,45.22605835390675],[-73.12881131227647,45.22607194416612],[-73.12881822121932,45.22608552493183],[-73.12882516429816,45.226099098102],[-73.12883213971632,45.22611266177849],[-73.12883914927049,45.22612621785946],[-73.12884619296062,45.22613976507947],[-73.12885326899013,45.226153302805905],[-73.12886037825729,45.22616683167141],[-73.12886752166042,45.22618035294135],[-73.1288746974029,45.22619386471772],[-73.12888190728137,45.22620736826588],[-73.12888915039753,45.22622086168774],[-73.12889642764962,45.22623434688145],[-73.12890373813941,45.22624782321427],[-73.12891108096855,45.2262612900535],[-73.12891845703535,45.226274748031855],[-73.12892586544149,45.226288197149344],[-73.12893330888194,45.226301636140605],[-73.12894078466175,45.22631506690371],[-73.12894829367919,45.226328488173316],[-73.12895583683263,45.226341899949375],[-73.12896341142711,45.22635530286458],[-73.12897102105588,45.22636869628627],[-73.12897866212568,45.22638208021448],[-73.12898633643316,45.226395454016455],[-73.1289940439783,45.22640881895768],[-73.1290017847611,45.2264221737727],[-73.12900955878156,45.2264355203596],[-73.12901736514138,45.22644885618767],[-73.12902520473888,45.22646218315499],[-73.12903307667571,45.22647549999614],[-73.12904098185021,45.22648880734382],[-73.12904892026238,45.226502103932674],[-73.12905689101389,45.22651539229347],[-73.12906489500308,45.226528669895465],[-73.12907293222993,45.22654193800401],[-73.1290810008978,45.22655519535381],[-73.12908910280335,45.22656844321014],[-73.12909723794655,45.226581680940434],[-73.12910540542914,45.22659490917727],[-73.12911360525104,45.22660812728808],[-73.12912183831062,45.226621334007405],[-73.12913010281123,45.22663453186606],[-73.12913840144782,45.22664771896595],[-73.12914673242376,45.22666089593979],[-73.12915509484074,45.2266740634203],[-73.1291634904954,45.226687218876705],[-73.12917191848939,45.22670036483974],[-73.12918037882274,45.22671350130947],[-73.12918887239374,45.226726626387766],[-73.1291973974058,45.22673974007472],[-73.12920595565551,45.22675284426833],[-73.12921454534626,45.22676593833597],[-73.12922316737634,45.226779021012256],[-73.12923182264412,45.22679209292988],[-73.12924050935291,45.22680515535419],[-73.12924922840106,45.226818205121816],[-73.12925798068687,45.226831245396156],[-73.1292667635154,45.22684427491186],[-73.1292755795816,45.226857293036254],[-73.12928442708885,45.22687030040202],[-73.12929330783373,45.22688329700919],[-73.12930222091799,45.22689628222506],[-73.12931116454496,45.226909257315036],[-73.12932014051127,45.226922220381034],[-73.12932914881694,45.22693517332111],[-73.12933818946196,45.226948114237274],[-73.12934726154802,45.22696104439487],[-73.12935636597342,45.22697396316122],[-73.12936550183986,45.226986871168975],[-73.12937467004565,45.22699976715285],[-73.12938386969248,45.22701265237819],[-73.12939310078032,45.227025526212316],[-73.12940236510585,45.22703838802254],[-73.12941165997411,45.22705123907425],[-73.12942098538507,45.227064078102124],[-73.12943034493202,45.22707690637145],[-73.12943973502168,45.227089721984264],[-73.12944915655237,45.227102527471246],[-73.12945861042242,45.22711532030172],[-73.12946809573351,45.22712810110839],[-73.12947761158732,45.22714087115657],[-73.12948715978048,45.22715362918091],[-73.12949674031297,45.227166375181476],[-73.12950635048989,45.22717910915822],[-73.12951599390446,45.2271918311112],[-73.12952566786174,45.22720454230572],[-73.12953537326007,45.22721724021112],[-73.12954511009946,45.22722992609277],[-73.12955487837985,45.22724260121598],[-73.12956467720296,45.22725526305009],[-73.12957450836545,45.22726791412582],[-73.12958437007063,45.22728055254511],[-73.12959426321686,45.22729317830802],[-73.1296041869058,45.22730579141453],[-73.12961414203576,45.22731839313001],[-73.12962412950509,45.22733098218909],[-73.12963414572052,45.227343559224444],[-73.1296441951736,45.227356122970775],[-73.1296542742711,45.22736867532614],[-73.12966438480962,45.22738121502513],[-73.12967452589086,45.22739374206775],[-73.12968469931144,45.22740625708675],[-73.12969490237644,45.22741875944939],[-73.12970513598415,45.22743124852305],[-73.12971540193124,45.227443725573096],[-73.1297256975227,45.22745618933414],[-73.12973602455521,45.227468640438914],[-73.12974638123212,45.22748107952006],[-73.12975677024836,45.22749350531222],[-73.12976718801073,45.22750591844817],[-73.12976521531036,45.227604145357226],[-73.13109874638333,45.228183607022736],[-73.1311000309742,45.22823255605154],[-73.13204643577042,45.22864192275456],[-73.13336970628622,45.22923506773243],[-73.13348659327436,45.229228755067],[-73.13347113506494,45.22922051215974],[-73.13345569841509,45.22921225027155],[-73.1334402824265,45.229203968137064],[-73.13342488979411,45.229195665123655],[-73.13340951782298,45.22918734312927],[-73.13339416651309,45.22917900088852],[-73.1333788385594,45.229170639034166],[-73.13336353126695,45.22916225693352],[-73.13334824643239,45.22915385521915],[-73.1333329831574,45.229145433258424],[-73.13331774144197,45.229136991051384],[-73.13330252218442,45.22912852986331],[-73.13328732538476,45.22912004906148],[-73.13327215014468,45.229111548013314],[-73.13325699736245,45.22910302671875],[-73.13324186613981,45.22909448707578],[-73.13322675827335,45.2290859271864],[-73.13321167106818,45.22907734831593],[-73.13319660721916,45.22906874919903],[-73.13318156582804,45.22906012983568],[-73.1331665468948,45.2290514921239],[-73.13315155041946,45.2290428341657],[-73.133136576402,45.22903415722633],[-73.1331216248424,45.22902546130578],[-73.1331066957407,45.22901674513883],[-73.13309178999519,45.22900800935801],[-73.13307690670756,45.22899925522869],[-73.13306204587781,45.228990480852865],[-73.13304720750595,45.22898168812848],[-73.13303239249029,45.22897287515761],[-73.13301760172912,45.228964043838204],[-73.13300283252755,45.22895519290488],[-73.13298808668216,45.22894632299033],[-73.13297336329465,45.22893743282927],[-73.13295866505997,45.228928524952266],[-73.13294398748653,45.228919598094016],[-73.13292933416763,45.22891065098917],[-73.13291470420491,45.22890168616836],[-73.1329000984967,45.22889270110098],[-73.13288551524639,45.22888369831763],[-73.13287095535226,45.22887467592031],[-73.13285641971265,45.228865633909024],[-73.13284190653093,45.228856574181776],[-73.13282741760369,45.22884749610583],[-73.13281295203268,45.228838398415895],[-73.13279851071617,45.22882928111195],[-73.13278409275586,45.22882014609201],[-73.13276969815175,45.22881099209068],[-73.13275532870045,45.22880182037332],[-73.13274098260538,45.22879262840925],[-73.13272665896818,45.228783419361775],[-73.1327123613821,45.22877419006757],[-73.13269808625392,45.22876494305731],[-73.13268383627857,45.22875567833094],[-73.13266960876112,45.228746393990484],[-73.13265540729478,45.228737091301284],[-73.13264122918464,45.228727770263276],[-73.13262707622737,45.2287184308765],[-73.13261294572794,45.22870907314094],[-73.13259884127964,45.228699697056555],[-73.13258476108591,45.228690303255995],[-73.13257070514665,45.228680890474],[-73.1325566725636,45.228671459975786],[-73.13254266603168,45.22866201112878],[-73.13252868375427,45.228652543300235],[-73.1325147257314,45.228643058388144],[-73.13250079286135,45.22863355512721],[-73.13248688514412,45.22862403351736],[-73.13247300078308,45.22861449292597],[-73.13245914157487,45.22860493651637],[-73.13244530841781,45.22859536049251],[-73.13243149951528,45.22858576738508],[-73.13241771576556,45.228576155296054],[-73.13240395627034,45.22856652612342],[-73.13239022282626,45.22855687923451],[-73.13237651453504,45.228547213996656],[-73.13236283049831,45.22853753104249],[-73.13234917251275,45.22852783037205],[-73.13233553967999,45.22851811198528],[-73.13232193110174,45.228508376514846],[-73.13230834857465,45.228498623328115],[-73.1322947920987,45.22848885115967],[-73.13228125987726,45.22847906317289],[-73.13226775460528,45.22846925620442],[-73.1322542735878,45.22845943215226],[-73.13224081862147,45.22844959101637],[-73.13222738880799,45.22843973216409],[-73.13221398504564,45.22842985622811],[-73.13220060733443,45.22841996194304],[-73.13218725477603,45.22841005120689],[-73.13217392916712,45.22840012338698],[-73.1321606278127,45.228390177218],[-73.13214735340773,45.22838021396523],[-73.13213410505394,45.228370234261355],[-73.13212088185296,45.22836023747368],[-73.13210768470312,45.228350222336886],[-73.13209451360441,45.22834019138159],[-73.1320813694552,45.228330142077155],[-73.13206825045879,45.22832007632153],[-73.13205515841183,45.22830999411478],[-73.13204209241601,45.2282998941915],[-73.13202905336966,45.228289777184365],[-73.13201603947614,45.228279644358715],[-73.13200305343041,45.228269493183866],[-73.13199009253749,45.228259326190454],[-73.13197715859401,45.228249142113135],[-73.13196425160001,45.2282389415846],[-73.13195137065718,45.22822872333951],[-73.13193851576544,45.22821848927582],[-73.13192568782317,45.22820823749551],[-73.13191296498383,45.2281980312656],[-73.13190026639896,45.22818780858448],[-73.13188759566188,45.228177569452065],[-73.13187495187425,45.22816731450102],[-73.13186233323945,45.22815704246606],[-73.13184974245245,45.228146754612496],[-73.13183717771655,45.228136450307595],[-73.1318246390318,45.22812612955139],[-73.13181212729654,45.22811579234393],[-73.13179964340904,45.22810544058309],[-73.13178718557268,45.22809507110561],[-73.13177475468578,45.22808468644211],[-73.13176234985002,45.22807428532727],[-73.13174997286204,45.22806386839375],[-73.1317376219252,45.22805343500886],[-73.13172529883612,45.22804298643793],[-73.13171300359484,45.2280325214156],[-73.13170073440467,45.228022041207254],[-73.13168849126568,45.228011544547456],[-73.13167627687275,45.228001032068946],[-73.13166408942931,45.227990504404374],[-73.13165192803699,45.22797996028833],[-73.13163979539074,45.2279694016189],[-73.13162768879566,45.22795882649803],[-73.13161561094667,45.227948235558344],[-73.13160356004714,45.22793762943255],[-73.13159153609706,45.227927007487935],[-73.13157953999475,45.227916370357214],[-73.13156757084191,45.22790571804037],[-73.13155562953683,45.22789504927197],[-73.13154371697784,45.22788436658276],[-73.13153183047001,45.22787366744203],[-73.13151997180995,45.22786295311515],[-73.13150814189598,45.22785222360206],[-73.13149633893146,45.227841479535435],[-73.13148456381471,45.22783071964994],[-73.13147281654574,45.22781994457826],[-73.13146109802285,45.22780915305497],[-73.13144940644943,45.22779834824347],[-73.13143774272378,45.227787527613074],[-73.13142610774422,45.22777669242909],[-73.13141450061245,45.22776584142619],[-73.1314029204301,45.22775497650237],[-73.13139136989219,45.22774409639226],[-73.13137984630373,45.2277332004632],[-73.13136835146136,45.22772229061315],[-73.13135688536505,45.22771136557687],[-73.13134544711654,45.227700425354215],[-73.13133403671581,45.22768947121064],[-73.13132265506115,45.2276785025134],[-73.13131130125429,45.22766751862985],[-73.13129997709181,45.22765651955988],[-73.13128867987879,45.22764550656897],[-73.1312774123102,45.22763447839172],[-73.13126617348767,45.2276234362934],[-73.13125496251293,45.22761238027405],[-73.13124378028428,45.22760130843566],[-73.13123262590338,45.227590223308916],[-73.1312215011669,45.22757912362842],[-73.13121040517652,45.22756800939419],[-73.13119933703392,45.22755688060624],[-73.131188299434,45.227545737264485],[-73.13117728878356,45.227534580634384],[-73.13116630777753,45.2275234094505],[-73.13115535641592,45.22751222308013],[-73.13114443200374,45.22750102405399],[-73.13113353813429,45.2274898104741],[-73.13112267301092,45.22747858360575],[-73.13111183663365,45.227467341550906],[-73.13110102990078,45.227456085574914],[-73.131090251914,45.22744481631046],[-73.13107950267333,45.22743353249216],[-73.13106878307703,45.22742223538537],[-73.13105809312515,45.227410924357415],[-73.13104743191936,45.22739959940827],[-73.13103679945965,45.22738826053794],[-73.13102619664436,45.22737690837906],[-73.13101562347346,45.227365542299],[-73.1310050808453,45.22735416229772],[-73.1309945660649,45.22734276964056],[-73.13098408092888,45.227331362429474],[-73.1309736254373,45.227319942562524],[-73.13096319959011,45.22730850814164],[-73.13095280338734,45.22729706106488],[-73.13094243682895,45.22728560006684],[-73.13093209991497,45.22727412641287],[-73.13092179264541,45.22726263947031],[-73.13091151591856,45.227251138606455],[-73.1309012679378,45.22723962445399],[-73.13089104960144,45.22722809764556],[-73.13088086090949,45.2272165575485],[-73.13087070276026,45.227205003530166],[-73.13086057425542,45.22719343748848],[-73.130850475395,45.22718185815815],[-73.13084040617899,45.227170265539165],[-73.13083036840399,45.227158659631506],[-73.13082035937511,45.22714704043513],[-73.1308103799906,45.22713540858282],[-73.13080043114883,45.227123762176376],[-73.13079051195147,45.22711210437928],[-73.13078062419513,45.227100434558864],[-73.13077076608322,45.227088750184336],[-73.13076093761569,45.22707705441914],[-73.1307511405892,45.227065345365205],[-73.1307413723088,45.227053623022485],[-73.13073163546944,45.2270418892891],[-73.13072192827447,45.22703014353231],[-73.13071225252054,45.22701838322136],[-73.13070260641102,45.22700661215237],[-73.13069298994591,45.226994828427316],[-73.13068340492183,45.22698303141341],[-73.13067385044046,45.22697122237612],[-73.1306643256035,45.22695940131536],[-73.13065483310591,45.22694756823114],[-73.1306453702527,45.22693572249079],[-73.13063593794222,45.226923864094275],[-73.13062653617446,45.226911994307],[-73.13061716494941,45.226900112496246],[-73.1306078251654,45.22688821802928],[-73.1305985159241,45.22687631217155],[-73.13058923722555,45.22686439302491],[-73.130579989968,45.22685246312013],[-73.1305707732532,45.226840521191825],[-73.13056158708109,45.22682856724002],[-73.13055243145173,45.22681660126466],[-73.13054330816169,45.22680462326576],[-73.13053421451608,45.22679263450872],[-73.13052515320979,45.22678063309537],[-73.13051612064962,45.22676862029119],[-73.13050712132711,45.226756596096116],[-73.1304981525473,45.22674456051014],[-73.13048921431024,45.226732512267915],[-73.13048030751419,45.22672045326744],[-73.1304714330575,45.22670838224338],[-73.13046258824521,45.22669630046105],[-73.13045377577228,45.22668420728784],[-73.13044499384205,45.22667210209098],[-73.13043624335288,45.22665998613587],[-73.13042752430474,45.226647858157115],[-73.13041883759594,45.22663572005279],[-73.13041018053154,45.2266235705575],[-73.1304015567048,45.226611409038526],[-73.13039296252249,45.22659923739396],[-73.13038440067952,45.22658705435842],[-73.13037587027758,45.226574859931866],[-73.13036737131668,45.22656265411431],[-73.13035890469511,45.22655043817114],[-73.13035046861629,45.22653821146965],[-73.13034206577512,45.22652597337708],[-73.13033369257835,45.22651372452623],[-73.13032535261927,45.226501464916986],[-73.13031704320287,45.22648919518214],[-73.13030876522754,45.22647691405619],[-73.13030052048985,45.22646462217188],[-73.1302923062949,45.22645232016185],[-73.1302841253376,45.2264400073935],[-73.13027597492304,45.22642768323405],[-73.13026785684782,45.22641534894887],[-73.13025977021363,45.22640300517069],[-73.13025171591879,45.22639065000136],[-73.13024369396331,45.22637828533903],[-73.13023570434716,45.22636590991832],[-73.13022774527374,45.226353524371795],[-73.130219819438,45.22634112806688],[-73.13021192504327,45.226328721003476],[-73.1302040629879,45.226316305079735],[-73.1301962332719,45.2263038783975],[-73.13018843499691,45.22629144222221],[-73.13018066906129,45.226278995288446],[-73.130172935465,45.22626653822887],[-73.13016523420806,45.22625407230892],[-73.13015756529047,45.22624159499773],[-73.13014992781395,45.22622910945886],[-73.13014232357506,45.22621661189609],[-73.13013475167553,45.226204106105534],[-73.13012721211535,45.2261915901892],[-73.13011970489453,45.226179065412424],[-73.13011222911473,45.22616652924436],[-73.13010478657259,45.22615398484859],[-73.13009737726814,45.226141430326926],[-73.13008999850639,45.22612886631212],[-73.13008265388063,45.22611629343684],[-73.13007534069591,45.22610371043569],[-73.13006806074884,45.226091117308634],[-73.13006081314113,45.22607851532108],[-73.13005359787276,45.22606590384035],[-73.13004641584206,45.22605328413181],[-73.13003926615072,45.22604065429732],[-73.13003214879873,45.22602801623502],[-73.1300250646844,45.22601536741411],[-73.13001801290943,45.22600271036541],[-73.13001099347379,45.22599004382341],[-73.13000400727582,45.225977369053595],[-73.12999705431552,45.22596468415782],[-73.12999013369456,45.22595199103419],[-73.12998324541297,45.22593928904997],[-73.12997639036904,45.22592657820522],[-73.12996956856277,45.225913857867134],[-73.12996277999417,45.22590112993392],[-73.1299560237649,45.2258883918747],[-73.12994930077333,45.22587564622028],[-73.12994261101942,45.225862891072595],[-73.12993595270653,45.22585012832966],[-73.12992932852963,45.22583735609341],[-73.12992273759038,45.225824576261935],[-73.12991617809217,45.22581178693717],[-73.12990965362827,45.22579898875176],[-73.12990316150372,45.225786182971085],[-73.12989670261682,45.225773368962514],[-73.12989027606928,45.22576054672594],[-73.12988388455602,45.22574771626146],[-73.12987752448383,45.22573487693628],[-73.12987119854759,45.225722030015824],[-73.12986490584902,45.22570917486746],[-73.1298586454898,45.22569631085836],[-73.12985241926657,45.225683439886694],[-73.129846226281,45.22567056005433],[-73.1298400665331,45.2256576732594],[-73.12983393912455,45.22564477697105],[-73.12982784675029,45.225631873720076],[-73.12982178671538,45.22561896287384],[-73.12981575991813,45.225606043799544],[-73.12980976635856,45.22559311712994],[-73.12980380693499,45.22558018286497],[-73.12979788164736,45.22556724100473],[-73.1297919886991,45.225554290916406],[-73.1297861289885,45.225541333865465],[-73.12978032048186,45.22552840718115],[-73.12977454521291,45.22551547290145],[-73.12976880407993,45.225502531026486],[-73.1297630952863,45.22548958218884],[-73.12975742062864,45.2254766251231],[-73.12975177920868,45.22546366109478],[-73.12974617102633,45.22545069010376],[-73.12974059608167,45.22543771215006],[-73.12973505527302,45.225424726601005],[-73.1297295468037,45.22541173408929],[-73.12972407336868,45.22539873461488],[-73.12971863317131,45.22538572817775],[-73.12971322621162,45.225372714777954],[-73.12970785248959,45.22535969378278],[-73.12970251200522,45.2253466670903],[-73.12969720565683,45.22533363280238],[-73.12969193344443,45.22532059155178],[-73.1296866944697,45.22530754397119],[-73.1296814878343,45.22529448879516],[-73.12967631623322,45.2252814279218],[-73.1296711778698,45.22526836008569],[-73.12966607364235,45.22525528591958],[-73.12966100265257,45.22524220479077],[-73.12965596579876,45.225229116699175],[-73.12965096218264,45.225216022910196],[-73.12964599270249,45.225202922791254],[-73.12964105735833,45.225189815709484],[-73.1296361552518,45.225176702930405],[-73.12963128728128,45.22516358382124],[-73.12962645165011,45.22515045774929],[-73.12962165195155,45.22513732598003],[-73.12961688459234,45.225124188513384],[-73.12961215316572,45.22511104408394],[-73.12960745407848,45.225097893957106],[-73.12960278912722,45.225084737500175],[-73.12959815831194,45.225071575978575],[-73.129593559836,45.22505840749419],[-73.12958899729264,45.22504523394513],[-73.129584467987,45.22503205343324],[-73.12957997281731,45.225018867856654],[-73.1295755117836,45.22500567658261],[-73.12957108398757,45.2249924796112],[-73.12956669122583,45.22497927694238],[-73.12956233170175,45.22496606857614],[-73.12955800721198,45.22495285451246],[-73.12955371595987,45.224939634751415],[-73.12954945884373,45.224926409925594],[-73.1295452358636,45.224913178769626],[-73.1295410470194,45.22489994254893],[-73.12953689141291,45.22488670189618],[-73.12953277173902,45.224873454913315],[-73.12952868530279,45.22486020286571],[-73.12952463390086,45.22484694575331],[-73.1295206157366,45.22483368357623],[-73.12951663170833,45.224820415701636],[-73.12951268181601,45.224807143395005],[-73.129508766958,45.224793865390915],[-73.12950488533765,45.22478058232206],[-73.12950103875161,45.224767295453844],[-73.12949722540324,45.22475400288813],[-73.12949344798746,45.22474070589038],[-73.12948970380936,45.22472740256242],[-73.12948599376723,45.22471409543513],[-73.12948231786109,45.22470078387573],[-73.12947867698924,45.224687467884266],[-73.12947506935507,45.22467414556258],[-73.1294714976535,45.2246608207069],[-73.12946795829127,45.22464748952104],[-73.12946445575999,45.22463415453581],[-73.12946098556803,45.224620815751194],[-73.12945755041041,45.224607471269046],[-73.12945415028703,45.224594122354766],[-73.12945078340137,45.22458077027384],[-73.12944745244828,45.22456741376079],[-73.12944415473288,45.2245540515502],[-73.12944089115344,45.22454068680563],[-73.12943766350664,45.22452731636351],[-73.12943446909748,45.22451394338747],[-73.12943130972263,45.2245005653465],[-73.12942818448376,45.2244871835062],[-73.12942509427918,45.224473797233735],[-73.12942203821056,45.22446040716182],[-73.12941901627796,45.22444701329049],[-73.12941602937964,45.22443361625247],[-73.12941307751562,45.22442021414961],[-73.12941015978757,45.22440680951269],[-73.12940727619552,45.22439340044366],[-73.12940442763774,45.22437998757522],[-73.12940161321598,45.224366571539996],[-73.12939883382846,45.22435315170535],[-73.12939608857697,45.22433972743857],[-73.12939337835977,45.22432630063773],[-73.12939070227853,45.22431287067019],[-73.1293880612316,45.22429943627046],[-73.12938544623579,45.22428595314859],[-73.12938286537599,45.224272466227276],[-73.12938032044877,45.22425897613919],[-73.12937781055588,45.224245483517095],[-73.12937533479897,45.224231986462726],[-73.12937289317803,45.224218487507024],[-73.129370488388,45.22420498411914],[-73.12936811773397,45.224191478197184],[-73.12936578121592,45.224177969108446],[-73.12936348063047,45.22416445748564],[-73.129361214181,45.224150942063325],[-73.12935898366416,45.224137425372376],[-73.12935678728329,45.22412390424919],[-73.1293546259367,45.22411038059194],[-73.12935250052276,45.2240968544006],[-73.12935040924476,45.224083325042514],[-73.12934835210277,45.224069794415705],[-73.12934633089337,45.2240562599894],[-73.12934434561662,45.22404272302902],[-73.12934239447581,45.224029183534554],[-73.1293404783693,45.22401564150601],[-73.12933859729709,45.224002096943366],[-73.12933675125919,45.22398855047931],[-73.12933494025557,45.22397500148118],[-73.12933316428625,45.223961449948945],[-73.12933142335125,45.223947895882624],[-73.12932971745053,45.223934339914926],[-73.12932804658409,45.22392078204586],[-73.12932641165027,45.22390722227537],[-73.12932480995411,45.223893659970784],[-73.12932324419057,45.2238800951321],[-73.12932171435965,45.223866529024725],[-73.12932021956301,45.22385296101596],[-73.12931875800405,45.22383938984036],[-73.129317333276,45.22382581802884],[-73.12931594358226,45.2238122443159],[-73.12931458802451,45.22379866933429],[-73.12931326839936,45.2237850911858],[-73.12931198291017,45.2237715124014],[-73.12931073425193,45.22375793234832],[-73.12930951883135,45.22374434912835],[-73.12930834024169,45.223730765272464],[-73.12930719578803,45.22371718014785],[-73.12930608726697,45.22370359312186],[-73.12930501288187,45.22369000482717],[-73.12930397442942,45.223676415263796],[-73.12930297011293,45.22366282506445],[-73.12930200262737,45.22364923169825],[-73.12930106837948,45.22363563896153],[-73.1293001700642,45.22362204369068],[-73.1292993067832,45.223608449049316],[-73.12929847943482,45.223594851873756],[-73.12929768712074,45.22358125406228],[-73.12929692894265,45.22356765498208],[-73.12929620759549,45.22355405526594],[-73.12929551948596,45.22354045491377],[-73.12929486730906,45.22352685266024],[-73.12929425106478,45.223513251036145],[-73.12929366895648,45.2234996468779],[-73.12929312188247,45.22348604271641],[-73.12929261074106,45.2234724391844],[-73.1292921355323,45.223458833750925],[-73.12929169445948,45.223445227681516],[-73.12929128842099,45.223431620976115],[-73.12929091831509,45.22341801490014],[-73.12929058324347,45.2234044069228],[-73.12929028230786,45.22339079894216],[-73.12929001730485,45.22337719095832],[-73.12928978823446,45.22336358297115],[-73.12928959330004,45.22334997371532],[-73.12928943429823,45.22333636508892],[-73.1292789473656,45.22232860144115],[-73.12926116611287,45.22061984581279],[-73.12924612202681,45.219174232030234],[-73.12923243170188,45.217858543018956],[-73.12922012747744,45.21667609860021],[-73.12920917521748,45.215623579774125],[-73.12919810707487,45.214559948103954],[-73.12919227341541,45.21399930140277],[-73.12918695628726,45.21348831144599],[-73.12917594204356,45.21242984246072],[-73.12916472388228,45.21135166368738]]]},"properties":{"NO_LOT":"4 391 875","geoId":"ca/qc/lot/4-391-875","name":"4 391 875","code":"4 391 875","level":"locality","country":"CA","noLot":"4 391 875"}},{"type":"Feature","geometry":{"type":"Polygon","coordinates":[[[-73.12489450043252,45.23015386497626],[-73.12512828698522,45.229869180829354],[-73.12493685869313,45.229790688993845],[-73.12470307214042,45.230075371635955],[-73.12489450043252,45.23015386497626]]]},"properties":{"NO_LOT":"4 391 154","geoId":"ca/qc/lot/4-391-154","name":"4 391 154","code":"4 391 154","level":"locality","country":"CA","noLot":"4 391 154"}},{"type":"Feature","geometry":{"type":"Polygon","coordinates":[[[-73.12626751964876,45.22781453078565],[-73.12594869048642,45.2276837151281],[-73.12579483063783,45.22787092100629],[-73.12611368764793,45.22800174888644],[-73.12626751964876,45.22781453078565]]]},"properties":{"NO_LOT":"4 392 214","geoId":"ca/qc/lot/4-392-214","name":"4 392 214","code":"4 392 214","level":"locality","country":"CA","noLot":"4 392 214"}},{"type":"Feature","geometry":{"type":"Polygon","coordinates":[[[-73.12570530902818,45.2279798704489],[-73.12591984378604,45.22806647626519],[-73.12602416603829,45.22811069807828],[-73.12611368764793,45.22800174888644],[-73.12579483063783,45.22787092100629],[-73.12570530902818,45.2279798704489]]]},"properties":{"NO_LOT":"6 308 765","geoId":"ca/qc/lot/6-308-765","name":"6 308 765","code":"6 308 765","level":"locality","country":"CA","noLot":"6 308 765"}},{"type":"Feature","geometry":{"type":"Polygon","coordinates":[[[-73.12448562773938,45.22998704933793],[-73.12417893301992,45.2298602844861],[-73.12416735553253,45.229855500376026],[-73.1239725513716,45.23009271001189],[-73.12429082178181,45.23022425969008],[-73.12448562773938,45.22998704933793]]]},"properties":{"NO_LOT":"4 391 136","geoId":"ca/qc/lot/4-391-136","name":"4 391 136","code":"4 391 136","level":"locality","country":"CA","noLot":"4 391 136"}},{"type":"Feature","geometry":{"type":"Polygon","coordinates":[[[-73.12759537965734,45.227486916605834],[-73.12741721588873,45.227937580084095],[-73.12798542635709,45.228177735211624],[-73.12861437102346,45.22830036173372],[-73.12872584835698,45.22783660098703],[-73.12882745769706,45.227413882762725],[-73.12867802294956,45.22733995674779],[-73.12868284061442,45.22733445117094],[-73.12830173574503,45.22717496003449],[-73.12809504417793,45.22769810343532],[-73.12759537965734,45.227486916605834]]]},"properties":{"NO_LOT":"6 260 821","geoId":"ca/qc/lot/6-260-821","name":"6 260 821","code":"6 260 821","level":"locality","country":"CA","noLot":"6 260 821"}},{"type":"Feature","geometry":{"type":"Polygon","coordinates":[[[-73.12064720468378,45.22429126414497],[-73.12041058304804,45.22452569978754],[-73.12032257599797,45.2246331219538],[-73.12002679311425,45.2249898519849],[-73.1198296066212,45.22522766717668],[-73.11998635455345,45.225308493024286],[-73.11948256407072,45.22589435313242],[-73.1193258098503,45.22581345535771],[-73.11903570342085,45.226170112814614],[-73.11864889065615,45.226645651344306],[-73.11822337846901,45.22716875596146],[-73.11779783843407,45.22769188233714],[-73.11720864062575,45.228407280123],[-73.11622361905208,45.22960604409626],[-73.11520166055058,45.23084969710912],[-73.11327810881247,45.23319035443562],[-73.11075881054761,45.23628505300287],[-73.11119461922455,45.236464782579525],[-73.11078783062287,45.236957170844434],[-73.11079605649594,45.236960794851576],[-73.11080429853865,45.23696440177907],[-73.11081255585276,45.236967990994295],[-73.11082082843821,45.23697156123208],[-73.11082911809164,45.236975113757666],[-73.11083742211812,45.23697864793844],[-73.11084574051768,45.23698216377439],[-73.11085407598517,45.236985663163246],[-73.11086242582576,45.23698914167703],[-73.11087079183599,45.23699260374374],[-73.11087917221927,45.236996048098206],[-73.11131519649189,45.237174484350724],[-73.11248411937389,45.23765481737617],[-73.1129713664823,45.23705681925442],[-73.11339844712793,45.23723138209418],[-73.11364927741651,45.23737656353188],[-73.1135800703087,45.237461504030605],[-73.11393330943798,45.237605169254174],[-73.11527986698088,45.23595243140681],[-73.11614306801887,45.23600147938638],[-73.12439486465803,45.226000113787784],[-73.12460111874557,45.22576588668864],[-73.12470557754176,45.225649404526344],[-73.12463906088823,45.225620883746764],[-73.12463185999292,45.22561778858518],[-73.12462467886053,45.22561467064632],[-73.12461751479614,45.22561153246092],[-73.1246103704947,45.22560837339626],[-73.12460324505784,45.225605192187025],[-73.12459613758733,45.225601990731185],[-73.12458905077804,45.22559876776348],[-73.12458198193507,45.22559552328378],[-73.12457493285504,45.22559225919023],[-73.12456790263963,45.22558897358474],[-73.12456089218715,45.22558566773268],[-73.12455390149762,45.22558234036868],[-73.12454693146933,45.2255789927581],[-73.12453998030564,45.225575623635514],[-73.12453304980323,45.225572234266444],[-73.12452613996207,45.22556882528345],[-73.12451924988385,45.22556539542116],[-73.12451237956854,45.22556194467965],[-73.12450553081283,45.22555847369149],[-73.12449870182004,45.225554982456785],[-73.12449189348848,45.22555147160813],[-73.12448510671652,45.22554794051291],[-73.12447834060579,45.22554438853842],[-73.12447159515635,45.225540817582676],[-73.12446487216474,45.22553722638037],[-73.12445817073274,45.22553361429872],[-73.12445148906363,45.22552998323586],[-73.12444483075075,45.22552633255908],[-73.12443819309912,45.22552266226837],[-73.12443157700706,45.22551897173102],[-73.12442498427117,45.22551526157974],[-73.12441841219656,45.225511532447236],[-73.12441186347813,45.225507783700834],[-73.1244053363193,45.225504015340434],[-73.12439883251663,45.22550022863151],[-73.12439235027354,45.22549642167592],[-73.12438589048834,45.22549259573904],[-73.12437945405932,45.22548875082095],[-73.1243730400882,45.225484886288896],[-73.12436664947326,45.225481003408255],[-73.12436028221454,45.225477101546346],[-73.12435393741369,45.225473180703176],[-73.12434761596903,45.22546924151144],[-73.1243413196772,45.22546528270568],[-73.12433504494494,45.22546130555139],[-73.1243287944672,45.22545731068115],[-73.12432256824397,45.22545329682968],[-73.12431636537691,45.225449264629574],[-73.12431018586608,45.22544521344813],[-73.12430403150807,45.225441144550814],[-73.12429790140457,45.22543705730491],[-73.12429179555559,45.22543295234308],[-73.12428571306279,45.22542882839993],[-73.12427965572283,45.22542468737355],[-73.1242736235357,45.22542052863124],[-73.12426761470476,45.22541635027494],[-73.12426163192497,45.22541215673349],[-73.12425567429803,45.225407943578],[-73.12424974092555,45.225403713339254],[-73.12424383270593,45.22539946538457],[-73.12423795143576,45.22539520034666],[-73.12423209442012,45.22539091759278],[-73.12422626165896,45.22538661775565],[-73.1242204558473,45.22538230083525],[-73.12421467518844,45.22537796683158],[-73.12420891968242,45.22537361447927],[-73.12420319202417,45.2253692463091],[-73.12419748862042,45.225364860422935],[-73.12419181216615,45.22536045871886],[-73.12418616086468,45.22535603929883],[-73.1241805365127,45.22535160342824],[-73.12417493911016,45.225347151739754],[-73.12416936775877,45.22534268233525],[-73.12416382245851,45.22533819648018],[-73.12415830410772,45.22533369480717],[-73.12415281270641,45.2253291766836],[-73.12414734825454,45.2253246427421],[-73.12414191075212,45.225320091717286],[-73.12413650019917,45.22531552550727],[-73.12413111659566,45.2253109428466],[-73.12412575994162,45.225306343735355],[-73.12412043203368,45.22530172943887],[-73.12411513017686,45.225297099324415],[-73.12410985616783,45.2252924533921],[-73.12410461000657,45.22528779227448],[-73.12409939079477,45.22528311533897],[-73.12409420122736,45.22527842385092],[-73.12408903771112,45.225273715279464],[-73.12408390294095,45.2252689927882],[-73.12407879601857,45.225264254479],[-73.12407371784228,45.22525950161719],[-73.12406866661543,45.22525473230476],[-73.12406364503298,45.225249949705194],[-73.1240586504,45.225245151287616],[-73.12405368541143,45.22524033958284],[-73.12404875006726,45.22523551142744],[-73.12404384167255,45.22523066935215],[-73.12403896292223,45.225225813357],[-73.12403411291803,45.225220942809244],[-73.12402929165988,45.225216057708884],[-73.12402450004616,45.22521115742327],[-73.1240197362802,45.225206243850415],[-73.12401500305698,45.22520131635767],[-73.12401029768152,45.22519637431236],[-73.12195272179461,45.22302655346424],[-73.12161641860337,45.223352285688264],[-73.12099032339306,45.22395894375665],[-73.12064720468378,45.22429126414497]]]},"properties":{"NO_LOT":"6 504 330","geoId":"ca/qc/lot/6-504-330","name":"6 504 330","code":"6 504 330","level":"locality","country":"CA","noLot":"6 504 330"}},{"type":"Feature","geometry":{"type":"Polygon","coordinates":[[[-73.12491778745965,45.22893822175838],[-73.12459889990681,45.228807378319075],[-73.12440398974468,45.22904457398204],[-73.1247228772975,45.22917541750795],[-73.1248203319294,45.22905681975689],[-73.12491778745965,45.22893822175838]]]},"properties":{"NO_LOT":"4 391 100","geoId":"ca/qc/lot/4-391-100","name":"4 391 100","code":"4 391 100","level":"locality","country":"CA","noLot":"4 391 100"}},{"type":"Feature","geometry":{"type":"Polygon","coordinates":[[[-73.12429082178181,45.23022425969008],[-73.1239725513716,45.23009271001189],[-73.12396296544921,45.23010438364655],[-73.1239141357253,45.2301638431017],[-73.12423240613552,45.23029539261521],[-73.12429082178181,45.23022425969008]]]},"properties":{"NO_LOT":"4 391 137","geoId":"ca/qc/lot/4-391-137","name":"4 391 137","code":"4 391 137","level":"locality","country":"CA","noLot":"4 391 137"}},{"type":"Feature","geometry":{"type":"Polygon","coordinates":[[[-73.12493685869313,45.229790688993845],[-73.12512828698522,45.229869180829354],[-73.12529613539944,45.229938005024515],[-73.12557808782101,45.23005361356727],[-73.12570728262688,45.22990100950729],[-73.12538842022688,45.22977018283533],[-73.12506620441593,45.229637978574736],[-73.12493685869313,45.229790688993845]]]},"properties":{"NO_LOT":"4 391 881","geoId":"ca/qc/lot/4-391-881","name":"4 391 881","code":"4 391 881","level":"locality","country":"CA","noLot":"4 391 881"}},{"type":"Feature","geometry":{"type":"Polygon","coordinates":[[[-73.12570728262688,45.22990100950729],[-73.12599961597988,45.22954526433951],[-73.12568072932538,45.2294144292568],[-73.12558826842815,45.22952695909958],[-73.12538842022688,45.22977018283533],[-73.12570728262688,45.22990100950729]]]},"properties":{"NO_LOT":"6 306 837","geoId":"ca/qc/lot/6-306-837","name":"6 306 837","code":"6 306 837","level":"locality","country":"CA","noLot":"6 306 837"}},{"type":"Feature","geometry":{"type":"Polygon","coordinates":[[[-73.12631897784318,45.22951476720167],[-73.12664119455245,45.22964697364679],[-73.1267386402012,45.2295283876348],[-73.12641642439024,45.229396180913845],[-73.12631897784318,45.22951476720167]]]},"properties":{"NO_LOT":"4 391 118","geoId":"ca/qc/lot/4-391-118","name":"4 391 118","code":"4 391 118","level":"locality","country":"CA","noLot":"4 391 118"}},{"type":"Feature","geometry":{"type":"Polygon","coordinates":[[[-73.12664119455245,45.22964697364679],[-73.12631897784318,45.22951476720167],[-73.12622305573714,45.22963149703546],[-73.12654527334472,45.22976370384169],[-73.12664119455245,45.22964697364679]]]},"properties":{"NO_LOT":"6 689 697","geoId":"ca/qc/lot/6-689-697","name":"6 689 697","code":"6 689 697","level":"locality","country":"CA","noLot":"6 689 697"}},{"type":"Feature","geometry":{"type":"Polygon","coordinates":[[[-73.12634885491121,45.23000273146362],[-73.12643160322361,45.22990203187121],[-73.12625570410782,45.22982988494566],[-73.12620458188331,45.22978742640651],[-73.12612256569788,45.229753786380684],[-73.12602663730365,45.229870524580726],[-73.12634885491121,45.23000273146362]]]},"properties":{"NO_LOT":"6 696 936","geoId":"ca/qc/lot/6-696-936","name":"6 696 936","code":"6 696 936","level":"locality","country":"CA","noLot":"6 696 936"}},{"type":"Feature","geometry":{"type":"Polygon","coordinates":[[[-73.12409029714915,45.22907407493239],[-73.12428564209588,45.228837059068795],[-73.12391668244913,45.22868521916449],[-73.12372133660408,45.22892223502862],[-73.12409029714915,45.22907407493239]]]},"properties":{"NO_LOT":"4 391 123","geoId":"ca/qc/lot/4-391-123","name":"4 391 123","code":"4 391 123","level":"locality","country":"CA","noLot":"4 391 123"}},{"type":"Feature","geometry":{"type":"Polygon","coordinates":[[[-73.12316962369593,45.22960297192728],[-73.12307301437869,45.229721919028485],[-73.12343392961206,45.22987044929522],[-73.12353160433123,45.22975194093308],[-73.12316962369593,45.22960297192728]]]},"properties":{"NO_LOT":"4 391 128","geoId":"ca/qc/lot/4-391-128","name":"4 391 128","code":"4 391 128","level":"locality","country":"CA","noLot":"4 391 128"}},{"type":"Feature","geometry":{"type":"Polygon","coordinates":[[[-73.12459911190922,45.227855137064616],[-73.1245016797352,45.22797374428242],[-73.1248706483651,45.22812558671994],[-73.1249680904206,45.22800698361502],[-73.12459911190922,45.227855137064616]]]},"properties":{"NO_LOT":"4 391 080","geoId":"ca/qc/lot/4-391-080","name":"4 391 080","code":"4 391 080","level":"locality","country":"CA","noLot":"4 391 080"}},{"type":"Feature","geometry":{"type":"Polygon","coordinates":[[[-73.12599619968688,45.226159181153086],[-73.12597036324098,45.22619053675662],[-73.1257832387774,45.226417639285664],[-73.12597459250934,45.22649600228179],[-73.12618493393141,45.22624068581981],[-73.12599619968688,45.226159181153086]]]},"properties":{"NO_LOT":"4 391 072","geoId":"ca/qc/lot/4-391-072","name":"4 391 072","code":"4 391 072","level":"locality","country":"CA","noLot":"4 391 072"}},{"type":"Feature","geometry":{"type":"Polygon","coordinates":[[[-73.12719051973858,45.22897804589796],[-73.12765070869231,45.229466274156586],[-73.12819523328156,45.230043961869555],[-73.12861437102346,45.22830036173372],[-73.12798542635709,45.228177735211624],[-73.12741721588873,45.227937580084095],[-73.12723696892697,45.228397315607914],[-73.12715717337692,45.22849471597934],[-73.1273849771498,45.22874007684215],[-73.1272254803728,45.22893526216706],[-73.12719051973858,45.22897804589796]]]},"properties":{"NO_LOT":"5 421 715","geoId":"ca/qc/lot/5-421-715","name":"5 421 715","code":"5 421 715","level":"locality","country":"CA","noLot":"5 421 715"}},{"type":"Feature","geometry":{"type":"Polygon","coordinates":[[[-73.12612256569788,45.229753786380684],[-73.12620458188331,45.22978742640651],[-73.12625570410782,45.22982988494566],[-73.12643160322361,45.22990203187121],[-73.12654527334472,45.22976370384169],[-73.12622305573714,45.22963149703546],[-73.12612256569788,45.229753786380684]]]},"properties":{"NO_LOT":"6 689 698","geoId":"ca/qc/lot/6-689-698","name":"6 689 698","code":"6 689 698","level":"locality","country":"CA","noLot":"6 689 698"}},{"type":"Feature","geometry":{"type":"Polygon","coordinates":[[[-73.1240558108254,45.23679373287879],[-73.12407257518524,45.23686423259903],[-73.12409789779477,45.23697072813449],[-73.12410547777914,45.23700260597137],[-73.12664485698384,45.23390542364716],[-73.1290591368021,45.23096045335331],[-73.12819523328156,45.230043961869555],[-73.12765070869231,45.229466274156586],[-73.12274115245823,45.235451469179175],[-73.1227468334041,45.235453808493844],[-73.12275250446848,45.23545616046019],[-73.12275816475307,45.23545852318048],[-73.12276642655874,45.2354619866056],[-73.12277467129641,45.235465471538504],[-73.12278289716947,45.23546897544892],[-73.12279110597456,45.23547250149968],[-73.12279929860993,45.23547604716052],[-73.12280747148239,45.235479613063944],[-73.12281562728685,45.2354832004752],[-73.1228237642267,45.23548680749644],[-73.12283188409856,45.23549043412775],[-73.12283998510578,45.23549408226678],[-73.12284806814672,45.23549775064848],[-73.12285613322132,45.235501438640135],[-73.12286417943133,45.235505147507006],[-73.1228722067767,45.23550887535128],[-73.12288021525747,45.23551262343815],[-73.12288820577193,45.235516392400164],[-73.12289617652344,45.23552018033963],[-73.12290412841033,45.23552398852163],[-73.12291206053428,45.235527817578806],[-73.12291997469194,45.23553166434818],[-73.12292786818834,45.23553553262531],[-73.12293574371844,45.235539420512424],[-73.12294359858728,45.2355433273769],[-73.12295143459151,45.235547253218755],[-73.12295925083279,45.23555119930311],[-73.12296704641284,45.23555516499747],[-73.12297482402656,45.23555915030179],[-73.1229827669303,45.23556325136939],[-73.12299068737617,45.23556737331207],[-73.12299858895742,45.23557151423213],[-73.12300646808076,45.23557567602726],[-73.12301432564455,45.235579858064895],[-73.12302216254709,45.235584060345055],[-73.12302997789007,45.23558828223512],[-73.12303777077516,45.23559252436763],[-73.12304554299898,45.2355967854775],[-73.12305329186663,45.23560106746242],[-73.12306102007301,45.235605368424615],[-73.12306872582154,45.2356096889967],[-73.12307640911216,45.23561403044387],[-73.12308406994488,45.235618391500914],[-73.12309170921807,45.235622771535176],[-73.12309932513504,45.23562716991422],[-73.12310691859415,45.235631589168214],[-73.12311448959537,45.235636027399515],[-73.12312203813869,45.23564048524069],[-73.12312956332582,45.2356449620591],[-73.1231370660551,45.2356494584874],[-73.12314454542813,45.235653973260305],[-73.12315200144499,45.2356585070105],[-73.12315943410567,45.235663061003066],[-73.12316684430843,45.23566763334032],[-73.1231742302567,45.235672224022196],[-73.12318159195046,45.23567683431389],[-73.12318893118633,45.23568146295025],[-73.1231962461677,45.23568611119637],[-73.12320353689452,45.23569077715455],[-73.12321080426518,45.23569546208998],[-73.12321804827963,45.23570016600255],[-73.12322526714125,45.235704888259775],[-73.12323246264668,45.23570962822903],[-73.12323963210098,45.23571438717548],[-73.12324677819905,45.23571916383391],[-73.12325390004261,45.23572395883696],[-73.12326099763168,45.23572877344977],[-73.1232680691696,45.23573360387682],[-73.123275116453,45.23573845391362],[-73.1232821394819,45.23574332229498],[-73.12328913735794,45.235748207123194],[-73.12329610918287,45.235753110928556],[-73.1233030576516,45.23575803181328],[-73.12330997917086,45.235762971042575],[-73.12331687643562,45.23576792735126],[-73.12332374764921,45.23577290200449],[-73.12333059371,45.23577789310453],[-73.12333741371964,45.23578290318166],[-73.12334420857644,45.23578792907301],[-73.1233509764838,45.23579297330891],[-73.12335771923831,45.235798033991536],[-73.12336443684,45.235803113018704],[-73.12337112749225,45.23580820786004],[-73.12337779299166,45.23581332104592],[-73.12338443064328,45.23581845131108],[-73.12339104224378,45.235823596757854],[-73.12339762869145,45.23582876118169],[-73.12340418729134,45.235833940787124],[-73.1234107207384,45.23583913810443],[-73.12341722633768,45.235844351868465],[-73.12342370678414,45.23584958207926],[-73.12343015848451,45.23585482873678],[-73.12343658503205,45.235860091840955],[-73.12344298283351,45.23586537202448],[-73.12344935458381,45.23587066802211],[-73.12345569848635,45.23587597983384],[-73.12346201543944,45.235881308092274],[-73.12346830544305,45.23588665279744],[-73.1234745675989,45.23589201394924],[-73.12348080280528,45.235897390282574],[-73.1234870101639,45.23590278306259],[-73.12349318967475,45.23590819102412],[-73.12349934223612,45.235913614799735],[-73.12350546605143,45.235919055022],[-73.12351156201893,45.23592450979319],[-73.12351763013868,45.23592998101104],[-73.12352367041063,45.235935468042925],[-73.12352968193652,45.23594096899113],[-73.12353566561464,45.23594648701857],[-73.12354162144497,45.23595201896235],[-73.12354754763089,45.23595756672013],[-73.12355344686736,45.23596312902679],[-73.12355931735775,45.23596870714753],[-73.12356515820373,45.2359742998171],[-73.12357097120193,45.235979908300735],[-73.12357675545404,45.23598553006805],[-73.12358251006175,45.23599116701678],[-73.12358823682169,45.23599681914696],[-73.12359393393722,45.236002485826006],[-73.12359953583133,45.23600810000006],[-73.12360510987767,45.23601372809043],[-73.12361065517793,45.23601937072961],[-73.12361617263039,45.2360250266525],[-73.12362166043846,45.2360306971242],[-73.12362711950045,45.236036380879604],[-73.12363254891802,45.2360420791838],[-73.12363795138614,45.23604779077169],[-73.12364332331154,45.236053515643235],[-73.12364866649087,45.23605925506356],[-73.12365398092408,45.23606500713498],[-73.1236592666112,45.23607077312267],[-73.12366452265394,45.23607655176135],[-73.12366974815393,45.23608234368371],[-73.12367494580619,45.23608815015483],[-73.12368011381402,45.23609396801187],[-73.12368525127911,45.23609979978508],[-73.12369035909983,45.23610564484195],[-73.12369543817444,45.236111501917236],[-73.12370048760465,45.23611737164358],[-73.12370550649214,45.236123254653535],[-73.12371049663355,45.23612915094707],[-73.12371545533392,45.23613505862651],[-73.1237203852882,45.23614098022209],[-73.12372528559807,45.23614691320352],[-73.1237301544669,45.236152858835936],[-73.12373499369133,45.236158817119374],[-73.12373980237305,45.23616478678866],[-73.12374440623888,45.23617054580781],[-73.12374898225694,45.2361763162128],[-73.12375353042724,45.236182096738524],[-73.12375804985142,45.2361878899153],[-73.12376254052954,45.23619369321272],[-73.12376700246155,45.236199506630875],[-73.1237714365458,45.236205332067485],[-73.12377584188394,45.23621116888995],[-73.1237802175777,45.236217015200495],[-73.12378456542368,45.23622287289689],[-73.12378888452355,45.23622874071397],[-73.12379317487735,45.23623461865174],[-73.12379743648506,45.236240508607956],[-73.12380166934668,45.23624640805223],[-73.12380587256389,45.236252317617165],[-73.12381004793333,45.23625823793539],[-73.12381419276005,45.23626416774167],[-73.12381830973901,45.236270107668645],[-73.12382239707354,45.236276058981396],[-73.12382645745862,45.23628201788451],[-73.12383048999594,45.236287986908266],[-73.12383449288885,45.23629396605269],[-73.12383846703565,45.236299954685165],[-73.12384241063977,45.236305952805715],[-73.12384632459946,45.2363119610469],[-73.12385020981304,45.2363179787761],[-73.12385406628057,45.23632400599343],[-73.12385789220536,45.23633004206619],[-73.12386168938407,45.236336087626974],[-73.12386545602006,45.23634214267582],[-73.12386919301164,45.23634820658018],[-73.12387290035882,45.23635427997251],[-73.12387657806158,45.236360361587764],[-73.12388022611997,45.2363664539562],[-73.12388384363561,45.236372553914926],[-73.12388743240516,45.236378662729095],[-73.1238909897337,45.23638477976615],[-73.12389451831613,45.236390906923766],[-73.12389801905078,45.236397041039126],[-73.12390149014105,45.23640318274474],[-73.1239049306886,45.23640933393839],[-73.1239083406934,45.236415493987444],[-73.12391172195214,45.23642166162679],[-73.12391507176982,45.23642783812158],[-73.12391839194312,45.236434021574034],[-73.12392168247202,45.23644021388193],[-73.12392494245819,45.23644641378005],[-73.12392817010499,45.23645262190102],[-73.12393136900572,45.23645883761229],[-73.12393453736372,45.236465061546326],[-73.123937675179,45.23647129370325],[-73.12394078245158,45.236477532817815],[-73.12394385828311,45.2364837801552],[-73.12394690447023,45.236490033817695],[-73.12394992011464,45.23649629507041],[-73.12395290431802,45.236502563913405],[-73.12395585797867,45.236508839714034],[-73.12395878468986,45.236515123104894],[-73.12396167906171,45.236521412820835],[-73.12396454289085,45.23652771012699],[-73.12396737617726,45.23653401375823],[-73.12397017892094,45.23654032497969],[-73.12397295022359,45.23654664189364],[-73.12397569098351,45.23655296703044],[-73.12397840030242,45.2365592965945],[-73.1239810790786,45.23656563501398],[-73.12398372731207,45.23657197912591],[-73.12398634320616,45.236578328930364],[-73.12398892945586,45.23658468569238],[-73.12399148336621,45.236591048779516],[-73.12399400763216,45.23659741882425],[-73.12399649955874,45.23660379392888],[-73.12399895914601,45.23661017599114],[-73.12400138908886,45.2366165631133],[-73.12400378759067,45.23662295592792],[-73.12400615554975,45.23662935570014],[-73.1240084920678,45.23663575989969],[-73.12401079983977,45.236642169791715],[-73.12401307437406,45.23664858600879],[-73.12401531836565,45.23665500665314],[-73.12401753091619,45.23666143362249],[-73.12401971112739,45.236667865651754],[-73.12402186169417,45.236674304006065],[-73.12402397992162,45.236680746155066],[-73.1240260658097,45.236687193996524],[-73.12402812025675,45.23669364689784],[-73.12403014326279,45.23670010359389],[-73.12403213572608,45.23670656661496],[-73.12403409585002,45.2367130346959],[-73.12403602453296,45.236719506571525],[-73.12403792177483,45.23672598413964],[-73.12403978667736,45.23673246486984],[-73.12404162103716,45.23673895065994],[-73.12404342305763,45.23674544214243],[-73.12404519273873,45.23675193615452],[-73.12404679084162,45.23675789690545],[-73.12404836199507,45.23676386081863],[-73.12404990530072,45.23676982915917],[-73.12405142255523,45.236775800029456],[-73.1240529128603,45.23678177406192],[-73.12405437531757,45.236787751889224],[-73.1240558108254,45.23679373287879]]]},"properties":{"NO_LOT":"4 389 931","geoId":"ca/qc/lot/4-389-931","name":"4 389 931","code":"4 389 931","level":"locality","country":"CA","noLot":"4 389 931"}},{"type":"Feature","geometry":{"type":"Polygon","coordinates":[[[-73.12409029714915,45.22907407493239],[-73.12372133660408,45.22892223502862],[-73.12362366368156,45.22904074322268],[-73.12399262422663,45.229192584075214],[-73.12409029714915,45.22907407493239]]]},"properties":{"NO_LOT":"4 391 124","geoId":"ca/qc/lot/4-391-124","name":"4 391 124","code":"4 391 124","level":"locality","country":"CA","noLot":"4 391 124"}},{"type":"Feature","geometry":{"type":"Polygon","coordinates":[[[-73.1255519558294,45.22720760195073],[-73.12566092955822,45.22693155247071],[-73.12543454242852,45.22683891543726],[-73.12531680293917,45.226981588895185],[-73.12523704601668,45.2270786671265],[-73.12551399661876,45.22719197093373],[-73.1255519558294,45.22720760195073]]]},"properties":{"NO_LOT":"4 391 075","geoId":"ca/qc/lot/4-391-075","name":"4 391 075","code":"4 391 075","level":"locality","country":"CA","noLot":"4 391 075"}},{"type":"Feature","geometry":{"type":"Polygon","coordinates":[[[-73.12333596294044,45.22998881632929],[-73.12297630355184,45.22984080324828],[-73.12285718694515,45.22998724672472],[-73.12321577913522,45.230134820366395],[-73.12333596294044,45.22998881632929]]]},"properties":{"NO_LOT":"6 249 031","geoId":"ca/qc/lot/6-249-031","name":"6 249 031","code":"6 249 031","level":"locality","country":"CA","noLot":"6 249 031"}},{"type":"Feature","geometry":{"type":"Polygon","coordinates":[[[-73.1251392230755,45.229187661356654],[-73.12523667680908,45.22906906363115],[-73.12491778745965,45.22893822175838],[-73.1248203319294,45.22905681975689],[-73.1251392230755,45.229187661356654]]]},"properties":{"NO_LOT":"6 286 832","geoId":"ca/qc/lot/6-286-832","name":"6 286 832","code":"6 286 832","level":"locality","country":"CA","noLot":"6 286 832"}},{"type":"Feature","geometry":{"type":"Polygon","coordinates":[[[-73.12677043517238,45.22808842173254],[-73.1265399355553,45.227844461959975],[-73.12634466516873,45.22808211083776],[-73.12657516029422,45.22832606705965],[-73.12677043517238,45.22808842173254]]]},"properties":{"NO_LOT":"4 391 104","geoId":"ca/qc/lot/4-391-104","name":"4 391 104","code":"4 391 104","level":"locality","country":"CA","noLot":"4 391 104"}},{"type":"Feature","geometry":{"type":"Polygon","coordinates":[[[-73.12424817606032,45.229729712679486],[-73.12427653587383,45.22974143447032],[-73.12417893301992,45.2298602844861],[-73.12448562773938,45.22998704933793],[-73.12471939003757,45.22970239598812],[-73.12440112142397,45.22957084700012],[-73.12438433730121,45.22956390994178],[-73.12425769910065,45.22971811551889],[-73.12424817606032,45.229729712679486]]]},"properties":{"NO_LOT":"6 378 701","geoId":"ca/qc/lot/6-378-701","name":"6 378 701","code":"6 378 701","level":"locality","country":"CA","noLot":"6 378 701"}},{"type":"Feature","geometry":{"type":"Polygon","coordinates":[[[-73.12424817606032,45.229729712679486],[-73.12425769910065,45.22971811551889],[-73.12395727821513,45.22959394268491],[-73.1238499942174,45.229724323742275],[-73.12416735553253,45.229855500376026],[-73.12417893301992,45.2298602844861],[-73.12427653587383,45.22974143447032],[-73.12424817606032,45.229729712679486]]]},"properties":{"NO_LOT":"6 378 702","geoId":"ca/qc/lot/6-378-702","name":"6 378 702","code":"6 378 702","level":"locality","country":"CA","noLot":"6 378 702"}},{"type":"Feature","geometry":{"type":"Polygon","coordinates":[[[-73.1272254803728,45.22893526216706],[-73.12690365802395,45.228803238171494],[-73.12680620429035,45.228921836451654],[-73.1271284317794,45.22905402719409],[-73.12719051973858,45.22897804589796],[-73.1272254803728,45.22893526216706]]]},"properties":{"NO_LOT":"6 192 427","geoId":"ca/qc/lot/6-192-427","name":"6 192 427","code":"6 192 427","level":"locality","country":"CA","noLot":"6 192 427"}},{"type":"Feature","geometry":{"type":"Polygon","coordinates":[[[-73.12523704601668,45.2270786671265],[-73.12489143897405,45.22749933037592],[-73.1252604165871,45.227651176611445],[-73.12550205711032,45.2273570561727],[-73.1255519558294,45.22720760195073],[-73.12551399661876,45.22719197093373],[-73.12523704601668,45.2270786671265]]]},"properties":{"NO_LOT":"4 391 076","geoId":"ca/qc/lot/4-391-076","name":"4 391 076","code":"4 391 076","level":"locality","country":"CA","noLot":"4 391 076"}},{"type":"Feature","geometry":{"type":"Polygon","coordinates":[[[-73.12592918895993,45.22998911051151],[-73.12602663730365,45.229870524580726],[-73.12612256569788,45.229753786380684],[-73.12622305573714,45.22963149703546],[-73.12631897784318,45.22951476720167],[-73.12641642439024,45.229396180913845],[-73.12661131478946,45.22915900949391],[-73.12680620429035,45.228921836451654],[-73.12690365802395,45.228803238171494],[-73.12715717337692,45.22849471597934],[-73.12699844106619,45.22832974096537],[-73.12680316528973,45.22856738718158],[-73.12668174899595,45.22871515304365],[-73.12640892615258,45.22904718244111],[-73.12629196460428,45.22918949543476],[-73.12609707240843,45.22942666672749],[-73.12599961597988,45.22954526433951],[-73.12570728262688,45.22990100950729],[-73.12557808782101,45.23005361356727],[-73.12579915602592,45.23014506357481],[-73.12592918895993,45.22998911051151]]]},"properties":{"NO_LOT":"4 391 878","geoId":"ca/qc/lot/4-391-878","name":"4 391 878","code":"4 391 878","level":"locality","country":"CA","noLot":"4 391 878"}},{"type":"Feature","geometry":{"type":"Polygon","coordinates":[[[-73.12479380917065,45.22857018356426],[-73.12469635543705,45.22868878043272],[-73.12501524119322,45.22881962351236],[-73.12511269672346,45.228701026284284],[-73.12479380917065,45.22857018356426]]]},"properties":{"NO_LOT":"6 286 833","geoId":"ca/qc/lot/6-286-833","name":"6 286 833","code":"6 286 833","level":"locality","country":"CA","noLot":"6 286 833"}},{"type":"Feature","geometry":{"type":"Polygon","coordinates":[[[-73.12591880353693,45.22823892640056],[-73.12559994473018,45.22810809843363],[-73.12540505792427,45.22834527360596],[-73.12572391673099,45.22847610165968],[-73.12591880353693,45.22823892640056]]]},"properties":{"NO_LOT":"4 391 094","geoId":"ca/qc/lot/4-391-094","name":"4 391 094","code":"4 391 094","level":"locality","country":"CA","noLot":"4 391 094"}},{"type":"Feature","geometry":{"type":"Polygon","coordinates":[[[-73.12759537965734,45.227486916605834],[-73.12809504417793,45.22769810343532],[-73.12830173574503,45.22717496003449],[-73.1278013759284,45.2269655604907],[-73.12759537965734,45.227486916605834]]]},"properties":{"NO_LOT":"4 391 082","geoId":"ca/qc/lot/4-391-082","name":"4 391 082","code":"4 391 082","level":"locality","country":"CA","noLot":"4 391 082"}},{"type":"Feature","geometry":{"type":"Polygon","coordinates":[[[-73.12508614072702,45.228214425638356],[-73.12540505792427,45.22834527360596],[-73.12559994473018,45.22810809843363],[-73.12528102573636,45.227977252450735],[-73.12518381814114,45.2280954867705],[-73.12508614072702,45.228214425638356]]]},"properties":{"NO_LOT":"4 391 096","geoId":"ca/qc/lot/4-391-096","name":"4 391 096","code":"4 391 096","level":"locality","country":"CA","noLot":"4 391 096"}},{"type":"Feature","geometry":{"type":"Polygon","coordinates":[[[-73.1245016797352,45.22797374428242],[-73.12440424756116,45.22809234998738],[-73.12477320541129,45.22824418894475],[-73.1248706483651,45.22812558671994],[-73.1245016797352,45.22797374428242]]]},"properties":{"NO_LOT":"4 391 081","geoId":"ca/qc/lot/4-391-081","name":"4 391 081","code":"4 391 081","level":"locality","country":"CA","noLot":"4 391 081"}},{"type":"Feature","geometry":{"type":"Polygon","coordinates":[[[-73.12394991113149,45.2306393779547],[-73.12409601762089,45.23046147095016],[-73.12377774451572,45.230329919290405],[-73.12368034108778,45.23044852514006],[-73.12363163982295,45.230507827339416],[-73.12394991113149,45.2306393779547]]]},"properties":{"NO_LOT":"4 391 140","geoId":"ca/qc/lot/4-391-140","name":"4 391 140","code":"4 391 140","level":"locality","country":"CA","noLot":"4 391 140"}},{"type":"Feature","geometry":{"type":"Polygon","coordinates":[[[-73.1272254803728,45.22893526216706],[-73.1273849771498,45.22874007684215],[-73.12715717337692,45.22849471597934],[-73.12690365802395,45.228803238171494],[-73.1272254803728,45.22893526216706]]]},"properties":{"NO_LOT":"6 192 428","geoId":"ca/qc/lot/6-192-428","name":"6 192 428","code":"6 192 428","level":"locality","country":"CA","noLot":"6 192 428"}},{"type":"Feature","geometry":{"type":"Polygon","coordinates":[[[-73.12677043517238,45.22808842173254],[-73.12657516029422,45.22832606705965],[-73.12680316528973,45.22856738718158],[-73.12699844106619,45.22832974096537],[-73.12677043517238,45.22808842173254]]]},"properties":{"NO_LOT":"4 391 103","geoId":"ca/qc/lot/4-391-103","name":"4 391 103","code":"4 391 103","level":"locality","country":"CA","noLot":"4 391 103"}},{"type":"Feature","geometry":{"type":"Polygon","coordinates":[[[-73.12479399691854,45.227617933907396],[-73.12459911190922,45.227855137064616],[-73.1249680904206,45.22800698361502],[-73.1251629745316,45.22776977982614],[-73.12479399691854,45.227617933907396]]]},"properties":{"NO_LOT":"4 391 079","geoId":"ca/qc/lot/4-391-079","name":"4 391 079","code":"4 391 079","level":"locality","country":"CA","noLot":"4 391 079"}},{"type":"Feature","geometry":{"type":"Polygon","coordinates":[[[-73.12578009826717,45.2292934943343],[-73.12592435422708,45.22911795179474],[-73.12560214919591,45.22898575424173],[-73.12545790132086,45.22916129845486],[-73.12578009826717,45.2292934943343]]]},"properties":{"NO_LOT":"4 391 112","geoId":"ca/qc/lot/4-391-112","name":"4 391 112","code":"4 391 112","level":"locality","country":"CA","noLot":"4 391 112"}},{"type":"Feature","geometry":{"type":"Polygon","coordinates":[[[-73.12602874025971,45.227295384463034],[-73.1263204663516,45.22693499110816],[-73.12601781764417,45.22681174540499],[-73.12596003980173,45.22688314326684],[-73.12585743063671,45.227110760562745],[-73.12581844375339,45.227209746739035],[-73.12602874025971,45.227295384463034]]]},"properties":{"NO_LOT":"4 391 089","geoId":"ca/qc/lot/4-391-089","name":"4 391 089","code":"4 391 089","level":"locality","country":"CA","noLot":"4 391 089"}},{"type":"Feature","geometry":{"type":"Polygon","coordinates":[[[-73.1248203319294,45.22905681975689],[-73.1247228772975,45.22917541750795],[-73.12467024859826,45.22923946280983],[-73.12498913974433,45.229370304621874],[-73.1251392230755,45.229187661356654],[-73.1248203319294,45.22905681975689]]]},"properties":{"NO_LOT":"4 391 099","geoId":"ca/qc/lot/4-391-099","name":"4 391 099","code":"4 391 099","level":"locality","country":"CA","noLot":"4 391 099"}},{"type":"Feature","geometry":{"type":"Polygon","coordinates":[[[-73.12377774451572,45.230329919290405],[-73.12387463770057,45.230211936983714],[-73.12355668439565,45.230080516970055],[-73.1234594741055,45.23019836795887],[-73.12377774451572,45.230329919290405]]]},"properties":{"NO_LOT":"6 682 735","geoId":"ca/qc/lot/6-682-735","name":"6 682 735","code":"6 682 735","level":"locality","country":"CA","noLot":"6 682 735"}},{"type":"Feature","geometry":{"type":"Polygon","coordinates":[[[-73.12595583838115,45.23047885096284],[-73.1260240321893,45.230395809983484],[-73.12570175708956,45.230263669810164],[-73.12563356328138,45.23034671098259],[-73.12595583838115,45.23047885096284]]]},"properties":{"NO_LOT":"4 391 168","geoId":"ca/qc/lot/4-391-168","name":"4 391 168","code":"4 391 168","level":"locality","country":"CA","noLot":"4 391 168"}},{"type":"Feature","geometry":{"type":"Polygon","coordinates":[[[-73.12677043517238,45.22808842173254],[-73.12699844106619,45.22832974096537],[-73.1273225460342,45.227503630685895],[-73.12671972527458,45.22725164538349],[-73.12643132923743,45.227725272411305],[-73.1265399355553,45.227844461959975],[-73.12677043517238,45.22808842173254]]]},"properties":{"NO_LOT":"4 878 893","geoId":"ca/qc/lot/4-878-893","name":"4 878 893","code":"4 878 893","level":"locality","country":"CA","noLot":"4 878 893"}},{"type":"Feature","geometry":{"type":"Polygon","coordinates":[[[-73.12606860210214,45.22894240681511],[-73.12574639707097,45.22881020758846],[-73.12560214919591,45.22898575424173],[-73.12592435422708,45.22911795179474],[-73.12597307794977,45.229058659533116],[-73.12606860210214,45.22894240681511]]]},"properties":{"NO_LOT":"4 391 111","geoId":"ca/qc/lot/4-391-111","name":"4 391 111","code":"4 391 111","level":"locality","country":"CA","noLot":"4 391 111"}},{"type":"Feature","geometry":{"type":"Polygon","coordinates":[[[-73.12491778745965,45.22893822175838],[-73.12501524119322,45.22881962351236],[-73.12469635543705,45.22868878043272],[-73.12459889990681,45.228807378319075],[-73.12491778745965,45.22893822175838]]]},"properties":{"NO_LOT":"6 286 834","geoId":"ca/qc/lot/6-286-834","name":"6 286 834","code":"6 286 834","level":"locality","country":"CA","noLot":"6 286 834"}},{"type":"Feature","geometry":{"type":"Polygon","coordinates":[[[-73.12667768052602,45.226493466464866],[-73.12656782016002,45.226446862583444],[-73.12659147280146,45.22641762979534],[-73.1264031679516,45.2263355458377],[-73.12625480938578,45.22651888220384],[-73.1265574562966,45.226642126643895],[-73.12667768052602,45.226493466464866]]]},"properties":{"NO_LOT":"4 391 086","geoId":"ca/qc/lot/4-391-086","name":"4 391 086","code":"4 391 086","level":"locality","country":"CA","noLot":"4 391 086"}},{"type":"Feature","geometry":{"type":"Polygon","coordinates":[[[-73.12377774451572,45.230329919290405],[-73.1234594741055,45.23019836795887],[-73.12336226291701,45.230317052531156],[-73.12368034108778,45.23044852514006],[-73.12377774451572,45.230329919290405]]]},"properties":{"NO_LOT":"4 391 143","geoId":"ca/qc/lot/4-391-143","name":"4 391 143","code":"4 391 143","level":"locality","country":"CA","noLot":"4 391 143"}},{"type":"Feature","geometry":{"type":"Polygon","coordinates":[[[-73.12561127338427,45.2266262132928],[-73.12543454242852,45.22683891543726],[-73.12566092955822,45.22693155247071],[-73.12570489310822,45.22682438772183],[-73.12580275827023,45.22670457726675],[-73.12561127338427,45.2266262132928]]]},"properties":{"NO_LOT":"4 391 074","geoId":"ca/qc/lot/4-391-074","name":"4 391 074","code":"4 391 074","level":"locality","country":"CA","noLot":"4 391 074"}},{"type":"Feature","geometry":{"type":"Polygon","coordinates":[[[-73.12368034108778,45.23044852514006],[-73.12336226291701,45.230317052531156],[-73.12324519267257,45.23045932248867],[-73.12356344242154,45.23059086562451],[-73.12363163982295,45.230507827339416],[-73.12368034108778,45.23044852514006]]]},"properties":{"NO_LOT":"4 391 145","geoId":"ca/qc/lot/4-391-145","name":"4 391 145","code":"4 391 145","level":"locality","country":"CA","noLot":"4 391 145"}},{"type":"Feature","geometry":{"type":"Polygon","coordinates":[[[-73.12625139848267,45.23012131332271],[-73.12634885491121,45.23000273146362],[-73.12602663730365,45.229870524580726],[-73.12592918895993,45.22998911051151],[-73.12625139848267,45.23012131332271]]]},"properties":{"NO_LOT":"4 391 120","geoId":"ca/qc/lot/4-391-120","name":"4 391 120","code":"4 391 120","level":"locality","country":"CA","noLot":"4 391 120"}},{"type":"Feature","geometry":{"type":"Polygon","coordinates":[[[-73.12612138171832,45.230277273615016],[-73.1260240321893,45.230395809983484],[-73.12595583838115,45.23047885096284],[-73.12588764547131,45.23056189308615],[-73.12579024653493,45.23068049781907],[-73.1255954720184,45.23091767933887],[-73.1254980703871,45.231036284594595],[-73.12540033637913,45.2311543006178],[-73.12526760760095,45.231316488899886],[-73.12516687950814,45.231439573003605],[-73.1249720753472,45.23167678425257],[-73.12477726759299,45.231913993246195],[-73.12467986506337,45.2320325989533],[-73.12452404149757,45.23222233492636],[-73.12436821883006,45.232412070898675],[-73.12422211054405,45.232589978123656],[-73.12406040570808,45.23278687348149],[-73.12396299868686,45.232905477999594],[-73.12376428685445,45.233147430271885],[-73.1236279154078,45.233313476233654],[-73.12348266141963,45.23349288814886],[-73.12338507024377,45.233611433626095],[-73.12309229491963,45.23396706857408],[-73.12299470194716,45.234085613062184],[-73.12279951600223,45.23432270192915],[-73.12267272059651,45.23447671620167],[-73.12257538184728,45.23459494902075],[-73.12247804399635,45.23471318222639],[-73.12232193746121,45.23490279728092],[-73.12225378677218,45.234985379370144],[-73.12214623866974,45.23511569871728],[-73.12208988735198,45.235183980753646],[-73.12234011846427,45.235286756640136],[-73.12259304092912,45.2353906374752],[-73.12274115245823,45.235451469179175],[-73.12765070869231,45.229466274156586],[-73.12719051973858,45.22897804589796],[-73.1271284317794,45.22905402719409],[-73.12693353060041,45.22929121423584],[-73.1267386402012,45.2295283876348],[-73.12664119455245,45.22964697364679],[-73.12654527334472,45.22976370384169],[-73.12643160322361,45.22990203187121],[-73.12634885491121,45.23000273146362],[-73.12625139848267,45.23012131332271],[-73.12612138171832,45.230277273615016]]]},"properties":{"NO_LOT":"4 389 933","geoId":"ca/qc/lot/4-389-933","name":"4 389 933","code":"4 389 933","level":"locality","country":"CA","noLot":"4 389 933"}},{"type":"Feature","geometry":{"type":"Polygon","coordinates":[[[-73.12529613539944,45.229938005024515],[-73.1251792439197,45.23008034678749],[-73.1254611963413,45.23019595567338],[-73.12557808782101,45.23005361356727],[-73.12529613539944,45.229938005024515]]]},"properties":{"NO_LOT":"4 391 151","geoId":"ca/qc/lot/4-391-151","name":"4 391 151","code":"4 391 151","level":"locality","country":"CA","noLot":"4 391 151"}},{"type":"Feature","geometry":{"type":"Polygon","coordinates":[[[-73.12362861699204,45.22963316091529],[-73.12372463611612,45.22951647094221],[-73.12336131788935,45.229366951540456],[-73.12326623211484,45.22948402584244],[-73.12362861699204,45.22963316091529]]]},"properties":{"NO_LOT":"6 387 999","geoId":"ca/qc/lot/6-387-999","name":"6 387 999","code":"6 387 999","level":"locality","country":"CA","noLot":"6 387 999"}},{"type":"Feature","geometry":{"type":"Polygon","coordinates":[[[-73.12439486465803,45.226000113787784],[-73.1250244076024,45.22628059283384],[-73.12505262188884,45.22624869632865],[-73.1253426187238,45.22592194814167],[-73.12535450433332,45.225908558410865],[-73.12472437928065,45.225628440065414],[-73.12470557754176,45.225649404526344],[-73.12460111874557,45.22576588668864],[-73.12439486465803,45.226000113787784]]]},"properties":{"NO_LOT":"4 391 077","geoId":"ca/qc/lot/4-391-077","name":"4 391 077","code":"4 391 077","level":"locality","country":"CA","noLot":"4 391 077"}},{"type":"Feature","geometry":{"type":"Polygon","coordinates":[[[-73.12545790132086,45.22916129845486],[-73.12536198280807,45.22927802964719],[-73.12568418244935,45.22941022652048],[-73.1257781785674,45.229295828208535],[-73.12578009826717,45.2292934943343],[-73.12545790132086,45.22916129845486]]]},"properties":{"NO_LOT":"6 257 572","geoId":"ca/qc/lot/6-257-572","name":"6 257 572","code":"6 257 572","level":"locality","country":"CA","noLot":"6 257 572"}},{"type":"Feature","geometry":{"type":"Polygon","coordinates":[[[-73.1236453014018,45.2299730842204],[-73.12355668439565,45.230080516970055],[-73.12387463770057,45.230211936983714],[-73.1239141357253,45.2301638431017],[-73.12396296544921,45.23010438364655],[-73.1236453014018,45.2299730842204]]]},"properties":{"NO_LOT":"6 682 734","geoId":"ca/qc/lot/6-682-734","name":"6 682 734","code":"6 682 734","level":"locality","country":"CA","noLot":"6 682 734"}},{"type":"Feature","geometry":{"type":"Polygon","coordinates":[[[-73.12573285317144,45.227428130683656],[-73.12547583708381,45.22774004917043],[-73.12579483063783,45.22787092100629],[-73.12594869048642,45.2276837151281],[-73.1259605132139,45.22766932998062],[-73.12573285317144,45.227428130683656]]]},"properties":{"NO_LOT":"4 391 093","geoId":"ca/qc/lot/4-391-093","name":"4 391 093","code":"4 391 093","level":"locality","country":"CA","noLot":"4 391 093"}},{"type":"Feature","geometry":{"type":"Polygon","coordinates":[[[-73.12680620429035,45.228921836451654],[-73.12661131478946,45.22915900949391],[-73.12693353060041,45.22929121423584],[-73.1271284317794,45.22905402719409],[-73.12680620429035,45.228921836451654]]]},"properties":{"NO_LOT":"4 391 116","geoId":"ca/qc/lot/4-391-116","name":"4 391 116","code":"4 391 116","level":"locality","country":"CA","noLot":"4 391 116"}},{"type":"Feature","geometry":{"type":"Polygon","coordinates":[[[-73.12570530902818,45.2279798704489],[-73.12569738768401,45.22798951047633],[-73.12559994473018,45.22810809843363],[-73.12591880353693,45.22823892640056],[-73.12602416603829,45.22811069807828],[-73.12591984378604,45.22806647626519],[-73.12570530902818,45.2279798704489]]]},"properties":{"NO_LOT":"6 308 766","geoId":"ca/qc/lot/6-308-766","name":"6 308 766","code":"6 308 766","level":"locality","country":"CA","noLot":"6 308 766"}},{"type":"Feature","geometry":{"type":"Polygon","coordinates":[[[-73.12333596294044,45.22998881632929],[-73.12321577913522,45.230134820366395],[-73.12312568350211,45.23024427222001],[-73.1231197348583,45.23025150084563],[-73.12302368878476,45.230368180452636],[-73.12290669938868,45.23051048191435],[-73.12280911899262,45.23062902918407],[-73.12271153859658,45.230747576839136],[-73.12251627270157,45.230984628388065],[-73.12273773616519,45.231075694151684],[-73.12283535878207,45.230957180078214],[-73.12293298229724,45.23083866512498],[-73.12303057347309,45.230720137904456],[-73.12312812242811,45.23060159272272],[-73.12324519267257,45.23045932248867],[-73.12336226291701,45.230317052531156],[-73.1234594741055,45.23019836795887],[-73.12355668439565,45.230080516970055],[-73.1236453014018,45.2299730842204],[-73.1238499942174,45.229724323742275],[-73.12395727821513,45.22959394268491],[-73.12408410146864,45.2294398145876],[-73.12386274849779,45.22934862346743],[-73.12372463611612,45.22951647094221],[-73.12362861699204,45.22963316091529],[-73.12353160433123,45.22975194093308],[-73.12343392961206,45.22987044929522],[-73.12333596294044,45.22998881632929]]]},"properties":{"NO_LOT":"4 391 885","geoId":"ca/qc/lot/4-391-885","name":"4 391 885","code":"4 391 885","level":"locality","country":"CA","noLot":"4 391 885"}},{"type":"Feature","geometry":{"type":"Polygon","coordinates":[[[-73.12420969672515,45.22832969351524],[-73.12440424756116,45.22809234998738],[-73.1245016797352,45.22797374428242],[-73.12459911190922,45.227855137064616],[-73.12479399691854,45.227617933907396],[-73.12489143897405,45.22749933037592],[-73.12523704601668,45.2270786671265],[-73.12531680293917,45.226981588895185],[-73.12543454242852,45.22683891543726],[-73.12561127338427,45.2266262132928],[-73.1257832387774,45.226417639285664],[-73.12597036324098,45.22619053675662],[-73.1253426187238,45.22592194814167],[-73.12505262188884,45.22624869632865],[-73.1250244076024,45.22628059283384],[-73.12439486465803,45.226000113787784],[-73.11614306801887,45.23600147938638],[-73.11547256459251,45.23687040271997],[-73.11528771286659,45.237097290518534],[-73.11607170764934,45.237143358103765],[-73.11519059600121,45.238223860181506],[-73.11532373081789,45.23827873395478],[-73.11493976661096,45.23872955349933],[-73.11500577661468,45.23875676148075],[-73.11515588599694,45.23858051820239],[-73.11527599524202,45.23843949826339],[-73.11555420797707,45.23855416661558],[-73.11592998044696,45.238095588600046],[-73.11615869331493,45.238189834227924],[-73.11619866295518,45.23814104179353],[-73.1163347972466,45.23797485306209],[-73.11646991015353,45.23780990936104],[-73.1167278173699,45.23750916855037],[-73.11700613341125,45.237194205981524],[-73.11715667308655,45.23700148189111],[-73.1172931388563,45.236849111561675],[-73.1173762689527,45.23675635848394],[-73.11747399038425,45.236637865112506],[-73.1175716516287,45.23651934619091],[-73.11767032347782,45.236396194016315],[-73.11780997108029,45.236221899987946],[-73.1179534868284,45.23604289901085],[-73.11817371151525,45.23576851881885],[-73.11828174560627,45.23562250648116],[-73.11843242452045,45.23544645464467],[-73.11862408727283,45.23520791234178],[-73.11891146551875,45.23485005272818],[-73.11910418019833,45.23461102145349],[-73.11913256516468,45.234576030521005],[-73.11924840292056,45.23443323758632],[-73.11937300913195,45.2342782160932],[-73.11946967953462,45.23415930636204],[-73.11966250380867,45.23392124133464],[-73.11988482336676,45.233647818790644],[-73.12020299316566,45.23325504870329],[-73.12039739038978,45.23301518325766],[-73.12049232345069,45.23289804474349],[-73.12078261762801,45.232540722862886],[-73.12087922065705,45.23242177153883],[-73.12102429318554,45.232243413990986],[-73.12116032327238,45.2320771649928],[-73.12135451747723,45.231839670731695],[-73.12166289653786,45.23145869941866],[-73.12216426246759,45.23083976085835],[-73.12235757722179,45.23060190524845],[-73.1224541667761,45.230482947335915],[-73.1225507509405,45.2303639929703],[-73.1226668006988,45.23022130775748],[-73.12276199516944,45.23010427672891],[-73.12285718694515,45.22998724672472],[-73.12297630355184,45.22984080324828],[-73.12307301437869,45.229721919028485],[-73.12316962369593,45.22960297192728],[-73.12326623211484,45.22948402584244],[-73.12336131788935,45.229366951540456],[-73.12349808818799,45.22919855257831],[-73.12362366368156,45.22904074322268],[-73.12372133660408,45.22892223502862],[-73.12391668244913,45.22868521916449],[-73.12420969672515,45.22832969351524]]]},"properties":{"NO_LOT":"6 123 390","geoId":"ca/qc/lot/6-123-390","name":"6 123 390","code":"6 123 390","level":"locality","country":"CA","noLot":"6 123 390"}},{"type":"Feature","geometry":{"type":"Polygon","coordinates":[[[-73.12423379133769,45.23169055093797],[-73.12445498710335,45.23178185090888],[-73.12464979485756,45.23154464009844],[-73.12484460081512,45.23130743019588],[-73.12494559301261,45.23118445525214],[-73.12507839275771,45.23102274803115],[-73.12517579349071,45.23090414148187],[-73.12527319512202,45.23078553658299],[-73.12546796963855,45.230548357042316],[-73.12556536947324,45.230429752033686],[-73.12563356328138,45.23034671098259],[-73.12570175708956,45.230263669810164],[-73.12579915602592,45.23014506357481],[-73.12557808782101,45.23005361356727],[-73.1254611963413,45.23019595567338],[-73.12534430306496,45.230338299320984],[-73.12514950339559,45.23057550947246],[-73.12495470013299,45.23081272053189],[-73.1248573002983,45.230931324741384],[-73.12478835639688,45.2310152759378],[-73.12471941159713,45.23109922827551],[-73.12462353261023,45.231215976997504],[-73.12447736323877,45.23139396261756],[-73.12433119386732,45.231571946414945],[-73.12423379133769,45.23169055093797]]]},"properties":{"NO_LOT":"4 391 895","geoId":"ca/qc/lot/4-391-895","name":"4 391 895","code":"4 391 895","level":"locality","country":"CA","noLot":"4 391 895"}},{"type":"Feature","geometry":{"type":"Polygon","coordinates":[[[-73.12592918895993,45.22998911051151],[-73.12579915602592,45.23014506357481],[-73.12612138171832,45.230277273615016],[-73.12625139848267,45.23012131332271],[-73.12592918895993,45.22998911051151]]]},"properties":{"NO_LOT":"4 391 880","geoId":"ca/qc/lot/4-391-880","name":"4 391 880","code":"4 391 880","level":"locality","country":"CA","noLot":"4 391 880"}},{"type":"Feature","geometry":{"type":"Polygon","coordinates":[[[-73.12502534454524,45.23020751414497],[-73.12483054218093,45.230444724209676],[-73.12514950339559,45.23057550947246],[-73.12534430306496,45.230338299320984],[-73.12506235064336,45.23022268819404],[-73.12502534454524,45.23020751414497]]]},"properties":{"NO_LOT":"4 391 155","geoId":"ca/qc/lot/4-391-155","name":"4 391 155","code":"4 391 155","level":"locality","country":"CA","noLot":"4 391 155"}},{"type":"Feature","geometry":{"type":"Polygon","coordinates":[[[-73.12498913974433,45.229370304621874],[-73.12467024859826,45.22923946280983],[-73.12452796533871,45.22941261226772],[-73.1248468573831,45.22954345494646],[-73.12498913974433,45.229370304621874]]]},"properties":{"NO_LOT":"4 391 101","geoId":"ca/qc/lot/4-391-101","name":"4 391 101","code":"4 391 101","level":"locality","country":"CA","noLot":"4 391 101"}},{"type":"Feature","geometry":{"type":"Polygon","coordinates":[[[-73.12904981588271,45.23406270202528],[-73.12923980776867,45.23383028071498],[-73.12865673826721,45.23357936094072],[-73.12885479792274,45.23333796973694],[-73.12902087755415,45.23314247942823],[-73.1292338492434,45.23288671392879],[-73.12982328420695,45.23314045189755],[-73.13010132716043,45.23280654159722],[-73.13037774416327,45.232359256343535],[-73.13045923213932,45.23222739402914],[-73.13010507942339,45.23184834787541],[-73.13020577068525,45.23172712459101],[-73.13071226869023,45.23111734131995],[-73.13068085640138,45.231104200806875],[-73.13067433822566,45.23110153613746],[-73.13066783711795,45.23109884932558],[-73.13066135577319,45.23109614100392],[-73.1306548914964,45.231093411172424],[-73.13064844518591,45.231090659198514],[-73.13064201774006,45.23108788634741],[-73.1306356082605,45.23108509198644],[-73.13062921854389,45.23108227738097],[-73.13062284679357,45.231079440000386],[-73.13061649480622,45.231076583007884],[-73.13061016078512,45.231073703872916],[-73.13060384652701,45.23107080386073],[-73.13059755113349,45.23106788297136],[-73.13059127640123,45.231064941204814],[-73.1305850205336,45.23106197919368],[-73.13057878442889,45.23105899504002],[-73.13057256808713,45.23105599127448],[-73.13056637240662,45.23105296726433],[-73.13056019648904,45.23104992237699],[-73.1305540412327,45.231046855979756],[-73.13054790663763,45.23104376997057],[-73.13054179090717,45.23104066308418],[-73.13053569853292,45.23103753721842],[-73.13052962502329,45.23103438984286],[-73.13052357307322,45.23103122285528],[-73.13051754358104,45.23102803499048],[-73.13051153385179,45.23102482814637],[-73.13050554658041,45.23102160105761],[-73.13049957997029,45.23101835435689],[-73.13049363491973,45.231015087411535],[-73.13048771232707,45.23101180085418],[-73.13048181129398,45.23100849531751],[-73.13047593271875,45.23100516890358],[-73.13047007570312,45.23100182414291],[-73.13046424204364,45.23099845913764],[-73.13045842994376,45.23099507515296],[-73.13045264120008,45.230991672188935],[-73.13044687491426,45.230988248980246],[-73.13044113108634,45.23098480742484],[-73.13043540971628,45.23098134689007],[-73.13042971260077,45.23097786737593],[-73.13042403884143,45.230974368249704],[-73.13041838843829,45.23097085140942],[-73.13041275959472,45.23096731495709],[-73.13040715590398,45.23096376015803],[-73.13040157556942,45.230960187012194],[-73.1303960203877,45.230956594886955],[-73.13039048766389,45.23095298441498],[-73.13038498009286,45.23094935622885],[-73.13037949587807,45.23094570906333],[-73.13037403591775,45.230942044183635],[-73.1303686011103,45.23093836032455],[-73.13036318965902,45.23093465938395],[-73.13035780425889,45.23093094009658],[-73.13035244311327,45.23092720309504],[-73.13034710712049,45.230923448379336],[-73.13034179628053,45.23091967531685],[-73.13033650969508,45.23091588517284],[-73.13033124916078,45.23091207794735],[-73.13032601377931,45.230908252375016],[-73.13032080355066,45.23090441035376],[-73.13031562116979,45.23090054998575],[-73.1303104621451,45.23089667316879],[-73.13030533006989,45.23089277927029],[-73.1303002231475,45.23088886829028],[-73.13029514317456,45.23088494022873],[-73.13029008835447,45.230880995085606],[-73.13028506048381,45.230877032860874],[-73.13028005956262,45.23087305545258],[-73.13027508469258,45.230869060330065],[-73.130270136772,45.230865049391234],[-73.13026521490255,45.23086102137087],[-73.13026031998257,45.23085697690153],[-73.13025545291036,45.23085291724856],[-73.13025061188931,45.23084884114665],[-73.13024579871602,45.23084474796316],[-73.13024101249216,45.23084064022863],[-73.1302362532178,45.23083651541249],[-73.13023152268953,45.23083237541272],[-73.130226820009,45.23082822022929],[-73.13022214337964,45.230824047964205],[-73.13021749549635,45.23081986114811],[-73.13021287546084,45.23081565914832],[-73.13020828327312,45.23081144196481],[-73.13020371983146,45.23080720896498],[-73.13019918333929,45.230802961414135],[-73.13019467649151,45.23079869804691],[-73.1301901974915,45.230794420128625],[-73.13018574723759,45.2307901282919],[-73.13018132572977,45.23078582000624],[-73.13017693296803,45.23078149843476],[-73.13017256895236,45.23077716231217],[-73.13016823278447,45.23077281037326],[-73.130163926261,45.23076844514855],[-73.13015964938195,45.23076406537269],[-73.13015540124897,45.23075967104583],[-73.13015118276039,45.23075526406573],[-73.13014699391623,45.230750841901916],[-73.13014283381814,45.230746406452305],[-73.13013870336448,45.230741956451574],[-73.13013460345351,45.23073749316502],[-73.13013053228865,45.23073301596002],[-73.1301264916665,45.230728526101835],[-73.13012248068875,45.23072402232514],[-73.1301184993554,45.23071950526262],[-73.13011454856479,45.230714974914264],[-73.13011062741857,45.23071043191274],[-73.13010673771339,45.230705876257986],[-73.13010287765262,45.23070130605208],[-73.13009904813457,45.23069672509091],[-73.13009524915923,45.23069213021123],[-73.1300914807266,45.23068752331102],[-73.1300877419384,45.23068290312491],[-73.13008403638786,45.230678270918254],[-73.1300803604817,45.230673627323604],[-73.13007671511828,45.230668971075794],[-73.13007310119589,45.23066430217469],[-73.13006951871455,45.23065962188567],[-73.13006596587759,45.230654928943395],[-73.13006244627832,45.23065022524585],[-73.13005895722173,45.230645510160315],[-73.13005549960621,45.23064078242155],[-73.13005207343174,45.230636043927475],[-73.13004867959658,45.230631294045374],[-73.13004531630418,45.230626532142736],[-73.13004198535108,45.230621760117344],[-73.13003868494073,45.23061697733667],[-73.13003541866637,45.23061218190271],[-73.13003218293471,45.23060737697873],[-73.13002897954242,45.230602561299364],[-73.13002580848945,45.230597734864666],[-73.13002266887752,45.230592898307286],[-73.13001956250329,45.230588050994555],[-73.13001648757007,45.230583192926495],[-73.1300134449762,45.230578325368334],[-73.13001043561998,45.230573448320094],[-73.13000745860315,45.2305685598839],[-73.13000451302732,45.230563661957596],[-73.13000160158748,45.23055875517387],[-73.12999872158868,45.23055383826742],[-73.12999587482756,45.23054891187089],[-73.12999306130408,45.230543975984276],[-73.12999028011997,45.23053903124024],[-73.1299875321735,45.230534076373424],[-73.12998481746472,45.23052911328181],[-73.12998213509528,45.23052414133279],[-73.1299794859635,45.230519159261],[-73.12997687096772,45.230514168964405],[-73.12997428831127,45.230509171075646],[-73.1299717388925,45.230504163064154],[-73.12996922450802,45.23049914809312],[-73.12996674066625,45.23049412426461],[-73.1299642918588,45.230489092211286],[-73.12996187718731,45.23048405193313],[-73.1299594957535,45.230479004062815],[-73.12995714845565,45.230473947967674],[-73.12995483349717,45.230468884280306],[-73.12995255267467,45.230463812368164],[-73.12995030598813,45.230458732863795],[-73.12994809343759,45.23045364703251],[-73.12994591412472,45.230448554241704],[-73.12994376894781,45.23044345322605],[-73.12994165700859,45.230438345250874],[-73.12993958010365,45.23043323031612],[-73.12993753733467,45.23042810842179],[-73.1299355278034,45.23042298020058],[-73.1299335533064,45.23041784501978],[-73.12993161294538,45.23041270287945],[-73.12992970582204,45.2304075550448],[-73.12992783373298,45.23040240088326],[-73.12992599577991,45.23039724102743],[-73.12992419286115,45.23039207421207],[-73.12992242407834,45.230386902335034],[-73.12992069032984,45.23038172413111],[-73.129918989819,45.230376540232896],[-73.12991732434247,45.23037135000774],[-73.12991569300192,45.23036615535356],[-73.12991409669566,45.23036095500514],[-73.1299125354237,45.23035574896238],[-73.12991100828772,45.23035053912329],[-73.12990951618603,45.230345322957305],[-73.12990805822032,45.23034010236225],[-73.12990663618721,45.23033487733825],[-73.12990524829011,45.23032964725257],[-73.12990389452898,45.23032441210524],[-73.12990257580215,45.23031917316158],[-73.12990129300792,45.23031392915623],[-73.12990004434967,45.23030868198717],[-73.12989883072572,45.23030342975644],[-73.12989765213607,45.23029817436205],[-73.12989650858071,45.23029291517126],[-73.12989540005967,45.23028765091878],[-73.1298943265729,45.230282384767904],[-73.12989328812041,45.23027711418802],[-73.12989228470225,45.23027183981174],[-73.12989131721669,45.2302665629044],[-73.1298903838671,45.23026128283337],[-73.12988948555183,45.230256000231215],[-73.12988862316917,45.23025071320002],[-73.12988779582079,45.23024542427045],[-73.12988700260837,45.23024013280976],[-73.1298862462269,45.230234838185325],[-73.12988552487974,45.230229542295135],[-73.12988483766854,45.23022424197595],[-73.12988418728828,45.23021894102359],[-73.129883571044,45.23021363817278],[-73.129882989834,45.23020833215822],[-73.12988244455661,45.230203024877895],[-73.12988193521187,45.230197715699155],[-73.12988146000306,45.2301924052546],[-73.1298810207269,45.23018709291161],[-73.12988061648502,45.23018177867021],[-73.12988024907408,45.230176463795594],[-73.1297228058458,45.22828917678161],[-73.12972238363761,45.22828432863974],[-73.12972192549682,45.22827948176281],[-73.12972143142342,45.22827463678341],[-73.12972090231573,45.22826979370169],[-73.12972033727542,45.228264951884825],[-73.1297197372008,45.22826011259826],[-73.12971910209188,45.22825527710732],[-73.12971843105036,45.22825044161592],[-73.12971772407623,45.228245609920144],[-73.12971698206782,45.228240780754675],[-73.12971620502509,45.22823595348674],[-73.12971539294809,45.22823113064711],[-73.12971454583678,45.228226309705065],[-73.12971366279284,45.228221492558646],[-73.12971274381631,45.22821667857517],[-73.12971178980547,45.22821186775466],[-73.12971080076034,45.22820706072971],[-73.12970977668091,45.2282022575004],[-73.1297087175672,45.228197458066674],[-73.12970762252087,45.22819266306126],[-73.12970649244025,45.22818787058611],[-73.12970532732531,45.228183083804595],[-73.1297041271761,45.22817830081871],[-73.12970289378922,45.22817352162842],[-73.1297016226731,45.228168747499126],[-73.1297003183193,45.22816397906342],[-73.12969897803289,45.22815921379067],[-73.12969760361052,45.22815445484424],[-73.1296961932555,45.22814969969345],[-73.12969474966285,45.22814495086892],[-73.1296932701376,45.22814020647273],[-73.12969175647632,45.2281354690355],[-73.12969020778078,45.228130736026586],[-73.12968862405093,45.22812600871132],[-73.1296870061851,45.22812128772233],[-73.12968535328498,45.228116572427],[-73.12968366624888,45.22811186345799],[-73.12968194417847,45.22810716081531],[-73.12968018797208,45.22810246386629],[-73.12967839852804,45.22809777450892],[-73.12967657315139,45.2280930908452],[-73.12967471453706,45.22808841477314],[-73.12967282088846,45.22808374502742],[-73.12967089310385,45.22807908160803],[-73.12966893208159,45.22807442578031],[-73.12966693602502,45.22806977754425],[-73.1296649067308,45.2280651368999],[-73.12966284240228,45.22806050258185],[-73.1296607448361,45.22805587648815],[-73.12965861313391,45.228051258618805],[-73.12965644819408,45.22804664897385],[-73.12965424821995,45.228042046920535],[-73.12965201500815,45.228037451826296],[-73.129649749457,45.22803286558905],[-73.12964744887157,45.22802828884149],[-73.12964511504846,45.22802371968566],[-73.12964274798767,45.228019158754186],[-73.12964034858757,45.228014606679764],[-73.12963791415314,45.22801006346236],[-73.12963544737937,45.22800552973467],[-73.12963294646961,45.228001004864055],[-73.12963041322051,45.227996489483175],[-73.12962784763207,45.2279919829593],[-73.12962524700932,45.22798748592518],[-73.12962261494553,45.22798299838076],[-73.1296199505424,45.22797852095877],[-73.12961725200329,45.227974052393854],[-73.12961452112484,45.22796959458401],[-73.129611757907,45.22796514752924],[-73.12960896234983,45.22796070996419],[-73.12960613355501,45.22795628188894],[-73.12960327331916,45.22795186456873],[-73.1296003789473,45.22794745863629],[-73.12959745403275,45.2279430628263],[-73.12959449588051,45.22793867777135],[-73.12959150718555,45.22793430347154],[-73.12958848525295,45.22792994055952],[-73.12958543098097,45.22792558840259],[-73.12958234616629,45.22792124763345],[-73.12957922901226,45.22791691761941],[-73.12957608041718,45.227912599625796],[-73.12957289948277,45.22790829365271],[-73.1295696871073,45.227903998434684],[-73.12956644418914,45.227899715869825],[-73.12956316893161,45.22789544469276],[-73.12955986313136,45.227891185536144],[-73.12955652589008,45.22788693966538],[-73.12955315720777,45.22788270454974],[-73.12954975798273,45.22787848271992],[-73.12954632821497,45.2278742729106],[-73.12954286700618,45.22787007575442],[-73.12953937525468,45.2278658918841],[-73.12953585296044,45.22786172066692],[-73.12953230012349,45.227857561470216],[-73.12952871584551,45.227853416824765],[-73.12952510282145,45.22784928356709],[-73.12952145925465,45.22784516486062],[-73.12951778514514,45.22784105943999],[-73.12951408139122,45.22783696793794],[-73.1295103470946,45.227832888456376],[-73.12950658315356,45.22782882352597],[-73.12950278866978,45.22782477251416],[-73.12949896633825,45.22782073542089],[-73.12949511256569,45.2278167128788],[-73.12949123094535,45.227812704887995],[-73.12948731878228,45.22780870955037],[-73.12948337877144,45.22780472939661],[-73.1294794091162,45.2278007637941],[-73.12947540981656,45.22779681274284],[-73.12947138177081,45.22779287561013],[-73.12946732587731,45.22778895492668],[-73.12946323944108,45.22778504752912],[-73.12945912605541,45.227781155948136],[-73.12945498392362,45.2277772795511],[-73.12945081394409,45.22777341770532],[-73.12944661521844,45.22776957167614],[-73.1294423877467,45.227765740830904],[-73.1294381315289,45.22776192580227],[-73.12943385015825,45.22775812659023],[-73.1294295391432,45.22775434256216],[-73.12942519938206,45.227750574350694],[-73.12942083356978,45.22774682258856],[-73.12941644080804,45.227743086642995],[-73.12941202019853,45.22773936651409],[-73.12940757174125,45.2277356628345],[-73.1294030963345,45.2277319756042],[-73.12939859487662,45.227728304823266],[-73.12939406557093,45.22772464985891],[-73.12938951111246,45.227721012609244],[-73.1293849288062,45.22771739180894],[-73.12938031955048,45.227713786825234],[-73.12937568514191,45.22771019955622],[-73.1293710237839,45.227706629369266],[-73.12936633547643,45.227703075631595],[-73.12936162291447,45.22769953960864],[-73.12935688340303,45.22769602193303],[-73.12935211873875,45.22769251944143],[-73.12934732892167,45.22768903592988],[-73.12934251305343,45.227685569500316],[-73.12933767023573,45.227682121418205],[-73.12933280496014,45.2276786904181],[-73.1293279127351,45.22767527776536],[-73.12932299625555,45.227671882827345],[-73.12931805552151,45.22766850560407],[-73.12931308963459,45.22766514672817],[-73.12930809859489,45.22766180556702],[-73.12930308330067,45.22765848338594],[-73.12929804465023,45.2276551795523],[-73.12929298084697,45.22765189469868],[-73.1292878936875,45.22764862755987],[-73.12928278227356,45.227645378768415],[-73.12927764750339,45.22764214958978],[-73.1292724884787,45.22763893875854],[-73.12926730609783,45.22763574754009],[-73.12926210036076,45.22763257466905],[-73.12925687216581,45.22762942077816],[-73.12925162061465,45.227626286500005],[-73.12924634660561,45.22762317183471],[-73.12924104834208,45.227620075516825],[-73.12923572851896,45.22761699944443],[-73.12923038623798,45.22761394298479],[-73.1292250214991,45.227610904872634],[-73.12921963430234,45.22760788763867],[-73.12921422554601,45.22760489001745],[-73.12920879523013,45.227601912009106],[-73.12920334245635,45.227598953613544],[-73.12919786812301,45.22759601546348],[-73.1291923722301,45.22759309755894],[-73.12918685567594,45.22759019989986],[-73.1291813175622,45.227587321853655],[-73.12917575788892,45.22758446468561],[-73.1291701784527,45.2275816277631],[-73.12916457745689,45.22757881045344],[-73.12915895669815,45.22757601465463],[-73.12915331437985,45.22757323973399],[-73.12914765229863,45.22757048442621],[-73.12914197045446,45.22756775062933],[-73.12913626794904,45.22756503771065],[-73.12913054657898,45.227562345670194],[-73.12912480454769,45.22755967450793],[-73.12911904365176,45.227557024856594],[-73.12911326299292,45.227554395450774],[-73.12910746436776,45.22755178755588],[-73.12910164508135,45.227549200539194],[-73.12909580693031,45.22754663566608],[-73.12882745769706,45.227413882762725],[-73.12872584835698,45.22783660098703],[-73.12861437102346,45.22830036173372],[-73.12819523328156,45.230043961869555],[-73.1290591368021,45.23096045335331],[-73.12664485698384,45.23390542364716],[-73.12734692990426,45.23519208236057],[-73.12750208242856,45.23553067940825],[-73.1275212039677,45.235626468375],[-73.12753894120299,45.235894698004174],[-73.12904981588271,45.23406270202528]]]},"properties":{"NO_LOT":"4 389 929","geoId":"ca/qc/lot/4-389-929","name":"4 389 929","code":"4 389 929","level":"locality","country":"CA","noLot":"4 389 929"}},{"type":"Feature","geometry":{"type":"Polygon","coordinates":[[[-73.12396296544921,45.23010438364655],[-73.1239725513716,45.23009271001189],[-73.12416735553253,45.229855500376026],[-73.1238499942174,45.229724323742275],[-73.1236453014018,45.2299730842204],[-73.12396296544921,45.23010438364655]]]},"properties":{"NO_LOT":"4 391 138","geoId":"ca/qc/lot/4-391-138","name":"4 391 138","code":"4 391 138","level":"locality","country":"CA","noLot":"4 391 138"}},{"type":"Feature","geometry":{"type":"Polygon","coordinates":[[[-73.12580275827023,45.22670457726675],[-73.12597459250934,45.22649600228179],[-73.1257832387774,45.226417639285664],[-73.12561127338427,45.2266262132928],[-73.12580275827023,45.22670457726675]]]},"properties":{"NO_LOT":"4 391 073","geoId":"ca/qc/lot/4-391-073","name":"4 391 073","code":"4 391 073","level":"locality","country":"CA","noLot":"4 391 073"}},{"type":"Feature","geometry":{"type":"Polygon","coordinates":[[[-73.12615581953307,45.22743169392865],[-73.1259605132139,45.22766932998062],[-73.12594869048642,45.2276837151281],[-73.12626751964876,45.22781453078565],[-73.12638375805327,45.227673066563675],[-73.12615581953307,45.22743169392865]]]},"properties":{"NO_LOT":"4 391 091","geoId":"ca/qc/lot/4-391-091","name":"4 391 091","code":"4 391 091","level":"locality","country":"CA","noLot":"4 391 091"}},{"type":"Feature","geometry":{"type":"Polygon","coordinates":[[[-73.12362861699204,45.22963316091529],[-73.12326623211484,45.22948402584244],[-73.12316962369593,45.22960297192728],[-73.12353160433123,45.22975194093308],[-73.12362861699204,45.22963316091529]]]},"properties":{"NO_LOT":"4 391 127","geoId":"ca/qc/lot/4-391-127","name":"4 391 127","code":"4 391 127","level":"locality","country":"CA","noLot":"4 391 127"}},{"type":"Feature","geometry":{"type":"Polygon","coordinates":[[[-73.12596003980173,45.22688314326684],[-73.12601781764417,45.22681174540499],[-73.12613628297227,45.226665351954225],[-73.12625480938578,45.22651888220384],[-73.1264031679516,45.2263355458377],[-73.12618493393141,45.22624068581981],[-73.12597459250934,45.22649600228179],[-73.12580275827023,45.22670457726675],[-73.12570489310822,45.22682438772183],[-73.12566092955822,45.22693155247071],[-73.1255519558294,45.22720760195073],[-73.12550205711032,45.2273570561727],[-73.1252604165871,45.227651176611445],[-73.1251629745316,45.22776977982614],[-73.1249680904206,45.22800698361502],[-73.12518381814114,45.2280954867705],[-73.12528102573636,45.227977252450735],[-73.12537843185923,45.227858651567004],[-73.12547583708381,45.22774004917043],[-73.12573285317144,45.227428130683656],[-73.12581844375339,45.227209746739035],[-73.12585743063671,45.227110760562745],[-73.12596003980173,45.22688314326684]]]},"properties":{"NO_LOT":"4 391 877","geoId":"ca/qc/lot/4-391-877","name":"4 391 877","code":"4 391 877","level":"locality","country":"CA","noLot":"4 391 877"}},{"type":"Feature","geometry":{"type":"Polygon","coordinates":[[[-73.12420907598928,45.22928176928779],[-73.12408410146864,45.2294398145876],[-73.12438433730121,45.22956390994178],[-73.12440112142397,45.22957084700012],[-73.12471939003757,45.22970239598812],[-73.1248468573831,45.22954345494646],[-73.12452796533871,45.22941261226772],[-73.12420907598928,45.22928176928779]]]},"properties":{"NO_LOT":"4 391 883","geoId":"ca/qc/lot/4-391-883","name":"4 391 883","code":"4 391 883","level":"locality","country":"CA","noLot":"4 391 883"}},{"type":"Feature","geometry":{"type":"Polygon","coordinates":[[[-73.12438433730121,45.22956390994178],[-73.12408410146864,45.2294398145876],[-73.12395727821513,45.22959394268491],[-73.12425769910065,45.22971811551889],[-73.12438433730121,45.22956390994178]]]},"properties":{"NO_LOT":"6 378 703","geoId":"ca/qc/lot/6-378-703","name":"6 378 703","code":"6 378 703","level":"locality","country":"CA","noLot":"6 378 703"}},{"type":"Feature","geometry":{"type":"Polygon","coordinates":[[[-73.12508614072702,45.228214425638356],[-73.12479380917065,45.22857018356426],[-73.12511269672346,45.228701026284284],[-73.12543158427628,45.228831866172406],[-73.12562647377717,45.228594689867116],[-73.12572391673099,45.22847610165968],[-73.12540505792427,45.22834527360596],[-73.12508614072702,45.228214425638356]]]},"properties":{"NO_LOT":"4 391 097","geoId":"ca/qc/lot/4-391-097","name":"4 391 097","code":"4 391 097","level":"locality","country":"CA","noLot":"4 391 097"}},{"type":"Feature","geometry":{"type":"Polygon","coordinates":[[[-73.12569738768401,45.22798951047633],[-73.12537843185923,45.227858651567004],[-73.12528102573636,45.227977252450735],[-73.12559994473018,45.22810809843363],[-73.12569738768401,45.22798951047633]]]},"properties":{"NO_LOT":"5 487 924","geoId":"ca/qc/lot/5-487-924","name":"5 487 924","code":"5 487 924","level":"locality","country":"CA","noLot":"5 487 924"}},{"type":"Feature","geometry":{"type":"Polygon","coordinates":[[[-73.12343392961206,45.22987044929522],[-73.12307301437869,45.229721919028485],[-73.12297630355184,45.22984080324828],[-73.12333596294044,45.22998881632929],[-73.12343392961206,45.22987044929522]]]},"properties":{"NO_LOT":"4 391 129","geoId":"ca/qc/lot/4-391-129","name":"4 391 129","code":"4 391 129","level":"locality","country":"CA","noLot":"4 391 129"}},{"type":"Feature","geometry":{"type":"Polygon","coordinates":[[[-73.12523667680908,45.22906906363115],[-73.12543158427628,45.228831866172406],[-73.12511269672346,45.228701026284284],[-73.12501524119322,45.22881962351236],[-73.12491778745965,45.22893822175838],[-73.12523667680908,45.22906906363115]]]},"properties":{"NO_LOT":"6 286 831","geoId":"ca/qc/lot/6-286-831","name":"6 286 831","code":"6 286 831","level":"locality","country":"CA","noLot":"6 286 831"}},{"type":"Feature","geometry":{"type":"Polygon","coordinates":[[[-73.12529613539944,45.229938005024515],[-73.12512828698522,45.229869180829354],[-73.12489450043252,45.23015386497626],[-73.12502534454524,45.23020751414497],[-73.12506235064336,45.23022268819404],[-73.1251792439197,45.23008034678749],[-73.12529613539944,45.229938005024515]]]},"properties":{"NO_LOT":"4 391 153","geoId":"ca/qc/lot/4-391-153","name":"4 391 153","code":"4 391 153","level":"locality","country":"CA","noLot":"4 391 153"}},{"type":"Feature","geometry":{"type":"Polygon","coordinates":[[[-73.12629196460428,45.22918949543476],[-73.12640892615258,45.22904718244111],[-73.12609002153177,45.2289163398853],[-73.12606860210214,45.22894240681511],[-73.12597307794977,45.229058659533116],[-73.12629196460428,45.22918949543476]]]},"properties":{"NO_LOT":"4 391 107","geoId":"ca/qc/lot/4-391-107","name":"4 391 107","code":"4 391 107","level":"locality","country":"CA","noLot":"4 391 107"}},{"type":"Feature","geometry":{"type":"Polygon","coordinates":[[[-73.12597307794977,45.229058659533116],[-73.12592435422708,45.22911795179474],[-73.12578009826717,45.2292934943343],[-73.1257781785674,45.229295828208535],[-73.12609707240843,45.22942666672749],[-73.12629196460428,45.22918949543476],[-73.12597307794977,45.229058659533116]]]},"properties":{"NO_LOT":"4 391 108","geoId":"ca/qc/lot/4-391-108","name":"4 391 108","code":"4 391 108","level":"locality","country":"CA","noLot":"4 391 108"}},{"type":"Feature","geometry":{"type":"Polygon","coordinates":[[[-73.12476369315074,45.225475429319765],[-73.12475696836253,45.225472537247036],[-73.124750259744,45.225469623029696],[-73.12474357178671,45.22546668919847],[-73.1247369008974,45.22546373322261],[-73.12473024977103,45.22546075636747],[-73.12472361661098,45.225457759265744],[-73.12471700321386,45.225454740019345],[-73.12471040868135,45.22545170115912],[-73.12470383301347,45.22544864141955],[-73.12469727710854,45.22544556143343],[-73.1246907400682,45.22544246056804],[-73.12468422279082,45.22543933819063],[-73.1246777261747,45.22543619619934],[-73.12467124842317,45.22543303459418],[-73.1246647904346,45.225429851477],[-73.12465835400559,45.2254266481132],[-73.12465193554287,45.225423424502836],[-73.12464553953807,45.2254201812785],[-73.12463916239787,45.22541691717489],[-73.12463280771553,45.22541363409007],[-73.12462647279615,45.22541033012595],[-73.12462015853802,45.225407007180564],[-73.12461386583945,45.22540366462126],[-73.12460759380214,45.225400300549936],[-73.12460134242608,45.2253969181301],[-73.12459511350791,45.225393515463615],[-73.12458890525096,45.22539009444857],[-73.12458271945192,45.22538665255419],[-73.12457655431413,45.22538319104587],[-73.12457041163421,45.22537971118903],[-73.12456429141217,45.22537621235089],[-73.12455819274972,45.22537269326612],[-73.12455211654513,45.22536915520006],[-73.12454606279844,45.22536559815279],[-73.1245400306113,45.22536202212422],[-73.12453402178036,45.22535842711439],[-73.12452803540732,45.225354814388666],[-73.12452207239045,45.22535118141629],[-73.12451613183148,45.22534753009532],[-73.1245102146287,45.22534386042578],[-73.12450432078214,45.22534017240763],[-73.12449844939344,45.2253364654082],[-73.12449260136093,45.22533273942747],[-73.12448677758294,45.225328996363544],[-73.12448097716117,45.225325234318326],[-73.12447520009557,45.22532145329182],[-73.1244694472845,45.225317655182096],[-73.12446371872792,45.22531383935644],[-73.12445801442587,45.22531000454947],[-73.12445233348001,45.22530615265929],[-73.12444667768699,45.22530228242051],[-73.12444104525015,45.22529839446578],[-73.12443543796616,45.22529448816245],[-73.12442985583498,45.22529056540858],[-73.12442429795831,45.225286624306065],[-73.12441876523447,45.22528266612029],[-73.12441325766346,45.225278691484036],[-73.12440777434696,45.22527469849906],[-73.12440231618329,45.225270688430875],[-73.12439688407079,45.22526666127943],[-73.12439147711109,45.22526261704478],[-73.12438609620253,45.22525855635951],[-73.12438074044681,45.22525447859099],[-73.12437541074225,45.22525038310654],[-73.12437010619047,45.225246271171464],[-73.12436482858818,45.22524214341858],[-73.12435957613872,45.22523799858238],[-73.12435435063873,45.2252338372956],[-73.12434915029154,45.22522966019096],[-73.1243439768938,45.225225466635735],[-73.12433883044555,45.22522125662992],[-73.12433370915011,45.22521702954082],[-73.12432861660078,45.22521278726651],[-73.12432354920423,45.225208528541636],[-73.1243185087572,45.22520425463151],[-73.1243134961579,45.22519996427083],[-73.12430851050809,45.2251956580922],[-73.12430355090939,45.22519133736111],[-73.12429861915848,45.22518700017936],[-73.12429371525536,45.22518264844514],[-73.12428883919999,45.22517828026028],[-73.12428398919577,45.22517389752287],[-73.12427916793764,45.22516949833487],[-73.12427437452727,45.22516508522705],[-73.12426960806638,45.225160656301256],[-73.12426487035157,45.22515621345569],[-73.12426016048454,45.22515175542486],[-73.12425547846527,45.225147282208766],[-73.1242508251921,45.225142794440124],[-73.1242461997667,45.22513829211897],[-73.1242416030874,45.22513377524525],[-73.12423703425586,45.22512924445169],[-73.12423249506872,45.225124698472854],[-73.12422798283106,45.225120138574205],[-73.1242235011361,45.22511556412298],[-73.12421904818724,45.22511097638456],[-73.12421462308616,45.22510637409361],[-73.12421022762948,45.225101758515464],[-73.1221525655043,45.22293182016486],[-73.12013138216615,45.2208022654046],[-73.11952417313638,45.22016534231838],[-73.11909051053466,45.21971044730618],[-73.11411315125955,45.2144887613158],[-73.11383814910332,45.214504606555465],[-73.11993154115143,45.22089699339392],[-73.12036386795832,45.22135251861926],[-73.12084375876287,45.22185815073062],[-73.12099563423301,45.22201817056813],[-73.12145582139014,45.22250302666052],[-73.12160770045354,45.22266304658119],[-73.12195272179461,45.22302655346424],[-73.12401029768152,45.22519637431236],[-73.12401500305698,45.22520131635767],[-73.1240197362802,45.225206243850415],[-73.12402450004616,45.22521115742327],[-73.12402929165988,45.225216057708884],[-73.12403411291803,45.225220942809244],[-73.12403896292223,45.225225813357],[-73.12404384167255,45.22523066935215],[-73.12404875006726,45.22523551142744],[-73.12405368541143,45.22524033958284],[-73.1240586504,45.225245151287616],[-73.12406364503298,45.225249949705194],[-73.12406866661543,45.22525473230476],[-73.12407371784228,45.22525950161719],[-73.12407879601857,45.225264254479],[-73.12408390294095,45.2252689927882],[-73.12408903771112,45.225273715279464],[-73.12409420122736,45.22527842385092],[-73.12409939079477,45.22528311533897],[-73.12410461000657,45.22528779227448],[-73.12410985616783,45.2252924533921],[-73.12411513017686,45.225297099324415],[-73.12412043203368,45.22530172943887],[-73.12412575994162,45.225306343735355],[-73.12413111659566,45.2253109428466],[-73.12413650019917,45.22531552550727],[-73.12414191075212,45.225320091717286],[-73.12414734825454,45.2253246427421],[-73.12415281270641,45.2253291766836],[-73.12415830410772,45.22533369480717],[-73.12416382245851,45.22533819648018],[-73.12416936775877,45.22534268233525],[-73.12417493911016,45.225347151739754],[-73.1241805365127,45.22535160342824],[-73.12418616086468,45.22535603929883],[-73.12419181216615,45.22536045871886],[-73.12419748862042,45.225364860422935],[-73.12420319202417,45.2253692463091],[-73.12420891968242,45.22537361447927],[-73.12421467518844,45.22537796683158],[-73.1242204558473,45.22538230083525],[-73.12422626165896,45.22538661775565],[-73.12423209442012,45.22539091759278],[-73.12423795143576,45.22539520034666],[-73.12424383270593,45.22539946538457],[-73.12424974092555,45.225403713339254],[-73.12425567429803,45.225407943578],[-73.12426163192497,45.22541215673349],[-73.12426761470476,45.22541635027494],[-73.1242736235357,45.22542052863124],[-73.12427965572283,45.22542468737355],[-73.12428571306279,45.22542882839993],[-73.12429179555559,45.22543295234308],[-73.12429790140457,45.22543705730491],[-73.12430403150807,45.225441144550814],[-73.12431018586608,45.22544521344813],[-73.12431636537691,45.225449264629574],[-73.12432256824397,45.22545329682968],[-73.1243287944672,45.22545731068115],[-73.12433504494494,45.22546130555139],[-73.1243413196772,45.22546528270568],[-73.12434761596903,45.22546924151144],[-73.12435393741369,45.225473180703176],[-73.12436028221454,45.225477101546346],[-73.12436664947326,45.225481003408255],[-73.1243730400882,45.225484886288896],[-73.12437945405932,45.22548875082095],[-73.12438589048834,45.22549259573904],[-73.12439235027354,45.22549642167592],[-73.12439883251663,45.22550022863151],[-73.1244053363193,45.225504015340434],[-73.12441186347813,45.225507783700834],[-73.12441841219656,45.225511532447236],[-73.12442498427117,45.22551526157974],[-73.12443157700706,45.22551897173102],[-73.12443819309912,45.22552266226837],[-73.12444483075075,45.22552633255908],[-73.12445148906363,45.22552998323586],[-73.12445817073274,45.22553361429872],[-73.12446487216474,45.22553722638037],[-73.12447159515635,45.225540817582676],[-73.12447834060579,45.22554438853842],[-73.12448510671652,45.22554794051291],[-73.12449189348848,45.22555147160813],[-73.12449870182004,45.225554982456785],[-73.12450553081283,45.22555847369149],[-73.12451237956854,45.22556194467965],[-73.12451924988385,45.22556539542116],[-73.12452613996207,45.22556882528345],[-73.12453304980323,45.225572234266444],[-73.12453998030564,45.225575623635514],[-73.12454693146933,45.2255789927581],[-73.12455390149762,45.22558234036868],[-73.12456089218715,45.22558566773268],[-73.12456790263963,45.22558897358474],[-73.12457493285504,45.22559225919023],[-73.12458198193507,45.22559552328378],[-73.12458905077804,45.22559876776348],[-73.12459613758733,45.225601990731185],[-73.12460324505784,45.225605192187025],[-73.1246103704947,45.22560837339626],[-73.12461751479614,45.22561153246092],[-73.12462467886053,45.22561467064632],[-73.12463185999292,45.22561778858518],[-73.12463906088823,45.225620883746764],[-73.12470557754176,45.225649404526344],[-73.12472437928065,45.225628440065414],[-73.12535450433332,45.225908558410865],[-73.1253426187238,45.22592194814167],[-73.12597036324098,45.22619053675662],[-73.12599619968688,45.226159181153086],[-73.12618493393141,45.22624068581981],[-73.1264031679516,45.2263355458377],[-73.12659147280146,45.22641762979534],[-73.12656782016002,45.226446862583444],[-73.12667768052602,45.226493466464866],[-73.12690223329591,45.22658926054085],[-73.127079925449,45.22666362724958],[-73.1275729253685,45.22686995242545],[-73.1278013759284,45.2269655604907],[-73.12830173574503,45.22717496003449],[-73.12868284061442,45.22733445117094],[-73.1291536045357,45.22754578281726],[-73.12977454072131,45.227814311247734],[-73.1302309046486,45.2280136070581],[-73.1306910316186,45.228213697435535],[-73.13116240100436,45.22841867319948],[-73.13303965806429,45.22923703593253],[-73.13336970628622,45.22923506773243],[-73.13204643577042,45.22864192275456],[-73.1311000309742,45.22823255605154],[-73.13109874638333,45.228183607022736],[-73.12976521531036,45.227604145357226],[-73.12949340397002,45.227484139150185],[-73.12948780297423,45.22748059425611],[-73.12948217952054,45.22747706770945],[-73.12947653271067,45.22747355824494],[-73.12947086344289,45.227470068393174],[-73.12946517171726,45.2274665962562],[-73.12945945753374,45.22746314373198],[-73.12945372089234,45.22745970828992],[-73.12944796179305,45.22745629246069],[-73.1294421811342,45.22745289434619],[-73.12943637801746,45.22744951647722],[-73.12943055244284,45.227446156323055],[-73.12942470710529,45.227442815149026],[-73.12941883751321,45.227439493587795],[-73.12941294815822,45.22743619037411],[-73.12940703634533,45.22743290740591],[-73.12940110476951,45.22742964215249],[-73.12939515073582,45.227426397777286],[-73.12938917604086,45.22742317174961],[-73.12938318068464,45.22741996533473],[-73.12937716376886,45.22741677853278],[-73.12937112709018,45.22741361134361],[-73.12936506975021,45.22741046376733],[-73.129358991749,45.227407335171264],[-73.12935289398484,45.227404227453405],[-73.12934677555944,45.22740113871573],[-73.1293406364728,45.227398070223614],[-73.12933447852151,45.22739502134439],[-73.12932830080732,45.227391992710686],[-73.12932210333017,45.22738898432261],[-73.1293158869884,45.22738599554737],[-73.1293096508837,45.22738302765041],[-73.12930339411774,45.227380079366334],[-73.12929711938548,45.22737715132781],[-73.12929082668691,45.22737424480025],[-73.12928451422542,45.22737135725291],[-73.1292781828993,45.22736849121651],[-73.12927183360686,45.2273656454257],[-73.12926546544982,45.22736282051314],[-73.12925907842815,45.227360016478876],[-73.12881423090283,45.22718427057156],[-73.1288094150346,45.22718977679565],[-73.12721752758759,45.22652383109377],[-73.12702780429791,45.22644418630725],[-73.12476369315074,45.225475429319765]]]},"properties":{"NO_LOT":"4 391 876","geoId":"ca/qc/lot/4-391-876","name":"4 391 876","code":"4 391 876","level":"locality","country":"CA","noLot":"4 391 876"}},{"type":"Feature","geometry":{"type":"Polygon","coordinates":[[[-73.12638375805327,45.227673066563675],[-73.12626751964876,45.22781453078565],[-73.12611368764793,45.22800174888644],[-73.12602416603829,45.22811069807828],[-73.12591880353693,45.22823892640056],[-73.12572391673099,45.22847610165968],[-73.12562647377717,45.228594689867116],[-73.12543158427628,45.228831866172406],[-73.12523667680908,45.22906906363115],[-73.1251392230755,45.229187661356654],[-73.12498913974433,45.229370304621874],[-73.1248468573831,45.22954345494646],[-73.12506620441593,45.229637978574736],[-73.12526606339698,45.229394760599845],[-73.12536198280807,45.22927802964719],[-73.12545790132086,45.22916129845486],[-73.12560214919591,45.22898575424173],[-73.12574639707097,45.22881020758846],[-73.1258457579279,45.228689286564304],[-73.12594319998342,45.228570699819535],[-73.12634466516873,45.22808211083776],[-73.1265399355553,45.227844461959975],[-73.12643132923743,45.227725272411305],[-73.12638375805327,45.227673066563675]]]},"properties":{"NO_LOT":"4 391 879","geoId":"ca/qc/lot/4-391-879","name":"4 391 879","code":"4 391 879","level":"locality","country":"CA","noLot":"4 391 879"}},{"type":"Feature","geometry":{"type":"Polygon","coordinates":[[[-73.12569738768401,45.22798951047633],[-73.12570530902818,45.2279798704489],[-73.12579483063783,45.22787092100629],[-73.12547583708381,45.22774004917043],[-73.12537843185923,45.227858651567004],[-73.12569738768401,45.22798951047633]]]},"properties":{"NO_LOT":"5 487 925","geoId":"ca/qc/lot/5-487-925","name":"5 487 925","code":"5 487 925","level":"locality","country":"CA","noLot":"5 487 925"}},{"type":"Feature","geometry":{"type":"Polygon","coordinates":[[[-73.1251629745316,45.22776977982614],[-73.1252604165871,45.227651176611445],[-73.12489143897405,45.22749933037592],[-73.12479399691854,45.227617933907396],[-73.1251629745316,45.22776977982614]]]},"properties":{"NO_LOT":"4 391 078","geoId":"ca/qc/lot/4-391-078","name":"4 391 078","code":"4 391 078","level":"locality","country":"CA","noLot":"4 391 078"}},{"type":"Feature","geometry":{"type":"Polygon","coordinates":[[[-73.12420969672515,45.22832969351524],[-73.12391668244913,45.22868521916449],[-73.12428564209588,45.228837059068795],[-73.1245786563719,45.22848153120592],[-73.12420969672515,45.22832969351524]]]},"properties":{"NO_LOT":"4 391 122","geoId":"ca/qc/lot/4-391-122","name":"4 391 122","code":"4 391 122","level":"locality","country":"CA","noLot":"4 391 122"}},{"type":"Feature","geometry":{"type":"Polygon","coordinates":[[[-73.1247228772975,45.22917541750795],[-73.12440398974468,45.22904457398204],[-73.12420907598928,45.22928176928779],[-73.12452796533871,45.22941261226772],[-73.12467024859826,45.22923946280983],[-73.1247228772975,45.22917541750795]]]},"properties":{"NO_LOT":"4 391 102","geoId":"ca/qc/lot/4-391-102","name":"4 391 102","code":"4 391 102","level":"locality","country":"CA","noLot":"4 391 102"}},{"type":"Feature","geometry":{"type":"Polygon","coordinates":[[[-73.1251792439197,45.23008034678749],[-73.12506235064336,45.23022268819404],[-73.12534430306496,45.230338299320984],[-73.1254611963413,45.23019595567338],[-73.1251792439197,45.23008034678749]]]},"properties":{"NO_LOT":"4 391 152","geoId":"ca/qc/lot/4-391-152","name":"4 391 152","code":"4 391 152","level":"locality","country":"CA","noLot":"4 391 152"}},{"type":"Feature","geometry":{"type":"Polygon","coordinates":[[[-73.12450827067444,45.2303125816195],[-73.1243134665135,45.23054979124566],[-73.1246357389183,45.23068193454964],[-73.12483054218093,45.230444724209676],[-73.12450827067444,45.2303125816195]]]},"properties":{"NO_LOT":"4 391 160","geoId":"ca/qc/lot/4-391-160","name":"4 391 160","code":"4 391 160","level":"locality","country":"CA","noLot":"4 391 160"}},{"type":"Feature","geometry":{"type":"Polygon","coordinates":[[[-73.1267386402012,45.2295283876348],[-73.12693353060041,45.22929121423584],[-73.12661131478946,45.22915900949391],[-73.12641642439024,45.229396180913845],[-73.1267386402012,45.2295283876348]]]},"properties":{"NO_LOT":"4 391 117","geoId":"ca/qc/lot/4-391-117","name":"4 391 117","code":"4 391 117","level":"locality","country":"CA","noLot":"4 391 117"}},{"type":"Feature","geometry":{"type":"Polygon","coordinates":[[[-73.12349808818799,45.22919855257831],[-73.12386274849779,45.22934862346743],[-73.12399262422663,45.229192584075214],[-73.12362366368156,45.22904074322268],[-73.12349808818799,45.22919855257831]]]},"properties":{"NO_LOT":"4 391 125","geoId":"ca/qc/lot/4-391-125","name":"4 391 125","code":"4 391 125","level":"locality","country":"CA","noLot":"4 391 125"}},{"type":"Feature","geometry":{"type":"Polygon","coordinates":[[[-73.12349808818799,45.22919855257831],[-73.12336131788935,45.229366951540456],[-73.12372463611612,45.22951647094221],[-73.12386274849779,45.22934862346743],[-73.12349808818799,45.22919855257831]]]},"properties":{"NO_LOT":"6 388 000","geoId":"ca/qc/lot/6-388-000","name":"6 388 000","code":"6 388 000","level":"locality","country":"CA","noLot":"6 388 000"}},{"type":"Feature","geometry":{"type":"Polygon","coordinates":[[[-73.12386274849779,45.22934862346743],[-73.12408410146864,45.2294398145876],[-73.12420907598928,45.22928176928779],[-73.12440398974468,45.22904457398204],[-73.12459889990681,45.228807378319075],[-73.12469635543705,45.22868878043272],[-73.12479380917065,45.22857018356426],[-73.12508614072702,45.228214425638356],[-73.12518381814114,45.2280954867705],[-73.1249680904206,45.22800698361502],[-73.1248706483651,45.22812558671994],[-73.12477320541129,45.22824418894475],[-73.1245786563719,45.22848153120592],[-73.12428564209588,45.228837059068795],[-73.12409029714915,45.22907407493239],[-73.12399262422663,45.229192584075214],[-73.12386274849779,45.22934862346743]]]},"properties":{"NO_LOT":"4 391 882","geoId":"ca/qc/lot/4-391-882","name":"4 391 882","code":"4 391 882","level":"locality","country":"CA","noLot":"4 391 882"}},{"type":"Feature","geometry":{"type":"Polygon","coordinates":[[[-73.12538842022688,45.22977018283533],[-73.12558826842815,45.22952695909958],[-73.12526606339698,45.229394760599845],[-73.12506620441593,45.229637978574736],[-73.12538842022688,45.22977018283533]]]},"properties":{"NO_LOT":"6 318 660","geoId":"ca/qc/lot/6-318-660","name":"6 318 660","code":"6 318 660","level":"locality","country":"CA","noLot":"6 318 660"}},{"type":"Feature","geometry":{"type":"Polygon","coordinates":[[[-73.12368992790849,45.231309044681105],[-73.12383609907657,45.231131061958365],[-73.12398226934636,45.23095307741296],[-73.12416346313242,45.230732445317216],[-73.1243134665135,45.23054979124566],[-73.12450827067444,45.2303125816195],[-73.12470307214042,45.230075371635955],[-73.12493685869313,45.229790688993845],[-73.12506620441593,45.229637978574736],[-73.1248468573831,45.22954345494646],[-73.12471939003757,45.22970239598812],[-73.12448562773938,45.22998704933793],[-73.12429082178181,45.23022425969008],[-73.12423240613552,45.23029539261521],[-73.1241934201505,45.23034286576018],[-73.12409601762089,45.23046147095016],[-73.12394991113149,45.2306393779547],[-73.12376481775878,45.230864758376754],[-73.1236674125342,45.23098336374292],[-73.12357000730962,45.231101967596274],[-73.12347260208504,45.23122057183483],[-73.12368992790849,45.231309044681105]]]},"properties":{"NO_LOT":"4 391 884","geoId":"ca/qc/lot/4-391-884","name":"4 391 884","code":"4 391 884","level":"locality","country":"CA","noLot":"4 391 884"}},{"type":"Feature","geometry":{"type":"Polygon","coordinates":[[[-73.12470307214042,45.230075371635955],[-73.12450827067444,45.2303125816195],[-73.12483054218093,45.230444724209676],[-73.12502534454524,45.23020751414497],[-73.12489450043252,45.23015386497626],[-73.12470307214042,45.230075371635955]]]},"properties":{"NO_LOT":"4 391 157","geoId":"ca/qc/lot/4-391-157","name":"4 391 157","code":"4 391 157","level":"locality","country":"CA","noLot":"4 391 157"}},{"type":"Feature","geometry":{"type":"Polygon","coordinates":[[[-73.12477320541129,45.22824418894475],[-73.12440424756116,45.22809234998738],[-73.12420969672515,45.22832969351524],[-73.1245786563719,45.22848153120592],[-73.12477320541129,45.22824418894475]]]},"properties":{"NO_LOT":"4 391 121","geoId":"ca/qc/lot/4-391-121","name":"4 391 121","code":"4 391 121","level":"locality","country":"CA","noLot":"4 391 121"}},{"type":"Feature","geometry":{"type":"Polygon","coordinates":[[[-73.12558826842815,45.22952695909958],[-73.12568072932538,45.2294144292568],[-73.12568418244935,45.22941022652048],[-73.12536198280807,45.22927802964719],[-73.12526606339698,45.229394760599845],[-73.12558826842815,45.22952695909958]]]},"properties":{"NO_LOT":"6 318 659","geoId":"ca/qc/lot/6-318-659","name":"6 318 659","code":"6 318 659","level":"locality","country":"CA","noLot":"6 318 659"}},{"type":"Feature","geometry":{"type":"Polygon","coordinates":[[[-73.1239141357253,45.2301638431017],[-73.12387463770057,45.230211936983714],[-73.12377774451572,45.230329919290405],[-73.12409601762089,45.23046147095016],[-73.1241934201505,45.23034286576018],[-73.12423240613552,45.23029539261521],[-73.1239141357253,45.2301638431017]]]},"properties":{"NO_LOT":"4 391 139","geoId":"ca/qc/lot/4-391-139","name":"4 391 139","code":"4 391 139","level":"locality","country":"CA","noLot":"4 391 139"}},{"type":"Feature","geometry":{"type":"Polygon","coordinates":[[[-73.12715717337692,45.22849471597934],[-73.12723696892697,45.228397315607914],[-73.12741721588873,45.227937580084095],[-73.12759537965734,45.227486916605834],[-73.1278013759284,45.2269655604907],[-73.1275729253685,45.22686995242545],[-73.1273225460342,45.227503630685895],[-73.12699844106619,45.22832974096537],[-73.12715717337692,45.22849471597934]]]},"properties":{"NO_LOT":"5 046 899","geoId":"ca/qc/lot/5-046-899","name":"5 046 899","code":"5 046 899","level":"locality","country":"CA","noLot":"5 046 899"}},{"type":"Feature","geometry":{"type":"Polygon","coordinates":[[[-73.12609707240843,45.22942666672749],[-73.1257781785674,45.229295828208535],[-73.12568418244935,45.22941022652048],[-73.12568072932538,45.2294144292568],[-73.12599961597988,45.22954526433951],[-73.12609707240843,45.22942666672749]]]},"properties":{"NO_LOT":"6 306 836","geoId":"ca/qc/lot/6-306-836","name":"6 306 836","code":"6 306 836","level":"locality","country":"CA","noLot":"6 306 836"}},{"type":"Feature","geometry":{"type":"Polygon","coordinates":[[[-73.11734238000862,45.22706322904218],[-73.1177276341963,45.22658966356296],[-73.11725020567394,45.226343472818066],[-73.11710377040116,45.22648527883758],[-73.11679723827676,45.22678212117208],[-73.11734238000862,45.22706322904218]]]},"properties":{"NO_LOT":"4 391 062","geoId":"ca/qc/lot/4-391-062","name":"4 391 062","code":"4 391 062","level":"locality","country":"CA","noLot":"4 391 062"}},{"type":"Feature","geometry":{"type":"Polygon","coordinates":[[[-73.11756131201976,45.22604219553965],[-73.1177791148486,45.22583127208668],[-73.11779008148159,45.22582065227924],[-73.11731982600676,45.22557815822802],[-73.1170910592399,45.22579969927005],[-73.11756131201976,45.22604219553965]]]},"properties":{"NO_LOT":"4 391 063","geoId":"ca/qc/lot/4-391-063","name":"4 391 063","code":"4 391 063","level":"locality","country":"CA","noLot":"4 391 063"}},{"type":"Feature","geometry":{"type":"Polygon","coordinates":[[[-73.1170910592399,45.22579969927005],[-73.11686228798143,45.22602124197941],[-73.11663351582465,45.22624278192731],[-73.11710377040116,45.22648527883758],[-73.11725020567394,45.226343472818066],[-73.11756131201976,45.22604219553965],[-73.1170910592399,45.22579969927005]]]},"properties":{"NO_LOT":"4 391 064","geoId":"ca/qc/lot/4-391-064","name":"4 391 064","code":"4 391 064","level":"locality","country":"CA","noLot":"4 391 064"}},{"type":"Feature","geometry":{"type":"Polygon","coordinates":[[[-73.11817747545629,45.22603668983716],[-73.1177791148486,45.22583127208668],[-73.11756131201976,45.22604219553965],[-73.11725020567394,45.226343472818066],[-73.1177276341963,45.22658966356296],[-73.11817747545629,45.22603668983716]]]},"properties":{"NO_LOT":"4 391 061","geoId":"ca/qc/lot/4-391-061","name":"4 391 061","code":"4 391 061","level":"locality","country":"CA","noLot":"4 391 061"}},{"type":"Feature","geometry":{"type":"Polygon","coordinates":[[[-73.11754858648544,45.22535662328238],[-73.11734165596648,45.22524991427381],[-73.11726938111198,45.225319906968295],[-73.1168360131577,45.22573958357141],[-73.11640263891518,45.226159260239676],[-73.11596925928275,45.22657893317683],[-73.11617596432457,45.22668586176367],[-73.11632698190363,45.22653962363009],[-73.11648024976245,45.22639120233976],[-73.11663351582465,45.22624278192731],[-73.11686228798143,45.22602124197941],[-73.1170910592399,45.22579969927005],[-73.11731982600676,45.22557815822802],[-73.11754858648544,45.22535662328238]]]},"properties":{"NO_LOT":"4 391 890","geoId":"ca/qc/lot/4-391-890","name":"4 391 890","code":"4 391 890","level":"locality","country":"CA","noLot":"4 391 890"}},{"type":"Feature","geometry":{"type":"Polygon","coordinates":[[[-73.1157892593577,45.22648611525239],[-73.10636921626796,45.231616878476835],[-73.10660577232667,45.23183428452506],[-73.11556089593438,45.226974332015686],[-73.11596925928275,45.22657893317683],[-73.1157892593577,45.22648611525239]]]},"properties":{"NO_LOT":"4 390 356","geoId":"ca/qc/lot/4-390-356","name":"4 390 356","code":"4 390 356","level":"locality","country":"CA","noLot":"4 390 356"}},{"type":"Feature","geometry":{"type":"Polygon","coordinates":[[[-73.10671470383465,45.23200342723953],[-73.10714562298149,45.23176953170338],[-73.11574619951287,45.227101985895395],[-73.11617596432457,45.22668586176367],[-73.11596925928275,45.22657893317683],[-73.11556089593438,45.226974332015686],[-73.10660577232667,45.23183428452506],[-73.10655530227908,45.23186167863783],[-73.10671470383465,45.23200342723953]]]},"properties":{"NO_LOT":"4 391 939","geoId":"ca/qc/lot/4-391-939","name":"4 391 939","code":"4 391 939","level":"locality","country":"CA","noLot":"4 391 939"}},{"type":"Feature","geometry":{"type":"Polygon","coordinates":[[[-73.11856285720476,45.22592608660104],[-73.11817604354174,45.226401624008666],[-73.11864889065615,45.226645651344306],[-73.11903570342085,45.226170112814614],[-73.11856285720476,45.22592608660104]]]},"properties":{"NO_LOT":"4 391 068","geoId":"ca/qc/lot/4-391-068","name":"4 391 068","code":"4 391 068","level":"locality","country":"CA","noLot":"4 391 068"}},{"type":"Feature","geometry":{"type":"Polygon","coordinates":[[[-73.11864889065615,45.226645651344306],[-73.11817604354174,45.226401624008666],[-73.11775052776132,45.22692472707534],[-73.11822337846901,45.22716875596146],[-73.11864889065615,45.226645651344306]]]},"properties":{"NO_LOT":"4 391 069","geoId":"ca/qc/lot/4-391-069","name":"4 391 069","code":"4 391 069","level":"locality","country":"CA","noLot":"4 391 069"}},{"type":"Feature","geometry":{"type":"Polygon","coordinates":[[[-73.1171019099902,45.22735881881708],[-73.11645366232499,45.228153381835284],[-73.11581467718865,45.22893656418479],[-73.10912245020586,45.232573516057265],[-73.10873785089,45.232782503983096],[-73.10855939606722,45.23287947425126],[-73.10871880480934,45.23302121968189],[-73.10964184352672,45.232519646439016],[-73.10994952010478,45.232352453741754],[-73.11601145315164,45.229057995872466],[-73.1169914199052,45.227855538179746],[-73.1173249868281,45.227447851268096],[-73.1171019099902,45.22735881881708]]]},"properties":{"NO_LOT":"4 391 942","geoId":"ca/qc/lot/4-391-942","name":"4 391 942","code":"4 391 942","level":"locality","country":"CA","noLot":"4 391 942"}},{"type":"Feature","geometry":{"type":"Polygon","coordinates":[[[-73.10641037707428,45.228244174393346],[-73.11944022287814,45.22115849872228],[-73.11851750485933,45.220322198070654],[-73.10545228878946,45.2274220867059],[-73.10585819344892,45.22773428739894],[-73.10641037707428,45.228244174393346]]]},"properties":{"NO_LOT":"4 392 123","geoId":"ca/qc/lot/4-392-123","name":"4 392 123","code":"4 392 123","level":"locality","country":"CA","noLot":"4 392 123"}},{"type":"Feature","geometry":{"type":"Polygon","coordinates":[[[-73.11754858648544,45.22535662328238],[-73.11731982600676,45.22557815822802],[-73.11779008148159,45.22582065227924],[-73.11801884645185,45.22559910878811],[-73.11754858648544,45.22535662328238]]]},"properties":{"NO_LOT":"4 391 060","geoId":"ca/qc/lot/4-391-060","name":"4 391 060","code":"4 391 060","level":"locality","country":"CA","noLot":"4 391 060"}},{"type":"Feature","geometry":{"type":"Polygon","coordinates":[[[-73.11617596432457,45.22668586176367],[-73.1165089868684,45.22706132593308],[-73.1166462674101,45.2269283877853],[-73.11617596432457,45.22668586176367]]]},"properties":{"NO_LOT":"4 391 071","geoId":"ca/qc/lot/4-391-071","name":"4 391 071","code":"4 391 071","level":"locality","country":"CA","noLot":"4 391 071"}},{"type":"Feature","geometry":{"type":"Polygon","coordinates":[[[-73.12276199516944,45.23010427672891],[-73.1226668006988,45.23022130775748],[-73.12302368878476,45.230368180452636],[-73.1231197348583,45.23025150084563],[-73.12276199516944,45.23010427672891]]]},"properties":{"NO_LOT":"6 249 033","geoId":"ca/qc/lot/6-249-033","name":"6 249 033","code":"6 249 033","level":"locality","country":"CA","noLot":"6 249 033"}},{"type":"Feature","geometry":{"type":"Polygon","coordinates":[[[-73.11601145315164,45.229057995872466],[-73.11720864062575,45.228407280123],[-73.11779783843407,45.22769188233714],[-73.11754156525319,45.22755962326112],[-73.1169914199052,45.227855538179746],[-73.11601145315164,45.229057995872466]]]},"properties":{"NO_LOT":"4 390 360","geoId":"ca/qc/lot/4-390-360","name":"4 390 360","code":"4 390 360","level":"locality","country":"CA","noLot":"4 390 360"}},{"type":"Feature","geometry":{"type":"Polygon","coordinates":[[[-73.11586820869476,45.22588367449606],[-73.11543482726572,45.226303345671674],[-73.1157892593577,45.22648611525239],[-73.11596925928275,45.22657893317683],[-73.11640263891518,45.226159260239676],[-73.11586820869476,45.22588367449606]]]},"properties":{"NO_LOT":"4 391 056","geoId":"ca/qc/lot/4-391-056","name":"4 391 056","code":"4 391 056","level":"locality","country":"CA","noLot":"4 391 056"}},{"type":"Feature","geometry":{"type":"Polygon","coordinates":[[[-73.11822337846901,45.22716875596146],[-73.11775052776132,45.22692472707534],[-73.1173249868281,45.227447851268096],[-73.11754156525319,45.22755962326112],[-73.11779783843407,45.22769188233714],[-73.11822337846901,45.22716875596146]]]},"properties":{"NO_LOT":"4 391 070","geoId":"ca/qc/lot/4-391-070","name":"4 391 070","code":"4 391 070","level":"locality","country":"CA","noLot":"4 391 070"}},{"type":"Feature","geometry":{"type":"Polygon","coordinates":[[[-73.11645366232499,45.228153381835284],[-73.10881820249722,45.232302979387114],[-73.10912245020586,45.232573516057265],[-73.11581467718865,45.22893656418479],[-73.11645366232499,45.228153381835284]]]},"properties":{"NO_LOT":"4 390 357","geoId":"ca/qc/lot/4-390-357","name":"4 390 357","code":"4 390 357","level":"locality","country":"CA","noLot":"4 390 357"}},{"type":"Feature","geometry":{"type":"Polygon","coordinates":[[[-73.11645366232499,45.228153381835284],[-73.1171019099902,45.22735881881708],[-73.11721393349939,45.22722111664634],[-73.1166462674101,45.2269283877853],[-73.1165089868684,45.22706132593308],[-73.11617596432457,45.22668586176367],[-73.11574619951287,45.227101985895395],[-73.10714562298149,45.23176953170338],[-73.10740793194279,45.2320107296588],[-73.1076703954143,45.23225206829855],[-73.10723964515073,45.232486125065414],[-73.10680889309052,45.232720178970496],[-73.10619352376469,45.23305454083329],[-73.10635292711692,45.23319628962298],[-73.1069682955444,45.23286192985936],[-73.10735290204678,45.232652947919185],[-73.10773750765087,45.232443965843174],[-73.10812211145829,45.23223498110085],[-73.1085067089775,45.23202599622263],[-73.10881820249722,45.232302979387114],[-73.11645366232499,45.228153381835284]]]},"properties":{"NO_LOT":"4 390 358","geoId":"ca/qc/lot/4-390-358","name":"4 390 358","code":"4 390 358","level":"locality","country":"CA","noLot":"4 390 358"}},{"type":"Feature","geometry":{"type":"Polygon","coordinates":[[[-73.11856285720476,45.22592608660104],[-73.11903570342085,45.226170112814614],[-73.1193258098503,45.22581345535771],[-73.11885296722744,45.22556943014386],[-73.11856285720476,45.22592608660104]]]},"properties":{"NO_LOT":"4 391 067","geoId":"ca/qc/lot/4-391-067","name":"4 391 067","code":"4 391 067","level":"locality","country":"CA","noLot":"4 391 067"}},{"type":"Feature","geometry":{"type":"Polygon","coordinates":[[[-73.11721393349939,45.22722111664634],[-73.11734238000862,45.22706322904218],[-73.11679723827676,45.22678212117208],[-73.11632698190363,45.22653962363009],[-73.11617596432457,45.22668586176367],[-73.1166462674101,45.2269283877853],[-73.11721393349939,45.22722111664634]]]},"properties":{"NO_LOT":"4 391 892","geoId":"ca/qc/lot/4-391-892","name":"4 391 892","code":"4 391 892","level":"locality","country":"CA","noLot":"4 391 892"}},{"type":"Feature","geometry":{"type":"Polygon","coordinates":[[[-73.11543482726572,45.226303345671674],[-73.11586820869476,45.22588367449606],[-73.11630158563223,45.225464000222146],[-73.11673495628148,45.22504432538074],[-73.11716831884588,45.22462464870648],[-73.116918997727,45.22449608258853],[-73.11749090116949,45.2239422298998],[-73.11788277144925,45.22414430171962],[-73.11816871688227,45.223867373703406],[-73.11845466231532,45.223590444970924],[-73.11790286227058,45.22330590448148],[-73.10458708630505,45.23059591221963],[-73.10387602574022,45.23098499468596],[-73.10429398489244,45.231360710715016],[-73.1050632041854,45.230942771086255],[-73.10542299562637,45.231266189319044],[-73.10465377543511,45.23168413036534],[-73.10502491978463,45.232015326329744],[-73.10613775455522,45.23141068250769],[-73.10636921626796,45.231616878476835],[-73.1157892593577,45.22648611525239],[-73.11543482726572,45.226303345671674]]]},"properties":{"NO_LOT":"4 389 907","geoId":"ca/qc/lot/4-389-907","name":"4 389 907","code":"4 389 907","level":"locality","country":"CA","noLot":"4 389 907"}},{"type":"Feature","geometry":{"type":"Polygon","coordinates":[[[-73.11087414614526,45.233202532260194],[-73.11520166055058,45.23084969710912],[-73.11622361905208,45.22960604409626],[-73.11040285221796,45.23276970293886],[-73.11087414614526,45.233202532260194]]]},"properties":{"NO_LOT":"4 390 362","geoId":"ca/qc/lot/4-390-362","name":"4 390 362","code":"4 390 362","level":"locality","country":"CA","noLot":"4 390 362"}},{"type":"Feature","geometry":{"type":"Polygon","coordinates":[[[-73.10994952010478,45.232352453741754],[-73.11040285221796,45.23276970293886],[-73.11622361905208,45.22960604409626],[-73.11720864062575,45.228407280123],[-73.11601145315164,45.229057995872466],[-73.10994952010478,45.232352453741754]]]},"properties":{"NO_LOT":"4 390 361","geoId":"ca/qc/lot/4-390-361","name":"4 390 361","code":"4 390 361","level":"locality","country":"CA","noLot":"4 390 361"}},{"type":"Feature","geometry":{"type":"Polygon","coordinates":[[[-73.1173249868281,45.227447851268096],[-73.1169914199052,45.227855538179746],[-73.11754156525319,45.22755962326112],[-73.1173249868281,45.227447851268096]]]},"properties":{"NO_LOT":"4 390 359","geoId":"ca/qc/lot/4-390-359","name":"4 390 359","code":"4 390 359","level":"locality","country":"CA","noLot":"4 390 359"}},{"type":"Feature","geometry":{"type":"Polygon","coordinates":[[[-73.11663351582465,45.22624278192731],[-73.11648024976245,45.22639120233976],[-73.11632698190363,45.22653962363009],[-73.11679723827676,45.22678212117208],[-73.11710377040116,45.22648527883758],[-73.11663351582465,45.22624278192731]]]},"properties":{"NO_LOT":"4 391 065","geoId":"ca/qc/lot/4-391-065","name":"4 391 065","code":"4 391 065","level":"locality","country":"CA","noLot":"4 391 065"}},{"type":"Feature","geometry":{"type":"Polygon","coordinates":[[[-73.1226668006988,45.23022130775748],[-73.1225507509405,45.2303639929703],[-73.12290669938868,45.23051048191435],[-73.12302368878476,45.230368180452636],[-73.1226668006988,45.23022130775748]]]},"properties":{"NO_LOT":"4 391 131","geoId":"ca/qc/lot/4-391-131","name":"4 391 131","code":"4 391 131","level":"locality","country":"CA","noLot":"4 391 131"}},{"type":"Feature","geometry":{"type":"Polygon","coordinates":[[[-73.12276199516944,45.23010427672891],[-73.1231197348583,45.23025150084563],[-73.12312568350211,45.23024427222001],[-73.12321577913522,45.230134820366395],[-73.12285718694515,45.22998724672472],[-73.12276199516944,45.23010427672891]]]},"properties":{"NO_LOT":"6 249 032","geoId":"ca/qc/lot/6-249-032","name":"6 249 032","code":"6 249 032","level":"locality","country":"CA","noLot":"6 249 032"}},{"type":"Feature","geometry":{"type":"Polygon","coordinates":[[[-73.11885296722744,45.22556943014386],[-73.11915525571045,45.22519779473127],[-73.11926195310832,45.22493495841994],[-73.1189762493221,45.22490454169305],[-73.11891248600492,45.22513300271365],[-73.11854498432386,45.22558484775479],[-73.11817747545629,45.22603668983716],[-73.1177276341963,45.22658966356296],[-73.11734238000862,45.22706322904218],[-73.11721393349939,45.22722111664634],[-73.1171019099902,45.22735881881708],[-73.1173249868281,45.227447851268096],[-73.11775052776132,45.22692472707534],[-73.11817604354174,45.226401624008666],[-73.11856285720476,45.22592608660104],[-73.11885296722744,45.22556943014386]]]},"properties":{"NO_LOT":"4 391 888","geoId":"ca/qc/lot/4-391-888","name":"4 391 888","code":"4 391 888","level":"locality","country":"CA","noLot":"4 391 888"}},{"type":"Feature","geometry":{"type":"Polygon","coordinates":[[[-73.10346524053384,45.230640990560985],[-73.10387097541168,45.23041897998523],[-73.10394808050746,45.23048658820469],[-73.10426861557052,45.23031101328913],[-73.10458708630505,45.23059591221963],[-73.11790286227058,45.22330590448148],[-73.1184325332166,45.22302189405904],[-73.11896220775589,45.222737887279614],[-73.11967980356441,45.22235317687202],[-73.12034036892881,45.222000190030236],[-73.11990694617727,45.22159571658934],[-73.11944022287814,45.22115849872228],[-73.10641037707428,45.228244174393346],[-73.10291067367802,45.23014676919438],[-73.10346524053384,45.230640990560985]]]},"properties":{"NO_LOT":"4 389 906","geoId":"ca/qc/lot/4-389-906","name":"4 389 906","code":"4 389 906","level":"locality","country":"CA","noLot":"4 389 906"}},{"type":"Feature","geometry":{"type":"Polygon","coordinates":[[[-73.1168360131577,45.22573958357141],[-73.11630158563223,45.225464000222146],[-73.11586820869476,45.22588367449606],[-73.11640263891518,45.226159260239676],[-73.1168360131577,45.22573958357141]]]},"properties":{"NO_LOT":"4 391 055","geoId":"ca/qc/lot/4-391-055","name":"4 391 055","code":"4 391 055","level":"locality","country":"CA","noLot":"4 391 055"}},{"type":"Feature","geometry":{"type":"Polygon","coordinates":[[[-73.12322496440899,45.24147731039496],[-73.12285445157512,45.241925360069665],[-73.12351392458814,45.2421968819294],[-73.12351789604,45.242192167801846],[-73.12388720423307,45.241753849006834],[-73.12322496440899,45.24147731039496]]]},"properties":{"NO_LOT":"4 390 615","geoId":"ca/qc/lot/4-390-615","name":"4 390 615","code":"4 390 615","level":"locality","country":"CA","noLot":"4 390 615"}},{"type":"Feature","geometry":{"type":"Polygon","coordinates":[[[-73.12309655742567,45.232556099360444],[-73.12299914860782,45.23267470246231],[-73.12331816911131,45.2328054288211],[-73.12341557703083,45.23268682472683],[-73.12309655742567,45.232556099360444]]]},"properties":{"NO_LOT":"4 391 202","geoId":"ca/qc/lot/4-391-202","name":"4 391 202","code":"4 391 202","level":"locality","country":"CA","noLot":"4 391 202"}},{"type":"Feature","geometry":{"type":"Polygon","coordinates":[[[-73.12409789779477,45.23697072813449],[-73.12372108148254,45.23701545603536],[-73.12374640319378,45.237121948124496],[-73.12412322040431,45.237077220940016],[-73.12410547777914,45.23700260597137],[-73.12409789779477,45.23697072813449]]]},"properties":{"NO_LOT":"5 171 763","geoId":"ca/qc/lot/5-171-763","name":"5 171 763","code":"5 171 763","level":"locality","country":"CA","noLot":"5 171 763"}},{"type":"Feature","geometry":{"type":"Polygon","coordinates":[[[-73.12366987391808,45.236802538311196],[-73.12367147202097,45.23680851487114],[-73.12367303868282,45.23681449585851],[-73.12367457480195,45.236820481273305],[-73.12367607948006,45.236826469850286],[-73.12367755271714,45.23683246285463],[-73.12367899451316,45.23683846028639],[-73.12369575797467,45.2369089599512],[-73.12407257518524,45.23686423259903],[-73.1240558108254,45.23679373287879],[-73.12405437531757,45.236787751889224],[-73.1240529128603,45.23678177406192],[-73.12405142255523,45.236775800029456],[-73.12404990530072,45.23676982915917],[-73.12404836199507,45.23676386081863],[-73.12404679084162,45.23675789690545],[-73.12404519273873,45.23675193615452],[-73.12366987391808,45.236802538311196]]]},"properties":{"NO_LOT":"5 171 765","geoId":"ca/qc/lot/5-171-765","name":"5 171 765","code":"5 171 765","level":"locality","country":"CA","noLot":"5 171 765"}},{"type":"Feature","geometry":{"type":"Polygon","coordinates":[[[-73.12366987391808,45.236802538311196],[-73.12404519273873,45.23675193615452],[-73.12404342305763,45.23674544214243],[-73.12404162103716,45.23673895065994],[-73.12403978667736,45.23673246486984],[-73.12403792177483,45.23672598413964],[-73.12403602453296,45.236719506571525],[-73.12403409585002,45.2367130346959],[-73.12403213572608,45.23670656661496],[-73.12403014326279,45.23670010359389],[-73.12402812025675,45.23669364689784],[-73.1240260658097,45.236687193996524],[-73.12402397992162,45.236680746155066],[-73.12402186169417,45.236674304006065],[-73.12401971112739,45.236667865651754],[-73.12401753091619,45.23666143362249],[-73.12401531836565,45.23665500665314],[-73.12401307437406,45.23664858600879],[-73.12401079983977,45.236642169791715],[-73.1240084920678,45.23663575989969],[-73.12400615554975,45.23662935570014],[-73.12363633082538,45.23669718489159],[-73.12363857391863,45.23670333795113],[-73.12364078287592,45.23670949607059],[-73.12364295769721,45.2367156611477],[-73.12364509928086,45.23672183128477],[-73.12364720852516,45.236728007114344],[-73.12364928273514,45.23673418926901],[-73.12365132370746,45.23674037585101],[-73.12365333054382,45.23674656939063],[-73.12365530504081,45.23675276735763],[-73.1236572445035,45.236758971017125],[-73.12365915072853,45.23676518036912],[-73.1236610228176,45.23677139414844],[-73.12366286077065,45.23677761298766],[-73.12366466458774,45.23678383688684],[-73.12366643516718,45.23679006584591],[-73.12366817161062,45.23679629923232],[-73.12366987391808,45.236802538311196]]]},"properties":{"NO_LOT":"5 171 766","geoId":"ca/qc/lot/5-171-766","name":"5 171 766","code":"5 171 766","level":"locality","country":"CA","noLot":"5 171 766"}},{"type":"Feature","geometry":{"type":"Polygon","coordinates":[[[-73.1234660102475,45.2363975863219],[-73.12346961878,45.23640204916393],[-73.12347320036304,45.236406523392034],[-73.12347675319998,45.23641100900621],[-73.12348027729085,45.236415506006445],[-73.12348377353393,45.236420013127564],[-73.12348724013262,45.23642453226732],[-73.12349067888353,45.236429062160546],[-73.12349408978666,45.23643360217464],[-73.1234974719437,45.23643815294225],[-73.12350082535465,45.23644271509585],[-73.1235041491212,45.236447287370375],[-73.12350744503998,45.23645186913321],[-73.12351071131435,45.23645646228204],[-73.12351394884264,45.23646106491918],[-73.12351715762483,45.23646567830978],[-73.12352033766095,45.23647030245381],[-73.12352348715432,45.236474935453565],[-73.12352660790162,45.23647957794163],[-73.12352969990283,45.23648423118308],[-73.12353276225964,45.23648889328029],[-73.12353579676866,45.236493564865754],[-73.12389451831613,45.236390906923766],[-73.1238909897337,45.23638477976615],[-73.12388743240516,45.236378662729095],[-73.12388384363561,45.236372553914926],[-73.12388022611997,45.2363664539562],[-73.12387657806158,45.236360361587764],[-73.12387290035882,45.23635427997251],[-73.12386919301164,45.23634820658018],[-73.12386545602006,45.23634214267582],[-73.12386168938407,45.236336087626974],[-73.12385789220536,45.23633004206619],[-73.12385406628057,45.23632400599343],[-73.12385020981304,45.2363179787761],[-73.12384632459946,45.2363119610469],[-73.12384241063977,45.236305952805715],[-73.12383846703565,45.236299954685165],[-73.12383449288885,45.23629396605269],[-73.12383048999594,45.236287986908266],[-73.12382645745862,45.23628201788451],[-73.12382239707354,45.236276058981396],[-73.1234660102475,45.2363975863219]]]},"properties":{"NO_LOT":"5 171 769","geoId":"ca/qc/lot/5-171-769","name":"5 171 769","code":"5 171 769","level":"locality","country":"CA","noLot":"5 171 769"}},{"type":"Feature","geometry":{"type":"Polygon","coordinates":[[[-73.1237285842118,45.238721070334876],[-73.123548305809,45.23893948595605],[-73.12407867205106,45.23915812149683],[-73.12416123890375,45.239058086489095],[-73.12425895674207,45.2389396940651],[-73.1240075811761,45.23883602719485],[-73.1237285842118,45.238721070334876]]]},"properties":{"NO_LOT":"4 391 350","geoId":"ca/qc/lot/4-391-350","name":"4 391 350","code":"4 391 350","level":"locality","country":"CA","noLot":"4 391 350"}},{"type":"Feature","geometry":{"type":"Polygon","coordinates":[[[-73.12300709779979,45.23959518005028],[-73.12283419366715,45.23980465640958],[-73.12337219019922,45.24001340331237],[-73.12337864908612,45.240005584505006],[-73.12354681640227,45.23980203073308],[-73.12300709779979,45.23959518005028]]]},"properties":{"NO_LOT":"4 391 359","geoId":"ca/qc/lot/4-391-359","name":"4 391 359","code":"4 391 359","level":"locality","country":"CA","noLot":"4 391 359"}},{"type":"Feature","geometry":{"type":"Polygon","coordinates":[[[-73.12320000112557,45.24022182432474],[-73.12337219019922,45.24001340331237],[-73.12283419366715,45.23980465640958],[-73.12266212137447,45.24001312183283],[-73.12320000112557,45.24022182432474]]]},"properties":{"NO_LOT":"4 391 360","geoId":"ca/qc/lot/4-391-360","name":"4 391 360","code":"4 391 360","level":"locality","country":"CA","noLot":"4 391 360"}},{"type":"Feature","geometry":{"type":"Polygon","coordinates":[[[-73.12495269778822,45.23906681882749],[-73.12435678327648,45.23882116792602],[-73.12425895674207,45.2389396940651],[-73.12416123890375,45.239058086489095],[-73.12475688841246,45.23930362693577],[-73.12495269778822,45.23906681882749]]]},"properties":{"NO_LOT":"4 391 346","geoId":"ca/qc/lot/4-391-346","name":"4 391 346","code":"4 391 346","level":"locality","country":"CA","noLot":"4 391 346"}},{"type":"Feature","geometry":{"type":"Polygon","coordinates":[[[-73.12396299868686,45.232905477999594],[-73.12364071460397,45.23277333164136],[-73.12344200277154,45.23301528447629],[-73.12376428685445,45.233147430271885],[-73.12396299868686,45.232905477999594]]]},"properties":{"NO_LOT":"4 391 215","geoId":"ca/qc/lot/4-391-215","name":"4 391 215","code":"4 391 215","level":"locality","country":"CA","noLot":"4 391 215"}},{"type":"Feature","geometry":{"type":"Polygon","coordinates":[[[-73.12373812252348,45.23265472874536],[-73.12364071460397,45.23277333164136],[-73.12396299868686,45.232905477999594],[-73.12406040570808,45.23278687348149],[-73.12373812252348,45.23265472874536]]]},"properties":{"NO_LOT":"4 391 214","geoId":"ca/qc/lot/4-391-214","name":"4 391 214","code":"4 391 214","level":"locality","country":"CA","noLot":"4 391 214"}},{"type":"Feature","geometry":{"type":"Polygon","coordinates":[[[-73.12295951314086,45.231326228317755],[-73.12286210611967,45.23144483272097],[-73.12318038191977,45.23157638559589],[-73.12327778894097,45.23145778146727],[-73.12295951314086,45.231326228317755]]]},"properties":{"NO_LOT":"4 391 177","geoId":"ca/qc/lot/4-391-177","name":"4 391 177","code":"4 391 177","level":"locality","country":"CA","noLot":"4 391 177"}},{"type":"Feature","geometry":{"type":"Polygon","coordinates":[[[-73.12381739435573,45.231678398727304],[-73.12391482563143,45.231559763812555],[-73.12401220480487,45.23144119064825],[-73.12368992790849,45.231309044681105],[-73.12349511745934,45.231546253311684],[-73.12381739435573,45.231678398727304]]]},"properties":{"NO_LOT":"4 391 196","geoId":"ca/qc/lot/4-391-196","name":"4 391 196","code":"4 391 196","level":"locality","country":"CA","noLot":"4 391 196"}},{"type":"Feature","geometry":{"type":"Polygon","coordinates":[[[-73.12396569363273,45.23929500153408],[-73.12389580200866,45.239379591897546],[-73.1237700145127,45.239531863090086],[-73.12436526696604,45.23977724272158],[-73.12456107993503,45.23954043405705],[-73.12396569363273,45.23929500153408]]]},"properties":{"NO_LOT":"4 391 351","geoId":"ca/qc/lot/4-391-351","name":"4 391 351","code":"4 391 351","level":"locality","country":"CA","noLot":"4 391 351"}},{"type":"Feature","geometry":{"type":"Polygon","coordinates":[[[-73.12640076226327,45.23763493523373],[-73.12620532029848,45.23787189290123],[-73.12670840290873,45.23807901743051],[-73.1269038430769,45.23784205999417],[-73.12640076226327,45.23763493523373]]]},"properties":{"NO_LOT":"4 392 125","geoId":"ca/qc/lot/4-392-125","name":"4 392 125","code":"4 392 125","level":"locality","country":"CA","noLot":"4 392 125"}},{"type":"Feature","geometry":{"type":"Polygon","coordinates":[[[-73.12297878020708,45.23618471562394],[-73.12287264874783,45.23631374934931],[-73.12275745957558,45.23645379659838],[-73.12264226950501,45.23659384286976],[-73.12252707943445,45.23673389006107],[-73.12241188846555,45.236873936907266],[-73.12230430802376,45.237004728882624],[-73.12240839671405,45.23704741924433],[-73.12311105623435,45.23694902141363],[-73.12311035465011,45.23694737356229],[-73.12310968001532,45.23694572065031],[-73.12310903143168,45.23694406267768],[-73.12310840979751,45.2369423983793],[-73.12310781421448,45.23694073028542],[-73.12310714047803,45.23693876931036],[-73.12310650087755,45.23693680264214],[-73.12310589541305,45.23693483028064],[-73.12310532498282,45.2369328528585],[-73.12310478958692,45.236930870375716],[-73.12310428832699,45.23692888346488],[-73.12310382389799,45.23692689149335],[-73.12310339360498,45.23692489635892],[-73.12310299834625,45.236922897428975],[-73.12310263902015,45.236920895336084],[-73.12310231382999,45.236918890712836],[-73.12310202457247,45.23691688229407],[-73.12310177124756,45.2369148726101],[-73.12310155385526,45.23691286039579],[-73.12310137059896,45.23691084628364],[-73.12310122327524,45.23690883027373],[-73.12310111278246,45.23690681426373],[-73.12310103642568,45.23690479635597],[-73.12310099600148,45.23690277844813],[-73.12310099061158,45.23690076054022],[-73.12310102205262,45.23689874263224],[-73.12310108852796,45.23689672472415],[-73.12310119093588,45.236894707448606],[-73.12310132747982,45.23689269270324],[-73.12310150085467,45.236890677325256],[-73.1231017092638,45.2368886644775],[-73.12310195360557,45.23688665352742],[-73.12310223298162,45.23688464574009],[-73.12310254739197,45.2368826398504],[-73.12310289773494,45.23688063649097],[-73.1231032840105,45.2368786362943],[-73.12310370442206,45.236876640525594],[-73.12310416076623,45.23687464855223],[-73.12310465124636,45.23687266037426],[-73.12310517765913,45.23687067662426],[-73.12310573820787,45.23686869730218],[-73.12310633468923,45.236866723673195],[-73.12310696440824,45.23686475573731],[-73.12310763095816,45.23686279222934],[-73.12310832984745,45.23686083631218],[-73.12310906466936,45.236858885455575],[-73.12310983272893,45.23685694282236],[-73.12311063582278,45.23685500524966],[-73.12311147305263,45.23685307526775],[-73.12311234352015,45.23685115350924],[-73.12311324902196,45.23684923934159],[-73.1231141868631,45.23684733339727],[-73.12311515884025,45.23684543567639],[-73.12311616405506,45.23684354681144],[-73.12311720250752,45.23684166680248],[-73.12311827419767,45.23683979564948],[-73.12311937822713,45.23683793461764],[-73.12312051639259,45.23683608244173],[-73.1231216859991,45.23683424165209],[-73.12312288884327,45.23683241035101],[-73.12312412223015,45.23683059043622],[-73.1231253888547,45.23682878127506],[-73.1231266878186,45.2368269847654],[-73.1231280164269,45.23682519837679],[-73.12312937827288,45.23682342337452],[-73.12313077066158,45.23682166165622],[-73.1231321944913,45.23681991132416],[-73.12313364886374,45.23681817427614],[-73.12313513288058,45.2368164505121],[-73.12313664744016,45.23681473939953],[-73.12313819254244,45.23681304220347],[-73.12313976728915,45.23681135829146],[-73.12314137168023,45.23680968829603],[-73.12314300571573,45.23680803348229],[-73.12314466849732,45.23680639132002],[-73.123146360025,45.236804765604624],[-73.12314807940047,45.23680315443839],[-73.12314982842031,45.23680155845388],[-73.12315160438965,45.2367999782837],[-73.12315341000337,45.236798413295226],[-73.1231552407699,45.23679686475364],[-73.12315709938424,45.236795332658936],[-73.12315898584633,45.23679381637857],[-73.12316089746126,45.23679231717764],[-73.12316283602564,45.23679083442364],[-73.12316480064115,45.23678936938164],[-73.12316679040951,45.23678792141913],[-73.1231688053307,45.23678649116867],[-73.12317084630303,45.236785079262816],[-73.12317291242817,45.23678368570156],[-73.12317500190953,45.23678230921983],[-73.1231771156454,45.23678095234782],[-73.12317925363577,45.236779613187885],[-73.12318141498234,45.236778293637734],[-73.12318359878681,45.23677699369734],[-73.12318580594746,45.23677571146899],[-73.12318803556599,45.23677445074817],[-73.12319028674409,45.236773208371964],[-73.12319255948177,45.23677198623812],[-73.12319485467732,45.236770784346646],[-73.1231971696358,45.23676960269749],[-73.12319950705216,45.23676844129077],[-73.12320186243484,45.236767300758906],[-73.12320423937707,45.236766180469466],[-73.12320663608227,45.23676508232006],[-73.12320905075374,45.23676400441303],[-73.12321148518816,45.23676294864609],[-73.1232139375889,45.236761913754115],[-73.12321640795594,45.23676090036964],[-73.12321889539095,45.236759909125254],[-73.12322140169059,45.23675894065355],[-73.1232239241599,45.23675799368935],[-73.1232264627989,45.23675706823267],[-73.12322901760756,45.236756165548705],[-73.12323158858591,45.23675528626991],[-73.1232341748356,45.23675442849873],[-73.12323677545835,45.23675359413272],[-73.12323939225078,45.23675278317199],[-73.1232420207213,45.236751995616515],[-73.12324466356486,45.23675123020114],[-73.12324732078147,45.23675048819105],[-73.12324998967618,45.23674977021877],[-73.12325267204562,45.23674907565171],[-73.12325536609316,45.23674840448994],[-73.12325807181881,45.23674775610085],[-73.12326078922253,45.23674713364733],[-73.12326351560942,45.23674653459904],[-73.1232662536744,45.23674595832345],[-73.12326900162086,45.236745407350845],[-73.12327175855046,45.236744880416055],[-73.12327452625986,45.23674437751909],[-73.12327730115577,45.236743899292584],[-73.12328008413651,45.23674344510388],[-73.12328287520212,45.23674301621818],[-73.12328567435253,45.236742611370346],[-73.12328847889285,45.23674223119287],[-73.12329129061969,45.23674187631843],[-73.12329410863474,45.23674154548183],[-73.12329693203968,45.23674123931563],[-73.1232997608345,45.236740959084955],[-73.12330259412091,45.236740703524745],[-73.1233054318989,45.23674047263495],[-73.12330827416845,45.23674026641556],[-73.12331111913295,45.23674008549916],[-73.12331396679241,45.23673992925317],[-73.12331681714682,45.23673979831018],[-73.12331966929783,45.23673969330277],[-73.1233225241438,45.236739612333196],[-73.12332537898978,45.236739557299195],[-73.12332823473406,45.236739526303026],[-73.12333109227498,45.236739521242434],[-73.12333394801928,45.236739541484795],[-73.12333680376356,45.23673958639761],[-73.1233396577112,45.23673965724602],[-73.12334251165888,45.23673975213224],[-73.12334536291159,45.236739873586586],[-73.12334821236767,45.23674001844622],[-73.12334985448801,45.23674009625292],[-73.12335149840499,45.23674014812408],[-73.12335314322027,45.23674017532479],[-73.12335478893387,45.2367401772225],[-73.12335643374915,45.2367401544498],[-73.12335807946275,45.23674010763927],[-73.12335972068476,45.23674003426057],[-73.12336136100849,45.236739936211514],[-73.12336299684061,45.236739813491994],[-73.12336462997781,45.23673966610207],[-73.12336625682678,45.23673949340914],[-73.12336787918419,45.236739296045805],[-73.12336949525339,45.23673907401201],[-73.12337110323774,45.23673882857296],[-73.12337270313725,45.236738557198386],[-73.12337429495194,45.23673826241852],[-73.12337587778347,45.23673794360077],[-73.12337744983522,45.23673760011267],[-73.12337901110719,45.236737233219216],[-73.12338056070105,45.236736842287996],[-73.12338209951513,45.23673642858401],[-73.12338362395616,45.236735991474774],[-73.12338513492247,45.23673553032772],[-73.12338663241405,45.23673504704055],[-73.12338811283765,45.236734541613195],[-73.12338957888818,45.23673401214801],[-73.12339102787075,45.23673346244046],[-73.12339246158193,45.23673288932762],[-73.1233938755302,45.23673229533978],[-73.12339527151215,45.2367316792118],[-73.12339664773116,45.23673104220888],[-73.12339800508555,45.23673038559612],[-73.12339934177871,45.23672970747577],[-73.12340065781058,45.23672900911305],[-73.12340195318123,45.236728290507905],[-73.12340322519566,45.236727553558104],[-73.12340447385391,45.236726796365886],[-73.12340570005426,45.23672602019641],[-73.12340690200011,45.2367252263148],[-73.12340808058978,45.23672441408854],[-73.12340923222997,45.23672358415014],[-73.12341035961565,45.2367227371322],[-73.12341146005187,45.23672187303472],[-73.12341253443697,45.23672099249032],[-73.12341358187257,45.23672009549891],[-73.12341460146042,45.23671918206055],[-73.1234155932005,45.2367182553381],[-73.12341655619447,45.23671731216866],[-73.12341749044238,45.23671635508257],[-73.12341839504586,45.23671538344724],[-73.12341927000496,45.23671439916041],[-73.12342011531965,45.236713401589455],[-73.12342092919327,45.23671239010183],[-73.12342171252422,45.236711368493005],[-73.12342246441409,45.2367103329675],[-73.12342318396465,45.236709288585914],[-73.12342387207416,45.23670823218542],[-73.123424526946,45.236707165031085],[-73.1234251503768,45.23670608902067],[-73.12342574056996,45.23670500415422],[-73.12342629752543,45.236703909166515],[-73.12342682124324,45.23670280722049],[-73.12342730992675,45.236701697050954],[-73.12342776627092,45.23670058055564],[-73.1234281884791,45.23669945646942],[-73.123428575653,45.2366983260574],[-73.12342892779257,45.23669719058472],[-73.12342924579619,45.23669604941889],[-73.12342952966382,45.23669490445761],[-73.12342977759884,45.2366937550682],[-73.12342999049955,45.236692602515944],[-73.12343016836597,45.23669144616824],[-73.12343031119812,45.23669028729016],[-73.12343041809763,45.23668912714694],[-73.12343048996286,45.2366879663711],[-73.12343052589547,45.2366868030649],[-73.1234305285904,45.2366856403913],[-73.12343049355611,45.23668447835022],[-73.12343042348752,45.23668331630917],[-73.12343031838465,45.236682156165756],[-73.12343017824745,45.23668099855267],[-73.12343000217767,45.23667984157213],[-73.12342979107356,45.236678688387],[-73.12342954493518,45.23667753899732],[-73.12342926466081,45.23667639340303],[-73.12342894845384,45.23667525223678],[-73.12342859721257,45.236674116131105],[-73.12342821183529,45.236672986351174],[-73.12342779322037,45.23667186099923],[-73.12342733957115,45.23667074450333],[-73.1234252087673,45.236665931235486],[-73.1234230465224,45.23666112555814],[-73.12342084924322,45.23665632747129],[-73.12341861782807,45.23665153697497],[-73.12341635407354,45.23664675533426],[-73.12341405618305,45.23664198128411],[-73.1234117259532,45.23663721419186],[-73.12340936158738,45.236632455955295],[-73.12340696398388,45.23662770720698],[-73.12340453314272,45.236622965416586],[-73.1234020690639,45.23661823311441],[-73.12339957174741,45.23661350903537],[-73.12339704209157,45.236608793179435],[-73.12339447919805,45.23660408744431],[-73.1233918830669,45.23659939056487],[-73.12338925369806,45.236594701275955],[-73.12338659288818,45.236590022107904],[-73.12338389884064,45.23658535306067],[-73.12338117245375,45.23658069350168],[-73.12337841193089,45.236576042165844],[-73.12337561996698,45.236571401583426],[-73.12337279566374,45.23656677048925],[-73.12336993902113,45.236562149515954],[-73.12336705003916,45.23655753803091],[-73.12336412781956,45.23655293729929],[-73.12336117505723,45.236548346055976],[-73.12335818905723,45.236543766198686],[-73.12335517071786,45.23653919646228],[-73.1233521218358,45.23653463747927],[-73.12334903971605,45.23653008924973],[-73.12334592705359,45.236525551141064],[-73.12334278205178,45.23652102441838],[-73.12333960471062,45.23651650908177],[-73.12333639682673,45.236512004498614],[-73.1233331566035,45.236507511301504],[-73.12332988583756,45.23650302949043],[-73.12332658273226,45.236498558432764],[-73.12332324998255,45.23649410002637],[-73.1233198848935,45.2364896523734],[-73.12331648926173,45.23648521737165],[-73.1233130621889,45.236480794388555],[-73.12330960367507,45.236476382158884],[-73.12330611461852,45.236471983213036],[-73.12330259591754,45.23646759628585],[-73.12329904487721,45.236463222009846],[-73.1232954650908,45.23645885911992],[-73.12329185296505,45.23645451014638],[-73.12328821209321,45.23645017319149],[-73.12328453978033,45.236445849520415],[-73.12328083782305,45.23644153723537],[-73.12327710442472,45.236437239499345],[-73.12327334317862,45.23643295441455],[-73.1232695504915,45.23642868261356],[-73.12326572905829,45.23642442346384],[-73.12326187708234,45.236420178230524],[-73.12325799456369,45.236415946281035],[-73.12325408329895,45.23641172824795],[-73.1232501423898,45.23640752413128],[-73.12324617273455,45.23640333329844],[-73.1232421734349,45.236399156382014],[-73.12323814449084,45.23639499401461],[-73.12323408769903,45.23639084556363],[-73.1232300003645,45.23638671102908],[-73.12322588518217,45.236382591043544],[-73.12322174125376,45.23637848560699],[-73.12321756857928,45.23637439408693],[-73.12321336626037,45.23637031838103],[-73.12320913699202,45.236366256591566],[-73.12320487897756,45.2363622093511],[-73.1232005913187,45.236358178557445],[-73.1231962767104,45.23635416104765],[-73.12319193425431,45.23635015935204],[-73.12318756395047,45.23634617220548],[-73.12318316490052,45.23634220150569],[-73.1231787389011,45.236338245354965],[-73.1231742832573,45.23633430565102],[-73.12316980246067,45.236330381128724],[-73.12316529381624,45.236326472420636],[-73.12316075732407,45.23632257826156],[-73.1231561929841,45.23631870118193],[-73.12315160349132,45.23631484054904],[-73.12314698525245,45.236310995097874],[-73.12314234096243,45.23630716609346],[-73.12313766972295,45.23630335353586],[-73.12313297243233,45.23629955742511],[-73.12312824729393,45.236295777128554],[-73.12312349700271,45.23629201454404],[-73.12311872066036,45.23628826714116],[-73.12311391736853,45.236284537450246],[-73.12310908712725,45.23628082420621],[-73.12310423263145,45.236277128674146],[-73.1230993511862,45.23627344832377],[-73.12309444548643,45.236269786317955],[-73.1230895119389,45.23626614139159],[-73.12297878020708,45.23618471562394]],[[-73.12298500553199,45.23650683128077],[-73.12316846217426,45.23642660269613],[-73.12330429553005,45.23658165628328],[-73.1233154831486,45.23660322144731],[-73.12313759516277,45.2366810137345],[-73.12298500553199,45.23650683128077]],[[-73.12268027632636,45.236987880960946],[-73.12263907240091,45.23684099880467],[-73.1229234754266,45.23680117195109],[-73.12296468025036,45.23694805357774],[-73.12268027632636,45.236987880960946]]]},"properties":{"NO_LOT":"5 682 051","geoId":"ca/qc/lot/5-682-051","name":"5 682 051","code":"5 682 051","level":"locality","country":"CA","noLot":"5 682 051"}},{"type":"Feature","geometry":{"type":"Polygon","coordinates":[[[-73.12768559207142,45.236894225427896],[-73.1271825166477,45.23668710480338],[-73.12659620332975,45.23739797910834],[-73.12709928324504,45.23760510220227],[-73.12768559207142,45.236894225427896]]]},"properties":{"NO_LOT":"4 390 592","geoId":"ca/qc/lot/4-390-592","name":"4 390 592","code":"4 390 592","level":"locality","country":"CA","noLot":"4 390 592"}},{"type":"Feature","geometry":{"type":"Polygon","coordinates":[[[-73.12659620332975,45.23739797910834],[-73.12640076226327,45.23763493523373],[-73.1269038430769,45.23784205999417],[-73.12709928324504,45.23760510220227],[-73.12659620332975,45.23739797910834]]]},"properties":{"NO_LOT":"4 390 593","geoId":"ca/qc/lot/4-390-593","name":"4 390 593","code":"4 390 593","level":"locality","country":"CA","noLot":"4 390 593"}},{"type":"Feature","geometry":{"type":"Polygon","coordinates":[[[-73.1245528899946,45.24085001454688],[-73.12437666928194,45.24106312583856],[-73.1237732125151,45.24081431586047],[-73.12359702504011,45.24102738047905],[-73.12406630045297,45.24122105298513],[-73.12541302148925,45.24177683537516],[-73.12576754700602,45.241351475048454],[-73.1245528899946,45.24085001454688]]]},"properties":{"NO_LOT":"4 390 609","geoId":"ca/qc/lot/4-390-609","name":"4 390 609","code":"4 390 609","level":"locality","country":"CA","noLot":"4 390 609"}},{"type":"Feature","geometry":{"type":"Polygon","coordinates":[[[-73.12383609907657,45.231131061958365],[-73.12368992790849,45.231309044681105],[-73.12401220480487,45.23144119064825],[-73.12415840112578,45.23126317544228],[-73.12383609907657,45.231131061958365]]]},"properties":{"NO_LOT":"4 391 166","geoId":"ca/qc/lot/4-391-166","name":"4 391 166","code":"4 391 166","level":"locality","country":"CA","noLot":"4 391 166"}},{"type":"Feature","geometry":{"type":"Polygon","coordinates":[[[-73.12376481775878,45.230864758376754],[-73.12394991113149,45.2306393779547],[-73.12363163982295,45.230507827339416],[-73.12356344242154,45.23059086562451],[-73.1234465446536,45.230733206385175],[-73.12376481775878,45.230864758376754]]]},"properties":{"NO_LOT":"4 391 142","geoId":"ca/qc/lot/4-391-142","name":"4 391 142","code":"4 391 142","level":"locality","country":"CA","noLot":"4 391 142"}},{"type":"Feature","geometry":{"type":"Polygon","coordinates":[[[-73.1234465446536,45.230733206385175],[-73.12312812242811,45.23060159272272],[-73.12303057347309,45.230720137904456],[-73.12334913942904,45.23085181076056],[-73.1234465446536,45.230733206385175]]]},"properties":{"NO_LOT":"6 268 040","geoId":"ca/qc/lot/6-268-040","name":"6 268 040","code":"6 268 040","level":"locality","country":"CA","noLot":"6 268 040"}},{"type":"Feature","geometry":{"type":"Polygon","coordinates":[[[-73.12462353261023,45.231215976997504],[-73.12471941159713,45.23109922827551],[-73.12440044948416,45.230968442319956],[-73.12430457049726,45.231085191310555],[-73.12462353261023,45.231215976997504]]]},"properties":{"NO_LOT":"6 672 372","geoId":"ca/qc/lot/6-672-372","name":"6 672 372","code":"6 672 372","level":"locality","country":"CA","noLot":"6 672 372"}},{"type":"Feature","geometry":{"type":"Polygon","coordinates":[[[-73.12428991448338,45.24310176958718],[-73.12453378732009,45.2428344518985],[-73.12387939607665,45.242563995702604],[-73.12365324340723,45.24281188467793],[-73.12428991448338,45.24310176958718]]]},"properties":{"NO_LOT":"6 357 005","geoId":"ca/qc/lot/6-357-005","name":"6 357 005","code":"6 357 005","level":"locality","country":"CA","noLot":"6 357 005"}},{"type":"Feature","geometry":{"type":"Polygon","coordinates":[[[-73.12327109200052,45.2422638050408],[-73.1232387760065,45.24229922514325],[-73.1236580143597,45.24247249863287],[-73.12387939607665,45.242563995702604],[-73.12453378732009,45.2428344518985],[-73.124671008573,45.24266874811379],[-73.12466822649056,45.24266759821276],[-73.12436667552441,45.24254296790448],[-73.12405402227967,45.242413749083454],[-73.12351789604,45.242192167801846],[-73.12351392458814,45.2421968819294],[-73.12285445157512,45.241925360069665],[-73.12282854416232,45.24195668989749],[-73.12237769050101,45.241768408327275],[-73.12214725107106,45.24167217240231],[-73.12204041353601,45.24162988337054],[-73.12172037344467,45.241503199517716],[-73.12143498227218,45.24139022974875],[-73.12136813593693,45.241475462165425],[-73.12163580155226,45.24158723187288],[-73.12197284315866,45.24172309592481],[-73.12207289841332,45.241763427873735],[-73.12229122226503,45.24185460350136],[-73.1226254126187,45.24199416523699],[-73.12299029840564,45.24214654517265],[-73.12311101491184,45.24219695593353],[-73.12327109200052,45.2422638050408]]]},"properties":{"NO_LOT":"4 391 918","geoId":"ca/qc/lot/4-391-918","name":"4 391 918","code":"4 391 918","level":"locality","country":"CA","noLot":"4 391 918"}},{"type":"Feature","geometry":{"type":"Polygon","coordinates":[[[-73.12380306173537,45.23827168346635],[-73.12383069481183,45.2382382445554],[-73.12386779433474,45.238193349356415],[-73.12373891214261,45.238028997101054],[-73.12373766797594,45.238027384704395],[-73.12373645345367,45.23802576028907],[-73.1237352730674,45.23802412448756],[-73.12373412232552,45.238022477299964],[-73.12373300392298,45.23802081935879],[-73.12373191785981,45.238019150663995],[-73.12373086323767,45.23801747248077],[-73.12372984185319,45.23801578354393],[-73.12372885280807,45.23801408448613],[-73.1237278970006,45.23801237657237],[-73.12372697353248,45.23801066043528],[-73.12372608330205,45.23800893417718],[-73.12372522630926,45.23800720032832],[-73.12372440345246,45.23800545825611],[-73.12372361383332,45.23800370859309],[-73.12372285745185,45.23800195133929],[-73.12372213520638,45.23800018649472],[-73.12372144799517,45.23799841532449],[-73.12372079491998,45.23799663846119],[-73.12372017508241,45.2379948546396],[-73.12371958938084,45.23799306512495],[-73.12371903871357,45.23799127054976],[-73.1237185221823,45.23798947028142],[-73.12371804158361,45.23798766558516],[-73.12371759601923,45.237985855195745],[-73.12371718369252,45.23798404227604],[-73.12371680729842,45.23798222556088],[-73.1237164659386,45.23798040441781],[-73.1237161596131,45.23797858011183],[-73.12371588742357,45.23797675327554],[-73.12371565116665,45.23797492454153],[-73.12371545174065,45.23797309327722],[-73.12371528555232,45.23797126011513],[-73.1237151552966,45.23796942632046],[-73.12371506097351,45.23796759126059],[-73.12371500078639,45.23796575556809],[-73.12371497653187,45.23796391861043],[-73.12371498731164,45.23796208165271],[-73.12371503492237,45.23796024532746],[-73.12371511666905,45.23795840963476],[-73.12371523345004,45.23795657520706],[-73.12371988133332,45.23789538941989],[-73.12372026042237,45.23789277061332],[-73.12372060986702,45.23789014864384],[-73.12372092787062,45.23788752540911],[-73.1237212144332,45.23788490027658],[-73.12372146955474,45.237882273246264],[-73.12372169413356,45.23787964558325],[-73.12372188727134,45.23787701538981],[-73.12372205076473,45.237874385196314],[-73.12372218191878,45.23787175437012],[-73.12372228163176,45.23786912227866],[-73.12372235080204,45.23786648955455],[-73.12347458826015,45.237764178839925],[-73.1234385972583,45.23780768526983],[-73.12324545587896,45.23804167361139],[-73.12380306173537,45.23827168346635]]]},"properties":{"NO_LOT":"6 702 738","geoId":"ca/qc/lot/6-702-738","name":"6 702 738","code":"6 702 738","level":"locality","country":"CA","noLot":"6 702 738"}},{"type":"Feature","geometry":{"type":"Polygon","coordinates":[[[-73.12238622898779,45.24279476649996],[-73.12267672348942,45.24291528623156],[-73.12280726936146,45.24277219863106],[-73.12290733898915,45.24266251347405],[-73.12306086735943,45.24249423233911],[-73.1232387760065,45.24229922514325],[-73.12327109200052,45.2422638050408],[-73.12311101491184,45.24219695593353],[-73.12265798283596,45.242693459595216],[-73.12265639012297,45.24269518254849],[-73.12265476776557,45.24269689221895],[-73.12265311576374,45.24269858734174],[-73.12265143591416,45.24270026918173],[-73.12264972642018,45.242701936474056],[-73.12264798997674,45.24270358858606],[-73.12264622388889,45.24270522615036],[-73.1226444308516,45.24270684853439],[-73.12264261086482,45.242708455738196],[-73.12264076303028,45.24271004776174],[-73.12263888734796,45.2427116227075],[-73.12263698651283,45.242713182473054],[-73.12263505872822,45.24271472579335],[-73.12263310489249,45.242716252668345],[-73.1226311250056,45.24271776246561],[-73.12262911996588,45.24271925518511],[-73.12262708887502,45.242720731459315],[-73.12262503263133,45.242722190655805],[-73.12262295303145,45.242723631509534],[-73.12262084738042,45.24272505465293],[-73.1226187183732,45.24272645945363],[-73.12261656600978,45.24272784654404],[-73.12261438939186,45.24272921529165],[-73.12261218941772,45.24273056443148],[-73.12260996788403,45.2427318964936],[-73.12260772299413,45.24273320831542],[-73.12260545564635,45.24273450179444],[-73.12260316673901,45.242735774400686],[-73.1226008562721,45.24273702866415],[-73.12259852424562,45.242738263319886],[-73.1225961724562,45.24273947773532],[-73.12259379910722,45.242740671277936],[-73.12259140689363,45.24274184521278],[-73.12258899312044,45.24274299953989],[-73.12258656048266,45.242744132361686],[-73.12258410808195,45.24274524431066],[-73.12258163861323,45.24274633538688],[-73.12257914938156,45.242747405590336],[-73.12257664218362,45.24274845428848],[-73.12257411881598,45.242749482746376],[-73.12257157658372,45.24275048843392],[-73.12256901728348,45.242751472616234],[-73.12256644271187,45.2427524346607],[-73.12256385017398,45.24275337583243],[-73.12256124326301,45.24275429360137],[-73.12255862018239,45.24275518923248],[-73.12255598183039,45.242756063358335],[-73.12255332910536,45.24275691534638],[-73.12255066200728,45.2427577432991],[-73.12254798143448,45.242758549746604],[-73.12254528648862,45.24275933279129],[-73.12254257986467,45.242760092433144],[-73.12253985886767,45.242760829304714],[-73.12253712529427,45.24276154340597],[-73.12253438183939,45.24276223347199],[-73.12253162401147,45.24276290076768],[-73.1225288572004,45.24276354466059],[-73.12252607960953,45.24276416451817],[-73.12238622898779,45.24279476649996]]]},"properties":{"NO_LOT":"4 391 494","geoId":"ca/qc/lot/4-391-494","name":"4 391 494","code":"4 391 494","level":"locality","country":"CA","noLot":"4 391 494"}},{"type":"Feature","geometry":{"type":"Polygon","coordinates":[[[-73.12331522533212,45.242848232958664],[-73.1236580143597,45.24247249863287],[-73.1232387760065,45.24229922514325],[-73.12306086735943,45.24249423233911],[-73.12290733898915,45.24266251347405],[-73.12331522533212,45.242848232958664]]]},"properties":{"NO_LOT":"4 391 492","geoId":"ca/qc/lot/4-391-492","name":"4 391 492","code":"4 391 492","level":"locality","country":"CA","noLot":"4 391 492"}},{"type":"Feature","geometry":{"type":"Polygon","coordinates":[[[-73.12387939607665,45.242563995702604],[-73.1236580143597,45.24247249863287],[-73.12331522533212,45.242848232958664],[-73.12321512695834,45.242957950014876],[-73.12306282209347,45.24312489013341],[-73.12281055360212,45.24340139542575],[-73.12266330445571,45.243562791653986],[-73.12251605441095,45.243724186791205],[-73.1223688034679,45.24388558083745],[-73.12221106289728,45.244058471890256],[-73.12205332232664,45.24423136241689],[-73.12226032471082,45.24433862716736],[-73.12240757655219,45.244177231878275],[-73.12255482839358,45.24401583613063],[-73.12273144256831,45.24382225790612],[-73.12287030683989,45.24367005387181],[-73.12318577899799,45.243324270140846],[-73.12350124935948,45.24297848683527],[-73.12365324340723,45.24281188467793],[-73.12387939607665,45.242563995702604]]]},"properties":{"NO_LOT":"4 391 919","geoId":"ca/qc/lot/4-391-919","name":"4 391 919","code":"4 391 919","level":"locality","country":"CA","noLot":"4 391 919"}},{"type":"Feature","geometry":{"type":"Polygon","coordinates":[[[-73.12363095979828,45.24066526642332],[-73.12303620231667,45.24042008734496],[-73.12302780845864,45.240430246470176],[-73.12278114365805,45.24072880856632],[-73.12338431476061,45.24096353442409],[-73.12363095979828,45.24066526642332]]]},"properties":{"NO_LOT":"4 391 363","geoId":"ca/qc/lot/4-391-363","name":"4 391 363","code":"4 391 363","level":"locality","country":"CA","noLot":"4 391 363"}},{"type":"Feature","geometry":{"type":"Polygon","coordinates":[[[-73.12337519596217,45.23133917709112],[-73.12305691926375,45.231207624299735],[-73.12295951314086,45.231326228317755],[-73.12327778894097,45.23145778146727],[-73.12337519596217,45.23133917709112]]]},"properties":{"NO_LOT":"4 391 176","geoId":"ca/qc/lot/4-391-176","name":"4 391 176","code":"4 391 176","level":"locality","country":"CA","noLot":"4 391 176"}},{"type":"Feature","geometry":{"type":"Polygon","coordinates":[[[-73.12386779433474,45.238193349356415],[-73.12383069481183,45.2382382445554],[-73.12383319931483,45.23824088042509],[-73.12383573166564,45.238243502378374],[-73.12383829366082,45.238246110415254],[-73.1238408844021,45.23824870516832],[-73.12384350209281,45.238251285372456],[-73.12384614942796,45.23825385166017],[-73.12384882281425,45.238256402133814],[-73.12385152494663,45.23825893932365],[-73.12385425492678,45.238261461331966],[-73.1238570127547,45.238263968158755],[-73.12385979753209,45.238266459171555],[-73.12386260925892,45.23826893626792],[-73.1238654479352,45.23827139755026],[-73.12386831356098,45.23827384365107],[-73.12387120523788,45.23827627330534],[-73.12387412386423,45.23827868714552],[-73.12387706944006,45.23828108517163],[-73.12388004016869,45.23828346738376],[-73.12388303605016,45.23828583251668],[-73.1238860588811,45.23828818246814],[-73.12388910686485,45.23829051407536],[-73.12389218089974,45.23829283050108],[-73.12389528008748,45.23829513048022],[-73.12389840352974,45.23829741211507],[-73.1239015521248,45.23829967730333],[-73.12390472497438,45.2383019254125],[-73.1239079229768,45.23830415517739],[-73.12391114523373,45.23830636912827],[-73.12391439084683,45.23830856410235],[-73.12391766161278,45.238310742629814],[-73.12392095483663,45.23831290154795],[-73.12392427231495,45.23831504338692],[-73.12392761225121,45.23831716751423],[-73.12393097644194,45.23831927203219],[-73.12393436219224,45.238321359471065],[-73.12393777129874,45.23832342730054],[-73.12394120376143,45.23832547741837],[-73.12394465778371,45.238327508559365],[-73.12394813336554,45.23832952009108],[-73.12395163140526,45.238331513278524],[-73.12395515010623,45.2383334874892],[-73.12395869126509,45.23833544209054],[-73.12396225308518,45.23833737708254],[-73.12396583736316,45.23833929309772],[-73.12396944140409,45.23834118950362],[-73.12397306610626,45.23834306630019],[-73.12397671146968,45.238344923487425],[-73.12398037659604,45.23834675916768],[-73.12398406148532,45.2383485765037],[-73.12398776613757,45.23835037359782],[-73.12399149055274,45.23835214918502],[-73.12399523473084,45.238353905162846],[-73.12399899777357,45.238355641531356],[-73.12400277968091,45.23835735639289],[-73.12400657955457,45.23835905038003],[-73.12401039829282,45.23836072412528],[-73.1240142340991,45.23836237636353],[-73.1240180896683,45.23836400835994],[-73.12402196230548,45.23836561948196],[-73.12430092513382,45.23848061691203],[-73.12455190094947,45.23858407695289],[-73.12514785139379,45.23882974279552],[-73.12527699948726,45.2386733935481],[-73.12508242170176,45.23859318383623],[-73.12493313517628,45.23853164387127],[-73.12468156108264,45.238427938935764],[-73.12415109153432,45.23820926199928],[-73.12414819356921,45.238208053180045],[-73.12414531446872,45.2382068241189],[-73.12414245243623,45.238205572918226],[-73.12413961016667,45.238204301475584],[-73.12413678496509,45.23820300915852],[-73.12413397952648,45.238201695967014],[-73.12413119385077,45.23820036316615],[-73.1241284270397,45.23819901012339],[-73.12412568088988,45.23819763747126],[-73.12412295360467,45.238196243312125],[-73.12412024787905,45.238194830176155],[-73.12411756281466,45.23819339743088],[-73.12411489841152,45.2381919450762],[-73.12411225556795,45.23819047311221],[-73.12410963428395,45.23818898217144],[-73.12410703545784,45.23818747225381],[-73.1241044581913,45.23818594399197],[-73.12410190428093,45.23818439612077],[-73.12409937282847,45.23818282990529],[-73.12409686383388,45.23818124597815],[-73.12409437819548,45.23817964307421],[-73.12409191681161,45.23817802245857],[-73.12408947878393,45.2381763841312],[-73.12408706501076,45.23817472809218],[-73.12408467459379,45.23817305434145],[-73.12408230932964,45.23817136351162],[-73.12407996921831,45.238169654970015],[-73.12407765425984,45.238167929981884],[-73.12407536445419,45.23816618791461],[-73.12407309980135,45.238164429400705],[-73.12407086119967,45.23816265444026],[-73.12406864864911,45.23816086303318],[-73.12406646214971,45.238159056444665],[-73.12406430259978,45.23815723340955],[-73.12406216910097,45.23815539392785],[-73.12406006344995,45.23815353989722],[-73.1240579856467,45.23815167005252],[-73.12405593389458,45.2381497862915],[-73.12405390909194,45.238147886083844],[-73.12405191483201,45.23814597195986],[-73.1240499466232,45.238144043919476],[-73.1240480062622,45.23814210133019],[-73.1240460955456,45.238140145457116],[-73.12404421357506,45.23813817440248],[-73.12404235945233,45.23813619006409],[-73.12404053587231,45.23813419244189],[-73.12403874014005,45.23813218153583],[-73.1240369740522,45.23813015797855],[-73.12403523850706,45.23812812113741],[-73.12403353260635,45.2381260722776],[-73.12403185635003,45.23812401139907],[-73.12403021063643,45.238121937236734],[-73.12398009183009,45.23805802719113],[-73.12390602842986,45.23796358019017],[-73.12378338952897,45.237807192503304],[-73.12378125423353,45.23780449335717],[-73.12377909109033,45.237801806229626],[-73.12377689830272,45.23779913048808],[-73.12377467766733,45.23779646613256],[-73.1237724300825,45.2377938144282],[-73.12377015195494,45.23779117410981],[-73.12376784687793,45.23778854644257],[-73.12376551395313,45.237785930161365],[-73.12376315228224,45.237783327163854],[-73.12376076456022,45.23778073745004],[-73.1237583489904,45.23777815912225],[-73.12375590467452,45.237775594078165],[-73.12375343430749,45.23777304231782],[-73.12375093699102,45.23777050447372],[-73.12374841272506,45.23776797864822],[-73.12374586061135,45.237765467371574],[-73.12374328244647,45.23776296811354],[-73.12374067733214,45.2377604840369],[-73.12373804616668,45.23775801450911],[-73.12373538984839,45.23775555763251],[-73.12373270658063,45.237753115304734],[-73.12372999636341,45.23775068752583],[-73.12372726189169,45.23774827429578],[-73.12372450136883,45.237745875614564],[-73.12372171569312,45.23774349148227],[-73.12371890306798,45.23774112126623],[-73.12371606708663,45.23773876749674],[-73.12371320505412,45.23773642827613],[-73.12371031966543,45.23773410423697],[-73.1237074082256,45.23773179664437],[-73.12370447342957,45.23772950360066],[-73.1237015134807,45.237727226370936],[-73.12369852927732,45.237724964322624],[-73.12369552171775,45.23772271935346],[-73.12369246564917,45.23772047058885],[-73.12368938442773,45.2377182382708],[-73.12368628074844,45.23771602239933],[-73.1236831528146,45.23771382360696],[-73.12368000152459,45.237711641261214],[-73.12367682598006,45.23770947662719],[-73.12367362797765,45.2377073284397],[-73.12367040841568,45.237705197331415],[-73.12366716459918,45.23770308330223],[-73.1236638983248,45.23770098761736],[-73.12366060959256,45.23769890837907],[-73.12365729930073,45.237696847485054],[-73.12365396655102,45.23769480430277],[-73.12365061134346,45.23769277946476],[-73.12364723547462,45.237690771073346],[-73.1236438371479,45.23768878229139],[-73.12364041815992,45.23768681248625],[-73.12363697851067,45.23768485912775],[-73.12363351820021,45.23768292537863],[-73.12363003633018,45.237681010606416],[-73.12362653379888,45.23767911354591],[-73.12362301240297,45.23767723546231],[-73.12361946944749,45.23767537635557],[-73.12361590762738,45.23767353622569],[-73.12361232514604,45.23767171633779],[-73.12360872380006,45.2376699141617],[-73.1236051044878,45.23766813222757],[-73.12360146451425,45.237666369270315],[-73.12359780657442,45.23766462655508],[-73.12359412887164,45.23766290218415],[-73.12359043410088,45.2376611993204],[-73.12358672136381,45.23765951543347],[-73.1235829888638,45.237657851156044],[-73.12357924019412,45.23765620712066],[-73.12357547265982,45.23765458332725],[-73.12357168895585,45.237652979143306],[-73.12356788818387,45.23765139646655],[-73.12347458826015,45.237764178839925],[-73.12372235080204,45.23786648955455],[-73.12372228163176,45.23786912227866],[-73.12372218191878,45.23787175437012],[-73.12372205076473,45.237874385196314],[-73.12372188727134,45.23787701538981],[-73.12372169413356,45.23787964558325],[-73.12372146955474,45.237882273246264],[-73.1237212144332,45.23788490027658],[-73.12372092787062,45.23788752540911],[-73.12372060986702,45.23789014864384],[-73.12372026042237,45.23789277061332],[-73.12371988133332,45.23789538941989],[-73.12371523345004,45.23795657520706],[-73.12371511666905,45.23795840963476],[-73.12371503492237,45.23796024532746],[-73.12371498731164,45.23796208165271],[-73.12371497653187,45.23796391861043],[-73.12371500078639,45.23796575556809],[-73.12371506097351,45.23796759126059],[-73.1237151552966,45.23796942632046],[-73.12371528555232,45.23797126011513],[-73.12371545174065,45.23797309327722],[-73.12371565116665,45.23797492454153],[-73.12371588742357,45.23797675327554],[-73.1237161596131,45.23797858011183],[-73.1237164659386,45.23798040441781],[-73.12371680729842,45.23798222556088],[-73.12371718369252,45.23798404227604],[-73.12371759601923,45.237985855195745],[-73.12371804158361,45.23798766558516],[-73.1237185221823,45.23798947028142],[-73.12371903871357,45.23799127054976],[-73.12371958938084,45.23799306512495],[-73.12372017508241,45.2379948546396],[-73.12372079491998,45.23799663846119],[-73.12372144799517,45.23799841532449],[-73.12372213520638,45.23800018649472],[-73.12372285745185,45.23800195133929],[-73.12372361383332,45.23800370859309],[-73.12372440345246,45.23800545825611],[-73.12372522630926,45.23800720032832],[-73.12372608330205,45.23800893417718],[-73.12372697353248,45.23801066043528],[-73.1237278970006,45.23801237657237],[-73.12372885280807,45.23801408448613],[-73.12372984185319,45.23801578354393],[-73.12373086323767,45.23801747248077],[-73.12373191785981,45.238019150663995],[-73.12373300392298,45.23802081935879],[-73.12373412232552,45.238022477299964],[-73.1237352730674,45.23802412448756],[-73.12373645345367,45.23802576028907],[-73.12373766797594,45.238027384704395],[-73.12373891214261,45.238028997101054],[-73.12386779433474,45.238193349356415]]]},"properties":{"NO_LOT":"6 702 737","geoId":"ca/qc/lot/6-702-737","name":"6 702 737","code":"6 702 737","level":"locality","country":"CA","noLot":"6 702 737"}},{"type":"Feature","geometry":{"type":"Polygon","coordinates":[[[-73.12835509746954,45.23526534849171],[-73.12796424318435,45.23573926868432],[-73.12846731321818,45.23594638580522],[-73.12885816480842,45.23547246291176],[-73.12835509746954,45.23526534849171]]]},"properties":{"NO_LOT":"4 390 587","geoId":"ca/qc/lot/4-390-587","name":"4 390 587","code":"4 390 587","level":"locality","country":"CA","noLot":"4 390 587"}},{"type":"Feature","geometry":{"type":"Polygon","coordinates":[[[-73.1241738665217,45.23729020595235],[-73.12414854301386,45.23718371417855],[-73.123771724905,45.23722844127921],[-73.12379704751454,45.23733493423433],[-73.1241738665217,45.23729020595235]]]},"properties":{"NO_LOT":"5 171 761","geoId":"ca/qc/lot/5-171-761","name":"5 171 761","code":"5 171 761","level":"locality","country":"CA","noLot":"5 171 761"}},{"type":"Feature","geometry":{"type":"Polygon","coordinates":[[[-73.12788102415475,45.2366572662137],[-73.12737794962933,45.23645014662319],[-73.1271825166477,45.23668710480338],[-73.12768559207142,45.236894225427896],[-73.12788102415475,45.2366572662137]]]},"properties":{"NO_LOT":"4 390 591","geoId":"ca/qc/lot/4-390-591","name":"4 390 591","code":"4 390 591","level":"locality","country":"CA","noLot":"4 390 591"}},{"type":"Feature","geometry":{"type":"Polygon","coordinates":[[[-73.12447736323877,45.23139396261756],[-73.12415840112578,45.23126317544228],[-73.12401220480487,45.23144119064825],[-73.12433119386732,45.231571946414945],[-73.12447736323877,45.23139396261756]]]},"properties":{"NO_LOT":"4 391 165","geoId":"ca/qc/lot/4-391-165","name":"4 391 165","code":"4 391 165","level":"locality","country":"CA","noLot":"4 391 165"}},{"type":"Feature","geometry":{"type":"Polygon","coordinates":[[[-73.12464979485756,45.23154464009844],[-73.12445498710335,45.23178185090888],[-73.12477726759299,45.231913993246195],[-73.1249720753472,45.23167678425257],[-73.12464979485756,45.23154464009844]]]},"properties":{"NO_LOT":"4 391 173","geoId":"ca/qc/lot/4-391-173","name":"4 391 173","code":"4 391 173","level":"locality","country":"CA","noLot":"4 391 173"}},{"type":"Feature","geometry":{"type":"Polygon","coordinates":[[[-73.12447736323877,45.23139396261756],[-73.12462353261023,45.231215976997504],[-73.12430457049726,45.231085191310555],[-73.12415840112578,45.23126317544228],[-73.12447736323877,45.23139396261756]]]},"properties":{"NO_LOT":"4 391 164","geoId":"ca/qc/lot/4-391-164","name":"4 391 164","code":"4 391 164","level":"locality","country":"CA","noLot":"4 391 164"}},{"type":"Feature","geometry":{"type":"Polygon","coordinates":[[[-73.12406040570808,45.23278687348149],[-73.12422211054405,45.232589978123656],[-73.12389982825778,45.232457832297094],[-73.12373812252348,45.23265472874536],[-73.12406040570808,45.23278687348149]]]},"properties":{"NO_LOT":"4 391 213","geoId":"ca/qc/lot/4-391-213","name":"4 391 213","code":"4 391 213","level":"locality","country":"CA","noLot":"4 391 213"}},{"type":"Feature","geometry":{"type":"Polygon","coordinates":[[[-73.12467986506337,45.2320325989533],[-73.12435758277711,45.23190045499388],[-73.12420176100792,45.23209019077546],[-73.12452404149757,45.23222233492636],[-73.12467986506337,45.2320325989533]]]},"properties":{"NO_LOT":"4 391 210","geoId":"ca/qc/lot/4-391-210","name":"4 391 210","code":"4 391 210","level":"locality","country":"CA","noLot":"4 391 210"}},{"type":"Feature","geometry":{"type":"Polygon","coordinates":[[[-73.12377782266914,45.240487662160795],[-73.12318296547453,45.24024244309879],[-73.12303620231667,45.24042008734496],[-73.12363095979828,45.24066526642332],[-73.12377782266914,45.240487662160795]]]},"properties":{"NO_LOT":"4 391 362","geoId":"ca/qc/lot/4-391-362","name":"4 391 362","code":"4 391 362","level":"locality","country":"CA","noLot":"4 391 362"}},{"type":"Feature","geometry":{"type":"Polygon","coordinates":[[[-73.12416945399703,45.24001404976659],[-73.12357433269771,45.23976872429126],[-73.12354681640227,45.23980203073308],[-73.12337864908612,45.240005584505006],[-73.12397363923141,45.24025085582464],[-73.12410395872799,45.240093255533274],[-73.12416945399703,45.24001404976659]]]},"properties":{"NO_LOT":"4 391 356","geoId":"ca/qc/lot/4-391-356","name":"4 391 356","code":"4 391 356","level":"locality","country":"CA","noLot":"4 391 356"}},{"type":"Feature","geometry":{"type":"Polygon","coordinates":[[[-73.12416346313242,45.230732445317216],[-73.12448573643553,45.230864590094434],[-73.12453833728699,45.23080053966466],[-73.1246357389183,45.23068193454964],[-73.1243134665135,45.23054979124566],[-73.12416346313242,45.230732445317216]]]},"properties":{"NO_LOT":"4 391 161","geoId":"ca/qc/lot/4-391-161","name":"4 391 161","code":"4 391 161","level":"locality","country":"CA","noLot":"4 391 161"}},{"type":"Feature","geometry":{"type":"Polygon","coordinates":[[[-73.1238246868792,45.23218868811755],[-73.12350568164709,45.23205794768761],[-73.12331086670636,45.23229515445774],[-73.1236298737351,45.23242589687249],[-73.1238246868792,45.23218868811755]]]},"properties":{"NO_LOT":"4 391 199","geoId":"ca/qc/lot/4-391-199","name":"4 391 199","code":"4 391 199","level":"locality","country":"CA","noLot":"4 391 199"}},{"type":"Feature","geometry":{"type":"Polygon","coordinates":[[[-73.12905358790859,45.235235502196964],[-73.12902002954452,45.23522168513032],[-73.12855052326465,45.235028388178435],[-73.12835509746954,45.23526534849171],[-73.12885816480842,45.23547246291176],[-73.12905358790859,45.235235502196964]]]},"properties":{"NO_LOT":"4 390 586","geoId":"ca/qc/lot/4-390-586","name":"4 390 586","code":"4 390 586","level":"locality","country":"CA","noLot":"4 390 586"}},{"type":"Feature","geometry":{"type":"Polygon","coordinates":[[[-73.12455190094947,45.23858407695289],[-73.12430092513382,45.23848061691203],[-73.1240075811761,45.23883602719485],[-73.12425895674207,45.2389396940651],[-73.12435678327648,45.23882116792602],[-73.12455190094947,45.23858407695289]]]},"properties":{"NO_LOT":"4 391 348","geoId":"ca/qc/lot/4-391-348","name":"4 391 348","code":"4 391 348","level":"locality","country":"CA","noLot":"4 391 348"}},{"type":"Feature","geometry":{"type":"Polygon","coordinates":[[[-73.12436667552441,45.24254296790448],[-73.12476379286373,45.24207163641598],[-73.12445114051731,45.24194241905299],[-73.12405402227967,45.242413749083454],[-73.12436667552441,45.24254296790448]]]},"properties":{"NO_LOT":"4 390 612","geoId":"ca/qc/lot/4-390-612","name":"4 390 612","code":"4 390 612","level":"locality","country":"CA","noLot":"4 390 612"}},{"type":"Feature","geometry":{"type":"Polygon","coordinates":[[[-73.12508242170176,45.23859318383623],[-73.12527802985488,45.238356294330025],[-73.12512874332938,45.23829475474106],[-73.12493313517628,45.23853164387127],[-73.12508242170176,45.23859318383623]]]},"properties":{"NO_LOT":"5 491 508","geoId":"ca/qc/lot/5-491-508","name":"5 491 508","code":"5 491 508","level":"locality","country":"CA","noLot":"5 491 508"}},{"type":"Feature","geometry":{"type":"Polygon","coordinates":[[[-73.12318340385238,45.231925800623976],[-73.12298858891167,45.23216300668042],[-73.12331086670636,45.23229515445774],[-73.12350568164709,45.23205794768761],[-73.12318340385238,45.231925800623976]]]},"properties":{"NO_LOT":"4 391 200","geoId":"ca/qc/lot/4-391-200","name":"4 391 200","code":"4 391 200","level":"locality","country":"CA","noLot":"4 391 200"}},{"type":"Feature","geometry":{"type":"Polygon","coordinates":[[[-73.124671008573,45.24266874811379],[-73.1259663549582,45.243204087768376],[-73.12660803863362,45.24242080348547],[-73.12625038158977,45.24076374700532],[-73.12594333473072,45.24113749954299],[-73.12576754700602,45.241351475048454],[-73.12541302148925,45.24177683537516],[-73.12506534382989,45.242196263330634],[-73.12466822649056,45.24266759821276],[-73.124671008573,45.24266874811379]]]},"properties":{"NO_LOT":"4 390 605","geoId":"ca/qc/lot/4-390-605","name":"4 390 605","code":"4 390 605","level":"locality","country":"CA","noLot":"4 390 605"}},{"type":"Feature","geometry":{"type":"Polygon","coordinates":[[[-73.12412322040431,45.237077220940016],[-73.12374640319378,45.237121948124496],[-73.123771724905,45.23722844127921],[-73.12414854301386,45.23718371417855],[-73.12412322040431,45.237077220940016]]]},"properties":{"NO_LOT":"5 171 762","geoId":"ca/qc/lot/5-171-762","name":"5 171 762","code":"5 171 762","level":"locality","country":"CA","noLot":"5 171 762"}},{"type":"Feature","geometry":{"type":"Polygon","coordinates":[[[-73.12325173330615,45.230970414888496],[-73.12315432718326,45.23108902003417],[-73.12347260208504,45.23122057183483],[-73.12357000730962,45.231101967596274],[-73.12325173330615,45.230970414888496]]]},"properties":{"NO_LOT":"4 391 147","geoId":"ca/qc/lot/4-391-147","name":"4 391 147","code":"4 391 147","level":"locality","country":"CA","noLot":"4 391 147"}},{"type":"Feature","geometry":{"type":"Polygon","coordinates":[[[-73.12436821883006,45.232412070898675],[-73.12452404149757,45.23222233492636],[-73.12420176100792,45.23209019077546],[-73.1240459374421,45.232279926556295],[-73.12436821883006,45.232412070898675]]]},"properties":{"NO_LOT":"4 391 211","geoId":"ca/qc/lot/4-391-211","name":"4 391 211","code":"4 391 211","level":"locality","country":"CA","noLot":"4 391 211"}},{"type":"Feature","geometry":{"type":"Polygon","coordinates":[[[-73.12535885307763,45.23889670719361],[-73.12500642422872,45.23932293097975],[-73.12605449136566,45.23975288925518],[-73.12610746950953,45.23977461894147],[-73.12600683304488,45.23916413006899],[-73.12598095258156,45.2391534488653],[-73.12535885307763,45.23889670719361]]]},"properties":{"NO_LOT":"4 390 596","geoId":"ca/qc/lot/4-390-596","name":"4 390 596","code":"4 390 596","level":"locality","country":"CA","noLot":"4 390 596"}},{"type":"Feature","geometry":{"type":"Polygon","coordinates":[[[-73.12907645362583,45.23439066355704],[-73.12927185875971,45.23415371667682],[-73.12952620774924,45.23384256341519],[-73.12976885797885,45.23354571809837],[-73.12976129416415,45.23354257718777],[-73.13010670267911,45.23312573600816],[-73.13030264231055,45.23288927160211],[-73.13010132716043,45.23280654159722],[-73.12982328420695,45.23314045189755],[-73.12961031072109,45.23339621752025],[-73.12959870628424,45.23339122304796],[-73.12923980776867,45.23383028071498],[-73.12904981588271,45.23406270202528],[-73.12753894120299,45.235894698004174],[-73.12544981827992,45.23842710902225],[-73.12547262560668,45.23843651133438],[-73.12567149464427,45.238518589202336],[-73.12583858757532,45.238316505226784],[-73.1258444221331,45.23830944272448],[-73.12591215241058,45.23822732660088],[-73.12620532029848,45.23787189290123],[-73.12640076226327,45.23763493523373],[-73.12659620332975,45.23739797910834],[-73.1271825166477,45.23668710480338],[-73.12737794962933,45.23645014662319],[-73.12757338261098,45.23621318808748],[-73.12776881559262,45.23597622793111],[-73.12796424318435,45.23573926868432],[-73.12835509746954,45.23526534849171],[-73.12855052326465,45.235028388178435],[-73.12890225771582,45.23460188926059],[-73.12907645362583,45.23439066355704]]]},"properties":{"NO_LOT":"4 391 870","geoId":"ca/qc/lot/4-391-870","name":"4 391 870","code":"4 391 870","level":"locality","country":"CA","noLot":"4 391 870"}},{"type":"Feature","geometry":{"type":"Polygon","coordinates":[[[-73.12398226934636,45.23095307741296],[-73.12430457049726,45.231085191310555],[-73.12440044948416,45.230968442319956],[-73.12446941764007,45.230884461320244],[-73.12448573643553,45.230864590094434],[-73.12416346313242,45.230732445317216],[-73.12398226934636,45.23095307741296]]]},"properties":{"NO_LOT":"4 391 162","geoId":"ca/qc/lot/4-391-162","name":"4 391 162","code":"4 391 162","level":"locality","country":"CA","noLot":"4 391 162"}},{"type":"Feature","geometry":{"type":"Polygon","coordinates":[[[-73.12696863316845,45.243052676503616],[-73.12662291024314,45.243474695879534],[-73.1269177130649,45.24359585362476],[-73.12694477301619,45.24360697547715],[-73.1272917490913,45.24318342199888],[-73.12696863316845,45.243052676503616]]]},"properties":{"NO_LOT":"4 390 603","geoId":"ca/qc/lot/4-390-603","name":"4 390 603","code":"4 390 603","level":"locality","country":"CA","noLot":"4 390 603"}},{"type":"Feature","geometry":{"type":"Polygon","coordinates":[[[-73.12776881559262,45.23597622793111],[-73.12757338261098,45.23621318808748],[-73.12807645623806,45.23642030664394],[-73.12827188652476,45.23618334608603],[-73.12776881559262,45.23597622793111]]]},"properties":{"NO_LOT":"4 390 589","geoId":"ca/qc/lot/4-390-589","name":"4 390 589","code":"4 390 589","level":"locality","country":"CA","noLot":"4 390 589"}},{"type":"Feature","geometry":{"type":"Polygon","coordinates":[[[-73.12365820031097,45.23844698076658],[-73.12380306173537,45.23827168346635],[-73.12324545587896,45.23804167361139],[-73.123100373469,45.23821743781677],[-73.12365820031097,45.23844698076658]]]},"properties":{"NO_LOT":"6 381 735","geoId":"ca/qc/lot/6-381-735","name":"6 381 735","code":"6 381 735","level":"locality","country":"CA","noLot":"6 381 735"}},{"type":"Feature","geometry":{"type":"Polygon","coordinates":[[[-73.12514950339559,45.23057550947246],[-73.12483054218093,45.230444724209676],[-73.1246357389183,45.23068193454964],[-73.12495470013299,45.23081272053189],[-73.12514950339559,45.23057550947246]]]},"properties":{"NO_LOT":"4 391 156","geoId":"ca/qc/lot/4-391-156","name":"4 391 156","code":"4 391 156","level":"locality","country":"CA","noLot":"4 391 156"}},{"type":"Feature","geometry":{"type":"Polygon","coordinates":[[[-73.12406630045297,45.24122105298513],[-73.12359702504011,45.24102738047905],[-73.12342078636115,45.241240505653536],[-73.12389006177399,45.24143417806559],[-73.12406630045297,45.24122105298513]]]},"properties":{"NO_LOT":"4 390 614","geoId":"ca/qc/lot/4-390-614","name":"4 390 614","code":"4 390 614","level":"locality","country":"CA","noLot":"4 390 614"}},{"type":"Feature","geometry":{"type":"Polygon","coordinates":[[[-73.12734692990426,45.23519208236057],[-73.12517067668685,45.23783567554002],[-73.12487717103238,45.2381910506383],[-73.12512874332938,45.23829475474106],[-73.12527802985488,45.238356294330025],[-73.12544981827992,45.23842710902225],[-73.12753894120299,45.235894698004174],[-73.1275212039677,45.235626468375],[-73.12750208242856,45.23553067940825],[-73.12734692990426,45.23519208236057]]]},"properties":{"NO_LOT":"4 390 584","geoId":"ca/qc/lot/4-390-584","name":"4 390 584","code":"4 390 584","level":"locality","country":"CA","noLot":"4 390 584"}},{"type":"Feature","geometry":{"type":"Polygon","coordinates":[[[-73.12430190339917,45.24017495338377],[-73.12412567100841,45.240388079858185],[-73.12459505691403,45.24058161159123],[-73.12477128840646,45.240368485210226],[-73.12430190339917,45.24017495338377]]]},"properties":{"NO_LOT":"4 390 607","geoId":"ca/qc/lot/4-390-607","name":"4 390 607","code":"4 390 607","level":"locality","country":"CA","noLot":"4 390 607"}},{"type":"Feature","geometry":{"type":"Polygon","coordinates":[[[-73.12412946549216,45.23787663585255],[-73.12426013084014,45.23771795994268],[-73.1238983370544,45.23776090405902],[-73.12390464592264,45.23778743945708],[-73.12390540679569,45.23779071107363],[-73.12390613263445,45.23779398838301],[-73.12390682613383,45.237797268222515],[-73.12390748370062,45.23780055248978],[-73.12390810802974,45.23780383928707],[-73.12390869732457,45.23780713051213],[-73.1239092515851,45.23781042300214],[-73.12390977260796,45.23781371928732],[-73.12391025859655,45.23781701810255],[-73.12391071134745,45.23782031944783],[-73.12391112906404,45.237823622058066],[-73.12391151174636,45.237826928463456],[-73.1239118602927,45.237830235501235],[-73.12391217380473,45.23783354443653],[-73.12391245407909,45.237836855269315],[-73.12391269931918,45.237840167367004],[-73.12391290862662,45.23784348009708],[-73.12391308469643,45.23784679535725],[-73.12391322573193,45.23785010935203],[-73.12391333173314,45.23785342524434],[-73.12391340359835,45.237856741136454],[-73.12391344222591,45.23786005829352],[-73.12391344492084,45.23786337418525],[-73.1239134125815,45.23786669134188],[-73.12391334610616,45.23787000723322],[-73.12391324459655,45.23787332312437],[-73.12391310984924,45.237876638382794],[-73.12391294006765,45.23787995237584],[-73.12391273525176,45.237883266368726],[-73.12391249629991,45.23788657846372],[-73.12391222231373,45.23788988929341],[-73.1239119132933,45.23789319822524],[-73.12391157013685,45.2378965065243],[-73.12391119284443,45.23789981229288],[-73.12391078141603,45.23790311616364],[-73.12390602842986,45.23796358019017],[-73.12412946549216,45.23787663585255]]]},"properties":{"NO_LOT":"5 171 756","geoId":"ca/qc/lot/5-171-756","name":"5 171 756","code":"5 171 756","level":"locality","country":"CA","noLot":"5 171 756"}},{"type":"Feature","geometry":{"type":"Polygon","coordinates":[[[-73.12325173330615,45.230970414888496],[-73.12357000730962,45.231101967596274],[-73.1236674125342,45.23098336374292],[-73.12334913942904,45.23085181076056],[-73.12325173330615,45.230970414888496]]]},"properties":{"NO_LOT":"4 391 146","geoId":"ca/qc/lot/4-391-146","name":"4 391 146","code":"4 391 146","level":"locality","country":"CA","noLot":"4 391 146"}},{"type":"Feature","geometry":{"type":"Polygon","coordinates":[[[-73.12391482563143,45.231559763812555],[-73.12381739435573,45.231678398727304],[-73.12372001428399,45.231796972029315],[-73.12403897999022,45.23192775924151],[-73.12423379133769,45.23169055093797],[-73.12391482563143,45.231559763812555]]]},"properties":{"NO_LOT":"4 391 194","geoId":"ca/qc/lot/4-391-194","name":"4 391 194","code":"4 391 194","level":"locality","country":"CA","noLot":"4 391 194"}},{"type":"Feature","geometry":{"type":"Polygon","coordinates":[[[-73.12350698330593,45.24395994325717],[-73.12287030683989,45.24367005387181],[-73.12273144256831,45.24382225790612],[-73.12255482839358,45.24401583613063],[-73.12319150935119,45.244305727546454],[-73.12350698330593,45.24395994325717]]]},"properties":{"NO_LOT":"4 391 489","geoId":"ca/qc/lot/4-391-489","name":"4 391 489","code":"4 391 489","level":"locality","country":"CA","noLot":"4 391 489"}},{"type":"Feature","geometry":{"type":"Polygon","coordinates":[[[-73.12563356328138,45.23034671098259],[-73.12556536947324,45.230429752033686],[-73.12588764547131,45.23056189308615],[-73.12595583838115,45.23047885096284],[-73.12563356328138,45.23034671098259]]]},"properties":{"NO_LOT":"4 392 118","geoId":"ca/qc/lot/4-392-118","name":"4 392 118","code":"4 392 118","level":"locality","country":"CA","noLot":"4 392 118"}},{"type":"Feature","geometry":{"type":"Polygon","coordinates":[[[-73.12884720626028,45.244390911314994],[-73.12967703129218,45.24473386134218],[-73.13019747294699,45.244088273703674],[-73.12981383123523,45.243927952311964],[-73.12961673547201,45.24416332464204],[-73.1291878698739,45.24398409947957],[-73.12884720626028,45.244390911314994]]]},"properties":{"NO_LOT":"4 390 619","geoId":"ca/qc/lot/4-390-619","name":"4 390 619","code":"4 390 619","level":"locality","country":"CA","noLot":"4 390 619"}},{"type":"Feature","geometry":{"type":"Polygon","coordinates":[[[-73.13576353146544,45.24724898166921],[-73.13380313083438,45.246438945423584],[-73.13323578005375,45.24620461091734],[-73.13249525744257,45.24589850247021],[-73.13168255789323,45.24556266408399],[-73.13118961726254,45.24535895628992],[-73.13074933587379,45.24517700890699],[-73.13007913877291,45.2449000404238],[-73.12988476490501,45.244819712372724],[-73.12967703129218,45.24473386134218],[-73.12884720626028,45.244390911314994],[-73.12856538589102,45.244274438228466],[-73.12794683563078,45.24401879367164],[-73.12779745118893,45.243957402526924],[-73.12694477301619,45.24360697547715],[-73.1269177130649,45.24359585362476],[-73.12662291024314,45.243474695879534],[-73.12630488776796,45.243343992799694],[-73.1259663549582,45.243204087768376],[-73.124671008573,45.24266874811379],[-73.12453378732009,45.2428344518985],[-73.1258194076457,45.24336577424264],[-73.12616795128098,45.24350981605479],[-73.12678106044554,45.24376179568662],[-73.12713153995027,45.24390583459721],[-73.12778364048975,45.24417382780609],[-73.12780928110291,45.244184361960315],[-73.12832984852184,45.24439951064348],[-73.12855894047887,45.24449419235185],[-73.12935641717738,45.24482377608787],[-73.1297585749638,45.244989977675864],[-73.13106555453192,45.245530101649706],[-73.13213518752384,45.24597212163029],[-73.13273449227745,45.24621977310534],[-73.13353005736106,45.24654851766761],[-73.13399985739002,45.246742644435066],[-73.13562631739906,45.247414694230294],[-73.13576353146544,45.24724898166921]]]},"properties":{"NO_LOT":"4 391 871","geoId":"ca/qc/lot/4-391-871","name":"4 391 871","code":"4 391 871","level":"locality","country":"CA","noLot":"4 391 871"}},{"type":"Feature","geometry":{"type":"Polygon","coordinates":[[[-73.12410395872799,45.240093255533274],[-73.12430190339917,45.24017495338377],[-73.12447813668824,45.23996182737495],[-73.12465436728235,45.239748699934125],[-73.12483038407744,45.23953582913916],[-73.12500642422872,45.23932293097975],[-73.12535885307763,45.23889670719361],[-73.12550570427038,45.23871909930043],[-73.12567149464427,45.238518589202336],[-73.12547262560668,45.23843651133438],[-73.12527699948726,45.2386733935481],[-73.12514785139379,45.23882974279552],[-73.12495269778822,45.23906681882749],[-73.12475688841246,45.23930362693577],[-73.12456107993503,45.23954043405705],[-73.12436526696604,45.23977724272158],[-73.12416945399703,45.24001404976659],[-73.12410395872799,45.240093255533274]]]},"properties":{"NO_LOT":"4 391 898","geoId":"ca/qc/lot/4-391-898","name":"4 391 898","code":"4 391 898","level":"locality","country":"CA","noLot":"4 391 898"}},{"type":"Feature","geometry":{"type":"Polygon","coordinates":[[[-73.12331816911131,45.2328054288211],[-73.12322076029348,45.23292403330049],[-73.12308433674454,45.233090139380785],[-73.12293944837067,45.233268974424995],[-73.12316054262672,45.23336049833548],[-73.12330562862995,45.23318132955891],[-73.12344200277154,45.23301528447629],[-73.12364071460397,45.23277333164136],[-73.12373812252348,45.23265472874536],[-73.12389982825778,45.232457832297094],[-73.1240459374421,45.232279926556295],[-73.12420176100792,45.23209019077546],[-73.12435758277711,45.23190045499388],[-73.12445498710335,45.23178185090888],[-73.12423379133769,45.23169055093797],[-73.12403897999022,45.23192775924151],[-73.1238246868792,45.23218868811755],[-73.1236298737351,45.23242589687249],[-73.12341557703083,45.23268682472683],[-73.12331816911131,45.2328054288211]]]},"properties":{"NO_LOT":"4 391 896","geoId":"ca/qc/lot/4-391-896","name":"4 391 896","code":"4 391 896","level":"locality","country":"CA","noLot":"4 391 896"}},{"type":"Feature","geometry":{"type":"Polygon","coordinates":[[[-73.1234465446536,45.230733206385175],[-73.12356344242154,45.23059086562451],[-73.12324519267257,45.23045932248867],[-73.12312812242811,45.23060159272272],[-73.1234465446536,45.230733206385175]]]},"properties":{"NO_LOT":"6 268 039","geoId":"ca/qc/lot/6-268-039","name":"6 268 039","code":"6 268 039","level":"locality","country":"CA","noLot":"6 268 039"}},{"type":"Feature","geometry":{"type":"Polygon","coordinates":[[[-73.1248573002983,45.230931324741384],[-73.12495470013299,45.23081272053189],[-73.1246357389183,45.23068193454964],[-73.12453833728699,45.23080053966466],[-73.1248573002983,45.230931324741384]]]},"properties":{"NO_LOT":"4 391 158","geoId":"ca/qc/lot/4-391-158","name":"4 391 158","code":"4 391 158","level":"locality","country":"CA","noLot":"4 391 158"}},{"type":"Feature","geometry":{"type":"Polygon","coordinates":[[[-73.12433119386732,45.231571946414945],[-73.12401220480487,45.23144119064825],[-73.12391482563143,45.231559763812555],[-73.12423379133769,45.23169055093797],[-73.12433119386732,45.231571946414945]]]},"properties":{"NO_LOT":"4 391 193","geoId":"ca/qc/lot/4-391-193","name":"4 391 193","code":"4 391 193","level":"locality","country":"CA","noLot":"4 391 193"}},{"type":"Feature","geometry":{"type":"Polygon","coordinates":[[[-73.12607841799324,45.2398742693685],[-73.12605449136566,45.23975288925518],[-73.12500642422872,45.23932293097975],[-73.12483038407744,45.23953582913916],[-73.12597123101355,45.24000468124005],[-73.12607841799324,45.2398742693685]]]},"properties":{"NO_LOT":"4 390 600","geoId":"ca/qc/lot/4-390-600","name":"4 390 600","code":"4 390 600","level":"locality","country":"CA","noLot":"4 390 600"}},{"type":"Feature","geometry":{"type":"Polygon","coordinates":[[[-73.12550570427038,45.23871909930043],[-73.12593310920782,45.23889554836052],[-73.12583858757532,45.238316505226784],[-73.12567149464427,45.238518589202336],[-73.12550570427038,45.23871909930043]]]},"properties":{"NO_LOT":"4 390 597","geoId":"ca/qc/lot/4-390-597","name":"4 390 597","code":"4 390 597","level":"locality","country":"CA","noLot":"4 390 597"}},{"type":"Feature","geometry":{"type":"Polygon","coordinates":[[[-73.12298858891167,45.23216300668042],[-73.12287168665216,45.232305346034224],[-73.12319396624349,45.23243749474584],[-73.12331086670636,45.23229515445774],[-73.12298858891167,45.23216300668042]]]},"properties":{"NO_LOT":"4 391 204","geoId":"ca/qc/lot/4-391-204","name":"4 391 204","code":"4 391 204","level":"locality","country":"CA","noLot":"4 391 204"}},{"type":"Feature","geometry":{"type":"Polygon","coordinates":[[[-73.12359393393722,45.236002485826006],[-73.12358823682169,45.23599681914696],[-73.12358251006175,45.23599116701678],[-73.12357675545404,45.23598553006805],[-73.12357097120193,45.235979908300735],[-73.12356515820373,45.2359742998171],[-73.12355931735775,45.23596870714753],[-73.12355344686736,45.23596312902679],[-73.12354754763089,45.23595756672013],[-73.12354162144497,45.23595201896235],[-73.12353566561464,45.23594648701857],[-73.12352968193652,45.23594096899113],[-73.12352367041063,45.235935468042925],[-73.12351763013868,45.23592998101104],[-73.12351156201893,45.23592450979319],[-73.12350546605143,45.235919055022],[-73.12349934223612,45.235913614799735],[-73.12349318967475,45.23590819102412],[-73.1234870101639,45.23590278306259],[-73.12348080280528,45.235897390282574],[-73.1234745675989,45.23589201394924],[-73.12346830544305,45.23588665279744],[-73.12346201543944,45.235881308092274],[-73.12345569848635,45.23587597983384],[-73.12344935458381,45.23587066802211],[-73.12344298283351,45.23586537202448],[-73.12343658503205,45.235860091840955],[-73.12343015848451,45.23585482873678],[-73.12342370678414,45.23584958207926],[-73.12341722633768,45.235844351868465],[-73.1234107207384,45.23583913810443],[-73.12340418729134,45.235833940787124],[-73.12339762869145,45.23582876118169],[-73.12339104224378,45.235823596757854],[-73.12338443064328,45.23581845131108],[-73.12337779299166,45.23581332104592],[-73.12337112749225,45.23580820786004],[-73.12336443684,45.235803113018704],[-73.12335771923831,45.235798033991536],[-73.1233509764838,45.23579297330891],[-73.12334420857644,45.23578792907301],[-73.12333741371964,45.23578290318166],[-73.12333059371,45.23577789310453],[-73.12332374764921,45.23577290200449],[-73.12331687643562,45.23576792735126],[-73.12330997917086,45.235762971042575],[-73.1233030576516,45.23575803181328],[-73.12329610918287,45.235753110928556],[-73.12328913735794,45.235748207123194],[-73.1232821394819,45.23574332229498],[-73.123275116453,45.23573845391362],[-73.1232680691696,45.23573360387682],[-73.12326099763168,45.23572877344977],[-73.12325390004261,45.23572395883696],[-73.12324677819905,45.23571916383391],[-73.12323963210098,45.23571438717548],[-73.12323246264668,45.23570962822903],[-73.12322526714125,45.235704888259775],[-73.12321804827963,45.23570016600255],[-73.12321080426518,45.23569546208998],[-73.12320353689452,45.23569077715455],[-73.1231962461677,45.23568611119637],[-73.12318893118633,45.23568146295025],[-73.12318159195046,45.23567683431389],[-73.1231742302567,45.235672224022196],[-73.12316684430843,45.23566763334032],[-73.12315943410567,45.235663061003066],[-73.12315200144499,45.2356585070105],[-73.12314454542813,45.235653973260305],[-73.1231370660551,45.2356494584874],[-73.12312956332582,45.2356449620591],[-73.12312203813869,45.23564048524069],[-73.12311448959537,45.235636027399515],[-73.12310691859415,45.235631589168214],[-73.12309932513504,45.23562716991422],[-73.12309170921807,45.235622771535176],[-73.12308406994488,45.235618391500914],[-73.12307640911216,45.23561403044387],[-73.12306872582154,45.2356096889967],[-73.12306102007301,45.235605368424615],[-73.12305329186663,45.23560106746242],[-73.12304554299898,45.2355967854775],[-73.12303777077516,45.23559252436763],[-73.12302997789007,45.23558828223512],[-73.12302216254709,45.235584060345055],[-73.12301432564455,45.235579858064895],[-73.12300646808076,45.23557567602726],[-73.12299858895742,45.23557151423213],[-73.12299068737617,45.23556737331207],[-73.1229827669303,45.23556325136939],[-73.12297482402656,45.23555915030179],[-73.12272599248948,45.235861592331624],[-73.12280295475315,45.23589320257504],[-73.12280758646675,45.23589511867269],[-73.12281220111235,45.23589705627812],[-73.12281679779167,45.23589901539134],[-73.12282137560636,45.23590099537979],[-73.12282593635307,45.23590299624347],[-73.12283047733682,45.23590501861488],[-73.12283500035427,45.23590706059637],[-73.1228395045071,45.235909123453034],[-73.12284399069364,45.235911207184934],[-73.1228484562189,45.2359133111594],[-73.12285290287956,45.23591543664169],[-73.12285732977729,45.23591758173394],[-73.12286173691207,45.23591974643628],[-73.12286612338562,45.23592193264631],[-73.12287049099452,45.23592413720129],[-73.12287483794218,45.235926363263964],[-73.12287916333028,45.23592860830409],[-73.12288346985375,45.235930873586796],[-73.12288775391934,45.23593315847955],[-73.12289201732366,45.235935462349666],[-73.12289626006677,45.23593778646239],[-73.12290048035197,45.23594012955257],[-73.12290468087423,45.23594249225269],[-73.1229088580403,45.235944873297676],[-73.12291301364681,45.23594727458524],[-73.12291714679543,45.235949694217624],[-73.12292125748617,45.235952132194804],[-73.12292534661734,45.235954590414565],[-73.12292941239232,45.23595706634657],[-73.12293345660773,45.23595956125597],[-73.12293747656862,45.23596207451016],[-73.12294147407164,45.23596460547659],[-73.12294544732013,45.23596715542041],[-73.12294939811076,45.23596972370905],[-73.12295332464687,45.23597230970989],[-73.12295722782677,45.23597491342295],[-73.12296110675219,45.2359775354808],[-73.12296496142307,45.23598017461828],[-73.12296879183943,45.23598283146798],[-73.12297259800128,45.23598550666245],[-73.12297637901032,45.235988197671404],[-73.12298013576485,45.23599090765767],[-73.12298386826484,45.23599363345843],[-73.12307403216991,45.23605993508964],[-73.12314274789927,45.235996324467],[-73.12331077777314,45.23598667441107],[-73.12347549016872,45.235988706268266],[-73.12359393393722,45.236002485826006]]]},"properties":{"NO_LOT":"5 171 771","geoId":"ca/qc/lot/5-171-771","name":"5 171 771","code":"5 171 771","level":"locality","country":"CA","noLot":"5 171 771"}},{"type":"Feature","geometry":{"type":"Polygon","coordinates":[[[-73.12436821883006,45.232412070898675],[-73.1240459374421,45.232279926556295],[-73.12389982825778,45.232457832297094],[-73.12422211054405,45.232589978123656],[-73.12436821883006,45.232412070898675]]]},"properties":{"NO_LOT":"4 391 212","geoId":"ca/qc/lot/4-391-212","name":"4 391 212","code":"4 391 212","level":"locality","country":"CA","noLot":"4 391 212"}},{"type":"Feature","geometry":{"type":"Polygon","coordinates":[[[-73.12696863316845,45.243052676503616],[-73.12769189285484,45.24216978565284],[-73.12703534745134,45.241899183976386],[-73.12660803863362,45.24242080348547],[-73.1259663549582,45.243204087768376],[-73.12630488776796,45.243343992799694],[-73.12662291024314,45.243474695879534],[-73.12696863316845,45.243052676503616]]]},"properties":{"NO_LOT":"4 390 602","geoId":"ca/qc/lot/4-390-602","name":"4 390 602","code":"4 390 602","level":"locality","country":"CA","noLot":"4 390 602"}},{"type":"Feature","geometry":{"type":"Polygon","coordinates":[[[-73.12354400826868,45.23708549623406],[-73.12354371901115,45.23708435254569],[-73.12354339382102,45.23708321328534],[-73.1235430335966,45.23708207908556],[-73.12354263833788,45.23708095121144],[-73.12354221073979,45.23707982839785],[-73.12354174810741,45.23707871317512],[-73.12354125133908,45.23707760554323],[-73.12354072133306,45.23707650550214],[-73.12354015808937,45.237075413051876],[-73.12353956160801,45.23707433009017],[-73.123538931889,45.23707325598445],[-73.12353826983063,45.237072191999836],[-73.12353757543293,45.237071139401486],[-73.12353684869586,45.237070096291696],[-73.12353609141609,45.237069064568125],[-73.12353530269526,45.23706804549599],[-73.12353448253342,45.237067037177546],[-73.12353363182882,45.2370660421431],[-73.12353275058155,45.23706506102516],[-73.12353184058816,45.23706409319124],[-73.12353090095036,45.237063139273815],[-73.1235299325665,45.237062199273],[-73.12352893543654,45.237061275086425],[-73.12352791045879,45.23706036608157],[-73.12352685853159,45.23705947225839],[-73.12352577965493,45.237058595514576],[-73.12352467382883,45.23705773521765],[-73.12352354284988,45.23705689136759],[-73.1235223858198,45.23705606522945],[-73.12352120363688,45.23705525743589],[-73.12351999630114,45.237054467354334],[-73.1235187665075,45.23705369561731],[-73.12351751335768,45.23705294222488],[-73.12351623774998,45.23705220907468],[-73.1235149396844,45.237051495534246],[-73.12351362095757,45.23705080160346],[-73.12351227977285,45.23705012728238],[-73.1235109197235,45.23704947446871],[-73.1235095390129,45.23704884126479],[-73.12350813943769,45.23704823020081],[-73.12350672279449,45.23704764001171],[-73.12350528728668,45.237047072595175],[-73.12350383560917,45.237046526053476],[-73.12350236776199,45.23704600228439],[-73.12350088374517,45.23704550002267],[-73.12349938445693,45.237045021166104],[-73.123497871694,45.237044565082115],[-73.12349634545635,45.23704413240324],[-73.12349480574395,45.237043723129524],[-73.12349325435343,45.237043337260964],[-73.12349169128484,45.23704297543011],[-73.12349011743648,45.237042636371775],[-73.12348853370662,45.237042322616354],[-73.12348694099363,45.2370420316335],[-73.12348533929749,45.23704176532089],[-73.1234837304148,45.23704152431118],[-73.1234821143456,45.23704130607401],[-73.12348049288653,45.23704111440487],[-73.12347886424091,45.23704094614089],[-73.12347723290036,45.237040803179724],[-73.12347559527157,45.23704068552141],[-73.1234739567445,45.23704059253343],[-73.12347231372586,45.237040524215686],[-73.12347067070719,45.237040480568275],[-73.12346902589191,45.237040462223675],[-73.1234673801783,45.23704046918198],[-73.12346573626134,45.237040501443104],[-73.12346409324269,45.23704055837457],[-73.12346245291899,45.23704063934371],[-73.1234608143919,45.23704074624826],[-73.12345917945808,45.23704087845572],[-73.12345754991415,45.237041034068305],[-73.1234559248618,45.23704121561632],[-73.12345430609767,45.237041421202036],[-73.12345269362173,45.237041651458036],[-73.12345108833232,45.237041906384356],[-73.12344949112774,45.23704218534833],[-73.12344790470294,45.23704248961521],[-73.12344632546468,45.23704281665467],[-73.12344475790452,45.23704316836436],[-73.12344320022581,45.23704354347925],[-73.12344165512353,45.2370439426318],[-73.12344012349595,45.23704436455697],[-73.1234386035465,45.23704480925467],[-73.12343709886841,45.237045278622645],[-73.12343560766503,45.23704576949808],[-73.12343413263135,45.237046283146086],[-73.12343157602604,45.23704718519291],[-73.12342900414937,45.237048065099714],[-73.12342641700137,45.237048922233924],[-73.1234238154803,45.23704975722814],[-73.12342119868788,45.237050568184635],[-73.12341856842073,45.237051356368546],[-73.12341592467882,45.23705212114729],[-73.1234132665639,45.237052863153444],[-73.12341059677088,45.2370535811219],[-73.12340791350313,45.237054276317814],[-73.12340521855728,45.23705494747598],[-73.12340251103502,45.2370555945964],[-73.1233997936313,45.2370562183117],[-73.12339706544776,45.237056817356724],[-73.12339432648447,45.23705739236404],[-73.1233915776397,45.237057944598746],[-73.12338881891345,45.23705847026546],[-73.12338605120405,45.23705897315965],[-73.12338327540984,45.237059451383516],[-73.12338049153077,45.23705990556968],[-73.12337769956689,45.237060334453],[-73.12337489951813,45.23706073866603],[-73.12337209318117,45.23706111820875],[-73.12336928055603,45.23706147371381],[-73.12336646164268,45.237061803283396],[-73.12336363733941,45.23706210944787],[-73.12336080764628,45.237062389676964],[-73.12335797256324,45.237062645235724],[-73.12335513388695,45.23706287612422],[-73.12335229161738,45.23706308170985],[-73.12334944485623,45.23706326262523],[-73.12334659629848,45.23706341760516],[-73.12334374504576,45.23706354728228],[-73.12334089109811,45.23706365355425],[-73.12333803625214,45.2370637332582],[-73.12333518050784,45.2370637882919],[-73.12333232296693,45.237063817390194],[-73.12332946632432,45.23706382245075],[-73.12332660788509,45.23706380220846],[-73.1233237521408,45.23706375666336],[-73.12332089639652,45.23706368518278],[-73.12331804244884,45.237063589664565],[-73.12331519029782,45.23706346821086],[-73.12331233994342,45.237063322719514],[-73.12330949318229,45.237063150660106],[-73.1233066491161,45.23706295456305],[-73.1233038095415,45.2370627331631],[-73.12330097176351,45.237062486460346],[-73.12329814117206,45.23706221571985],[-73.12329531417384,45.2370619196765],[-73.12329249346385,45.23706159769775],[-73.12328967814375,45.23706125168127],[-73.12328687001018,45.2370608816271],[-73.1232840681648,45.237060485637535],[-73.12328127350595,45.23706006561019],[-73.12327848513532,45.237059621545185],[-73.12327570574783,45.23705915154475],[-73.1232729362418,45.23705865877173],[-73.12327017392231,45.23705814069586],[-73.12326742148429,45.23705759858229],[-73.1232646789277,45.23705703179839],[-73.12326194625263,45.237056441609376],[-73.12325922525562,45.23705582675009],[-73.1232565141401,45.23705518848563],[-73.12325381380434,45.237054525550896],[-73.12325112694334,45.23705383921103],[-73.12324845176043,45.23705313073113],[-73.12324579005224,45.23705239758098],[-73.12324314092047,45.237051640393034],[-73.12324050526341,45.2370508604326],[-73.1232378830811,45.23705005769953],[-73.12323527617015,45.23704923156134],[-73.12323268273393,45.23704838328309],[-73.12323010636568,45.237047511599705],[-73.1232275443705,45.23704661777632],[-73.12322499764666,45.2370457005478],[-73.12322246888914,45.237044761811816],[-73.1232199563013,45.237043800303226],[-73.12321746078143,45.23704281665467],[-73.12321498322787,45.237041811498635],[-73.1232125227423,45.23704078420258],[-73.12321008112137,45.237039735399044],[-73.12320765836505,45.2370386657207],[-73.12320525357504,45.237037574534874],[-73.12320286854795,45.23703646247414],[-73.12320050508045,45.23703532953854],[-73.12319815957923,45.23703417572804],[-73.12319583563759,45.2370330004101],[-73.12319353325552,45.23703180548246],[-73.1231912506364,45.23703059031244],[-73.12318899047514,45.237029355532734],[-73.12318675187345,45.237028100510635],[-73.12318453572964,45.23702682651142],[-73.12318234294203,45.237025532269875],[-73.1231801726123,45.23702421968369],[-73.12317802563877,45.23702288622263],[-73.12317590202144,45.2370215356821],[-73.12317380265861,45.23702016679698],[-73.12317172755033,45.23701877830211],[-73.12316967759484,45.237017372727706],[-73.12316765189388,45.237015948808754],[-73.12316565224405,45.23701450654515],[-73.12316367774704,45.237013047834665],[-73.12316172840288,45.237011570779515],[-73.1231598069065,45.237010077277525],[-73.12315791056294,45.237008566696],[-73.12315604116883,45.23700703966761],[-73.12315419872418,45.23700549682486],[-73.12315238502562,45.23700393627003],[-73.1231505973782,45.23700236179863],[-73.12314883847688,45.23700077024768],[-73.12314710742334,45.236999164780165],[-73.12314540511586,45.23699754349826],[-73.12314373155449,45.23699590640204],[-73.1231420867392,45.236994255389185],[-73.12314047067,45.23699259045969],[-73.12313888514353,45.23699091161356],[-73.12313732836314,45.23698921885081],[-73.12313580302379,45.23698751153888],[-73.12313430643052,45.23698579157539],[-73.12313284037998,45.236984058327884],[-73.12313140666879,45.23698231242886],[-73.12313000260201,45.23698055451089],[-73.12312862997624,45.23697878330888],[-73.12312728789321,45.236977001353125],[-73.12312597814953,45.23697520737838],[-73.12312469984688,45.23697340138474],[-73.1231234538836,45.236971584637274],[-73.12312223936132,45.23696975776862],[-73.1231210580767,45.236967919513596],[-73.12311990913147,45.23696607050484],[-73.12311879162725,45.23696421263995],[-73.12311770825902,45.236962344653854],[-73.12311665812847,45.23696046654652],[-73.12311564033723,45.23695858084831],[-73.12311465668202,45.23695668566139],[-73.12311370536611,45.23695478161843],[-73.12311278908453,45.23695286935197],[-73.12311190604059,45.23695094949458],[-73.12311105623435,45.23694902141363],[-73.12240839671405,45.23704741924433],[-73.12365668664971,45.23755936961864],[-73.12354400826868,45.23708549623406]],[[-73.12352975380175,45.237348726116956],[-73.12332074458122,45.23737353353236],[-73.12327270986636,45.23717151759742],[-73.12348171818856,45.237146709461285],[-73.12352975380175,45.237348726116956]],[[-73.12297003151453,45.23699023792436],[-73.1230112363383,45.237137119694886],[-73.12272683151596,45.237176946945574],[-73.12268562759051,45.23703006464547],[-73.12297003151453,45.23699023792436]]]},"properties":{"NO_LOT":"5 682 054","geoId":"ca/qc/lot/5-682-054","name":"5 682 054","code":"5 682 054","level":"locality","country":"CA","noLot":"5 682 054"}},{"type":"Feature","geometry":{"type":"Polygon","coordinates":[[[-73.12407257518524,45.23686423259903],[-73.12369575797467,45.2369089599512],[-73.12372108148254,45.23701545603536],[-73.12409789779477,45.23697072813449],[-73.12407257518524,45.23686423259903]]]},"properties":{"NO_LOT":"5 171 764","geoId":"ca/qc/lot/5-171-764","name":"5 171 764","code":"5 171 764","level":"locality","country":"CA","noLot":"5 171 764"}},{"type":"Feature","geometry":{"type":"Polygon","coordinates":[[[-73.12478835639688,45.2310152759378],[-73.1248573002983,45.230931324741384],[-73.12453833728699,45.23080053966466],[-73.12448573643553,45.230864590094434],[-73.12446941764007,45.230884461320244],[-73.12478835639688,45.2310152759378]]]},"properties":{"NO_LOT":"6 693 656","geoId":"ca/qc/lot/6-693-656","name":"6 693 656","code":"6 693 656","level":"locality","country":"CA","noLot":"6 693 656"}},{"type":"Feature","geometry":{"type":"Polygon","coordinates":[[[-73.123100373469,45.23821743781677],[-73.12293969001747,45.23841156901598],[-73.1234978537277,45.23864125160849],[-73.12365820031097,45.23844698076658],[-73.123100373469,45.23821743781677]]]},"properties":{"NO_LOT":"4 391 366","geoId":"ca/qc/lot/4-391-366","name":"4 391 366","code":"4 391 366","level":"locality","country":"CA","noLot":"4 391 366"}},{"type":"Feature","geometry":{"type":"Polygon","coordinates":[[[-73.12594977385466,45.23899762678997],[-73.12593310920782,45.23889554836052],[-73.12550570427038,45.23871909930043],[-73.12535885307763,45.23889670719361],[-73.12598095258156,45.2391534488653],[-73.12594977385466,45.23899762678997]]]},"properties":{"NO_LOT":"4 390 598","geoId":"ca/qc/lot/4-390-598","name":"4 390 598","code":"4 390 598","level":"locality","country":"CA","noLot":"4 390 598"}},{"type":"Feature","geometry":{"type":"Polygon","coordinates":[[[-73.12368992790849,45.231309044681105],[-73.12347260208504,45.23122057183483],[-73.12337519596217,45.23133917709112],[-73.12327778894097,45.23145778146727],[-73.12318038191977,45.23157638559589],[-73.12306348055859,45.231718725786294],[-73.12296607263906,45.23183733000302],[-73.12284917037958,45.23197967080511],[-73.12265435184558,45.23221687790195],[-73.12255693224797,45.23233549309897],[-73.122440037175,45.232477821266194],[-73.12222573597911,45.232738747616885],[-73.12244308426044,45.23282720038657],[-73.12257945840203,45.23266115553455],[-73.12267686811818,45.232542553669624],[-73.12277427693601,45.232423950292024],[-73.12287168665216,45.232305346034224],[-73.12298858891167,45.23216300668042],[-73.12318340385238,45.231925800623976],[-73.12339771133645,45.231664855990466],[-73.12349511745934,45.231546253311684],[-73.12368992790849,45.231309044681105]]]},"properties":{"NO_LOT":"4 391 899","geoId":"ca/qc/lot/4-391-899","name":"4 391 899","code":"4 391 899","level":"locality","country":"CA","noLot":"4 391 899"}},{"type":"Feature","geometry":{"type":"Polygon","coordinates":[[[-73.1234505223937,45.23905795618396],[-73.12335273808006,45.23917642616491],[-73.12389580200866,45.239379591897546],[-73.12396569363273,45.23929500153408],[-73.12398114645225,45.23927628068853],[-73.1234505223937,45.23905795618396]]]},"properties":{"NO_LOT":"4 391 354","geoId":"ca/qc/lot/4-391-354","name":"4 391 354","code":"4 391 354","level":"locality","country":"CA","noLot":"4 391 354"}},{"type":"Feature","geometry":{"type":"Polygon","coordinates":[[[-73.12382755969148,45.24312706088617],[-73.12350124935948,45.24297848683527],[-73.12318577899799,45.243324270140846],[-73.12351209202495,45.24347284581745],[-73.12382755969148,45.24312706088617]]]},"properties":{"NO_LOT":"4 391 487","geoId":"ca/qc/lot/4-391-487","name":"4 391 487","code":"4 391 487","level":"locality","country":"CA","noLot":"4 391 487"}},{"type":"Feature","geometry":{"type":"Polygon","coordinates":[[[-73.1254980703871,45.231036284594595],[-73.12517579349071,45.23090414148187],[-73.12507839275771,45.23102274803115],[-73.12540033637913,45.2311543006178],[-73.1254980703871,45.231036284594595]]]},"properties":{"NO_LOT":"4 391 171","geoId":"ca/qc/lot/4-391-171","name":"4 391 171","code":"4 391 171","level":"locality","country":"CA","noLot":"4 391 171"}},{"type":"Feature","geometry":{"type":"Polygon","coordinates":[[[-73.11444790575524,45.255781954232496],[-73.12533431649395,45.24394711879847],[-73.1258194076457,45.24336577424264],[-73.12453378732009,45.2428344518985],[-73.12428991448338,45.24310176958718],[-73.12382245456573,45.24361415749566],[-73.12350698330593,45.24395994325717],[-73.12319150935119,45.244305727546454],[-73.12304425750982,45.24446712247053],[-73.12289700656676,45.244628518833466],[-73.12124510806554,45.246436139800636],[-73.11317099639295,45.25524969576035],[-73.11444790575524,45.255781954232496]]]},"properties":{"NO_LOT":"4 390 002","geoId":"ca/qc/lot/4-390-002","name":"4 390 002","code":"4 390 002","level":"locality","country":"CA","noLot":"4 390 002"}},{"type":"Feature","geometry":{"type":"Polygon","coordinates":[[[-73.12468156108264,45.238427938935764],[-73.12487717103238,45.2381910506383],[-73.12517067668685,45.23783567554002],[-73.1246402107318,45.23761700075218],[-73.12442115026154,45.23788190319743],[-73.12415109153432,45.23820926199928],[-73.12468156108264,45.238427938935764]]]},"properties":{"NO_LOT":"4 391 344","geoId":"ca/qc/lot/4-391-344","name":"4 391 344","code":"4 391 344","level":"locality","country":"CA","noLot":"4 391 344"}},{"type":"Feature","geometry":{"type":"Polygon","coordinates":[[[-73.12349058635705,45.236860823028145],[-73.12348913737449,45.23685480345867],[-73.12348765425597,45.23684878831661],[-73.12348613610312,45.23684277696931],[-73.12348458471264,45.236836770049386],[-73.12348299828784,45.23683076755686],[-73.12348137862539,45.236824769491705],[-73.12347972482696,45.236818776486544],[-73.1234780350959,45.236812788541286],[-73.12347631212718,45.23680680439091],[-73.1234745550225,45.23680082530044],[-73.12347276468013,45.23679485253514],[-73.12347093930347,45.236788883564586],[-73.12346908068915,45.236782920286615],[-73.12346718704053,45.23677696206861],[-73.12346526015423,45.23677101017574],[-73.12346329913198,45.23676506334283],[-73.12346130577038,45.23675912220247],[-73.12345927647614,45.23675318612209],[-73.12345721304592,45.23674725636684],[-73.12345511727636,45.23674133356926],[-73.12345298737083,45.23673541519908],[-73.1234508233293,45.23672950315409],[-73.12344862605012,45.236723598066796],[-73.12344639553328,45.236717699304585],[-73.12344412998213,45.236711806235],[-73.12344183209164,45.23670592012311],[-73.12343950006516,45.236700040336366],[-73.12343713480102,45.23669416750733],[-73.1234347362992,45.23668830100345],[-73.12343230366142,45.236682441457305],[-73.12342983778596,45.23667658950147],[-73.12342733957115,45.23667074450333],[-73.12342779322037,45.23667186099923],[-73.12342821183529,45.236672986351174],[-73.12342859721257,45.236674116131105],[-73.12342894845384,45.23667525223678],[-73.12342926466081,45.23667639340303],[-73.12342954493518,45.23667753899732],[-73.12342979107356,45.236678688387],[-73.12343000217767,45.23667984157213],[-73.12343017824745,45.23668099855267],[-73.12343031838465,45.236682156165756],[-73.12343042348752,45.23668331630917],[-73.12343049355611,45.23668447835022],[-73.1234305285904,45.2366856403913],[-73.12343052589547,45.2366868030649],[-73.12343048996286,45.2366879663711],[-73.12343041809763,45.23668912714694],[-73.12343031119812,45.23669028729016],[-73.12343016836597,45.23669144616824],[-73.12342999049955,45.236692602515944],[-73.12342977759884,45.2366937550682],[-73.12342952966382,45.23669490445761],[-73.12342924579619,45.23669604941889],[-73.12342892779257,45.23669719058472],[-73.123428575653,45.2366983260574],[-73.1234281884791,45.23669945646942],[-73.12342776627092,45.23670058055564],[-73.12342730992675,45.236701697050954],[-73.12342682124324,45.23670280722049],[-73.12342629752543,45.236703909166515],[-73.12342574056996,45.23670500415422],[-73.1234251503768,45.23670608902067],[-73.123424526946,45.236707165031085],[-73.12342387207416,45.23670823218542],[-73.12342318396465,45.236709288585914],[-73.12342246441409,45.2367103329675],[-73.12342171252422,45.236711368493005],[-73.12342092919327,45.23671239010183],[-73.12342011531965,45.236713401589455],[-73.12341927000496,45.23671439916041],[-73.12341839504586,45.23671538344724],[-73.12341749044238,45.23671635508257],[-73.12341655619447,45.23671731216866],[-73.1234155932005,45.2367182553381],[-73.12341460146042,45.23671918206055],[-73.12341358187257,45.23672009549891],[-73.12341253443697,45.23672099249032],[-73.12341146005187,45.23672187303472],[-73.12341035961565,45.2367227371322],[-73.12340923222997,45.23672358415014],[-73.12340808058978,45.23672441408854],[-73.12340690200011,45.2367252263148],[-73.12340570005426,45.23672602019641],[-73.12340447385391,45.236726796365886],[-73.12340322519566,45.236727553558104],[-73.12340195318123,45.236728290507905],[-73.12340065781058,45.23672900911305],[-73.12339934177871,45.23672970747577],[-73.12339800508555,45.23673038559612],[-73.12339664773116,45.23673104220888],[-73.12339527151215,45.2367316792118],[-73.1233938755302,45.23673229533978],[-73.12339246158193,45.23673288932762],[-73.12339102787075,45.23673346244046],[-73.12338957888818,45.23673401214801],[-73.12338811283765,45.236734541613195],[-73.12338663241405,45.23673504704055],[-73.12338513492247,45.23673553032772],[-73.12338362395616,45.236735991474774],[-73.12338209951513,45.23673642858401],[-73.12338056070105,45.236736842287996],[-73.12337901110719,45.236737233219216],[-73.12337744983522,45.23673760011267],[-73.12337587778347,45.23673794360077],[-73.12337429495194,45.23673826241852],[-73.12337270313725,45.236738557198386],[-73.12337110323774,45.23673882857296],[-73.12336949525339,45.23673907401201],[-73.12336787918419,45.236739296045805],[-73.12336625682678,45.23673949340914],[-73.12336462997781,45.23673966610207],[-73.12336299684061,45.236739813491994],[-73.12336136100849,45.236739936211514],[-73.12335972068476,45.23674003426057],[-73.12335807946275,45.23674010763927],[-73.12335643374915,45.2367401544498],[-73.12335478893387,45.2367401772225],[-73.12335314322027,45.23674017532479],[-73.12335149840499,45.23674014812408],[-73.12334985448801,45.23674009625292],[-73.12334821236767,45.23674001844622],[-73.12334536291159,45.236739873586586],[-73.12334251165888,45.23673975213224],[-73.1233396577112,45.23673965724602],[-73.12333680376356,45.23673958639761],[-73.12333394801928,45.236739541484795],[-73.12333109227498,45.236739521242434],[-73.12332823473406,45.236739526303026],[-73.12332537898978,45.236739557299195],[-73.1233225241438,45.236739612333196],[-73.12331966929783,45.23673969330277],[-73.12331681714682,45.23673979831018],[-73.12331396679241,45.23673992925317],[-73.12331111913295,45.23674008549916],[-73.12330827416845,45.23674026641556],[-73.1233054318989,45.23674047263495],[-73.12330259412091,45.236740703524745],[-73.1232997608345,45.236740959084955],[-73.12329693203968,45.23674123931563],[-73.12329410863474,45.23674154548183],[-73.12329129061969,45.23674187631843],[-73.12328847889285,45.23674223119287],[-73.12328567435253,45.236742611370346],[-73.12328287520212,45.23674301621818],[-73.12328008413651,45.23674344510388],[-73.12327730115577,45.236743899292584],[-73.12327452625986,45.23674437751909],[-73.12327175855046,45.236744880416055],[-73.12326900162086,45.236745407350845],[-73.1232662536744,45.23674595832345],[-73.12326351560942,45.23674653459904],[-73.12326078922253,45.23674713364733],[-73.12325807181881,45.23674775610085],[-73.12325536609316,45.23674840448994],[-73.12325267204562,45.23674907565171],[-73.12324998967618,45.23674977021877],[-73.12324732078147,45.23675048819105],[-73.12324466356486,45.23675123020114],[-73.1232420207213,45.236751995616515],[-73.12323939225078,45.23675278317199],[-73.12323677545835,45.23675359413272],[-73.1232341748356,45.23675442849873],[-73.12323158858591,45.23675528626991],[-73.12322901760756,45.236756165548705],[-73.1232264627989,45.23675706823267],[-73.1232239241599,45.23675799368935],[-73.12322140169059,45.23675894065355],[-73.12321889539095,45.236759909125254],[-73.12321640795594,45.23676090036964],[-73.1232139375889,45.236761913754115],[-73.12321148518816,45.23676294864609],[-73.12320905075374,45.23676400441303],[-73.12320663608227,45.23676508232006],[-73.12320423937707,45.236766180469466],[-73.12320186243484,45.236767300758906],[-73.12319950705216,45.23676844129077],[-73.1231971696358,45.23676960269749],[-73.12319485467732,45.236770784346646],[-73.12319255948177,45.23677198623812],[-73.12319028674409,45.236773208371964],[-73.12318803556599,45.23677445074817],[-73.12318580594746,45.23677571146899],[-73.12318359878681,45.23677699369734],[-73.12318141498234,45.236778293637734],[-73.12317925363577,45.236779613187885],[-73.1231771156454,45.23678095234782],[-73.12317500190953,45.23678230921983],[-73.12317291242817,45.23678368570156],[-73.12317084630303,45.236785079262816],[-73.1231688053307,45.23678649116867],[-73.12316679040951,45.23678792141913],[-73.12316480064115,45.23678936938164],[-73.12316283602564,45.23679083442364],[-73.12316089746126,45.23679231717764],[-73.12315898584633,45.23679381637857],[-73.12315709938424,45.236795332658936],[-73.1231552407699,45.23679686475364],[-73.12315341000337,45.236798413295226],[-73.12315160438965,45.2367999782837],[-73.12314982842031,45.23680155845388],[-73.12314807940047,45.23680315443839],[-73.123146360025,45.236804765604624],[-73.12314466849732,45.23680639132002],[-73.12314300571573,45.23680803348229],[-73.12314137168023,45.23680968829603],[-73.12313976728915,45.23681135829146],[-73.12313819254244,45.23681304220347],[-73.12313664744016,45.23681473939953],[-73.12313513288058,45.2368164505121],[-73.12313364886374,45.23681817427614],[-73.1231321944913,45.23681991132416],[-73.12313077066158,45.23682166165622],[-73.12312937827288,45.23682342337452],[-73.1231280164269,45.23682519837679],[-73.1231266878186,45.2368269847654],[-73.1231253888547,45.23682878127506],[-73.12312412223015,45.23683059043622],[-73.12312288884327,45.23683241035101],[-73.1231216859991,45.23683424165209],[-73.12312051639259,45.23683608244173],[-73.12311937822713,45.23683793461764],[-73.12311827419767,45.23683979564948],[-73.12311720250752,45.23684166680248],[-73.12311616405506,45.23684354681144],[-73.12311515884025,45.23684543567639],[-73.1231141868631,45.23684733339727],[-73.12311324902196,45.23684923934159],[-73.12311234352015,45.23685115350924],[-73.12311147305263,45.23685307526775],[-73.12311063582278,45.23685500524966],[-73.12310983272893,45.23685694282236],[-73.12310906466936,45.236858885455575],[-73.12310832984745,45.23686083631218],[-73.12310763095816,45.23686279222934],[-73.12310696440824,45.23686475573731],[-73.12310633468923,45.236866723673195],[-73.12310573820787,45.23686869730218],[-73.12310517765913,45.23687067662426],[-73.12310465124636,45.23687266037426],[-73.12310416076623,45.23687464855223],[-73.12310370442206,45.236876640525594],[-73.1231032840105,45.2368786362943],[-73.12310289773494,45.23688063649097],[-73.12310254739197,45.2368826398504],[-73.12310223298162,45.23688464574009],[-73.12310195360557,45.23688665352742],[-73.1231017092638,45.2368886644775],[-73.12310150085467,45.236890677325256],[-73.12310132747982,45.23689269270324],[-73.12310119093588,45.236894707448606],[-73.12310108852796,45.23689672472415],[-73.12310102205262,45.23689874263224],[-73.12310099061158,45.23690076054022],[-73.12310099600148,45.23690277844813],[-73.12310103642568,45.23690479635597],[-73.12310111278246,45.23690681426373],[-73.12310122327524,45.23690883027373],[-73.12310137059896,45.23691084628364],[-73.12310155385526,45.23691286039579],[-73.12310177124756,45.2369148726101],[-73.12310202457247,45.23691688229407],[-73.12310231382999,45.236918890712836],[-73.12310263902015,45.236920895336084],[-73.12310299834625,45.236922897428975],[-73.12310339360498,45.23692489635892],[-73.12310382389799,45.23692689149335],[-73.12310428832699,45.23692888346488],[-73.12310478958692,45.236930870375716],[-73.12310532498282,45.2369328528585],[-73.12310589541305,45.23693483028064],[-73.12310650087755,45.23693680264214],[-73.12310714047803,45.23693876931036],[-73.12310781421448,45.23694073028542],[-73.12310840979751,45.2369423983793],[-73.12310903143168,45.23694406267768],[-73.12310968001532,45.23694572065031],[-73.12311035465011,45.23694737356229],[-73.12311105623435,45.23694902141363],[-73.12311190604059,45.23695094949458],[-73.12311278908453,45.23695286935197],[-73.12311370536611,45.23695478161843],[-73.12311465668202,45.23695668566139],[-73.12311564033723,45.23695858084831],[-73.12311665812847,45.23696046654652],[-73.12311770825902,45.236962344653854],[-73.12311879162725,45.23696421263995],[-73.12311990913147,45.23696607050484],[-73.1231210580767,45.236967919513596],[-73.12312223936132,45.23696975776862],[-73.1231234538836,45.236971584637274],[-73.12312469984688,45.23697340138474],[-73.12312597814953,45.23697520737838],[-73.12312728789321,45.236977001353125],[-73.12312862997624,45.23697878330888],[-73.12313000260201,45.23698055451089],[-73.12313140666879,45.23698231242886],[-73.12313284037998,45.236984058327884],[-73.12313430643052,45.23698579157539],[-73.12313580302379,45.23698751153888],[-73.12313732836314,45.23698921885081],[-73.12313888514353,45.23699091161356],[-73.12314047067,45.23699259045969],[-73.1231420867392,45.236994255389185],[-73.12314373155449,45.23699590640204],[-73.12314540511586,45.23699754349826],[-73.12314710742334,45.236999164780165],[-73.12314883847688,45.23700077024768],[-73.1231505973782,45.23700236179863],[-73.12315238502562,45.23700393627003],[-73.12315419872418,45.23700549682486],[-73.12315604116883,45.23700703966761],[-73.12315791056294,45.237008566696],[-73.1231598069065,45.237010077277525],[-73.12316172840288,45.237011570779515],[-73.12316367774704,45.237013047834665],[-73.12316565224405,45.23701450654515],[-73.12316765189388,45.237015948808754],[-73.12316967759484,45.237017372727706],[-73.12317172755033,45.23701877830211],[-73.12317380265861,45.23702016679698],[-73.12317590202144,45.2370215356821],[-73.12317802563877,45.23702288622263],[-73.1231801726123,45.23702421968369],[-73.12318234294203,45.237025532269875],[-73.12318453572964,45.23702682651142],[-73.12318675187345,45.237028100510635],[-73.12318899047514,45.237029355532734],[-73.1231912506364,45.23703059031244],[-73.12319353325552,45.23703180548246],[-73.12319583563759,45.2370330004101],[-73.12319815957923,45.23703417572804],[-73.12320050508045,45.23703532953854],[-73.12320286854795,45.23703646247414],[-73.12320525357504,45.237037574534874],[-73.12320765836505,45.2370386657207],[-73.12321008112137,45.237039735399044],[-73.1232125227423,45.23704078420258],[-73.12321498322787,45.237041811498635],[-73.12321746078143,45.23704281665467],[-73.1232199563013,45.237043800303226],[-73.12322246888914,45.237044761811816],[-73.12322499764666,45.2370457005478],[-73.1232275443705,45.23704661777632],[-73.12323010636568,45.237047511599705],[-73.12323268273393,45.23704838328309],[-73.12323527617015,45.23704923156134],[-73.1232378830811,45.23705005769953],[-73.12324050526341,45.2370508604326],[-73.12324314092047,45.237051640393034],[-73.12324579005224,45.23705239758098],[-73.12324845176043,45.23705313073113],[-73.12325112694334,45.23705383921103],[-73.12325381380434,45.237054525550896],[-73.1232565141401,45.23705518848563],[-73.12325922525562,45.23705582675009],[-73.12326194625263,45.237056441609376],[-73.1232646789277,45.23705703179839],[-73.12326742148429,45.23705759858229],[-73.12327017392231,45.23705814069586],[-73.1232729362418,45.23705865877173],[-73.12327570574783,45.23705915154475],[-73.12327848513532,45.237059621545185],[-73.12328127350595,45.23706006561019],[-73.1232840681648,45.237060485637535],[-73.12328687001018,45.2370608816271],[-73.12328967814375,45.23706125168127],[-73.12329249346385,45.23706159769775],[-73.12329531417384,45.2370619196765],[-73.12329814117206,45.23706221571985],[-73.12330097176351,45.237062486460346],[-73.1233038095415,45.2370627331631],[-73.1233066491161,45.23706295456305],[-73.12330949318229,45.237063150660106],[-73.12331233994342,45.237063322719514],[-73.12331519029782,45.23706346821086],[-73.12331804244884,45.237063589664565],[-73.12332089639652,45.23706368518278],[-73.1233237521408,45.23706375666336],[-73.12332660788509,45.23706380220846],[-73.12332946632432,45.23706382245075],[-73.12333232296693,45.237063817390194],[-73.12333518050784,45.2370637882919],[-73.12333803625214,45.2370637332582],[-73.12334089109811,45.23706365355425],[-73.12334374504576,45.23706354728228],[-73.12334659629848,45.23706341760516],[-73.12334944485623,45.23706326262523],[-73.12335229161738,45.23706308170985],[-73.12335513388695,45.23706287612422],[-73.12335797256324,45.237062645235724],[-73.12336080764628,45.237062389676964],[-73.12336363733941,45.23706210944787],[-73.12336646164268,45.237061803283396],[-73.12336928055603,45.23706147371381],[-73.12337209318117,45.23706111820875],[-73.12337489951813,45.23706073866603],[-73.12337769956689,45.237060334453],[-73.12338049153077,45.23705990556968],[-73.12338327540984,45.237059451383516],[-73.12338605120405,45.23705897315965],[-73.12338881891345,45.23705847026546],[-73.1233915776397,45.237057944598746],[-73.12339432648447,45.23705739236404],[-73.12339706544776,45.237056817356724],[-73.1233997936313,45.2370562183117],[-73.12340251103502,45.2370555945964],[-73.12340521855728,45.23705494747598],[-73.12340791350313,45.237054276317814],[-73.12341059677088,45.2370535811219],[-73.1234132665639,45.237052863153444],[-73.12341592467882,45.23705212114729],[-73.12341856842073,45.237051356368546],[-73.12342119868788,45.237050568184635],[-73.1234238154803,45.23704975722814],[-73.12342641700137,45.237048922233924],[-73.12342900414937,45.237048065099714],[-73.12343157602604,45.23704718519291],[-73.12343413263135,45.237046283146086],[-73.12343560766503,45.23704576949808],[-73.12343709886841,45.237045278622645],[-73.1234386035465,45.23704480925467],[-73.12344012349595,45.23704436455697],[-73.12344165512353,45.2370439426318],[-73.12344320022581,45.23704354347925],[-73.12344475790452,45.23704316836436],[-73.12344632546468,45.23704281665467],[-73.12344790470294,45.23704248961521],[-73.12344949112774,45.23704218534833],[-73.12345108833232,45.237041906384356],[-73.12345269362173,45.237041651458036],[-73.12345430609767,45.237041421202036],[-73.1234559248618,45.23704121561632],[-73.12345754991415,45.237041034068305],[-73.12345917945808,45.23704087845572],[-73.1234608143919,45.23704074624826],[-73.12346245291899,45.23704063934371],[-73.12346409324269,45.23704055837457],[-73.12346573626134,45.237040501443104],[-73.1234673801783,45.23704046918198],[-73.12346902589191,45.237040462223675],[-73.12347067070719,45.237040480568275],[-73.12347231372586,45.237040524215686],[-73.1234739567445,45.23704059253343],[-73.12347559527157,45.23704068552141],[-73.12347723290036,45.237040803179724],[-73.12347886424091,45.23704094614089],[-73.12348049288653,45.23704111440487],[-73.1234821143456,45.23704130607401],[-73.1234837304148,45.23704152431118],[-73.12348533929749,45.23704176532089],[-73.12348694099363,45.2370420316335],[-73.12348853370662,45.237042322616354],[-73.12349011743648,45.237042636371775],[-73.12349169128484,45.23704297543011],[-73.12349325435343,45.237043337260964],[-73.12349480574395,45.237043723129524],[-73.12349634545635,45.23704413240324],[-73.123497871694,45.237044565082115],[-73.12349938445693,45.237045021166104],[-73.12350088374517,45.23704550002267],[-73.12350236776199,45.23704600228439],[-73.12350383560917,45.237046526053476],[-73.12350528728668,45.237047072595175],[-73.12350672279449,45.23704764001171],[-73.12350813943769,45.23704823020081],[-73.1235095390129,45.23704884126479],[-73.1235109197235,45.23704947446871],[-73.12351227977285,45.23705012728238],[-73.12351362095757,45.23705080160346],[-73.1235149396844,45.237051495534246],[-73.12351623774998,45.23705220907468],[-73.12351751335768,45.23705294222488],[-73.1235187665075,45.23705369561731],[-73.12351999630114,45.237054467354334],[-73.12352120363688,45.23705525743589],[-73.1235223858198,45.23705606522945],[-73.12352354284988,45.23705689136759],[-73.12352467382883,45.23705773521765],[-73.12352577965493,45.237058595514576],[-73.12352685853159,45.23705947225839],[-73.12352791045879,45.23706036608157],[-73.12352893543654,45.237061275086425],[-73.1235299325665,45.237062199273],[-73.12353090095036,45.237063139273815],[-73.12353184058816,45.23706409319124],[-73.12353275058155,45.23706506102516],[-73.12353363182882,45.2370660421431],[-73.12353448253342,45.237067037177546],[-73.12353530269526,45.23706804549599],[-73.12353609141609,45.237069064568125],[-73.12353684869586,45.237070096291696],[-73.12353757543293,45.237071139401486],[-73.12353826983063,45.237072191999836],[-73.123538931889,45.23707325598445],[-73.12353956160801,45.23707433009017],[-73.12354015808937,45.237075413051876],[-73.12354072133306,45.23707650550214],[-73.12354125133908,45.23707760554323],[-73.12354174810741,45.23707871317512],[-73.12354221073979,45.23707982839785],[-73.12354263833788,45.23708095121144],[-73.1235430335966,45.23708207908556],[-73.12354339382102,45.23708321328534],[-73.12354371901115,45.23708435254569],[-73.12354400826868,45.23708549623406],[-73.12349058635705,45.236860823028145]]]},"properties":{"NO_LOT":"5 171 799","geoId":"ca/qc/lot/5-171-799","name":"5 171 799","code":"5 171 799","level":"locality","country":"CA","noLot":"5 171 799"}},{"type":"Feature","geometry":{"type":"Polygon","coordinates":[[[-73.12430092513382,45.23848061691203],[-73.12402196230548,45.23836561948196],[-73.1237285842118,45.238721070334876],[-73.1240075811761,45.23883602719485],[-73.12430092513382,45.23848061691203]]]},"properties":{"NO_LOT":"4 391 349","geoId":"ca/qc/lot/4-391-349","name":"4 391 349","code":"4 391 349","level":"locality","country":"CA","noLot":"4 391 349"}},{"type":"Feature","geometry":{"type":"Polygon","coordinates":[[[-73.12602434480304,45.23890836700144],[-73.12591215241058,45.23822732660088],[-73.1258444221331,45.23830944272448],[-73.12583858757532,45.238316505226784],[-73.12593310920782,45.23889554836052],[-73.12594977385466,45.23899762678997],[-73.12598095258156,45.2391534488653],[-73.12600683304488,45.23916413006899],[-73.12597797646299,45.238964583017406],[-73.12602434480304,45.23890836700144]]]},"properties":{"NO_LOT":"4 390 595","geoId":"ca/qc/lot/4-390-595","name":"4 390 595","code":"4 390 595","level":"locality","country":"CA","noLot":"4 390 595"}},{"type":"Feature","geometry":{"type":"Polygon","coordinates":[[[-73.1237700145127,45.239531863090086],[-73.12372116682249,45.239590990085084],[-73.12357433269771,45.23976872429126],[-73.12416945399703,45.24001404976659],[-73.12436526696604,45.23977724272158],[-73.1237700145127,45.239531863090086]]]},"properties":{"NO_LOT":"4 391 352","geoId":"ca/qc/lot/4-391-352","name":"4 391 352","code":"4 391 352","level":"locality","country":"CA","noLot":"4 391 352"}},{"type":"Feature","geometry":{"type":"Polygon","coordinates":[[[-73.12325173330615,45.230970414888496],[-73.12334913942904,45.23085181076056],[-73.12303057347309,45.230720137904456],[-73.12293298229724,45.23083866512498],[-73.12325173330615,45.230970414888496]]]},"properties":{"NO_LOT":"4 391 149","geoId":"ca/qc/lot/4-391-149","name":"4 391 149","code":"4 391 149","level":"locality","country":"CA","noLot":"4 391 149"}},{"type":"Feature","geometry":{"type":"Polygon","coordinates":[[[-73.1241738665217,45.23729020595235],[-73.12379704751454,45.23733493423433],[-73.12382236922578,45.23744142635731],[-73.12419918913126,45.23739669879173],[-73.1241738665217,45.23729020595235]]]},"properties":{"NO_LOT":"5 171 760","geoId":"ca/qc/lot/5-171-760","name":"5 171 760","code":"5 171 760","level":"locality","country":"CA","noLot":"5 171 760"}},{"type":"Feature","geometry":{"type":"Polygon","coordinates":[[[-73.12348171818856,45.237146709461285],[-73.12327270986636,45.23717151759742],[-73.12332074458122,45.23737353353236],[-73.12352975380175,45.237348726116956],[-73.12348171818856,45.237146709461285]]]},"properties":{"NO_LOT":"5 682 053","geoId":"ca/qc/lot/5-682-053","name":"5 682 053","code":"5 682 053","level":"locality","country":"CA","noLot":"5 682 053"}},{"type":"Feature","geometry":{"type":"Polygon","coordinates":[[[-73.12664485698384,45.23390542364716],[-73.12410547777914,45.23700260597137],[-73.12412322040431,45.237077220940016],[-73.12414854301386,45.23718371417855],[-73.1241738665217,45.23729020595235],[-73.12419918913126,45.23739669879173],[-73.12422451263912,45.237503190798954],[-73.12424983524868,45.237609683871746],[-73.12426846001947,45.23768800297223],[-73.12427644783897,45.23769814613924],[-73.12426013084014,45.23771795994268],[-73.12412946549216,45.23787663585255],[-73.12398009183009,45.23805802719113],[-73.12403021063643,45.238121937236734],[-73.12403185635003,45.23812401139907],[-73.12403353260635,45.2381260722776],[-73.12403523850706,45.23812812113741],[-73.1240369740522,45.23813015797855],[-73.12403874014005,45.23813218153583],[-73.12404053587231,45.23813419244189],[-73.12404235945233,45.23813619006409],[-73.12404421357506,45.23813817440248],[-73.1240460955456,45.238140145457116],[-73.1240480062622,45.23814210133019],[-73.1240499466232,45.238144043919476],[-73.12405191483201,45.23814597195986],[-73.12405390909194,45.238147886083844],[-73.12405593389458,45.2381497862915],[-73.1240579856467,45.23815167005252],[-73.12406006344995,45.23815353989722],[-73.12406216910097,45.23815539392785],[-73.12406430259978,45.23815723340955],[-73.12406646214971,45.238159056444665],[-73.12406864864911,45.23816086303318],[-73.12407086119967,45.23816265444026],[-73.12407309980135,45.238164429400705],[-73.12407536445419,45.23816618791461],[-73.12407765425984,45.238167929981884],[-73.12407996921831,45.238169654970015],[-73.12408230932964,45.23817136351162],[-73.12408467459379,45.23817305434145],[-73.12408706501076,45.23817472809218],[-73.12408947878393,45.2381763841312],[-73.12409191681161,45.23817802245857],[-73.12409437819548,45.23817964307421],[-73.12409686383388,45.23818124597815],[-73.12409937282847,45.23818282990529],[-73.12410190428093,45.23818439612077],[-73.1241044581913,45.23818594399197],[-73.12410703545784,45.23818747225381],[-73.12410963428395,45.23818898217144],[-73.12411225556795,45.23819047311221],[-73.12411489841152,45.2381919450762],[-73.12411756281466,45.23819339743088],[-73.12412024787905,45.238194830176155],[-73.12412295360467,45.238196243312125],[-73.12412568088988,45.23819763747126],[-73.1241284270397,45.23819901012339],[-73.12413119385077,45.23820036316615],[-73.12413397952648,45.238201695967014],[-73.12413678496509,45.23820300915852],[-73.12413961016667,45.238204301475584],[-73.12414245243623,45.238205572918226],[-73.12414531446872,45.2382068241189],[-73.12414819356921,45.238208053180045],[-73.12415109153432,45.23820926199928],[-73.12442115026154,45.23788190319743],[-73.1246402107318,45.23761700075218],[-73.12517067668685,45.23783567554002],[-73.12734692990426,45.23519208236057],[-73.12664485698384,45.23390542364716]]]},"properties":{"NO_LOT":"4 389 932","geoId":"ca/qc/lot/4-389-932","name":"4 389 932","code":"4 389 932","level":"locality","country":"CA","noLot":"4 389 932"}},{"type":"Feature","geometry":{"type":"Polygon","coordinates":[[[-73.12447813668824,45.23996182737495],[-73.12430190339917,45.24017495338377],[-73.12477128840646,45.240368485210226],[-73.12459505691403,45.24058161159123],[-73.12594333473072,45.24113749954299],[-73.12625038158977,45.24076374700532],[-73.12626140122336,45.2406970631212],[-73.12447813668824,45.23996182737495]]]},"properties":{"NO_LOT":"4 390 604","geoId":"ca/qc/lot/4-390-604","name":"4 390 604","code":"4 390 604","level":"locality","country":"CA","noLot":"4 390 604"}},{"type":"Feature","geometry":{"type":"Polygon","coordinates":[[[-73.12322496440899,45.24147731039496],[-73.12388720423307,45.241753849006834],[-73.12391501876922,45.241720838463245],[-73.12445114051731,45.24194241905299],[-73.12476379286373,45.24207163641598],[-73.12506534382989,45.242196263330634],[-73.12541302148925,45.24177683537516],[-73.12406630045297,45.24122105298513],[-73.12389006177399,45.24143417806559],[-73.12342078636115,45.241240505653536],[-73.12322496440899,45.24147731039496]]]},"properties":{"NO_LOT":"4 390 610","geoId":"ca/qc/lot/4-390-610","name":"4 390 610","code":"4 390 610","level":"locality","country":"CA","noLot":"4 390 610"}},{"type":"Feature","geometry":{"type":"Polygon","coordinates":[[[-73.12230430802376,45.237004728882624],[-73.12229669570004,45.23701398340832],[-73.12222736642137,45.237097831366604],[-73.12356788818387,45.23765139646655],[-73.12357168895585,45.237652979143306],[-73.12357547265982,45.23765458332725],[-73.12357924019412,45.23765620712066],[-73.1235829888638,45.237657851156044],[-73.12358672136381,45.23765951543347],[-73.12359043410088,45.2376611993204],[-73.12359412887164,45.23766290218415],[-73.12359780657442,45.23766462655508],[-73.12360146451425,45.237666369270315],[-73.1236051044878,45.23766813222757],[-73.12360872380006,45.2376699141617],[-73.12361232514604,45.23767171633779],[-73.12361590762738,45.23767353622569],[-73.12361946944749,45.23767537635557],[-73.12362301240297,45.23767723546231],[-73.12362653379888,45.23767911354591],[-73.12363003633018,45.237681010606416],[-73.12363351820021,45.23768292537863],[-73.12363697851067,45.23768485912775],[-73.12364041815992,45.23768681248625],[-73.1236438371479,45.23768878229139],[-73.12364723547462,45.237690771073346],[-73.12365061134346,45.23769277946476],[-73.12365396655102,45.23769480430277],[-73.12365729930073,45.237696847485054],[-73.12366060959256,45.23769890837907],[-73.1236638983248,45.23770098761736],[-73.12366716459918,45.23770308330223],[-73.12367040841568,45.237705197331415],[-73.12367362797765,45.2377073284397],[-73.12367682598006,45.23770947662719],[-73.12368000152459,45.237711641261214],[-73.1236831528146,45.23771382360696],[-73.12368628074844,45.23771602239933],[-73.12368938442773,45.2377182382708],[-73.12369246564917,45.23772047058885],[-73.12369552171775,45.23772271935346],[-73.12365668664971,45.23755936961864],[-73.12240839671405,45.23704741924433],[-73.12230430802376,45.237004728882624]]]},"properties":{"NO_LOT":"5 171 802","geoId":"ca/qc/lot/5-171-802","name":"5 171 802","code":"5 171 802","level":"locality","country":"CA","noLot":"5 171 802"}},{"type":"Feature","geometry":{"type":"Polygon","coordinates":[[[-73.12331522533212,45.242848232958664],[-73.12290733898915,45.24266251347405],[-73.12280726936146,45.24277219863106],[-73.12321512695834,45.242957950014876],[-73.12331522533212,45.242848232958664]]]},"properties":{"NO_LOT":"6 601 339","geoId":"ca/qc/lot/6-601-339","name":"6 601 339","code":"6 601 339","level":"locality","country":"CA","noLot":"6 601 339"}},{"type":"Feature","geometry":{"type":"Polygon","coordinates":[[[-73.1222439367451,45.24051974739299],[-73.1224900490818,45.24022158775626],[-73.12266212137447,45.24001312183283],[-73.12283419366715,45.23980465640958],[-73.12300709779979,45.23959518005028],[-73.12317981957439,45.23938592304441],[-73.12335273808006,45.23917642616491],[-73.1234505223937,45.23905795618396],[-73.123548305809,45.23893948595605],[-73.1237285842118,45.238721070334876],[-73.12402196230548,45.23836561948196],[-73.1240180896683,45.23836400835994],[-73.1240142340991,45.23836237636353],[-73.12401039829282,45.23836072412528],[-73.12400657955457,45.23835905038003],[-73.12400277968091,45.23835735639289],[-73.12399899777357,45.238355641531356],[-73.12399523473084,45.238353905162846],[-73.12399149055274,45.23835214918502],[-73.12398776613757,45.23835037359782],[-73.12398406148532,45.2383485765037],[-73.12398037659604,45.23834675916768],[-73.12397671146968,45.238344923487425],[-73.12397306610626,45.23834306630019],[-73.12396944140409,45.23834118950362],[-73.12396583736316,45.23833929309772],[-73.12396225308518,45.23833737708254],[-73.12395869126509,45.23833544209054],[-73.12395515010623,45.2383334874892],[-73.12395163140526,45.238331513278524],[-73.12394813336554,45.23832952009108],[-73.12394465778371,45.238327508559365],[-73.12394120376143,45.23832547741837],[-73.12393777129874,45.23832342730054],[-73.12393436219224,45.238321359471065],[-73.12393097644194,45.23831927203219],[-73.12392761225121,45.23831716751423],[-73.12392427231495,45.23831504338692],[-73.12392095483663,45.23831290154795],[-73.12391766161278,45.238310742629814],[-73.12391439084683,45.23830856410235],[-73.12391114523373,45.23830636912827],[-73.1239079229768,45.23830415517739],[-73.12390472497438,45.2383019254125],[-73.1239015521248,45.23829967730333],[-73.12389840352974,45.23829741211507],[-73.12389528008748,45.23829513048022],[-73.12389218089974,45.23829283050108],[-73.12388910686485,45.23829051407536],[-73.1238860588811,45.23828818246814],[-73.12388303605016,45.23828583251668],[-73.12388004016869,45.23828346738376],[-73.12387706944006,45.23828108517163],[-73.12387412386423,45.23827868714552],[-73.12387120523788,45.23827627330534],[-73.12386831356098,45.23827384365107],[-73.1238654479352,45.23827139755026],[-73.12386260925892,45.23826893626792],[-73.12385979753209,45.238266459171555],[-73.1238570127547,45.238263968158755],[-73.12385425492678,45.238261461331966],[-73.12385152494663,45.23825893932365],[-73.12384882281425,45.238256402133814],[-73.12384614942796,45.23825385166017],[-73.12384350209281,45.238251285372456],[-73.1238408844021,45.23824870516832],[-73.12383829366082,45.238246110415254],[-73.12383573166564,45.238243502378374],[-73.12383319931483,45.23824088042509],[-73.12383069481183,45.2382382445554],[-73.12380306173537,45.23827168346635],[-73.12365820031097,45.23844698076658],[-73.1234978537277,45.23864125160849],[-73.12333750534779,45.23883552178623],[-73.12317715606959,45.239029791932225],[-73.12301680589304,45.2392240620466],[-73.12283688501974,45.239442038645876],[-73.12269605972591,45.23961265151863],[-73.12255523263545,45.23978326387912],[-73.12237532344024,45.24000122378466],[-73.12221499033168,45.24019546527616],[-73.12201943338256,45.24043237810881],[-73.1222439367451,45.24051974739299]]]},"properties":{"NO_LOT":"4 391 901","geoId":"ca/qc/lot/4-391-901","name":"4 391 901","code":"4 391 901","level":"locality","country":"CA","noLot":"4 391 901"}},{"type":"Feature","geometry":{"type":"Polygon","coordinates":[[[-73.12419918913126,45.23739669879173],[-73.12382236922578,45.23744142635731],[-73.12384769183531,45.23754791891328],[-73.12422451263912,45.237503190798954],[-73.12419918913126,45.23739669879173]]]},"properties":{"NO_LOT":"5 171 759","geoId":"ca/qc/lot/5-171-759","name":"5 171 759","code":"5 171 759","level":"locality","country":"CA","noLot":"5 171 759"}},{"type":"Feature","geometry":{"type":"Polygon","coordinates":[[[-73.12514785139379,45.23882974279552],[-73.12455190094947,45.23858407695289],[-73.12435678327648,45.23882116792602],[-73.12495269778822,45.23906681882749],[-73.12514785139379,45.23882974279552]]]},"properties":{"NO_LOT":"4 391 345","geoId":"ca/qc/lot/4-391-345","name":"4 391 345","code":"4 391 345","level":"locality","country":"CA","noLot":"4 391 345"}},{"type":"Feature","geometry":{"type":"Polygon","coordinates":[[[-73.12527319512202,45.23078553658299],[-73.12517579349071,45.23090414148187],[-73.1254980703871,45.231036284594595],[-73.1255954720184,45.23091767933887],[-73.12527319512202,45.23078553658299]]]},"properties":{"NO_LOT":"5 908 913","geoId":"ca/qc/lot/5-908-913","name":"5 908 913","code":"5 908 913","level":"locality","country":"CA","noLot":"5 908 913"}},{"type":"Feature","geometry":{"type":"Polygon","coordinates":[[[-73.12330429553005,45.23658165628328],[-73.12316846217426,45.23642660269613],[-73.12298500553199,45.23650683128077],[-73.12313759516277,45.2366810137345],[-73.1233154831486,45.23660322144731],[-73.12330429553005,45.23658165628328]]]},"properties":{"NO_LOT":"5 682 049","geoId":"ca/qc/lot/5-682-049","name":"5 682 049","code":"5 682 049","level":"locality","country":"CA","noLot":"5 682 049"}},{"type":"Feature","geometry":{"type":"Polygon","coordinates":[[[-73.12331816911131,45.2328054288211],[-73.12299914860782,45.23267470246231],[-73.1229017406883,45.232793304684044],[-73.12322076029348,45.23292403330049],[-73.12331816911131,45.2328054288211]]]},"properties":{"NO_LOT":"4 391 203","geoId":"ca/qc/lot/4-391-203","name":"4 391 203","code":"4 391 203","level":"locality","country":"CA","noLot":"4 391 203"}},{"type":"Feature","geometry":{"type":"Polygon","coordinates":[[[-73.12403897999022,45.23192775924151],[-73.12372001428399,45.231796972029315],[-73.12350568164709,45.23205794768761],[-73.1238246868792,45.23218868811755],[-73.12403897999022,45.23192775924151]]]},"properties":{"NO_LOT":"4 391 195","geoId":"ca/qc/lot/4-391-195","name":"4 391 195","code":"4 391 195","level":"locality","country":"CA","noLot":"4 391 195"}},{"type":"Feature","geometry":{"type":"Polygon","coordinates":[[[-73.12317981957439,45.23938592304441],[-73.12300709779979,45.23959518005028],[-73.12354681640227,45.23980203073308],[-73.12357433269771,45.23976872429126],[-73.12372116682249,45.239590990085084],[-73.12317981957439,45.23938592304441]]]},"properties":{"NO_LOT":"4 391 358","geoId":"ca/qc/lot/4-391-358","name":"4 391 358","code":"4 391 358","level":"locality","country":"CA","noLot":"4 391 358"}},{"type":"Feature","geometry":{"type":"Polygon","coordinates":[[[-73.12348266141963,45.23349288814886],[-73.12316054262672,45.23336049833548],[-73.12306295145088,45.23347904345624],[-73.12338507024377,45.233611433626095],[-73.12348266141963,45.23349288814886]]]},"properties":{"NO_LOT":"4 391 260","geoId":"ca/qc/lot/4-391-260","name":"4 391 260","code":"4 391 260","level":"locality","country":"CA","noLot":"4 391 260"}},{"type":"Feature","geometry":{"type":"Polygon","coordinates":[[[-73.12351789604,45.242192167801846],[-73.12405402227967,45.242413749083454],[-73.12445114051731,45.24194241905299],[-73.12391501876922,45.241720838463245],[-73.12388720423307,45.241753849006834],[-73.12351789604,45.242192167801846]]]},"properties":{"NO_LOT":"4 390 613","geoId":"ca/qc/lot/4-390-613","name":"4 390 613","code":"4 390 613","level":"locality","country":"CA","noLot":"4 390 613"}},{"type":"Feature","geometry":{"type":"Polygon","coordinates":[[[-73.12579024653493,45.23068049781907],[-73.12546796963855,45.230548357042316],[-73.12527319512202,45.23078553658299],[-73.1255954720184,45.23091767933887],[-73.12579024653493,45.23068049781907]]]},"properties":{"NO_LOT":"5 908 912","geoId":"ca/qc/lot/5-908-912","name":"5 908 912","code":"5 908 912","level":"locality","country":"CA","noLot":"5 908 912"}},{"type":"Feature","geometry":{"type":"Polygon","coordinates":[[[-73.12464979485756,45.23154464009844],[-73.1249720753472,45.23167678425257],[-73.12516687950814,45.231439573003605],[-73.12484460081512,45.23130743019588],[-73.12464979485756,45.23154464009844]]]},"properties":{"NO_LOT":"4 391 172","geoId":"ca/qc/lot/4-391-172","name":"4 391 172","code":"4 391 172","level":"locality","country":"CA","noLot":"4 391 172"}},{"type":"Feature","geometry":{"type":"Polygon","coordinates":[[[-73.12602434480304,45.23890836700144],[-73.12670840290873,45.23807901743051],[-73.12620532029848,45.23787189290123],[-73.12591215241058,45.23822732660088],[-73.12602434480304,45.23890836700144]]]},"properties":{"NO_LOT":"4 390 594","geoId":"ca/qc/lot/4-390-594","name":"4 390 594","code":"4 390 594","level":"locality","country":"CA","noLot":"4 390 594"}},{"type":"Feature","geometry":{"type":"Polygon","coordinates":[[[-73.12607841799324,45.2398742693685],[-73.12597123101355,45.24000468124005],[-73.12483038407744,45.23953582913916],[-73.12465436728235,45.239748699934125],[-73.12620084489174,45.24038442191277],[-73.12611276238319,45.239832481868106],[-73.12607841799324,45.2398742693685]]]},"properties":{"NO_LOT":"4 390 601","geoId":"ca/qc/lot/4-390-601","name":"4 390 601","code":"4 390 601","level":"locality","country":"CA","noLot":"4 390 601"}},{"type":"Feature","geometry":{"type":"Polygon","coordinates":[[[-73.13372496482826,45.235943828269434],[-73.12761800911765,45.24331543852154],[-73.1277138315107,45.24335421275472],[-73.12775008841389,45.243647685587476],[-73.12792118513617,45.24371798389217],[-73.12792672594483,45.243791572988286],[-73.12779745118893,45.243957402526924],[-73.12794683563078,45.24401879367164],[-73.13419896627781,45.23644968863672],[-73.13372496482826,45.235943828269434]]]},"properties":{"NO_LOT":"4 389 977","geoId":"ca/qc/lot/4-389-977","name":"4 389 977","code":"4 389 977","level":"locality","country":"CA","noLot":"4 389 977"}},{"type":"Feature","geometry":{"type":"Polygon","coordinates":[[[-73.12372116682249,45.239590990085084],[-73.1237700145127,45.239531863090086],[-73.12389580200866,45.239379591897546],[-73.12335273808006,45.23917642616491],[-73.12317981957439,45.23938592304441],[-73.12372116682249,45.239590990085084]]]},"properties":{"NO_LOT":"4 391 355","geoId":"ca/qc/lot/4-391-355","name":"4 391 355","code":"4 391 355","level":"locality","country":"CA","noLot":"4 391 355"}},{"type":"Feature","geometry":{"type":"Polygon","coordinates":[[[-73.12827188652476,45.23618334608603],[-73.12846731321818,45.23594638580522],[-73.12796424318435,45.23573926868432],[-73.12776881559262,45.23597622793111],[-73.12827188652476,45.23618334608603]]]},"properties":{"NO_LOT":"4 390 588","geoId":"ca/qc/lot/4-390-588","name":"4 390 588","code":"4 390 588","level":"locality","country":"CA","noLot":"4 390 588"}},{"type":"Feature","geometry":{"type":"Polygon","coordinates":[[[-73.12338384224678,45.236306622074956],[-73.12373980237305,45.23616478678866],[-73.12373499369133,45.236158817119374],[-73.1237301544669,45.236152858835936],[-73.12372528559807,45.23614691320352],[-73.1237203852882,45.23614098022209],[-73.12371545533392,45.23613505862651],[-73.12371049663355,45.23612915094707],[-73.12370550649214,45.236123254653535],[-73.12370048760465,45.23611737164358],[-73.12369543817444,45.236111501917236],[-73.12369035909983,45.23610564484195],[-73.12368525127911,45.23609979978508],[-73.12368011381402,45.23609396801187],[-73.12367494580619,45.23608815015483],[-73.12366974815393,45.23608234368371],[-73.12366452265394,45.23607655176135],[-73.1236592666112,45.23607077312267],[-73.12365398092408,45.23606500713498],[-73.12364866649087,45.23605925506356],[-73.12364332331154,45.236053515643235],[-73.12363795138614,45.23604779077169],[-73.12363254891802,45.2360420791838],[-73.12362711950045,45.236036380879604],[-73.12362166043846,45.2360306971242],[-73.12361617263039,45.2360250266525],[-73.12361065517793,45.23601937072961],[-73.12360510987767,45.23601372809043],[-73.12359953583133,45.23600810000006],[-73.12359393393722,45.236002485826006],[-73.12347549016872,45.235988706268266],[-73.12331077777314,45.23598667441107],[-73.12314274789927,45.235996324467],[-73.12307403216991,45.23605993508964],[-73.12322727487592,45.23617262130652],[-73.12323243030731,45.236176430077386],[-73.12323756148423,45.23618025529515],[-73.12324266840662,45.23618409695972],[-73.12324774927788,45.23618795507112],[-73.1232528067929,45.23619183026195],[-73.12325783825682,45.236195721267066],[-73.1232628445679,45.236199628086425],[-73.12326782662447,45.23620355135257],[-73.12327278173159,45.23620749106558],[-73.12327771258418,45.236211445960265],[-73.1232826164873,45.236215417301786],[-73.12328749523762,45.23621940445752],[-73.12329234973342,45.236223406162296],[-73.12329717638144,45.236227424313924],[-73.12330197787664,45.23623145827976],[-73.12330675242237,45.23623550742727],[-73.12331150181527,45.23623957238898],[-73.12331622515703,45.236243651267166],[-73.12332092065103,45.23624774595956],[-73.12332559099218,45.236251857098786],[-73.12333023348558,45.23625598215442],[-73.12333485082613,45.236260122391705],[-73.1233394394206,45.236264275912866],[-73.12334400286225,45.236268446513435],[-73.12334853845611,45.23627263039782],[-73.12335304710054,45.23627682946384],[-73.12335752879548,45.23628104307884],[-73.12336198264266,45.23628526997776],[-73.12336640954038,45.23628951205829],[-73.12337080859032,45.23629376932035],[-73.12337518069081,45.23629803923375],[-73.12337952584184,45.23630232432873],[-73.12338384224678,45.236306622074956]]]},"properties":{"NO_LOT":"5 171 770","geoId":"ca/qc/lot/5-171-770","name":"5 171 770","code":"5 171 770","level":"locality","country":"CA","noLot":"5 171 770"}},{"type":"Feature","geometry":{"type":"Polygon","coordinates":[[[-73.12959870628424,45.23339122304796],[-73.12902087755415,45.23314247942823],[-73.12885479792274,45.23333796973694],[-73.12865673826721,45.23357936094072],[-73.12923980776867,45.23383028071498],[-73.12959870628424,45.23339122304796]]]},"properties":{"NO_LOT":"4 392 189","geoId":"ca/qc/lot/4-392-189","name":"4 392 189","code":"4 392 189","level":"locality","country":"CA","noLot":"4 392 189"}},{"type":"Feature","geometry":{"type":"Polygon","coordinates":[[[-73.12347260208504,45.23122057183483],[-73.12315432718326,45.23108902003417],[-73.12305691926375,45.231207624299735],[-73.12337519596217,45.23133917709112],[-73.12347260208504,45.23122057183483]]]},"properties":{"NO_LOT":"4 391 175","geoId":"ca/qc/lot/4-391-175","name":"4 391 175","code":"4 391 175","level":"locality","country":"CA","noLot":"4 391 175"}},{"type":"Feature","geometry":{"type":"Polygon","coordinates":[[[-73.12298386826484,45.23599363345843],[-73.12298013576485,45.23599090765767],[-73.12297637901032,45.235988197671404],[-73.12297259800128,45.23598550666245],[-73.12296879183943,45.23598283146798],[-73.12296496142307,45.23598017461828],[-73.12296110675219,45.2359775354808],[-73.12295722782677,45.23597491342295],[-73.12295332464687,45.23597230970989],[-73.12294939811076,45.23596972370905],[-73.12294544732013,45.23596715542041],[-73.12294147407164,45.23596460547659],[-73.12293747656862,45.23596207451016],[-73.12293345660773,45.23595956125597],[-73.12292941239232,45.23595706634657],[-73.12292534661734,45.235954590414565],[-73.12292125748617,45.235952132194804],[-73.12291714679543,45.235949694217624],[-73.12291301364681,45.23594727458524],[-73.1229088580403,45.235944873297676],[-73.12290468087423,45.23594249225269],[-73.12290048035197,45.23594012955257],[-73.12289626006677,45.23593778646239],[-73.12289201732366,45.235935462349666],[-73.12288775391934,45.23593315847955],[-73.12288346985375,45.235930873586796],[-73.12287916333028,45.23592860830409],[-73.12287483794218,45.235926363263964],[-73.12287049099452,45.23592413720129],[-73.12286612338562,45.23592193264631],[-73.12286173691207,45.23591974643628],[-73.12285732977729,45.23591758173394],[-73.12285290287956,45.23591543664169],[-73.1228484562189,45.2359133111594],[-73.12284399069364,45.235911207184934],[-73.1228395045071,45.235909123453034],[-73.12283500035427,45.23590706059637],[-73.12283047733682,45.23590501861488],[-73.12282593635307,45.23590299624347],[-73.12282137560636,45.23590099537979],[-73.12281679779167,45.23589901539134],[-73.12281220111235,45.23589705627812],[-73.12280758646675,45.23589511867269],[-73.12280295475315,45.23589320257504],[-73.12272599248948,45.235861592331624],[-73.12256828874978,45.23579682069292],[-73.12227102903576,45.23567472969807],[-73.1220841237611,45.235597994984836],[-73.12183364201887,45.23549448016506],[-73.12173645508491,45.23561129829902],[-73.12217501709819,45.23579142663766],[-73.12247231454145,45.23591353382898],[-73.12270694191727,45.23600989843339],[-73.12271097355625,45.236011568452376],[-73.12271498722895,45.23601325871393],[-73.12271898203701,45.23601497048324],[-73.1227229606754,45.236016702495164],[-73.12272692044917,45.23601845474965],[-73.12273086225665,45.236020227879386],[-73.1227347851995,45.23602202061909],[-73.12273868927771,45.236023834866536],[-73.12274257449133,45.23602566872399],[-73.12274644173861,45.23602752155891],[-73.12275028742636,45.23602939526898],[-73.12275411514777,45.23603128985419],[-73.12275792220795,45.23603320341686],[-73.1227617104035,45.23603513658952],[-73.1227654770395,45.23603708937214],[-73.12276922481085,45.2360390617648],[-73.12277295102264,45.236041053767444],[-73.12277665657321,45.236043064747456],[-73.1227803414625,45.236045094704906],[-73.12278400479222,45.23604714363975],[-73.12278764656237,45.236049211552036],[-73.12279126767129,45.23605129844166],[-73.12279486632232,45.23605340367613],[-73.12279844251546,45.23605552852058],[-73.12280199714904,45.23605767044469],[-73.12280552932475,45.23605983134612],[-73.12280903994088,45.23606201122498],[-73.1228125263025,45.23606420881609],[-73.12281599020622,45.23606642475197],[-73.12281943165208,45.236068657767504],[-73.12282284974174,45.23607090849526],[-73.12282624357688,45.23607317756779],[-73.12282961495414,45.23607546371996],[-73.12283296028026,45.23607776758431],[-73.1228362831485,45.23608008852835],[-73.12283958266055,45.23608242655195],[-73.12284285701975,45.236084781655194],[-73.12284610622612,45.23608715320546],[-73.12297878020708,45.23618471562394],[-73.1230895119389,45.23626614139159],[-73.12309444548643,45.236269786317955],[-73.1230993511862,45.23627344832377],[-73.12310423263145,45.236277128674146],[-73.12310908712725,45.23628082420621],[-73.12311391736853,45.236284537450246],[-73.12311872066036,45.23628826714116],[-73.12312349700271,45.23629201454404],[-73.12312824729393,45.236295777128554],[-73.12313297243233,45.23629955742511],[-73.12313766972295,45.23630335353586],[-73.12314234096243,45.23630716609346],[-73.12314698525245,45.236310995097874],[-73.12315160349132,45.23631484054904],[-73.1231561929841,45.23631870118193],[-73.12316075732407,45.23632257826156],[-73.12316529381624,45.236326472420636],[-73.12316980246067,45.236330381128724],[-73.1231742832573,45.23633430565102],[-73.1231787389011,45.236338245354965],[-73.12318316490052,45.23634220150569],[-73.12318756395047,45.23634617220548],[-73.12319193425431,45.23635015935204],[-73.1231962767104,45.23635416104765],[-73.1232005913187,45.236358178557445],[-73.12320487897756,45.2363622093511],[-73.12320913699202,45.236366256591566],[-73.12321336626037,45.23637031838103],[-73.12321756857928,45.23637439408693],[-73.12322174125376,45.23637848560699],[-73.12322588518217,45.236382591043544],[-73.1232300003645,45.23638671102908],[-73.12323408769903,45.23639084556363],[-73.12323814449084,45.23639499401461],[-73.1232421734349,45.236399156382014],[-73.12324617273455,45.23640333329844],[-73.1232501423898,45.23640752413128],[-73.12325408329895,45.23641172824795],[-73.12325799456369,45.236415946281035],[-73.12326187708234,45.236420178230524],[-73.12326572905829,45.23642442346384],[-73.1232695504915,45.23642868261356],[-73.12327334317862,45.23643295441455],[-73.12327710442472,45.236437239499345],[-73.12328083782305,45.23644153723537],[-73.12328453978033,45.236445849520415],[-73.12328821209321,45.23645017319149],[-73.12329185296505,45.23645451014638],[-73.1232954650908,45.23645885911992],[-73.12329904487721,45.236463222009846],[-73.12330259591754,45.23646759628585],[-73.12330611461852,45.236471983213036],[-73.12330960367507,45.236476382158884],[-73.1233130621889,45.236480794388555],[-73.12331648926173,45.23648521737165],[-73.1233198848935,45.2364896523734],[-73.12332324998255,45.23649410002637],[-73.12332658273226,45.236498558432764],[-73.12332988583756,45.23650302949043],[-73.1233331566035,45.236507511301504],[-73.12333639682673,45.236512004498614],[-73.12333960471062,45.23651650908177],[-73.12334278205178,45.23652102441838],[-73.12334592705359,45.236525551141064],[-73.12334903971605,45.23653008924973],[-73.1233521218358,45.23653463747927],[-73.12335517071786,45.23653919646228],[-73.12335818905723,45.236543766198686],[-73.12336117505723,45.236548346055976],[-73.12336412781956,45.23655293729929],[-73.12336705003916,45.23655753803091],[-73.12336993902113,45.236562149515954],[-73.12337279566374,45.23656677048925],[-73.12337561996698,45.236571401583426],[-73.12337841193089,45.236576042165844],[-73.12338117245375,45.23658069350168],[-73.12338389884064,45.23658535306067],[-73.12338659288818,45.236590022107904],[-73.12338925369806,45.236594701275955],[-73.1233918830669,45.23659939056487],[-73.12339447919805,45.23660408744431],[-73.12339704209157,45.236608793179435],[-73.12339957174741,45.23661350903537],[-73.1234020690639,45.23661823311441],[-73.12340453314272,45.236622965416586],[-73.12340696398388,45.23662770720698],[-73.12340936158738,45.236632455955295],[-73.1234117259532,45.23663721419186],[-73.12341405618305,45.23664198128411],[-73.12341635407354,45.23664675533426],[-73.12341861782807,45.23665153697497],[-73.12342084924322,45.23665632747129],[-73.1234230465224,45.23666112555814],[-73.1234252087673,45.236665931235486],[-73.12342733957115,45.23667074450333],[-73.12342983778596,45.23667658950147],[-73.12343230366142,45.236682441457305],[-73.1234347362992,45.23668830100345],[-73.12343713480102,45.23669416750733],[-73.12343950006516,45.236700040336366],[-73.12344183209164,45.23670592012311],[-73.12344412998213,45.236711806235],[-73.12344639553328,45.236717699304585],[-73.12344862605012,45.236723598066796],[-73.1234508233293,45.23672950315409],[-73.12345298737083,45.23673541519908],[-73.12345511727636,45.23674133356926],[-73.12345721304592,45.23674725636684],[-73.12345927647614,45.23675318612209],[-73.12346130577038,45.23675912220247],[-73.12346329913198,45.23676506334283],[-73.12346526015423,45.23677101017574],[-73.12346718704053,45.23677696206861],[-73.12346908068915,45.236782920286615],[-73.12347093930347,45.236788883564586],[-73.12347276468013,45.23679485253514],[-73.1234745550225,45.23680082530044],[-73.12347631212718,45.23680680439091],[-73.1234780350959,45.236812788541286],[-73.12347972482696,45.236818776486544],[-73.12348137862539,45.236824769491705],[-73.12348299828784,45.23683076755686],[-73.12348458471264,45.236836770049386],[-73.12348613610312,45.23684277696931],[-73.12348765425597,45.23684878831661],[-73.12348913737449,45.23685480345867],[-73.12349058635705,45.236860823028145],[-73.12354400826868,45.23708549623406],[-73.12365668664971,45.23755936961864],[-73.12369552171775,45.23772271935346],[-73.12369852927732,45.237724964322624],[-73.1237015134807,45.237727226370936],[-73.12370447342957,45.23772950360066],[-73.1237074082256,45.23773179664437],[-73.12371031966543,45.23773410423697],[-73.12371320505412,45.23773642827613],[-73.12371606708663,45.23773876749674],[-73.12371890306798,45.23774112126623],[-73.12372171569312,45.23774349148227],[-73.12372450136883,45.237745875614564],[-73.12372726189169,45.23774827429578],[-73.12372999636341,45.23775068752583],[-73.12373270658063,45.237753115304734],[-73.12373538984839,45.23775555763251],[-73.12373804616668,45.23775801450911],[-73.12374067733214,45.2377604840369],[-73.12374328244647,45.23776296811354],[-73.12374586061135,45.237765467371574],[-73.12374841272506,45.23776797864822],[-73.12375093699102,45.23777050447372],[-73.12375343430749,45.23777304231782],[-73.12375590467452,45.237775594078165],[-73.1237583489904,45.23777815912225],[-73.12376076456022,45.23778073745004],[-73.12376315228224,45.237783327163854],[-73.12376551395313,45.237785930161365],[-73.12376784687793,45.23778854644257],[-73.12377015195494,45.23779117410981],[-73.1237724300825,45.2377938144282],[-73.12377467766733,45.23779646613256],[-73.12377689830272,45.23779913048808],[-73.12377909109033,45.237801806229626],[-73.12378125423353,45.23780449335717],[-73.12378338952897,45.237807192503304],[-73.12390602842986,45.23796358019017],[-73.12391078141603,45.23790311616364],[-73.12391119284443,45.23789981229288],[-73.12391157013685,45.2378965065243],[-73.1239119132933,45.23789319822524],[-73.12391222231373,45.23788988929341],[-73.12391249629991,45.23788657846372],[-73.12391273525176,45.237883266368726],[-73.12391294006765,45.23787995237584],[-73.12391310984924,45.237876638382794],[-73.12391324459655,45.23787332312437],[-73.12391334610616,45.23787000723322],[-73.1239134125815,45.23786669134188],[-73.12391344492084,45.23786337418525],[-73.12391344222591,45.23786005829352],[-73.12391340359835,45.237856741136454],[-73.12391333173314,45.23785342524434],[-73.12391322573193,45.23785010935203],[-73.12391308469643,45.23784679535725],[-73.12391290862662,45.23784348009708],[-73.12391269931918,45.237840167367004],[-73.12391245407909,45.237836855269315],[-73.12391217380473,45.23783354443653],[-73.1239118602927,45.237830235501235],[-73.12391151174636,45.237826928463456],[-73.12391112906404,45.237823622058066],[-73.12391071134745,45.23782031944783],[-73.12391025859655,45.23781701810255],[-73.12390977260796,45.23781371928732],[-73.1239092515851,45.23781042300214],[-73.12390869732457,45.23780713051213],[-73.12390810802974,45.23780383928707],[-73.12390748370062,45.23780055248978],[-73.12390682613383,45.237797268222515],[-73.12390613263445,45.23779398838301],[-73.12390540679569,45.23779071107363],[-73.12390464592264,45.23778743945708],[-73.1238983370544,45.23776090405902],[-73.12387301354654,45.237654411902255],[-73.12384769183531,45.23754791891328],[-73.12382236922578,45.23744142635731],[-73.12379704751454,45.23733493423433],[-73.123771724905,45.23722844127921],[-73.12374640319378,45.237121948124496],[-73.12372108148254,45.23701545603536],[-73.12369575797467,45.2369089599512],[-73.12367899451316,45.23683846028639],[-73.12367755271714,45.23683246285463],[-73.12367607948006,45.236826469850286],[-73.12367457480195,45.236820481273305],[-73.12367303868282,45.23681449585851],[-73.12367147202097,45.23680851487114],[-73.12366987391808,45.236802538311196],[-73.12366817161062,45.23679629923232],[-73.12366643516718,45.23679006584591],[-73.12366466458774,45.23678383688684],[-73.12366286077065,45.23677761298766],[-73.1236610228176,45.23677139414844],[-73.12365915072853,45.23676518036912],[-73.1236572445035,45.236758971017125],[-73.12365530504081,45.23675276735763],[-73.12365333054382,45.23674656939063],[-73.12365132370746,45.23674037585101],[-73.12364928273514,45.23673418926901],[-73.12364720852516,45.236728007114344],[-73.12364509928086,45.23672183128477],[-73.12364295769721,45.2367156611477],[-73.12364078287592,45.23670949607059],[-73.12363857391863,45.23670333795113],[-73.12363633082538,45.23669718489159],[-73.12363407425738,45.236691091926026],[-73.12363178445172,45.2366850040204],[-73.12362946230671,45.23667892307253],[-73.12362710782236,45.23667284781713],[-73.12362471920201,45.236666778886814],[-73.12362230003895,45.23666071691425],[-73.1236198458416,45.2366546618993],[-73.12361735930489,45.23664861320953],[-73.12361484132715,45.23664257084484],[-73.12361229101005,45.23663653543786],[-73.12360970655699,45.236630506988554],[-73.12360766288971,45.23662588791816],[-73.12360559227298,45.23662127517317],[-73.1236034947068,45.23661666812093],[-73.12360136929283,45.23661206739415],[-73.1235992169294,45.236607472360134],[-73.12359703761653,45.23660288428411],[-73.12359482955756,45.23659830316609],[-73.12359259544745,45.236593728373414],[-73.12359019335238,45.236588875879264],[-73.1235877607146,45.23658403224083],[-73.12358529663578,45.23657919619288],[-73.12358280291252,45.23657436710288],[-73.12358027864659,45.23656954623593],[-73.12357772383793,45.23656473422465],[-73.12357513848653,45.236559929171335],[-73.12357252349075,45.23655513234111],[-73.12356987705391,45.23655034436656],[-73.12356720187101,45.23654556398252],[-73.12356449614536,45.236540793086704],[-73.12356176077532,45.23653603041404],[-73.12355899486256,45.23653127596443],[-73.12355619840707,45.23652653100314],[-73.12355337320552,45.23652179426491],[-73.12355051835955,45.236517066382376],[-73.12354763207254,45.23651234798813],[-73.12354471793775,45.236507638449545],[-73.12354177326026,45.23650293839924],[-73.12353879893836,45.23649824720464],[-73.12353579676866,45.236493564865754],[-73.12353276225964,45.23648889328029],[-73.12352969990283,45.23648423118308],[-73.12352660790162,45.23647957794163],[-73.12352348715432,45.236474935453565],[-73.12352033766095,45.23647030245381],[-73.12351715762483,45.23646567830978],[-73.12351394884264,45.23646106491918],[-73.12351071131435,45.23645646228204],[-73.12350744503998,45.23645186913321],[-73.1235041491212,45.236447287370375],[-73.12350082535465,45.23644271509585],[-73.1234974719437,45.23643815294225],[-73.12349408978666,45.23643360217464],[-73.12349067888353,45.236429062160546],[-73.12348724013262,45.23642453226732],[-73.12348377353393,45.236420013127564],[-73.12348027729085,45.236415506006445],[-73.12347675319998,45.23641100900621],[-73.12347320036304,45.236406523392034],[-73.12346961878,45.23640204916393],[-73.1234660102475,45.2363975863219],[-73.12346237296892,45.23639313423333],[-73.12345870694425,45.23638869416343],[-73.12345501397012,45.236384265479565],[-73.12345129314821,45.23637984691664],[-73.12344754447851,45.23637544227011],[-73.12344376706275,45.236371048377116],[-73.12343996269753,45.23636666713529],[-73.12343613138285,45.23636229727961],[-73.12343227132206,45.23635793944256],[-73.12342838431182,45.23635359425674],[-73.12342447035213,45.23634926108966],[-73.12342052944298,45.236344939941205],[-73.12341655978776,45.23634063144399],[-73.12341256497967,45.23633633496548],[-73.12340854232384,45.23633205240343],[-73.12340449182022,45.23632778249258],[-73.12340041616378,45.23632352396788],[-73.12339631176124,45.23631927935958],[-73.12339218220588,45.23631504740257],[-73.12338802480275,45.23631082809686],[-73.12338384224678,45.236306622074956],[-73.12337952584184,45.23630232432873],[-73.12337518069081,45.23629803923375],[-73.12337080859032,45.23629376932035],[-73.12336640954038,45.23628951205829],[-73.12336198264266,45.23628526997776],[-73.12335752879548,45.23628104307884],[-73.12335304710054,45.23627682946384],[-73.12334853845611,45.23627263039782],[-73.12334400286225,45.236268446513435],[-73.1233394394206,45.236264275912866],[-73.12333485082613,45.236260122391705],[-73.12333023348558,45.23625598215442],[-73.12332559099218,45.236251857098786],[-73.12332092065103,45.23624774595956],[-73.12331622515703,45.236243651267166],[-73.12331150181527,45.23623957238898],[-73.12330675242237,45.23623550742727],[-73.12330197787664,45.23623145827976],[-73.12329717638144,45.236227424313924],[-73.12329234973342,45.236223406162296],[-73.12328749523762,45.23621940445752],[-73.1232826164873,45.236215417301786],[-73.12327771258418,45.236211445960265],[-73.12327278173159,45.23620749106558],[-73.12326782662447,45.23620355135257],[-73.1232628445679,45.236199628086425],[-73.12325783825682,45.236195721267066],[-73.1232528067929,45.23619183026195],[-73.12324774927788,45.23618795507112],[-73.12324266840662,45.23618409695972],[-73.12323756148423,45.23618025529515],[-73.12323243030731,45.236176430077386],[-73.12322727487592,45.23617262130652],[-73.12307403216991,45.23605993508964],[-73.12298386826484,45.23599363345843]]]},"properties":{"NO_LOT":"5 171 801","geoId":"ca/qc/lot/5-171-801","name":"5 171 801","code":"5 171 801","level":"locality","country":"CA","noLot":"5 171 801"}},{"type":"Feature","geometry":{"type":"Polygon","coordinates":[[[-73.12440044948416,45.230968442319956],[-73.12471941159713,45.23109922827551],[-73.12478835639688,45.2310152759378],[-73.12446941764007,45.230884461320244],[-73.12440044948416,45.230968442319956]]]},"properties":{"NO_LOT":"6 693 657","geoId":"ca/qc/lot/6-693-657","name":"6 693 657","code":"6 693 657","level":"locality","country":"CA","noLot":"6 693 657"}},{"type":"Feature","geometry":{"type":"Polygon","coordinates":[[[-73.12376481775878,45.230864758376754],[-73.1234465446536,45.230733206385175],[-73.12334913942904,45.23085181076056],[-73.1236674125342,45.23098336374292],[-73.12376481775878,45.230864758376754]]]},"properties":{"NO_LOT":"4 391 144","geoId":"ca/qc/lot/4-391-144","name":"4 391 144","code":"4 391 144","level":"locality","country":"CA","noLot":"4 391 144"}},{"type":"Feature","geometry":{"type":"Polygon","coordinates":[[[-73.12222736642137,45.237097831366604],[-73.12218096664031,45.23715380942976],[-73.1220651091215,45.23729358260391],[-73.12194925160267,45.2374333566994],[-73.12183339318551,45.237573129818536],[-73.12171753387007,45.23771290259382],[-73.12160167365629,45.237852675657855],[-73.12148581344253,45.23799244774555],[-73.12136995233044,45.23813222138709],[-73.12125409121838,45.238271993419666],[-73.12113822920796,45.23841176637357],[-73.12102236629924,45.238551538351075],[-73.12079018862923,45.23883162653402],[-73.12064186689436,45.23901112919389],[-73.12053445084426,45.23914094275843],[-73.12044460224786,45.23924952396186],[-73.12016072204165,45.23959200658176],[-73.12016473032445,45.23959607826136],[-73.12016876735333,45.23960013665722],[-73.12017283223001,45.23960417923924],[-73.12017692675107,45.239608208537575],[-73.12018105091654,45.23961222138952],[-73.1201852038281,45.23961622032519],[-73.12018938548573,45.23962020471213],[-73.12019359499116,45.23962417328525],[-73.12019783324267,45.239628127309544],[-73.12020210024028,45.239632066152616],[-73.12020639508565,45.23963598918177],[-73.12021071867711,45.23963989639715],[-73.12021506921803,45.23964378969633],[-73.12021944940335,45.23964766528404],[-73.12022385563982,45.239651526322994],[-73.12022829062239,45.239655371548146],[-73.1202327525544,45.23965919969439],[-73.1202372423342,45.239663012659335],[-73.12024175906343,45.23966680917793],[-73.12024630453878,45.23967058925023],[-73.12025087516695,45.23967435350869],[-73.12025547364289,45.23967810132076],[-73.12026009906828,45.23968183268655],[-73.12026475144314,45.239685546340894],[-73.12026943076745,45.23968924418146],[-73.12027413524459,45.23969292557571],[-73.12027886756951,45.23969658925852],[-73.12028362414895,45.239700235229904],[-73.12028840947445,45.23970386538753],[-73.12029321905449,45.23970747846633],[-73.12029805558399,45.23971107320113],[-73.12030291726629,45.23971465022459],[-73.12030780410143,45.239718211434216],[-73.12031271788604,45.23972175366743],[-73.12031765682349,45.23972527818923],[-73.12032262091374,45.23972878626475],[-73.12032760836018,45.239732275363814],[-73.12033262275611,45.239735747384024],[-73.12033766140655,45.23973920042775],[-73.1203427252098,45.239742635127634],[-73.12034781326756,45.23974605211609],[-73.12035292647816,45.23974945139321],[-73.12035806394327,45.23975283106139],[-73.12036322476459,45.23975619301815],[-73.1203684107387,45.239759537263595],[-73.12037362006903,45.23976286126751],[-73.1203788527556,45.239766167560056],[-73.12038410969662,45.239769454243685],[-73.12038939089217,45.2397727225834],[-73.12039469454561,45.23977597257922],[-73.12040002155526,45.23977920233357],[-73.12040537192108,45.23978241311152],[-73.1204107456431,45.23978560428052],[-73.12041614182301,45.23978877710562],[-73.12042156046081,45.239791930321836],[-73.1204270024548,45.2397950632965],[-73.12043246690668,45.23979817729482],[-73.12043795291812,45.23980127105167],[-73.12044346228576,45.239804346464624],[-73.12044899321295,45.2398074010036],[-73.12045454480142,45.23981043656616],[-73.12046011974607,45.23981344998969],[-73.12046571535197,45.239816445069344],[-73.12047133251744,45.23981942054013],[-73.12047697124248,45.23982237450435],[-73.12048263062877,45.23982530949216],[-73.12048831157463,45.23982822234096],[-73.12049401408007,45.23983111621341],[-73.1204997363484,45.23983398921185],[-73.12050547927804,45.23983684133629],[-73.12051124286889,45.239839673219336],[-73.120517027121,45.23984248422839],[-73.12052283113606,45.239845274363496],[-73.12052865401573,45.239848044257165],[-73.12053449845496,45.239850792011794],[-73.12054036175881,45.23985351952504],[-73.12054624482563,45.239856226164264],[-73.12055214675703,45.23985891129705],[-73.1205580693497,45.23986157492331],[-73.12056400901035,45.23986421830821],[-73.12056996933227,45.239866838921486],[-73.12057594762048,45.23986943929339],[-73.12058194387501,45.23987201689379],[-73.12058795989248,45.239874574252724],[-73.1205939929779,45.23987710947266],[-73.120600044928,45.23987962318618],[-73.12060611574267,45.239882115393144],[-73.12061220362536,45.23988458546116],[-73.12061830857604,45.23988703339018],[-73.12062443149301,45.239889459180205],[-73.12063057237629,45.239891863463754],[-73.12145061385642,45.24021100985477],[-73.12165416311666,45.23996468139062],[-73.12181482680523,45.23977057700408],[-73.1219950513091,45.23955274588515],[-73.1221362269459,45.23938227895047],[-73.12227738281976,45.239211802648704],[-73.12245763247645,45.23899396242952],[-73.12261831952122,45.23879983132239],[-73.12277900476936,45.238605700184564],[-73.12293969001747,45.23841156901598],[-73.123100373469,45.23821743781677],[-73.12324545587896,45.23804167361139],[-73.1234385972583,45.23780768526983],[-73.12347458826015,45.237764178839925],[-73.12356788818387,45.23765139646655],[-73.12222736642137,45.237097831366604]]]},"properties":{"NO_LOT":"4 389 935","geoId":"ca/qc/lot/4-389-935","name":"4 389 935","code":"4 389 935","level":"locality","country":"CA","noLot":"4 389 935"}},{"type":"Feature","geometry":{"type":"Polygon","coordinates":[[[-73.12350124935948,45.24297848683527],[-73.12382755969148,45.24312706088617],[-73.12351209202495,45.24347284581745],[-73.12382245456573,45.24361415749566],[-73.12428991448338,45.24310176958718],[-73.12365324340723,45.24281188467793],[-73.12350124935948,45.24297848683527]]]},"properties":{"NO_LOT":"6 357 006","geoId":"ca/qc/lot/6-357-006","name":"6 357 006","code":"6 357 006","level":"locality","country":"CA","noLot":"6 357 006"}},{"type":"Feature","geometry":{"type":"Polygon","coordinates":[[[-73.12382245456573,45.24361415749566],[-73.12351209202495,45.24347284581745],[-73.12318577899799,45.243324270140846],[-73.12287030683989,45.24367005387181],[-73.12350698330593,45.24395994325717],[-73.12382245456573,45.24361415749566]]]},"properties":{"NO_LOT":"4 391 488","geoId":"ca/qc/lot/4-391-488","name":"4 391 488","code":"4 391 488","level":"locality","country":"CA","noLot":"4 391 488"}},{"type":"Feature","geometry":{"type":"Polygon","coordinates":[[[-73.12050694982014,45.24005040616273],[-73.12076229683798,45.24014978411525],[-73.12107873827827,45.240272938907815],[-73.12137212625343,45.24038711903872],[-73.1217981567685,45.240552918665145],[-73.12200219111898,45.24063232229553],[-73.12232984892391,45.240759835439526],[-73.12265117180947,45.240884882068165],[-73.12325503102157,45.24111987673724],[-73.12338431476061,45.24096353442409],[-73.12278114365805,45.24072880856632],[-73.12267070477702,45.240685830006264],[-73.12255913761199,45.24064241180436],[-73.1222439367451,45.24051974739299],[-73.12201943338256,45.24043237810881],[-73.12184864118915,45.24036591142758],[-73.12172883108309,45.24031928476395],[-73.12159106095955,45.24026566854449],[-73.12145061385642,45.24021100985477],[-73.12063057237629,45.239891863463754],[-73.12050694982014,45.24005040616273]]]},"properties":{"NO_LOT":"4 391 921","geoId":"ca/qc/lot/4-391-921","name":"4 391 921","code":"4 391 921","level":"locality","country":"CA","noLot":"4 391 921"}},{"type":"Feature","geometry":{"type":"Polygon","coordinates":[[[-73.12400615554975,45.23662935570014],[-73.12400378759067,45.23662295592792],[-73.12400138908886,45.2366165631133],[-73.12399895914601,45.23661017599114],[-73.12399649955874,45.23660379392888],[-73.12399400763216,45.23659741882425],[-73.12399148336621,45.236591048779516],[-73.12398892945586,45.23658468569238],[-73.12398634320616,45.236578328930364],[-73.12398372731207,45.23657197912591],[-73.1239810790786,45.23656563501398],[-73.12397840030242,45.2365592965945],[-73.12397569098351,45.23655296703044],[-73.12397295022359,45.23654664189364],[-73.12397017892094,45.23654032497969],[-73.12396737617726,45.23653401375823],[-73.12396454289085,45.23652771012699],[-73.12396167906171,45.236521412820835],[-73.12395878468986,45.236515123104894],[-73.12395585797867,45.236508839714034],[-73.12359259544745,45.236593728373414],[-73.12359482955756,45.23659830316609],[-73.12359703761653,45.23660288428411],[-73.1235992169294,45.236607472360134],[-73.12360136929283,45.23661206739415],[-73.1236034947068,45.23661666812093],[-73.12360559227298,45.23662127517317],[-73.12360766288971,45.23662588791816],[-73.12360970655699,45.236630506988554],[-73.12361229101005,45.23663653543786],[-73.12361484132715,45.23664257084484],[-73.12361735930489,45.23664861320953],[-73.1236198458416,45.2366546618993],[-73.12362230003895,45.23666071691425],[-73.12362471920201,45.236666778886814],[-73.12362710782236,45.23667284781713],[-73.12362946230671,45.23667892307253],[-73.12363178445172,45.2366850040204],[-73.12363407425738,45.236691091926026],[-73.12363633082538,45.23669718489159],[-73.12400615554975,45.23662935570014]]]},"properties":{"NO_LOT":"5 171 767","geoId":"ca/qc/lot/5-171-767","name":"5 171 767","code":"5 171 767","level":"locality","country":"CA","noLot":"5 171 767"}},{"type":"Feature","geometry":{"type":"Polygon","coordinates":[[[-73.12611276238319,45.239832481868106],[-73.12610746950953,45.23977461894147],[-73.12605449136566,45.23975288925518],[-73.12607841799324,45.2398742693685],[-73.12611276238319,45.239832481868106]]]},"properties":{"NO_LOT":"4 389 985","geoId":"ca/qc/lot/4-389-985","name":"4 389 985","code":"4 389 985","level":"locality","country":"CA","noLot":"4 389 985"}},{"type":"Feature","geometry":{"type":"Polygon","coordinates":[[[-73.12277900476936,45.238605700184564],[-73.12261831952122,45.23879983132239],[-73.12317715606959,45.239029791932225],[-73.12333750534779,45.23883552178623],[-73.12277900476936,45.238605700184564]]]},"properties":{"NO_LOT":"4 391 368","geoId":"ca/qc/lot/4-391-368","name":"4 391 368","code":"4 391 368","level":"locality","country":"CA","noLot":"4 391 368"}},{"type":"Feature","geometry":{"type":"Polygon","coordinates":[[[-73.1277138315107,45.24335421275472],[-73.12761800911765,45.24331543852154],[-73.1272917490913,45.24318342199888],[-73.12694477301619,45.24360697547715],[-73.12779745118893,45.243957402526924],[-73.12792672594483,45.243791572988286],[-73.12792118513617,45.24371798389217],[-73.12775008841389,45.243647685587476],[-73.1277138315107,45.24335421275472]]]},"properties":{"NO_LOT":"4 390 617","geoId":"ca/qc/lot/4-390-617","name":"4 390 617","code":"4 390 617","level":"locality","country":"CA","noLot":"4 390 617"}},{"type":"Feature","geometry":{"type":"Polygon","coordinates":[[[-73.12331086670636,45.23229515445774],[-73.12319396624349,45.23243749474584],[-73.12309655742567,45.232556099360444],[-73.12341557703083,45.23268682472683],[-73.1236298737351,45.23242589687249],[-73.12331086670636,45.23229515445774]]]},"properties":{"NO_LOT":"4 391 201","geoId":"ca/qc/lot/4-391-201","name":"4 391 201","code":"4 391 201","level":"locality","country":"CA","noLot":"4 391 201"}},{"type":"Feature","geometry":{"type":"Polygon","coordinates":[[[-73.1234660102475,45.2363975863219],[-73.12382239707354,45.236276058981396],[-73.12381830973901,45.236270107668645],[-73.12381419276005,45.23626416774167],[-73.12381004793333,45.23625823793539],[-73.12380587256389,45.236252317617165],[-73.12380166934668,45.23624640805223],[-73.12379743648506,45.236240508607956],[-73.12379317487735,45.23623461865174],[-73.12378888452355,45.23622874071397],[-73.12378456542368,45.23622287289689],[-73.1237802175777,45.236217015200495],[-73.12377584188394,45.23621116888995],[-73.1237714365458,45.236205332067485],[-73.12376700246155,45.236199506630875],[-73.12376254052954,45.23619369321272],[-73.12375804985142,45.2361878899153],[-73.12375353042724,45.236182096738524],[-73.12374898225694,45.2361763162128],[-73.12374440623888,45.23617054580781],[-73.12373980237305,45.23616478678866],[-73.12338384224678,45.236306622074956],[-73.12338802480275,45.23631082809686],[-73.12339218220588,45.23631504740257],[-73.12339631176124,45.23631927935958],[-73.12340041616378,45.23632352396788],[-73.12340449182022,45.23632778249258],[-73.12340854232384,45.23633205240343],[-73.12341256497967,45.23633633496548],[-73.12341655978776,45.23634063144399],[-73.12342052944298,45.236344939941205],[-73.12342447035213,45.23634926108966],[-73.12342838431182,45.23635359425674],[-73.12343227132206,45.23635793944256],[-73.12343613138285,45.23636229727961],[-73.12343996269753,45.23636666713529],[-73.12344376706275,45.236371048377116],[-73.12344754447851,45.23637544227011],[-73.12345129314821,45.23637984691664],[-73.12345501397012,45.236384265479565],[-73.12345870694425,45.23638869416343],[-73.12346237296892,45.23639313423333],[-73.1234660102475,45.2363975863219]]]},"properties":{"NO_LOT":"5 174 441","geoId":"ca/qc/lot/5-174-441","name":"5 174 441","code":"5 174 441","level":"locality","country":"CA","noLot":"5 174 441"}},{"type":"Feature","geometry":{"type":"Polygon","coordinates":[[[-73.12398009183009,45.23805802719113],[-73.12412946549216,45.23787663585255],[-73.12390602842986,45.23796358019017],[-73.12398009183009,45.23805802719113]]]},"properties":{"NO_LOT":"4 391 341","geoId":"ca/qc/lot/4-391-341","name":"4 391 341","code":"4 391 341","level":"locality","country":"CA","noLot":"4 391 341"}},{"type":"Feature","geometry":{"type":"Polygon","coordinates":[[[-73.12422451263912,45.237503190798954],[-73.12384769183531,45.23754791891328],[-73.12387301354654,45.237654411902255],[-73.12424983524868,45.237609683871746],[-73.12422451263912,45.237503190798954]]]},"properties":{"NO_LOT":"5 171 758","geoId":"ca/qc/lot/5-171-758","name":"5 171 758","code":"5 171 758","level":"locality","country":"CA","noLot":"5 171 758"}},{"type":"Feature","geometry":{"type":"Polygon","coordinates":[[[-73.12389451831613,45.236390906923766],[-73.12353579676866,45.236493564865754],[-73.12353879893836,45.23649824720464],[-73.12354177326026,45.23650293839924],[-73.12354471793775,45.236507638449545],[-73.12354763207254,45.23651234798813],[-73.12355051835955,45.236517066382376],[-73.12355337320552,45.23652179426491],[-73.12355619840707,45.23652653100314],[-73.12355899486256,45.23653127596443],[-73.12356176077532,45.23653603041404],[-73.12356449614536,45.236540793086704],[-73.12356720187101,45.23654556398252],[-73.12356987705391,45.23655034436656],[-73.12357252349075,45.23655513234111],[-73.12357513848653,45.236559929171335],[-73.12357772383793,45.23656473422465],[-73.12358027864659,45.23656954623593],[-73.12358280291252,45.23657436710288],[-73.12358529663578,45.23657919619288],[-73.1235877607146,45.23658403224083],[-73.12359019335238,45.236588875879264],[-73.12359259544745,45.236593728373414],[-73.12395585797867,45.236508839714034],[-73.12395290431802,45.236502563913405],[-73.12394992011464,45.23649629507041],[-73.12394690447023,45.236490033817695],[-73.12394385828311,45.2364837801552],[-73.12394078245158,45.236477532817815],[-73.123937675179,45.23647129370325],[-73.12393453736372,45.236465061546326],[-73.12393136900572,45.23645883761229],[-73.12392817010499,45.23645262190102],[-73.12392494245819,45.23644641378005],[-73.12392168247202,45.23644021388193],[-73.12391839194312,45.236434021574034],[-73.12391507176982,45.23642783812158],[-73.12391172195214,45.23642166162679],[-73.1239083406934,45.236415493987444],[-73.1239049306886,45.23640933393839],[-73.12390149014105,45.23640318274474],[-73.12389801905078,45.236397041039126],[-73.12389451831613,45.236390906923766]]]},"properties":{"NO_LOT":"5 171 768","geoId":"ca/qc/lot/5-171-768","name":"5 171 768","code":"5 171 768","level":"locality","country":"CA","noLot":"5 171 768"}},{"type":"Feature","geometry":{"type":"Polygon","coordinates":[[[-73.12527802985488,45.238356294330025],[-73.12508242170176,45.23859318383623],[-73.12527699948726,45.2386733935481],[-73.12547262560668,45.23843651133438],[-73.12544981827992,45.23842710902225],[-73.12527802985488,45.238356294330025]]]},"properties":{"NO_LOT":"5 491 507","geoId":"ca/qc/lot/5-491-507","name":"5 491 507","code":"5 491 507","level":"locality","country":"CA","noLot":"5 491 507"}},{"type":"Feature","geometry":{"type":"Polygon","coordinates":[[[-73.12445498710335,45.23178185090888],[-73.12435758277711,45.23190045499388],[-73.12467986506337,45.2320325989533],[-73.12477726759299,45.231913993246195],[-73.12445498710335,45.23178185090888]]]},"properties":{"NO_LOT":"4 391 209","geoId":"ca/qc/lot/4-391-209","name":"4 391 209","code":"4 391 209","level":"locality","country":"CA","noLot":"4 391 209"}},{"type":"Feature","geometry":{"type":"Polygon","coordinates":[[[-73.12344200277154,45.23301528447629],[-73.12330562862995,45.23318132955891],[-73.1236279154078,45.233313476233654],[-73.12376428685445,45.233147430271885],[-73.12344200277154,45.23301528447629]]]},"properties":{"NO_LOT":"4 391 216","geoId":"ca/qc/lot/4-391-216","name":"4 391 216","code":"4 391 216","level":"locality","country":"CA","noLot":"4 391 216"}},{"type":"Feature","geometry":{"type":"Polygon","coordinates":[[[-73.12277973240474,45.24169464330015],[-73.12277808848776,45.24169660600861],[-73.12277641312976,45.241698556066595],[-73.12277470902566,45.24170049284166],[-73.12277297437885,45.24170241696618],[-73.12277120918932,45.24170432717526],[-73.12276941435537,45.24170622283632],[-73.12276759077535,45.24170810521441],[-73.12276573755092,45.241709972412],[-73.1227638555804,45.241711826326586],[-73.1227619448638,45.24171366379561],[-73.12276000450278,45.24171548798162],[-73.12275803629399,45.24171729635467],[-73.12275604023743,45.241719088914635],[-73.12275401633309,45.241720866294095],[-73.1227519654793,45.24172262722796],[-73.12274988677774,45.241724372348806],[-73.1227477802284,45.24172610102409],[-73.12274564852622,45.24172781325384],[-73.12274348807796,45.24172950903803],[-73.12274130247687,45.24173118837668],[-73.12273909172296,45.24173285000472],[-73.12273685312128,45.24173449392221],[-73.12273459026507,45.241736121394105],[-73.12273230225605,45.24173772989038],[-73.1227299890942,45.24173932130864],[-73.12272765167783,45.241740894383724],[-73.12272528910863,45.24174244911578],[-73.1227229022849,45.24174398487219],[-73.122720492105,45.241745502918036],[-73.1227180585689,45.24174700198829],[-73.1227156016766,45.24174848208289],[-73.12271312142809,45.241749941936874],[-73.12271061962002,45.24175138344774],[-73.12270809445577,45.24175280535049],[-73.12270554773194,45.24175420701262],[-73.12270297855024,45.241755588434046],[-73.12270038870727,45.24175695024741],[-73.12269777730474,45.24175829245264],[-73.12269514524094,45.24175961315221],[-73.12269249341423,45.241760914243606],[-73.12268982092627,45.24176219319687],[-73.12268712867535,45.241763451909485],[-73.12268441755982,45.24176469038145],[-73.12268168668137,45.24176590734777],[-73.12267893603996,45.241767103440914],[-73.12267616833057,45.24176827613086],[-73.12267338265488,45.24176942921271],[-73.12267057721624,45.241770558891304],[-73.12266775650626,45.241771668329314],[-73.12266491693163,45.241772754996575],[-73.12266206208567,45.241773818893165],[-73.1226591901717,45.241774861284135],[-73.12265630208806,45.241775880904335],[-73.12265339783474,45.24177687838641],[-73.1226504792084,45.241777853097794],[-73.12264754531068,45.24177880440594],[-73.1226445961416,45.24177973294344],[-73.12264163349779,45.24178063934273],[-73.12263865648093,45.241781522338826],[-73.12263566509105,45.24178238129919],[-73.12263266112473,45.241783217488894],[-73.12262964548033,45.241784030275376],[-73.12262661546288,45.24178481902616],[-73.12262357376731,45.241785585006255],[-73.12262052129198,45.24178632631806],[-73.12261745713855,45.24178704422676],[-73.12261438130702,45.24178773809965],[-73.1226112946957,45.2417884079369],[-73.12260819820291,45.24178905437088],[-73.12260509182867,45.24178967613668],[-73.12260197647126,45.24179027449927],[-73.12259885123238,45.241790847561106],[-73.12259571790867,45.24179139595472],[-73.12259257560181,45.241791920945175],[-73.1225894252101,45.24179242126735],[-73.12258626763189,45.24179289628877],[-73.12258310286713,45.2417933472745],[-73.12257993091586,45.24179377422455],[-73.1225767526764,45.24179417524131],[-73.12257356904703,45.24179455222239],[-73.12257037912946,45.2417949045352],[-73.12256718292366,45.2417952315473],[-73.12256398312464,45.24179553325861],[-73.12256077883401,45.24179581030176],[-73.12255757005181,45.24179606330916],[-73.12255435677805,45.24179629038329],[-73.12255114080934,45.24179649215672],[-73.122547923044,45.241796669261895],[-73.12254470078706,45.241796821066366],[-73.12254147763183,45.24179694820257],[-73.12253825178163,45.24179705003804],[-73.12253502503313,45.241797127205324],[-73.12253179828464,45.24179717907183],[-73.12252856884119,45.24179720500509],[-73.12252534119436,45.241797207535164],[-73.12252211175091,45.241797183499436],[-73.12251888410411,45.24179713416301],[-73.1225156564573,45.241797060158355],[-73.12251243150543,45.24179696148545],[-73.12250920745186,45.241796837511835],[-73.12250598609326,45.24179668823744],[-73.12250276653127,45.24179651302981],[-73.12249955056257,45.24179631441903],[-73.1224963381871,45.24179609050745],[-73.1224931285066,45.24179584003011],[-73.12248992241935,45.24179556614957],[-73.12248672262031,45.24179526633579],[-73.12248352641453,45.24179494248629],[-73.12248033559864,45.24179459333608],[-73.12247715107095,45.24179421951761],[-73.12247397283147,45.24179382039843],[-73.1224707999819,45.24179339724351],[-73.12246763342051,45.24179294942033],[-73.12246447584229,45.241792476296446],[-73.12246132455228,45.24179197913687],[-73.1224581813471,45.24179145730903],[-73.12245504712507,45.241790911445484],[-73.12245192098787,45.241790340281234],[-73.12244880383385,45.2417897450812],[-73.12244569656127,45.24178912647804],[-73.12244259827187,45.24178848320661],[-73.12243951166056,45.24178781526696],[-73.12243643493069,45.241787124556616],[-73.12243336987895,45.24178640917804],[-73.12243031470867,45.241785670396254],[-73.12242727301312,45.24178490757877],[-73.12242424119903,45.24178412009304],[-73.122421223758,45.24178331046916],[-73.12241821799505,45.24178247744205],[-73.12241522570685,45.241781620379236],[-73.12241224779169,45.241780740545735],[-73.12240928245292,45.241779837309004],[-73.12240633238552,45.24177891066909],[-73.12240339669117,45.241777961258485],[-73.12240047536987,45.24177698970971],[-73.12239756931993,45.24177599539023],[-73.12239468033798,45.2417749783001],[-73.12239180662738,45.241773938439216],[-73.12238894908646,45.24177287644021],[-73.12238610861354,45.24177179230298],[-73.12238328431027,45.241770686660104],[-73.12238047887165,45.24176955824651],[-73.12237769050101,45.241768408327275],[-73.12282854416232,45.24195668989749],[-73.12285445157512,45.241925360069665],[-73.12322496440899,45.24147731039496],[-73.12342078636115,45.241240505653536],[-73.12359702504011,45.24102738047905],[-73.1237732125151,45.24081431586047],[-73.12394943682102,45.24060120616569],[-73.12412567100841,45.240388079858185],[-73.12430190339917,45.24017495338377],[-73.12410395872799,45.240093255533274],[-73.12397363923141,45.24025085582464],[-73.12377782266914,45.240487662160795],[-73.12363095979828,45.24066526642332],[-73.12338431476061,45.24096353442409],[-73.12325503102157,45.24111987673724],[-73.12303375171257,45.24138746562297],[-73.12283790730254,45.24162429378767],[-73.12277973240474,45.24169464330015]]]},"properties":{"NO_LOT":"4 391 917","geoId":"ca/qc/lot/4-391-917","name":"4 391 917","code":"4 391 917","level":"locality","country":"CA","noLot":"4 391 917"}},{"type":"Feature","geometry":{"type":"Polygon","coordinates":[[[-73.12350568164709,45.23205794768761],[-73.12372001428399,45.231796972029315],[-73.12339771133645,45.231664855990466],[-73.12318340385238,45.231925800623976],[-73.12350568164709,45.23205794768761]]]},"properties":{"NO_LOT":"4 391 198","geoId":"ca/qc/lot/4-391-198","name":"4 391 198","code":"4 391 198","level":"locality","country":"CA","noLot":"4 391 198"}},{"type":"Feature","geometry":{"type":"Polygon","coordinates":[[[-73.12757338261098,45.23621318808748],[-73.12737794962933,45.23645014662319],[-73.12788102415475,45.2366572662137],[-73.12807645623806,45.23642030664394],[-73.12757338261098,45.23621318808748]]]},"properties":{"NO_LOT":"4 390 590","geoId":"ca/qc/lot/4-390-590","name":"4 390 590","code":"4 390 590","level":"locality","country":"CA","noLot":"4 390 590"}},{"type":"Feature","geometry":{"type":"Polygon","coordinates":[[[-73.12349511745934,45.231546253311684],[-73.12339771133645,45.231664855990466],[-73.12372001428399,45.231796972029315],[-73.12381739435573,45.231678398727304],[-73.12349511745934,45.231546253311684]]]},"properties":{"NO_LOT":"4 391 197","geoId":"ca/qc/lot/4-391-197","name":"4 391 197","code":"4 391 197","level":"locality","country":"CA","noLot":"4 391 197"}},{"type":"Feature","geometry":{"type":"Polygon","coordinates":[[[-73.1245528899946,45.24085001454688],[-73.12576754700602,45.241351475048454],[-73.12594333473072,45.24113749954299],[-73.12459505691403,45.24058161159123],[-73.12412567100841,45.240388079858185],[-73.12394943682102,45.24060120616569],[-73.1245528899946,45.24085001454688]]]},"properties":{"NO_LOT":"4 390 606","geoId":"ca/qc/lot/4-390-606","name":"4 390 606","code":"4 390 606","level":"locality","country":"CA","noLot":"4 390 606"}},{"type":"Feature","geometry":{"type":"Polygon","coordinates":[[[-73.12526760760095,45.231316488899886],[-73.12540033637913,45.2311543006178],[-73.12507839275771,45.23102274803115],[-73.12494559301261,45.23118445525214],[-73.12526760760095,45.231316488899886]]]},"properties":{"NO_LOT":"6 464 348","geoId":"ca/qc/lot/6-464-348","name":"6 464 348","code":"6 464 348","level":"locality","country":"CA","noLot":"6 464 348"}},{"type":"Feature","geometry":{"type":"Polygon","coordinates":[[[-73.12466822649056,45.24266759821276],[-73.12506534382989,45.242196263330634],[-73.12476379286373,45.24207163641598],[-73.12436667552441,45.24254296790448],[-73.12466822649056,45.24266759821276]]]},"properties":{"NO_LOT":"4 390 611","geoId":"ca/qc/lot/4-390-611","name":"4 390 611","code":"4 390 611","level":"locality","country":"CA","noLot":"4 390 611"}},{"type":"Feature","geometry":{"type":"Polygon","coordinates":[[[-73.12890225771582,45.23460188926059],[-73.12855052326465,45.235028388178435],[-73.12902002954452,45.23522168513032],[-73.12937395857993,45.2347960948065],[-73.12890225771582,45.23460188926059]]]},"properties":{"NO_LOT":"4 390 585","geoId":"ca/qc/lot/4-390-585","name":"4 390 585","code":"4 390 585","level":"locality","country":"CA","noLot":"4 390 585"}},{"type":"Feature","geometry":{"type":"Polygon","coordinates":[[[-73.12611808849451,45.243701891897885],[-73.12577519526235,45.244132817638864],[-73.12533431649395,45.24394711879847],[-73.11444790575524,45.255781954232496],[-73.11579331165795,45.25634273838623],[-73.12713153995027,45.24390583459721],[-73.12678106044554,45.24376179568662],[-73.1266359196451,45.24393719559015],[-73.12646758793726,45.2438665920614],[-73.1264780110895,45.243853493078554],[-73.12611808849451,45.243701891897885]]]},"properties":{"NO_LOT":"4 389 997","geoId":"ca/qc/lot/4-389-997","name":"4 389 997","code":"4 389 997","level":"locality","country":"CA","noLot":"4 389 997"}},{"type":"Feature","geometry":{"type":"Polygon","coordinates":[[[-73.12338507024377,45.233611433626095],[-73.12306295145088,45.23347904345624],[-73.12277017522842,45.23383467670228],[-73.12309229491963,45.23396706857408],[-73.12338507024377,45.233611433626095]]]},"properties":{"NO_LOT":"4 391 261","geoId":"ca/qc/lot/4-391-261","name":"4 391 261","code":"4 391 261","level":"locality","country":"CA","noLot":"4 391 261"}},{"type":"Feature","geometry":{"type":"Polygon","coordinates":[[[-73.12959870628424,45.23339122304796],[-73.12961031072109,45.23339621752025],[-73.12982328420695,45.23314045189755],[-73.1292338492434,45.23288671392879],[-73.12902087755415,45.23314247942823],[-73.12959870628424,45.23339122304796]]]},"properties":{"NO_LOT":"4 390 583","geoId":"ca/qc/lot/4-390-583","name":"4 390 583","code":"4 390 583","level":"locality","country":"CA","noLot":"4 390 583"}},{"type":"Feature","geometry":{"type":"Polygon","coordinates":[[[-73.12394943682102,45.24060120616569],[-73.1237732125151,45.24081431586047],[-73.12437666928194,45.24106312583856],[-73.1245528899946,45.24085001454688],[-73.12394943682102,45.24060120616569]]]},"properties":{"NO_LOT":"4 390 608","geoId":"ca/qc/lot/4-390-608","name":"4 390 608","code":"4 390 608","level":"locality","country":"CA","noLot":"4 390 608"}},{"type":"Feature","geometry":{"type":"Polygon","coordinates":[[[-73.12778364048975,45.24417382780609],[-73.12709050760304,45.244934928861404],[-73.1276367192284,45.245160613102556],[-73.12832984852184,45.24439951064348],[-73.12780928110291,45.244184361960315],[-73.12778364048975,45.24417382780609]]]},"properties":{"NO_LOT":"4 390 618","geoId":"ca/qc/lot/4-390-618","name":"4 390 618","code":"4 390 618","level":"locality","country":"CA","noLot":"4 390 618"}},{"type":"Feature","geometry":{"type":"Polygon","coordinates":[[[-73.1234978537277,45.23864125160849],[-73.12293969001747,45.23841156901598],[-73.12277900476936,45.238605700184564],[-73.12333750534779,45.23883552178623],[-73.1234978537277,45.23864125160849]]]},"properties":{"NO_LOT":"4 391 367","geoId":"ca/qc/lot/4-391-367","name":"4 391 367","code":"4 391 367","level":"locality","country":"CA","noLot":"4 391 367"}},{"type":"Feature","geometry":{"type":"Polygon","coordinates":[[[-73.1258194076457,45.24336577424264],[-73.12533431649395,45.24394711879847],[-73.12577519526235,45.244132817638864],[-73.12611808849451,45.243701891897885],[-73.1264780110895,45.243853493078554],[-73.12646758793726,45.2438665920614],[-73.1266359196451,45.24393719559015],[-73.12678106044554,45.24376179568662],[-73.12616795128098,45.24350981605479],[-73.1258194076457,45.24336577424264]]]},"properties":{"NO_LOT":"4 390 616","geoId":"ca/qc/lot/4-390-616","name":"4 390 616","code":"4 390 616","level":"locality","country":"CA","noLot":"4 390 616"}},{"type":"Feature","geometry":{"type":"Polygon","coordinates":[[[-73.12512874332938,45.23829475474106],[-73.12487717103238,45.2381910506383],[-73.12468156108264,45.238427938935764],[-73.12493313517628,45.23853164387127],[-73.12512874332938,45.23829475474106]]]},"properties":{"NO_LOT":"4 391 343","geoId":"ca/qc/lot/4-391-343","name":"4 391 343","code":"4 391 343","level":"locality","country":"CA","noLot":"4 391 343"}},{"type":"Feature","geometry":{"type":"Polygon","coordinates":[[[-73.12348266141963,45.23349288814886],[-73.1236279154078,45.233313476233654],[-73.12330562862995,45.23318132955891],[-73.12316054262672,45.23336049833548],[-73.12348266141963,45.23349288814886]]]},"properties":{"NO_LOT":"4 391 900","geoId":"ca/qc/lot/4-391-900","name":"4 391 900","code":"4 391 900","level":"locality","country":"CA","noLot":"4 391 900"}},{"type":"Feature","geometry":{"type":"Polygon","coordinates":[[[-73.1297585749638,45.244989977675864],[-73.12935641717738,45.24482377608787],[-73.129135173801,45.24506891086319],[-73.12953678810666,45.24523488846846],[-73.1297585749638,45.244989977675864]]]},"properties":{"NO_LOT":"4 390 620","geoId":"ca/qc/lot/4-390-620","name":"4 390 620","code":"4 390 620","level":"locality","country":"CA","noLot":"4 390 620"}},{"type":"Feature","geometry":{"type":"Polygon","coordinates":[[[-73.12516687950814,45.231439573003605],[-73.12526760760095,45.231316488899886],[-73.12494559301261,45.23118445525214],[-73.12484460081512,45.23130743019588],[-73.12516687950814,45.231439573003605]]]},"properties":{"NO_LOT":"6 464 349","geoId":"ca/qc/lot/6-464-349","name":"6 464 349","code":"6 464 349","level":"locality","country":"CA","noLot":"6 464 349"}},{"type":"Feature","geometry":{"type":"Polygon","coordinates":[[[-73.12398114645225,45.23927628068853],[-73.12407867205106,45.23915812149683],[-73.123548305809,45.23893948595605],[-73.1234505223937,45.23905795618396],[-73.12398114645225,45.23927628068853]]]},"properties":{"NO_LOT":"4 391 353","geoId":"ca/qc/lot/4-391-353","name":"4 391 353","code":"4 391 353","level":"locality","country":"CA","noLot":"4 391 353"}},{"type":"Feature","geometry":{"type":"Polygon","coordinates":[[[-73.12620084489174,45.24038442191277],[-73.12465436728235,45.239748699934125],[-73.12447813668824,45.23996182737495],[-73.12626140122336,45.2406970631212],[-73.12620084489174,45.24038442191277]]]},"properties":{"NO_LOT":"4 390 599","geoId":"ca/qc/lot/4-390-599","name":"4 390 599","code":"4 390 599","level":"locality","country":"CA","noLot":"4 390 599"}},{"type":"Feature","geometry":{"type":"Polygon","coordinates":[[[-73.12424983524868,45.237609683871746],[-73.12387301354654,45.237654411902255],[-73.1238983370544,45.23776090405902],[-73.12426013084014,45.23771795994268],[-73.12427644783897,45.23769814613924],[-73.12426846001947,45.23768800297223],[-73.12424983524868,45.237609683871746]]]},"properties":{"NO_LOT":"5 171 757","geoId":"ca/qc/lot/5-171-757","name":"5 171 757","code":"5 171 757","level":"locality","country":"CA","noLot":"5 171 757"}},{"type":"Feature","geometry":{"type":"Polygon","coordinates":[[[-73.12475688841246,45.23930362693577],[-73.12416123890375,45.239058086489095],[-73.12407867205106,45.23915812149683],[-73.12398114645225,45.23927628068853],[-73.12396569363273,45.23929500153408],[-73.12456107993503,45.23954043405705],[-73.12475688841246,45.23930362693577]]]},"properties":{"NO_LOT":"4 391 347","geoId":"ca/qc/lot/4-391-347","name":"4 391 347","code":"4 391 347","level":"locality","country":"CA","noLot":"4 391 347"}},{"type":"Feature","geometry":{"type":"Polygon","coordinates":[[[-73.12383609907657,45.231131061958365],[-73.12415840112578,45.23126317544228],[-73.12430457049726,45.231085191310555],[-73.12398226934636,45.23095307741296],[-73.12383609907657,45.231131061958365]]]},"properties":{"NO_LOT":"4 391 163","geoId":"ca/qc/lot/4-391-163","name":"4 391 163","code":"4 391 163","level":"locality","country":"CA","noLot":"4 391 163"}},{"type":"Feature","geometry":{"type":"Polygon","coordinates":[[[-73.12556536947324,45.230429752033686],[-73.12546796963855,45.230548357042316],[-73.12579024653493,45.23068049781907],[-73.12588764547131,45.23056189308615],[-73.12556536947324,45.230429752033686]]]},"properties":{"NO_LOT":"4 391 169","geoId":"ca/qc/lot/4-391-169","name":"4 391 169","code":"4 391 169","level":"locality","country":"CA","noLot":"4 391 169"}},{"type":"Feature","geometry":{"type":"Polygon","coordinates":[[[-73.12397363923141,45.24025085582464],[-73.12337864908612,45.240005584505006],[-73.12337219019922,45.24001340331237],[-73.12320000112557,45.24022182432474],[-73.12318296547453,45.24024244309879],[-73.12377782266914,45.240487662160795],[-73.12397363923141,45.24025085582464]]]},"properties":{"NO_LOT":"4 391 357","geoId":"ca/qc/lot/4-391-357","name":"4 391 357","code":"4 391 357","level":"locality","country":"CA","noLot":"4 391 357"}},{"type":"Feature","geometry":{"type":"Polygon","coordinates":[[[-73.11939044812655,45.23848062070738],[-73.11972268913608,45.23862250714308],[-73.12002116786395,45.23874918540056],[-73.12002173829416,45.23874603655438],[-73.1200222745884,45.238742885177814],[-73.12002277674662,45.238739731270876],[-73.12002324387058,45.23873657420099],[-73.12002367685854,45.23873341523324],[-73.12002407571052,45.23873025436772],[-73.1200244386299,45.23872709033921],[-73.12002476831162,45.238723925045434],[-73.12002506206072,45.23872075722127],[-73.12002532347046,45.23871758939695],[-73.12002554804928,45.23871441904219],[-73.12002573939043,45.238711248054734],[-73.1200258956973,45.23870807643454],[-73.12002601786818,45.238704903549085],[-73.12002610410643,45.238701729398336],[-73.12002615620874,45.238698556512524],[-73.12002617327671,45.238695382361406],[-73.12002615620874,45.238692208210125],[-73.12002610590307,45.23868903405866],[-73.1200260187665,45.23868586117214],[-73.12002589749392,45.238682688285394],[-73.12002574118706,45.23867951603109],[-73.12002555164253,45.23867634504169],[-73.1200253261654,45.23867317531719],[-73.12002506655229,45.238670006225085],[-73.12002477280319,45.23866683903048],[-73.12002444312148,45.23866367310079],[-73.12002408020211,45.238660510333695],[-73.12002368224843,45.23865734819899],[-73.12002325015878,45.238654189226885],[-73.12002278303483,45.23865103215224],[-73.12002228267322,45.23864787824016],[-73.120021746379,45.238644727490716],[-73.12002117505048,45.23864157927131],[-73.12002057138261,45.238638434214465],[-73.12001993268044,45.23863529232026],[-73.1200195428116,45.23863342249146],[-73.12001913048488,45.23863155519276],[-73.12000708138198,45.23857731241695],[-73.12000626840666,45.23857357149034],[-73.12000548866898,45.23856982740071],[-73.120004742169,45.23856607951549],[-73.12000403070327,45.238562327202104],[-73.12000335247524,45.238558572990875],[-73.12000270838318,45.238554816249135],[-73.1200020984271,45.23855105634442],[-73.12000152260701,45.23854729327662],[-73.12000098002459,45.23854352831097],[-73.12000047247643,45.23853976018225],[-73.11999999816597,45.238535990155626],[-73.11999955799148,45.2385322182311],[-73.11999915195297,45.23852844440864],[-73.11999878094875,45.23852466805574],[-73.11999844318221,45.23852089106999],[-73.11999814044997,45.23851711345147],[-73.11999787095537,45.23851333330248],[-73.11999763649509,45.23850955125553],[-73.11999743527247,45.238505769208395],[-73.11999726818583,45.23850198652843],[-73.11999713613348,45.238498203215606],[-73.11999703821711,45.23849441927006],[-73.11999697443672,45.238490634059076],[-73.11999694389401,45.23848685011298],[-73.11999694928389,45.238483064901544],[-73.11999698701312,45.238479280322366],[-73.11999706067499,45.23847549637551],[-73.11999716847284,45.23847171242841],[-73.11999730950832,45.238467928481036],[-73.11999748557812,45.23846414643113],[-73.11999769398727,45.23846036438091],[-73.11999793832904,45.23845658296301],[-73.11999821590844,45.23845280344256],[-73.11999852942049,45.23844902518695],[-73.11999887527186,45.238445248196214],[-73.11959076973999,45.23824602122457],[-73.11939044812655,45.23848062070738]]]},"properties":{"NO_LOT":"4 391 386","geoId":"ca/qc/lot/4-391-386","name":"4 391 386","code":"4 391 386","level":"locality","country":"CA","noLot":"4 391 386"}},{"type":"Feature","geometry":{"type":"Polygon","coordinates":[[[-73.11873149254315,45.23864732412322],[-73.1187835526088,45.23866830022873],[-73.11912030136442,45.23880042781883],[-73.11939044812655,45.23848062070738],[-73.11959076973999,45.23824602122457],[-73.1196030425234,45.2382296955315],[-73.11924613377617,45.23805070277677],[-73.11894247626068,45.23843207205666],[-73.11873149254315,45.23864732412322]]]},"properties":{"NO_LOT":"6 586 599","geoId":"ca/qc/lot/6-586-599","name":"6 586 599","code":"6 586 599","level":"locality","country":"CA","noLot":"6 586 599"}},{"type":"Feature","geometry":{"type":"Polygon","coordinates":[[[-73.11040285221796,45.23276970293886],[-73.10994952010478,45.232352453741754],[-73.10964184352672,45.232519646439016],[-73.11009540381197,45.23293622699755],[-73.11040285221796,45.23276970293886]]]},"properties":{"NO_LOT":"4 390 549","geoId":"ca/qc/lot/4-390-549","name":"4 390 549","code":"4 390 549","level":"locality","country":"CA","noLot":"4 390 549"}},{"type":"Feature","geometry":{"type":"Polygon","coordinates":[[[-73.11009540381197,45.23293622699755],[-73.10917259506331,45.23343792435141],[-73.10964433724993,45.2338711053738],[-73.1105672223554,45.23336939223303],[-73.11009540381197,45.23293622699755]]]},"properties":{"NO_LOT":"4 390 551","geoId":"ca/qc/lot/4-390-551","name":"4 390 551","code":"4 390 551","level":"locality","country":"CA","noLot":"4 390 551"}},{"type":"Feature","geometry":{"type":"Polygon","coordinates":[[[-73.12267686811818,45.232542553669624],[-73.12257945840203,45.23266115553455],[-73.1229017406883,45.232793304684044],[-73.12299914860782,45.23267470246231],[-73.12267686811818,45.232542553669624]]]},"properties":{"NO_LOT":"5 615 382","geoId":"ca/qc/lot/5-615-382","name":"5 615 382","code":"5 615 382","level":"locality","country":"CA","noLot":"5 615 382"}},{"type":"Feature","geometry":{"type":"Polygon","coordinates":[[[-73.12309655742567,45.232556099360444],[-73.12277427693601,45.232423950292024],[-73.12267686811818,45.232542553669624],[-73.12299914860782,45.23267470246231],[-73.12309655742567,45.232556099360444]]]},"properties":{"NO_LOT":"5 615 383","geoId":"ca/qc/lot/5-615-383","name":"5 615 383","code":"5 615 383","level":"locality","country":"CA","noLot":"5 615 383"}},{"type":"Feature","geometry":{"type":"Polygon","coordinates":[[[-73.12022328520962,45.24038602791719],[-73.12050694982014,45.24005040616273],[-73.12050031216853,45.240047809594344],[-73.12049369068656,45.24004518962192],[-73.1204870871709,45.24004254814309],[-73.12048050072323,45.24003988642291],[-73.12047393314018,45.24003720256377],[-73.12046738172683,45.24003449656567],[-73.12046084917807,45.24003176906116],[-73.12045433279901,45.24002902131528],[-73.12044783618288,45.24002625143044],[-73.12044135663473,45.24002346003912],[-73.12043489684952,45.24002064840647],[-73.12042845503062,45.24001781526739],[-73.12042203117802,45.240014961254396],[-73.12041562708836,45.24001208636745],[-73.12040924096502,45.24000919060667],[-73.12040287370628,45.24000627333936],[-73.1203965271088,45.24000333519819],[-73.12039019847761,45.240000377448126],[-73.12038388960939,45.23999739755911],[-73.12037760050406,45.239994398693746],[-73.12037133206002,45.23999137768936],[-73.12036508158226,45.23998833770868],[-73.12035885266408,45.23998527558898],[-73.12035264350885,45.23998219449291],[-73.12034645411653,45.239979092522915],[-73.12034028538548,45.239975970311555],[-73.12033413731568,45.23997282849127],[-73.12032800990713,45.239969665164544],[-73.12032190405814,45.23996648349393],[-73.1203158179721,45.239963281581986],[-73.12030975254729,45.239960059428554],[-73.12030370958038,45.239956817666226],[-73.12029768637639,45.239953555662495],[-73.12029168652862,45.23995027468237],[-73.12028570734208,45.239946973460846],[-73.12027974971511,45.239943652630394],[-73.12027381454604,45.23994031219105],[-73.12026790093653,45.239936953407835],[-73.12026200978488,45.23993357438321],[-73.1202561392945,45.2399301763822],[-73.12025029216032,45.239926759404774],[-73.12024446838232,45.239923323450974],[-73.11995980933679,45.240268276488564],[-73.12006197024249,45.24031327441636],[-73.12020910979444,45.24037987082867],[-73.12022328520962,45.24038602791719]]]},"properties":{"NO_LOT":"4 391 436","geoId":"ca/qc/lot/4-391-436","name":"4 391 436","code":"4 391 436","level":"locality","country":"CA","noLot":"4 391 436"}},{"type":"Feature","geometry":{"type":"Polygon","coordinates":[[[-73.11773192993999,45.2389499261983],[-73.11809925016136,45.23847915887173],[-73.11800800109143,45.238442302383625],[-73.11778357498399,45.238351655790645],[-73.11757095992591,45.23861285626801],[-73.11740905027405,45.23881766928277],[-73.11773192993999,45.2389499261983]]]},"properties":{"NO_LOT":"4 391 422","geoId":"ca/qc/lot/4-391-422","name":"4 391 422","code":"4 391 422","level":"locality","country":"CA","noLot":"4 391 422"}},{"type":"Feature","geometry":{"type":"Polygon","coordinates":[[[-73.12071661570914,45.24110074724847],[-73.1209221466529,45.241184190052735],[-73.12117503677841,45.240874000043796],[-73.12131068867453,45.24070761120324],[-73.12115768132712,45.24064800401393],[-73.12110670193475,45.24062814379239],[-73.12102819097555,45.24072326506952],[-73.12071661570914,45.24110074724847]]]},"properties":{"NO_LOT":"4 391 466","geoId":"ca/qc/lot/4-391-466","name":"4 391 466","code":"4 391 466","level":"locality","country":"CA","noLot":"4 391 466"}},{"type":"Feature","geometry":{"type":"Polygon","coordinates":[[[-73.12293944837067,45.233268974424995],[-73.1226072388022,45.23313243350327],[-73.12250965660951,45.233250965182265],[-73.12284186617799,45.233387507084416],[-73.12293944837067,45.233268974424995]]]},"properties":{"NO_LOT":"4 391 225","geoId":"ca/qc/lot/4-391-225","name":"4 391 225","code":"4 391 225","level":"locality","country":"CA","noLot":"4 391 225"}},{"type":"Feature","geometry":{"type":"Polygon","coordinates":[[[-73.119916980359,45.2358968462602],[-73.119818932839,45.23601520643665],[-73.12014125734608,45.236147697604466],[-73.12023900393046,45.23602921308514],[-73.119916980359,45.2358968462602]]]},"properties":{"NO_LOT":"4 391 318","geoId":"ca/qc/lot/4-391-318","name":"4 391 318","code":"4 391 318","level":"locality","country":"CA","noLot":"4 391 318"}},{"type":"Feature","geometry":{"type":"Polygon","coordinates":[[[-73.12267258225596,45.233953220833946],[-73.1224773945144,45.23419031025328],[-73.12279951600223,45.23432270192915],[-73.12299470194716,45.234085613062184],[-73.12267258225596,45.233953220833946]]]},"properties":{"NO_LOT":"4 391 263","geoId":"ca/qc/lot/4-391-263","name":"4 391 263","code":"4 391 263","level":"locality","country":"CA","noLot":"4 391 263"}},{"type":"Feature","geometry":{"type":"Polygon","coordinates":[[[-73.11692732151641,45.23859306554862],[-73.11681121426595,45.238735734803676],[-73.11696310051587,45.23879676724095],[-73.11707920776634,45.23865409813914],[-73.11692732151641,45.23859306554862]]]},"properties":{"NO_LOT":"4 391 413","geoId":"ca/qc/lot/4-391-413","name":"4 391 413","code":"4 391 413","level":"locality","country":"CA","noLot":"4 391 413"}},{"type":"Feature","geometry":{"type":"Polygon","coordinates":[[[-73.11991369072842,45.240247961973616],[-73.11958825805044,45.24063613646026],[-73.11973859021492,45.240699066346075],[-73.12006197024249,45.24031327441636],[-73.11995980933679,45.240268276488564],[-73.11991369072842,45.240247961973616]]]},"properties":{"NO_LOT":"4 391 452","geoId":"ca/qc/lot/4-391-452","name":"4 391 452","code":"4 391 452","level":"locality","country":"CA","noLot":"4 391 452"}},{"type":"Feature","geometry":{"type":"Polygon","coordinates":[[[-73.11991369072842,45.240247961973616],[-73.11995807828323,45.24019239304701],[-73.11973739725222,45.2401015221651],[-73.1196670070632,45.24007248995636],[-73.11931105771669,45.24052010350891],[-73.11931242225761,45.24052066836064],[-73.11958825805044,45.24063613646026],[-73.11991369072842,45.240247961973616]]]},"properties":{"NO_LOT":"4 391 453","geoId":"ca/qc/lot/4-391-453","name":"4 391 453","code":"4 391 453","level":"locality","country":"CA","noLot":"4 391 453"}},{"type":"Feature","geometry":{"type":"Polygon","coordinates":[[[-73.12143901750443,45.23265227354592],[-73.12124375879597,45.232889299437296],[-73.12157336235181,45.2330247743523],[-73.12176853033043,45.23278771106879],[-73.12143901750443,45.23265227354592]]]},"properties":{"NO_LOT":"4 391 228","geoId":"ca/qc/lot/4-391-228","name":"4 391 228","code":"4 391 228","level":"locality","country":"CA","noLot":"4 391 228"}},{"type":"Feature","geometry":{"type":"Polygon","coordinates":[[[-73.12082537474059,45.23531843046236],[-73.12072763085116,45.23543691393334],[-73.12104479543527,45.235567281586825],[-73.12114223749076,45.2354486744002],[-73.12082537474059,45.23531843046236]]]},"properties":{"NO_LOT":"4 391 306","geoId":"ca/qc/lot/4-391-306","name":"4 391 306","code":"4 391 306","level":"locality","country":"CA","noLot":"4 391 306"}},{"type":"Feature","geometry":{"type":"Polygon","coordinates":[[[-73.12245763247645,45.23899396242952],[-73.12227738281976,45.239211802648704],[-73.12283688501974,45.239442038645876],[-73.12301680589304,45.2392240620466],[-73.12245763247645,45.23899396242952]]]},"properties":{"NO_LOT":"4 391 370","geoId":"ca/qc/lot/4-391-370","name":"4 391 370","code":"4 391 370","level":"locality","country":"CA","noLot":"4 391 370"}},{"type":"Feature","geometry":{"type":"Polygon","coordinates":[[[-73.1221362269459,45.23938227895047],[-73.1219950513091,45.23955274588515],[-73.12255523263545,45.23978326387912],[-73.12269605972591,45.23961265151863],[-73.1221362269459,45.23938227895047]]]},"properties":{"NO_LOT":"4 391 372","geoId":"ca/qc/lot/4-391-372","name":"4 391 372","code":"4 391 372","level":"locality","country":"CA","noLot":"4 391 372"}},{"type":"Feature","geometry":{"type":"Polygon","coordinates":[[[-73.12296607263906,45.23183733000302],[-73.12264779504233,45.23170577709941],[-73.12253089188451,45.23184811696574],[-73.12284917037958,45.23197967080511],[-73.12296607263906,45.23183733000302]]]},"properties":{"NO_LOT":"4 391 181","geoId":"ca/qc/lot/4-391-181","name":"4 391 181","code":"4 391 181","level":"locality","country":"CA","noLot":"4 391 181"}},{"type":"Feature","geometry":{"type":"Polygon","coordinates":[[[-73.1200435107617,45.236266179346416],[-73.11996390475616,45.236362672398954],[-73.11994585850042,45.236384701326365],[-73.12026534253461,45.236516023262425],[-73.12036278818336,45.23639741615823],[-73.1200435107617,45.236266179346416]]]},"properties":{"NO_LOT":"4 391 315","geoId":"ca/qc/lot/4-391-315","name":"4 391 315","code":"4 391 315","level":"locality","country":"CA","noLot":"4 391 315"}},{"type":"Feature","geometry":{"type":"Polygon","coordinates":[[[-73.12097149739967,45.240293610796265],[-73.12071715469831,45.24059712443763],[-73.12102819097555,45.24072326506952],[-73.12110670193475,45.24062814379239],[-73.12115768132712,45.24064800401393],[-73.12137212625343,45.24038711903872],[-73.12107873827827,45.240272938907815],[-73.12107725426144,45.24027237468617],[-73.1210757549732,45.2402718351334],[-73.12107423861701,45.24027131708682],[-73.12107270788776,45.24027082117898],[-73.12107116188717,45.240270348042415],[-73.12106960241184,45.24026989894218],[-73.12106802946178,45.24026947324578],[-73.1210664448336,45.24026906968812],[-73.12106484852735,45.240268690799326],[-73.121063240543,45.24026833594692],[-73.12106162357549,45.240268005130794],[-73.1210599967265,45.24026769771855],[-73.12105836089437,45.24026741624022],[-73.12105671518076,45.240267156900636],[-73.1210550649756,45.24026692412758],[-73.12105340668559,45.2402667147583],[-73.12105174210735,45.24026653069045],[-73.12105007393588,45.24026637065893],[-73.12104840037449,45.24026623719393],[-73.12104672321986,45.24026612713276],[-73.12104504337027,45.240266043005526],[-73.12104336082575,45.24026598417971],[-73.12104167738292,45.24026594875773],[-73.12103999394007,45.24026593990223],[-73.1210383095989,45.24026595571565],[-73.12103662615607,45.24026599683045],[-73.12103494450986,45.24026606324668],[-73.1210332655586,45.24026615369924],[-73.12103158930228,45.24026627008582],[-73.12102991663922,45.240266411141235],[-73.12102824936603,45.24026657686553],[-73.12102658658446,45.240266767258746],[-73.12102493009107,45.24026698295339],[-73.1210232807842,45.240267222684324],[-73.12102163866386,45.24026748708418],[-73.12102000462836,45.24026777615297],[-73.12101838047434,45.24026808925803],[-73.12101676440513,45.24026842703203],[-73.12101516001405,45.240268788209804],[-73.12101356640272,45.24026917279141],[-73.12101198536782,45.24026958204189],[-73.1210104151127,45.24027001406366],[-73.12100886012895,45.240270470121764],[-73.12100731861993,45.2402709483186],[-73.12100579058561,45.24027144991926],[-73.12100427961933,45.240271974291204],[-73.12100278212775,45.24027252080184],[-73.12100130350079,45.24027308881872],[-73.12099984104348,45.240273680239405],[-73.12099839745083,45.2402742919012],[-73.12099697182447,45.24027492570176],[-73.12099556506274,45.24027558100847],[-73.12099417896228,45.240276255923824],[-73.12099281352303,45.2402769517128],[-73.12099146874505,45.24027766900797],[-73.12099014552663,45.240278405279234],[-73.1209888447661,45.24027915989399],[-73.12098756646346,45.240279934749836],[-73.12098631151702,45.24028072921433],[-73.12098508172338,45.24028154075726],[-73.12098387438763,45.240282371908734],[-73.12098269310303,45.24028322013866],[-73.12098153876791,45.240284086079576],[-73.12098040868729,45.240284967833894],[-73.12097930645443,45.24028586793167],[-73.1209782302727,45.24028678321033],[-73.12097718193877,45.24028771493486],[-73.1209761614526,45.240288661207686],[-73.12097517061086,45.24028962329386],[-73.12097420761687,45.24029059929584],[-73.12097327426729,45.24029158984609],[-73.1209723705621,45.240292594312095],[-73.12097149739967,45.240293610796265]]]},"properties":{"NO_LOT":"4 391 465","geoId":"ca/qc/lot/4-391-465","name":"4 391 465","code":"4 391 465","level":"locality","country":"CA","noLot":"4 391 465"}},{"type":"Feature","geometry":{"type":"Polygon","coordinates":[[[-73.1217981567685,45.240552918665145],[-73.12144182114643,45.24098627063121],[-73.12147206472712,45.2409987206695],[-73.12164308868584,45.24106912282373],[-73.12169566258785,45.241005172448695],[-73.12200219111898,45.24063232229553],[-73.1217981567685,45.240552918665145]]]},"properties":{"NO_LOT":"4 391 460","geoId":"ca/qc/lot/4-391-460","name":"4 391 460","code":"4 391 460","level":"locality","country":"CA","noLot":"4 391 460"}},{"type":"Feature","geometry":{"type":"Polygon","coordinates":[[[-73.12164308868584,45.24106912282373],[-73.12147206472712,45.2409987206695],[-73.12122170605406,45.24130580620241],[-73.12139037193516,45.24137257223264],[-73.12164308868584,45.24106912282373]]]},"properties":{"NO_LOT":"4 391 464","geoId":"ca/qc/lot/4-391-464","name":"4 391 464","code":"4 391 464","level":"locality","country":"CA","noLot":"4 391 464"}},{"type":"Feature","geometry":{"type":"Polygon","coordinates":[[[-73.1219950513091,45.23955274588515],[-73.12181482680523,45.23977057700408],[-73.12237532344024,45.24000122378466],[-73.12255523263545,45.23978326387912],[-73.1219950513091,45.23955274588515]]]},"properties":{"NO_LOT":"4 391 373","geoId":"ca/qc/lot/4-391-373","name":"4 391 373","code":"4 391 373","level":"locality","country":"CA","noLot":"4 391 373"}},{"type":"Feature","geometry":{"type":"Polygon","coordinates":[[[-73.12053217541164,45.23567384217897],[-73.12062991840277,45.235555357936825],[-73.12030909767545,45.23542348595822],[-73.12011303946637,45.23566016628579],[-73.12043446296323,45.23579228695377],[-73.12053217541164,45.23567384217897]]]},"properties":{"NO_LOT":"4 391 309","geoId":"ca/qc/lot/4-391-309","name":"4 391 309","code":"4 391 309","level":"locality","country":"CA","noLot":"4 391 309"}},{"type":"Feature","geometry":{"type":"Polygon","coordinates":[[[-73.12137656033767,45.23326236171613],[-73.12157336235181,45.2330247743523],[-73.12124375879597,45.232889299437296],[-73.1210489294822,45.2331257967392],[-73.12137656033767,45.23326236171613]]]},"properties":{"NO_LOT":"4 391 235","geoId":"ca/qc/lot/4-391-235","name":"4 391 235","code":"4 391 235","level":"locality","country":"CA","noLot":"4 391 235"}},{"type":"Feature","geometry":{"type":"Polygon","coordinates":[[[-73.12286210611967,45.23144483272097],[-73.1225426930524,45.23131280759559],[-73.12242577821648,45.23145514275241],[-73.12274520386015,45.231587172608144],[-73.12286210611967,45.23144483272097]]]},"properties":{"NO_LOT":"4 391 183","geoId":"ca/qc/lot/4-391-183","name":"4 391 183","code":"4 391 183","level":"locality","country":"CA","noLot":"4 391 183"}},{"type":"Feature","geometry":{"type":"Polygon","coordinates":[[[-73.12001993268044,45.23863529232026],[-73.12002057138261,45.238638434214465],[-73.12002117505048,45.23864157927131],[-73.120021746379,45.238644727490716],[-73.12002228267322,45.23864787824016],[-73.12002278303483,45.23865103215224],[-73.12002325015878,45.238654189226885],[-73.12002368224843,45.23865734819899],[-73.12002408020211,45.238660510333695],[-73.12002444312148,45.23866367310079],[-73.12002477280319,45.23866683903048],[-73.12002506655229,45.238670006225085],[-73.1200253261654,45.23867317531719],[-73.12002555164253,45.23867634504169],[-73.12002574118706,45.23867951603109],[-73.12002589749392,45.238682688285394],[-73.1200260187665,45.23868586117214],[-73.12002610590307,45.23868903405866],[-73.12002615620874,45.238692208210125],[-73.12002617327671,45.238695382361406],[-73.12002615620874,45.238698556512524],[-73.12002610410643,45.238701729398336],[-73.12002601786818,45.238704903549085],[-73.1200258956973,45.23870807643454],[-73.12002573939043,45.238711248054734],[-73.12002554804928,45.23871441904219],[-73.12002532347046,45.23871758939695],[-73.12002506206072,45.23872075722127],[-73.12002476831162,45.238723925045434],[-73.1200244386299,45.23872709033921],[-73.12002407571052,45.23873025436772],[-73.12002367685854,45.23873341523324],[-73.12002324387058,45.23873657420099],[-73.12002277674662,45.238739731270876],[-73.1200222745884,45.238742885177814],[-73.12002173829416,45.23874603655438],[-73.12002116786395,45.23874918540056],[-73.1201965648215,45.23854179511093],[-73.12005752358182,45.23847389031709],[-73.12005587158,45.23847620989812],[-73.12005425281586,45.23847854086505],[-73.12005266459445,45.23848088321785],[-73.12005110871237,45.23848323505895],[-73.12004958427134,45.238485598285905],[-73.12004809216965,45.238487971001106],[-73.12004663330562,45.238490354469654],[-73.12004520678096,45.238492747426385],[-73.12004381169733,45.23849514923882],[-73.12004245074966,45.23849756117205],[-73.12004112124305,45.23849998196096],[-73.12003982677072,45.238502412238084],[-73.12003856373943,45.23850485137086],[-73.12003733484411,45.2385072980942],[-73.12003613918647,45.238509753040645],[-73.12003497676649,45.238512217475325],[-73.12003384758418,45.23851468823542],[-73.12003275253785,45.23851716595353],[-73.12003169162752,45.2385196518948],[-73.12003066485313,45.23852214542655],[-73.1200296704181,45.23852464528376],[-73.12002871101738,45.238527152098975],[-73.12002778665097,45.23852966523961],[-73.12002689552222,45.23853218407313],[-73.12002603942774,45.23853470923209],[-73.12002521746925,45.238537240083936],[-73.12002442964675,45.2385397759961],[-73.12002367685854,45.23854231823372],[-73.12002295730801,45.238544864266565],[-73.1200222745884,45.23854741599224],[-73.12002162510645,45.238549971513144],[-73.12002101065877,45.23855253146184],[-73.12002043124541,45.23855509647086],[-73.12001988776467,45.23855766337741],[-73.12001937752159,45.238560235344266],[-73.12001890321112,45.238562810473795],[-73.12001846483327,45.238565388133416],[-73.12001806059139,45.2385679689557],[-73.1200176913838,45.238570552308076],[-73.12001735721051,45.238573138190546],[-73.12001705807153,45.2385757259706],[-73.12001679576346,45.238578316280744],[-73.12001656759139,45.23858090848837],[-73.1200163744536,45.2385835013285],[-73.1200162163501,45.23858609543358],[-73.12001609417923,45.23858869017111],[-73.12001600704264,45.238591286173666],[-73.12001595673699,45.23859388217609],[-73.12001594056731,45.23859647944348],[-73.12001595943192,45.23859907544562],[-73.12001601333085,45.23860167208026],[-73.12001610316237,45.23860426808216],[-73.12001622982484,45.23860686345143],[-73.12001638972497,45.238609456922894],[-73.12001658555769,45.23861205039428],[-73.12001681642471,45.23861464133528],[-73.12001708232603,45.23861723101109],[-73.12001738415998,45.23861981942165],[-73.1200177210282,45.2386224040368],[-73.12001809382905,45.23862498801927],[-73.12001850076587,45.238627568206276],[-73.12001894273699,45.238630146495524],[-73.12001942064073,45.238632720989365],[-73.12001993268044,45.23863529232026]]]},"properties":{"NO_LOT":"5 663 588","geoId":"ca/qc/lot/5-663-588","name":"5 663 588","code":"5 663 588","level":"locality","country":"CA","noLot":"5 663 588"}},{"type":"Feature","geometry":{"type":"Polygon","coordinates":[[[-73.12129538407703,45.23614741167768],[-73.12136086946461,45.23606770256823],[-73.1214610316188,45.23594578358556],[-73.12113967998714,45.2358124474458],[-73.12107147360257,45.235895467859194],[-73.12097403064875,45.23601407601101],[-73.12129538407703,45.23614741167768]]]},"properties":{"NO_LOT":"4 391 331","geoId":"ca/qc/lot/4-391-331","name":"4 391 331","code":"4 391 331","level":"locality","country":"CA","noLot":"4 391 331"}},{"type":"Feature","geometry":{"type":"Polygon","coordinates":[[[-73.12229669570004,45.23701398340832],[-73.12168526638507,45.23676293472945],[-73.12157007361955,45.23690297960636],[-73.12218096664031,45.23715380942976],[-73.12222736642137,45.237097831366604],[-73.12229669570004,45.23701398340832]]]},"properties":{"NO_LOT":"5 171 791","geoId":"ca/qc/lot/5-171-791","name":"5 171 791","code":"5 171 791","level":"locality","country":"CA","noLot":"5 171 791"}},{"type":"Feature","geometry":{"type":"Polygon","coordinates":[[[-73.11747849453708,45.239766690671566],[-73.11805556419077,45.239079801892466],[-73.11796617553179,45.239043894617694],[-73.11773244916624,45.23895013430731],[-73.11744303893114,45.23929397744149],[-73.1174423723812,45.23929476812447],[-73.1176076399356,45.23936173829996],[-73.11732261707235,45.239699934772524],[-73.11747849453708,45.239766690671566]]]},"properties":{"NO_LOT":"4 391 423","geoId":"ca/qc/lot/4-391-423","name":"4 391 423","code":"4 391 423","level":"locality","country":"CA","noLot":"4 391 423"}},{"type":"Feature","geometry":{"type":"Polygon","coordinates":[[[-73.12230430802376,45.237004728882624],[-73.12241188846555,45.236873936907266],[-73.1218004600489,45.23662288824226],[-73.12168526638507,45.23676293472945],[-73.12229669570004,45.23701398340832],[-73.12230430802376,45.237004728882624]]]},"properties":{"NO_LOT":"5 171 790","geoId":"ca/qc/lot/5-171-790","name":"5 171 790","code":"5 171 790","level":"locality","country":"CA","noLot":"5 171 790"}},{"type":"Feature","geometry":{"type":"Polygon","coordinates":[[[-73.12113822920796,45.23841176637357],[-73.12053330818722,45.23816338694356],[-73.1204181091335,45.23830343216429],[-73.12102236629924,45.238551538351075],[-73.12113822920796,45.23841176637357]]]},"properties":{"NO_LOT":"5 663 555","geoId":"ca/qc/lot/5-663-555","name":"5 663 555","code":"5 663 555","level":"locality","country":"CA","noLot":"5 663 555"}},{"type":"Feature","geometry":{"type":"Polygon","coordinates":[[[-73.12044013402763,45.237188401521124],[-73.12051682500007,45.23709506070628],[-73.12019452205254,45.23696287032146],[-73.12000934872975,45.237188254132356],[-73.12033164449078,45.23732044146259],[-73.12044013402763,45.237188401521124]]]},"properties":{"NO_LOT":"4 391 336","geoId":"ca/qc/lot/4-391-336","name":"4 391 336","code":"4 391 336","level":"locality","country":"CA","noLot":"4 391 336"}},{"type":"Feature","geometry":{"type":"Polygon","coordinates":[[[-73.12125409121838,45.238271993419666],[-73.12064850634262,45.23802334264276],[-73.12053330818722,45.23816338694356],[-73.12113822920796,45.23841176637357],[-73.12125409121838,45.238271993419666]]]},"properties":{"NO_LOT":"5 663 554","geoId":"ca/qc/lot/5-663-554","name":"5 663 554","code":"5 663 554","level":"locality","country":"CA","noLot":"5 663 554"}},{"type":"Feature","geometry":{"type":"Polygon","coordinates":[[[-73.11317521667814,45.23814264343341],[-73.11260978200401,45.23879326922876],[-73.11296281721575,45.23893169926095],[-73.11352528565278,45.23828482928033],[-73.11317521667814,45.23814264343341]]]},"properties":{"NO_LOT":"4 391 554","geoId":"ca/qc/lot/4-391-554","name":"4 391 554","code":"4 391 554","level":"locality","country":"CA","noLot":"4 391 554"}},{"type":"Feature","geometry":{"type":"Polygon","coordinates":[[[-73.11421075321516,45.24023637075454],[-73.11408781248034,45.240451223182525],[-73.11486941415117,45.24076581664353],[-73.11504837472542,45.24056605825856],[-73.11421075321516,45.24023637075454]]]},"properties":{"NO_LOT":"4 391 538","geoId":"ca/qc/lot/4-391-538","name":"4 391 538","code":"4 391 538","level":"locality","country":"CA","noLot":"4 391 538"}},{"type":"Feature","geometry":{"type":"Polygon","coordinates":[[[-73.12172952907406,45.24311668655938],[-73.12130948403372,45.242924210259005],[-73.12116423363881,45.243082446586925],[-73.121584699989,45.243275114631835],[-73.12172952907406,45.24311668655938]]]},"properties":{"NO_LOT":"4 391 517","geoId":"ca/qc/lot/4-391-517","name":"4 391 517","code":"4 391 517","level":"locality","country":"CA","noLot":"4 391 517"}},{"type":"Feature","geometry":{"type":"Polygon","coordinates":[[[-73.12163580155226,45.24158723187288],[-73.12136813593693,45.241475462165425],[-73.12115764449621,45.24170750558594],[-73.12142496246351,45.24181911733983],[-73.12163580155226,45.24158723187288]]]},"properties":{"NO_LOT":"4 391 510","geoId":"ca/qc/lot/4-391-510","name":"4 391 510","code":"4 391 510","level":"locality","country":"CA","noLot":"4 391 510"}},{"type":"Feature","geometry":{"type":"Polygon","coordinates":[[[-73.12142496246351,45.24181911733983],[-73.12115764449621,45.24170750558594],[-73.12100047794904,45.24188076127214],[-73.12126778423824,45.24199238849861],[-73.12142496246351,45.24181911733983]]]},"properties":{"NO_LOT":"4 391 511","geoId":"ca/qc/lot/4-391-511","name":"4 391 511","code":"4 391 511","level":"locality","country":"CA","noLot":"4 391 511"}},{"type":"Feature","geometry":{"type":"Polygon","coordinates":[[[-73.12029951175306,45.23844760573174],[-73.1204181091335,45.23830343216429],[-73.12053330818722,45.23816338694356],[-73.12064850634262,45.23802334264276],[-73.12076370449802,45.237883297364284],[-73.12087890175512,45.23774325237317],[-73.12099409811388,45.23760320703695],[-73.12110929447265,45.237463161988096],[-73.12122449083144,45.237323117226666],[-73.12133968449525,45.237183070854975],[-73.12145487995572,45.23704302603583],[-73.12157007361955,45.23690297960636],[-73.12168526638507,45.23676293472945],[-73.1218004600489,45.23662288824226],[-73.1219156519161,45.23648284204251],[-73.12203084288497,45.23634279613021],[-73.12214603385387,45.236202749240164],[-73.12226122392443,45.23606270263752],[-73.12236783867728,45.235933083834624],[-73.12236867950038,45.23593208498481],[-73.12236955176454,45.23593110005182],[-73.12237045367308,45.23593012903565],[-73.1223713843277,45.235929170671135],[-73.12237234372843,45.23592822685603],[-73.12237333277358,45.2359272988555],[-73.12237434876815,45.2359263847718],[-73.12237539261051,45.2359254877679],[-73.12237646340233,45.23592460594592],[-73.12237756114361,45.23592374057116],[-73.12237868583433,45.23592289290875],[-73.1223798347796,45.23592206169345],[-73.12238100887767,45.235921247557926],[-73.12238220723026,45.235920453032534],[-73.12238343073568,45.23591967558686],[-73.1223846775973,45.23591891775127],[-73.1223859469168,45.235918178893236],[-73.12238723779585,45.23591745964525],[-73.12238855023448,45.235916760007356],[-73.12238988333435,45.23591608061216],[-73.12239123889213,45.23591542209225],[-73.12239261241619,45.235914782549784],[-73.12239400570321,45.2359141657804],[-73.12239541695652,45.23591356988626],[-73.12239684617613,45.23591299486741],[-73.12239829246374,45.23591244262154],[-73.12239975671766,45.235911911883555],[-73.1224012344463,45.23591140391856],[-73.12240272834461,45.23591091872658],[-73.12240423751427,45.23591045567509],[-73.12240575926039,45.23591001666173],[-73.1224072944812,45.23590959978884],[-73.12240884227843,45.23590920695413],[-73.12241040175377,45.23590883752506],[-73.12241197200889,45.23590849276675],[-73.12241355124715,45.23590817078142],[-73.12241514126521,45.235907873466914],[-73.1224167393681,45.23590759955799],[-73.12241834645414,45.23590735095248],[-73.12241995982839,45.2359071270177],[-73.12242157949083,45.23590692648853],[-73.1224232054415,45.235906751895335],[-73.12242483588376,45.23590660197292],[-73.12242647081757,45.235906475456076],[-73.12242810844633,45.235906375507795],[-73.12242974966836,45.23590629959769],[-73.122431392687,45.23590624899096],[-73.12243303660398,45.23590622305504],[-73.12243468141926,45.23590622305504],[-73.12243632533624,45.23590624646062],[-73.12243796835489,45.23590629580222],[-73.12243960957693,45.235906369814536],[-73.12244124720569,45.235906468497674],[-73.1224428830378,45.235906592484135],[-73.12244451348005,45.23590674177397],[-73.1224461394307,45.23590691573461],[-73.12244776088981,45.23590711373344],[-73.12244937336574,45.23590733703563],[-73.12245098045177,45.235907583743405],[-73.12245257945298,45.23590785575454],[-73.12245416947106,45.235908151803905],[-73.12245575050594,45.23590847189145],[-73.12245732165938,45.235908816017165],[-73.12245888203302,45.23590918354851],[-73.12246042983024,45.235909574485476],[-73.12246196594938,45.23590998946062],[-73.12246348859381,45.23591042784139],[-73.12246499776347,45.23591088962774],[-73.12246649256011,45.23591137355452],[-73.1224679729837,45.235911879621746],[-73.1224694363393,45.235912408461985],[-73.12247088442354,45.23591296070786],[-73.12247231454145,45.23591353382898],[-73.12217501709819,45.23579142663766],[-73.12217642924982,45.235792020635344],[-73.12217782343512,45.23579263677351],[-73.12217919785752,45.23579327378695],[-73.12218055341528,45.23579393167568],[-73.1221818883118,45.23579460980719],[-73.12218320164872,45.2357953081814],[-73.12218449522274,45.23579602679834],[-73.12218576544055,45.23579676376022],[-73.12218701230218,45.23579752096484],[-73.12218823580758,45.23579829588185],[-73.12218943685512,45.23579908977641],[-73.12219061185151,45.2357999020159],[-73.12219176349171,45.235800731967785],[-73.12219288818245,45.23580157899947],[-73.12219398772035,45.235802443110906],[-73.12219506030881,45.235803323036976],[-73.1221961059478,45.23580422004285],[-73.12219712373903,45.23580513159819],[-73.12219811368246,45.23580605960072],[-73.12219907577813,45.235807002152654],[-73.12220000822938,45.2358079586215],[-73.12220091103626,45.235808929007156],[-73.12220178509703,45.235809912677105],[-73.12220262771675,45.235810910896475],[-73.12220344069209,45.23581191986982],[-73.1222042231247,45.235812942759964],[-73.12220497411629,45.235813975771485],[-73.12220569187018,45.235815020802114],[-73.12220637908138,45.23581607595408],[-73.12220703395323,45.23581714185995],[-73.12220765648571,45.23581821662201],[-73.12220824488223,45.23581930213798],[-73.12220880093939,45.235820394612404],[-73.12220932375888,45.23582149594295],[-73.12220981334072,45.23582260486453],[-73.12221026788825,45.235823722009684],[-73.12221068919813,45.23582484484809],[-73.12221107547369,45.23582597401229],[-73.12221142851159,45.235827108869735],[-73.12221174471858,45.23582824815528],[-73.1222120276879,45.23582939313406],[-73.12221227652122,45.23583054064317],[-73.12221248852362,45.23583169258032],[-73.12221266639004,45.23583284768038],[-73.12221280922219,45.2358340046782],[-73.12221291612171,45.23583516357374],[-73.12221298798693,45.23583632499954],[-73.12221302391954,45.23583748579277],[-73.12221302481785,45.235838647851175],[-73.12221299068187,45.23583980990955],[-73.1222129224099,45.23584097007011],[-73.12221281730703,45.23584212896551],[-73.12221267716984,45.235843286595696],[-73.12221250110005,45.23584444169552],[-73.12221229089427,45.235845593632384],[-73.12221204475587,45.23584674303895],[-73.12221176537983,45.23584788675217],[-73.12221144917285,45.23584902793504],[-73.12221109882988,45.23585016279202],[-73.12221071524925,45.23585129195576],[-73.12221029573602,45.23585241479363],[-73.12220984388343,45.235853531938155],[-73.12220935699656,45.2358546421243],[-73.122208836872,45.23585574408677],[-73.12220828350979,45.23585683782563],[-73.12220769601159,45.23585792270827],[-73.12220707617405,45.235858998734756],[-73.12220642309883,45.23586006463982],[-73.12220573768427,45.23586112105614],[-73.12220502172698,45.23586216671845],[-73.12220427343034,45.23586320099427],[-73.12220349279437,45.23586422388349],[-73.12220268341231,45.23586523412103],[-73.12209604620156,45.23599488091234],[-73.12198085613097,45.23613492704954],[-73.1218656642638,45.236274973474146],[-73.1217504723966,45.23641501955365],[-73.12163528052939,45.23655506528795],[-73.12152008686556,45.23669511130971],[-73.12140489320174,45.23683515698632],[-73.1212896986396,45.23697520295034],[-73.12117450407744,45.2371152479367],[-73.12105930951532,45.23725529321043],[-73.12094411315654,45.23739533813902],[-73.12082891679778,45.23753538335498],[-73.12071371954066,45.23767542822584],[-73.12059852228359,45.23781547338411],[-73.12048332412817,45.23795551756461],[-73.12036812597277,45.23809556266513],[-73.12025292691905,45.23823560678788],[-73.12006714184356,45.23846145933477],[-73.1200654745704,45.23846350628483],[-73.12006383245006,45.238465563355696],[-73.12006221638086,45.23846762991484],[-73.1200606263628,45.23846970722735],[-73.1200590623959,45.23847179402808],[-73.12005752358182,45.23847389031709],[-73.1201965648215,45.23854179511093],[-73.12026583211642,45.23857556593431],[-73.12026536139922,45.23857337982636],[-73.12026492481799,45.23857118992294],[-73.12026452506768,45.23856899622413],[-73.12026415855505,45.23856679936247],[-73.12026382887333,45.2385645999705],[-73.12026353512424,45.23856239804824],[-73.12026327461281,45.238560194228235],[-73.1202630509323,45.23855798787789],[-73.12026286318441,45.238555780262374],[-73.12026270957249,45.238553570749126],[-73.1202625927915,45.23855136123574],[-73.12026251104481,45.23854914982462],[-73.12026246433241,45.23854693778089],[-73.12026245355263,45.23854472700217],[-73.12026247780716,45.238542514958276],[-73.12026253799428,45.23854030417938],[-73.12026263411401,45.238538092767826],[-73.12026276616636,45.23853588325389],[-73.12026293235468,45.23853367500495],[-73.12026313537395,45.238531468021],[-73.12026337163087,45.23852926230216],[-73.1202636447187,45.238527059113395],[-73.12026395373917,45.238524857822235],[-73.12026429779392,45.23852266032629],[-73.12026467688297,45.2385204640954],[-73.12026509100632,45.23851827229229],[-73.12026554106227,45.238516083019306],[-73.12026602615252,45.238513898174155],[-73.12026654627708,45.23851171712426],[-73.1202671005376,45.23850953986959],[-73.12026768983243,45.238507368307836],[-73.12026831505986,45.23850520117386],[-73.1202689753216,45.23850303910024],[-73.12026966882101,45.23850088208701],[-73.1202703973547,45.2384987307667],[-73.12027116092268,45.23849658577183],[-73.12027195772833,45.238494447735015],[-73.1202727895683,45.238492314758545],[-73.12027365734086,45.23849019000525],[-73.12027455655446,45.23848807220993],[-73.12027549080236,45.23848596074014],[-73.12027645918623,45.23848385686088],[-73.12027746080777,45.23848176183737],[-73.12027849656529,45.23847967503696],[-73.1202795655605,45.23847759582716],[-73.12028066779332,45.238475526105645],[-73.12028180326386,45.2384734652398],[-73.12028297197205,45.23847141322965],[-73.12028417301957,45.23846937070774],[-73.12028540730478,45.238467338306684],[-73.12028667392933,45.238465314761335],[-73.12028797289322,45.238463303234475],[-73.12028930509479,45.23846130119587],[-73.12029066783909,45.238459309910624],[-73.12029206292272,45.23845733127644],[-73.12029349124401,45.23845536213051],[-73.12029494920972,45.23845340500308],[-73.12029643861648,45.23845145989416],[-73.12029796036255,45.2384495268037],[-73.12029951175306,45.23844760573174]]]},"properties":{"NO_LOT":"5 171 794","geoId":"ca/qc/lot/5-171-794","name":"5 171 794","code":"5 171 794","level":"locality","country":"CA","noLot":"5 171 794"}},{"type":"Feature","geometry":{"type":"Polygon","coordinates":[[[-73.11317521667814,45.23814264343341],[-73.11281628582321,45.23799685669465],[-73.11277539361318,45.23804417981536],[-73.11241130014032,45.238465521607026],[-73.11224596072068,45.23865060897393],[-73.11260978200401,45.23879326922876],[-73.11317521667814,45.23814264343341]]]},"properties":{"NO_LOT":"4 392 170","geoId":"ca/qc/lot/4-392-170","name":"4 392 170","code":"4 392 170","level":"locality","country":"CA","noLot":"4 392 170"}},{"type":"Feature","geometry":{"type":"Polygon","coordinates":[[[-73.11282175925825,45.24292415649599],[-73.11351597730982,45.24315561968656],[-73.11386068783378,45.24278155847867],[-73.11258680759063,45.242234624663695],[-73.11235337317753,45.24249066371332],[-73.1121594745184,45.242703335582696],[-73.11282175925825,45.24292415649599]]]},"properties":{"NO_LOT":"4 391 564","geoId":"ca/qc/lot/4-391-564","name":"4 391 564","code":"4 391 564","level":"locality","country":"CA","noLot":"4 391 564"}},{"type":"Feature","geometry":{"type":"Polygon","coordinates":[[[-73.1203164063686,45.234553935102156],[-73.12015195358617,45.23448633488405],[-73.11995675955639,45.23472339487755],[-73.12012121413547,45.234790994181054],[-73.1203164063686,45.234553935102156]]]},"properties":{"NO_LOT":"4 391 253","geoId":"ca/qc/lot/4-391-253","name":"4 391 253","code":"4 391 253","level":"locality","country":"CA","noLot":"4 391 253"}},{"type":"Feature","geometry":{"type":"Polygon","coordinates":[[[-73.12240266546254,45.24321567395445],[-73.12241251728626,45.24320487460189],[-73.12199177156,45.2430121430683],[-73.12184693169517,45.24317056700478],[-73.12226789032215,45.24336339667113],[-73.12240266546254,45.24321567395445]]]},"properties":{"NO_LOT":"4 391 500","geoId":"ca/qc/lot/4-391-500","name":"4 391 500","code":"4 391 500","level":"locality","country":"CA","noLot":"4 391 500"}},{"type":"Feature","geometry":{"type":"Polygon","coordinates":[[[-73.11164938235397,45.24522816773299],[-73.11040024620533,45.244653350267484],[-73.11018947538854,45.24488366604391],[-73.11143822256668,45.24545891505874],[-73.11164938235397,45.24522816773299]]]},"properties":{"NO_LOT":"4 391 572","geoId":"ca/qc/lot/4-391-572","name":"4 391 572","code":"4 391 572","level":"locality","country":"CA","noLot":"4 391 572"}},{"type":"Feature","geometry":{"type":"Polygon","coordinates":[[[-73.11864493896722,45.24036224778793],[-73.11835231635668,45.240692269802835],[-73.11858121158264,45.24078522772083],[-73.11885429583575,45.24044726162507],[-73.11864493896722,45.24036224778793]]]},"properties":{"NO_LOT":"4 391 479","geoId":"ca/qc/lot/4-391-479","name":"4 391 479","code":"4 391 479","level":"locality","country":"CA","noLot":"4 391 479"}},{"type":"Feature","geometry":{"type":"Polygon","coordinates":[[[-73.12240757655219,45.244177231878275],[-73.12226032471082,45.24433862716736],[-73.12289700656676,45.244628518833466],[-73.12304425750982,45.24446712247053],[-73.12240757655219,45.244177231878275]]]},"properties":{"NO_LOT":"4 391 491","geoId":"ca/qc/lot/4-391-491","name":"4 391 491","code":"4 391 491","level":"locality","country":"CA","noLot":"4 391 491"}},{"type":"Feature","geometry":{"type":"Polygon","coordinates":[[[-73.11284666774445,45.24170253208476],[-73.11301738897093,45.241519295929926],[-73.11238407220404,45.24121685744711],[-73.11221345158887,45.24140016668496],[-73.11236422482617,45.24147214332188],[-73.11284666774445,45.24170253208476]]]},"properties":{"NO_LOT":"5 326 499","geoId":"ca/qc/lot/5-326-499","name":"5 326 499","code":"5 326 499","level":"locality","country":"CA","noLot":"5 326 499"}},{"type":"Feature","geometry":{"type":"Polygon","coordinates":[[[-73.11780025490219,45.23989902824082],[-73.11801933603368,45.23963510931508],[-73.11778815549363,45.23954002606642],[-73.11756909232844,45.239803952391746],[-73.11780025490219,45.23989902824082]]]},"properties":{"NO_LOT":"5 211 444","geoId":"ca/qc/lot/5-211-444","name":"5 211 444","code":"5 211 444","level":"locality","country":"CA","noLot":"5 211 444"}},{"type":"Feature","geometry":{"type":"Polygon","coordinates":[[[-73.11803205348316,45.24011337211942],[-73.11787933180003,45.24030494456184],[-73.11764334167992,45.2405617203524],[-73.11780116489558,45.24062580975098],[-73.11820145418618,45.2401821617701],[-73.11803205348316,45.24011337211942]]]},"properties":{"NO_LOT":"4 391 483","geoId":"ca/qc/lot/4-391-483","name":"4 391 483","code":"4 391 483","level":"locality","country":"CA","noLot":"4 391 483"}},{"type":"Feature","geometry":{"type":"Polygon","coordinates":[[[-73.11693257935578,45.23913011037141],[-73.11668087051486,45.239443148761865],[-73.1168457059796,45.23951034584576],[-73.11709760346673,45.23919705354143],[-73.11693257935578,45.23913011037141]]]},"properties":{"NO_LOT":"4 391 432","geoId":"ca/qc/lot/4-391-432","name":"4 391 432","code":"4 391 432","level":"locality","country":"CA","noLot":"4 391 432"}},{"type":"Feature","geometry":{"type":"Polygon","coordinates":[[[-73.11712245176581,45.239166150426705],[-73.11709760346673,45.23919705354143],[-73.1168457059796,45.23951034584576],[-73.11715764596201,45.2396330427984],[-73.1174423723812,45.23929476812447],[-73.11744303893114,45.23929397744149],[-73.1171439044331,45.239174704370086],[-73.11712245176581,45.239166150426705]]]},"properties":{"NO_LOT":"4 391 434","geoId":"ca/qc/lot/4-391-434","name":"4 391 434","code":"4 391 434","level":"locality","country":"CA","noLot":"4 391 434"}},{"type":"Feature","geometry":{"type":"Polygon","coordinates":[[[-73.12265798283596,45.242693459595216],[-73.12311101491184,45.24219695593353],[-73.12299029840564,45.24214654517265],[-73.12273540054547,45.24242591860631],[-73.12254019034602,45.24263987344663],[-73.12253916177501,45.24264097780755],[-73.1225381026613,45.242642068253254],[-73.12253701659812,45.242643145416295],[-73.12253590268718,45.24264420866408],[-73.12253476092845,45.242645256731606],[-73.12253359222025,45.24264628961891],[-73.12253239746093,45.2426473066935],[-73.12253117575214,45.24264830858782],[-73.12252992799222,45.24264929466941],[-73.12252865507946,45.24265026430572],[-73.12252735701387,45.242651217496814],[-73.12252603559209,45.24265215361015],[-73.12252468901748,45.24265307138069],[-73.12252331908667,45.24265397270597],[-73.12252192490133,45.24265485568851],[-73.12252050915646,45.24265572032829],[-73.12251907095369,45.24265656662527],[-73.12251761119136,45.242657394579446],[-73.12251612986944,45.24265820229336],[-73.1225146278863,45.242658991664534],[-73.12251310614019,45.24265976142786],[-73.12251156373287,45.24266051031841],[-73.12251000246088,45.24266124086621],[-73.12250842232432,45.24266194927615],[-73.12250682422142,45.24266263744582],[-73.12250520815222,45.242663305375196],[-73.12250357501505,45.242663951799265],[-73.12250192660649,45.242664576718],[-73.12250026112996,45.24266518076396],[-73.12249858038204,45.2426657626721],[-73.1224968843628,45.24266632244243],[-73.1224951739705,45.242666860707466],[-73.12249345100179,45.24266737683469],[-73.12249171455834,45.242667869559064],[-73.12248996553849,45.2426683395131],[-73.12248820394221,45.24266878732934],[-73.12248643156616,45.24266921237525],[-73.1224846484103,45.24266961465087],[-73.1222545512385,45.242719887060844],[-73.1221356690921,45.24274585910839],[-73.12213287353495,45.24274648465878],[-73.12213008696094,45.24274713361194],[-73.12212731475996,45.24274780660038],[-73.12212455244047,45.24274850362409],[-73.1221218026974,45.24274922405065],[-73.12211906463241,45.24274996787991],[-73.12211634004214,45.24275073574454],[-73.12211362892661,45.2427515257469],[-73.12211093218413,45.242752339784516],[-73.12210824891639,45.24275317659247],[-73.12210558002167,45.24275403617065],[-73.12210292639831,45.24275491915163],[-73.12210028804633,45.24275582363785],[-73.122097665864,45.24275675215934],[-73.12209505895306,45.24275770218611],[-73.1220924691101,45.242758673718114],[-73.12208989633511,45.2427596680204],[-73.12208734062814,45.24276068509294],[-73.12208480198915,45.24276172303821],[-73.12208228221478,45.24276278312123],[-73.12207978040671,45.242763864077],[-73.12207729746326,45.24276496590549],[-73.12207483338443,45.24276608987172],[-73.12207238817024,45.24276723471071],[-73.1220699645156,45.242768401054924],[-73.12206755882727,45.24276958700686],[-73.12206517559682,45.24277079383154],[-73.12206281212931,45.2427720208964],[-73.12206047022136,45.24277326820151],[-73.12205814897466,45.24277453574684],[-73.12205585108417,45.24277582289983],[-73.12205357385493,45.242777129028056],[-73.12205132088019,45.242778454764],[-73.12204909036333,45.24277980010764],[-73.1220468832027,45.24278116379396],[-73.12204469939823,45.24278254708797],[-73.12204253894998,45.24278394872466],[-73.12204040275623,45.24278536870404],[-73.12203829081699,45.24278680702615],[-73.12203620492892,45.24278826305839],[-73.12203414329534,45.24278973680078],[-73.12203210681457,45.24279122888587],[-73.12203009728329,45.24279273678364],[-73.12202811290483,45.24279426302402],[-73.12202615547582,45.24279580570959],[-73.12202422409796,45.24279736484031],[-73.12202231877124,45.24279894104869],[-73.12202044219062,45.24280053306969],[-73.12201859166113,45.24280214090337],[-73.12201676987773,45.242803765182146],[-73.12201497594211,45.242805404008585],[-73.12201321075257,45.24280705801509],[-73.12201147341082,45.24280872720179],[-73.12200976481515,45.242810410936066],[-73.12200808496557,45.2428121098505],[-73.12200643476038,45.24281382267997],[-73.12200481419963,45.242815550057124],[-73.12187435905741,45.24295825741261],[-73.12172952907406,45.24311668655938],[-73.121584699989,45.243275114631835],[-73.12143987000566,45.2434335435275],[-73.12129503822565,45.24359197261388],[-73.1210911529955,45.243723344937635],[-73.12105238170783,45.243748326036474],[-73.12105064436608,45.24374946326573],[-73.12104893038051,45.24375061820482],[-73.12104724064947,45.24375179085379],[-73.12104557696956,45.243752981845205],[-73.12104393844247,45.243754189913965],[-73.1210423241699,45.24375541506012],[-73.1210407359485,45.24375665728362],[-73.12103917467654,45.243757915952045],[-73.12103764125234,45.243759189800386],[-73.12103613298098,45.24376048072607],[-73.12103465255738,45.24376178683166],[-73.12103319998158,45.243763108749626],[-73.12103177615187,45.243764445847496],[-73.12103037927159,45.24376579812523],[-73.12102901203572,45.24376716431786],[-73.12102767264763,45.24376854505788],[-73.12102636380227,45.24376993908029],[-73.12102508370297,45.243771347017635],[-73.1210238332481,45.243772768869825],[-73.12102261333595,45.243774202739424],[-73.12102142396652,45.2437756498914],[-73.12102026424148,45.24377710906079],[-73.12101913595748,45.24377858024754],[-73.12101803911452,45.24378006281925],[-73.12101697281429,45.24378155804081],[-73.12101593885339,45.24378306274976],[-73.12101493633354,45.24378457884366],[-73.12101396615301,45.24378610632241],[-73.12101302831186,45.24378764202356],[-73.12101212191175,45.24378918910967],[-73.1210112487493,45.243790743785624],[-73.12101040882449,45.243792309214015],[-73.12100960213738,45.243793882232296],[-73.12100882778961,45.2437954641055],[-73.12100808667948,45.243797052936095],[-73.12100737970538,45.24379864998909],[-73.1210067068672,45.243800255264496],[-73.12100606816504,45.24380186623236],[-73.12100546180224,45.24380348415762],[-73.12100489137202,45.24380510777526],[-73.12100435417949,45.24380673708536],[-73.12100385112292,45.24380837272039],[-73.12100338310066,45.243810012782774],[-73.12100294921439,45.24381165790517],[-73.12100255126072,45.24381330808743],[-73.12100218564638,45.243814960799625],[-73.121001856863,45.24381661793927],[-73.1210015631139,45.2438182788738],[-73.12100130350079,45.243819942338334],[-73.12100107892196,45.24382160833273],[-73.12100089027575,45.24382327622462],[-73.12100073576552,45.24382494601391],[-73.1210006171879,45.24382661706817],[-73.12100053364459,45.24382828875489],[-73.12100048513557,45.24382996233899],[-73.12100047166082,45.24383163592309],[-73.12100049411872,45.24383330887463],[-73.12100055161089,45.24383498182612],[-73.12100064413737,45.24383665414509],[-73.12100077169814,45.243838325198965],[-73.1210009351915,45.24383999435537],[-73.12100113282088,45.24384166224671],[-73.12100136548453,45.24384332697551],[-73.1210016340808,45.24384498980674],[-73.12100193681304,45.243846648842975],[-73.1210022745796,45.2438483059817],[-73.12100264827876,45.24384995806041],[-73.1210030561139,45.24385160634409],[-73.12100349808503,45.24385325020022],[-73.12100397509043,45.24385489026136],[-73.12100448713015,45.243856522732514],[-73.1210050315092,45.2438581520411],[-73.12100561182089,45.24385977375974],[-73.12100622626853,45.24386138978584],[-73.12100687395385,45.24386300011947],[-73.12100755577517,45.24386460286307],[-73.12100827173244,45.243866198016704],[-73.12100902092737,45.243867784947845],[-73.12100980336001,45.24386936492146],[-73.12101061813195,45.24387093604015],[-73.1210114670399,45.243872498303844],[-73.1210123482872,45.24387405108005],[-73.12101326187384,45.24387559500131],[-73.12101420869816,45.24387712880258],[-73.1210151869635,45.243878653116354],[-73.1210161975682,45.24388016731018],[-73.12101723961392,45.24388166885409],[-73.121018313999,45.2438831609105],[-73.12101941892679,45.243884640949446],[-73.12102055529563,45.243886108970976],[-73.12102172220719,45.24388756497505],[-73.12102291876315,45.243889008961666],[-73.12102414676013,45.243890440298344],[-73.12102540529986,45.24389185835261],[-73.12102669168735,45.24389326312441],[-73.12102800861754,45.24389465398127],[-73.12102935519216,45.24389603092325],[-73.12103072961455,45.243897393317766],[-73.12103213368134,45.24389874116489],[-73.12103356469758,45.24390007509708],[-73.12103502535822,45.24390139195189],[-73.12103651207002,45.243902694891744],[-73.12103802662959,45.24390398201923],[-73.12103956813863,45.24390525206926],[-73.1210411356988,45.24390650693946],[-73.12104273020843,45.2439077440997],[-73.12104434987089,45.243908964815105],[-73.12104599648279,45.24391016908556],[-73.12104766734922,45.24391135501366],[-73.12104936247016,45.24391252323185],[-73.12105108184564,45.243913673740195],[-73.12105282637391,45.24391480590618],[-73.12105459425838,45.243915919729716],[-73.12105638549906,45.24391701521095],[-73.12105819919762,45.24391809171727],[-73.12106003535405,45.24391914924873],[-73.12106189307006,45.24392018590787],[-73.12106377324396,45.24392120422461],[-73.12106567407909,45.24392220293398],[-73.1210675964738,45.24392318077104],[-73.12106953952976,45.24392413773572],[-73.12107150145034,45.243925075725556],[-73.12107348313386,45.24392599221056],[-73.1210754827837,45.24392688719074],[-73.12107750219644,45.24392776003355],[-73.12107954047383,45.243928612004034],[-73.12108159402256,45.243929443102196],[-73.12108366733423,45.243930252062995],[-73.12108575591728,45.24393103888646],[-73.12108786156831,45.24393180420516],[-73.12108998249069,45.24393254675398],[-73.12109211778612,45.243933267797985],[-73.12109427014954,45.243933966072156],[-73.12109643598768,45.24393464094405],[-73.12109861619888,45.24393529431107],[-73.1211008089865,45.24393592301081],[-73.12110301614715,45.24393653020572],[-73.12110523498589,45.243937112733356],[-73.12110746550275,45.24393767312362],[-73.121109708596,45.243938208846636],[-73.12111196246904,45.24393872179983],[-73.12111422532526,45.24393921071818],[-73.12111649985955,45.243939676234284],[-73.12111878337701,45.24394011708302],[-73.12112107587762,45.243940535162],[-73.12112337736137,45.24394092794118],[-73.12112568603166,45.24394129605308],[-73.12112800368509,45.24394164076265],[-73.12113032762673,45.24394196080494],[-73.12113265695825,45.243942256812446],[-73.1211349934763,45.243942528152616],[-73.12113733538425,45.24394277482555],[-73.1211396826821,45.24394299683115],[-73.1211420335732,45.24394319416947],[-73.12114438805754,45.243943366840504],[-73.12114674613517,45.243943514844254],[-73.12114910780605,45.24394363818071],[-73.12115147037525,45.243943736217346],[-73.12115383653772,45.24394381021924],[-73.12115620270016,45.24394385765634],[-73.12115856976094,45.24394388169112],[-73.12116093772002,45.24394388105862],[-73.12116330478081,45.24394385512637],[-73.12116567184157,45.24394380389428],[-73.12116803620741,45.24394372799492],[-73.12117039967491,45.24394362806077],[-73.1211727604475,45.243943502194334],[-73.1211751185251,45.243943351660654],[-73.12117747211114,45.24394317709211],[-73.12117982300225,45.24394297785632],[-73.12118216940178,45.2439427539532],[-73.12118451041141,45.24394250475034],[-73.12118684603115,45.24394223088015],[-73.12118917626098,45.24394193297517],[-73.1211914993043,45.24394161103542],[-73.1211938151611,45.243941263795875],[-73.1211961238314,45.243940893154],[-73.12119842441683,45.24394049784484],[-73.12120071691744,45.243940077868395],[-73.12120299953658,45.24393963512213],[-73.12120527227424,45.24393916770853],[-73.12120753513044,45.2439386768927],[-73.12120978810518,45.243938162042035],[-73.12121202940182,45.24393762315653],[-73.12121425991866,45.24393706086876],[-73.1212164778591,45.24393647581116],[-73.12121868232481,45.243935866718765],[-73.1212208742141,45.243935236121565],[-73.12122305352699,45.24393458085702],[-73.1212252175685,45.243933904087655],[-73.1212273681353,45.24393320391601],[-73.12122950343071,45.2439324809745],[-73.12123162255648,45.2439317358957],[-73.12123372641088,45.243930968679585],[-73.12123581499391,45.24393017995859],[-73.12123788471231,45.243929369100286],[-73.12123993826107,45.24392853610464],[-73.12124197384351,45.243927681604184],[-73.12124399056131,45.243926806863904],[-73.12124598931281,45.24392590998625],[-73.1212479691997,45.24392499286875],[-73.12124992932365,45.24392405487891],[-73.12125186968467,45.24392309601675],[-73.12125378938443,45.24392211691469],[-73.12125568842293,45.24392111883782],[-73.12125756590187,45.24392009988857],[-73.12125942182126,45.24391906196447],[-73.12126125528276,45.24391800380049],[-73.121263068083,45.24391692666166],[-73.12126485662873,45.24391583118044],[-73.12126662181826,45.24391471672439],[-73.1212683636516,45.2439135839259],[-73.12127008033211,45.243912432785095],[-73.12127177455474,45.24391126393439],[-73.1212734427262,45.24391007674127],[-73.12127508574486,45.24390887310332],[-73.12127670361069,45.24390765175542],[-73.12127829542538,45.24390641396267],[-73.12127986208723,45.24390515972503],[-73.12128140090131,45.243903889042436],[-73.12128291276595,45.243902601914954],[-73.12128439768111,45.24390129897509],[-73.12128585564682,45.243899980855325],[-73.12128728486644,45.24389864755563],[-73.12128868533995,45.24389729970851],[-73.12129005886402,45.24389593668149],[-73.1212914027437,45.2438945597395],[-73.12129271787725,45.243893168882636],[-73.12129400246813,45.243891764743296],[-73.12129525831288,45.24389034668907],[-73.12129648361494,45.24388891598484],[-73.1212976801709,45.24388747199823],[-73.1212988443875,45.24388601599416],[-73.1212999789597,45.24388454797267],[-73.12130108209087,45.24388306793367],[-73.121302153781,45.24388157714227],[-73.1213031940301,45.24388007370089],[-73.12130420283816,45.243878560772025],[-73.12130517840858,45.243877037723216],[-73.12130612343626,45.24387550392194],[-73.12130703612458,45.243873960000734],[-73.12130791467692,45.24387240785698],[-73.12130876178824,45.24387084559332],[-73.12130957566188,45.24386927510715],[-73.12131035539954,45.24386769576598],[-73.12131110279788,45.24386610883483],[-73.12132704250426,45.24383145060182],[-73.12141229531969,45.243646147985054],[-73.12155724837224,45.243487414817395],[-73.1217020891354,45.24332899113195],[-73.12184693169517,45.24317056700478],[-73.12199177156,45.2430121430683],[-73.12212172454394,45.24287010187761],[-73.12212275311495,45.242868998153604],[-73.12212381043206,45.242867908977246],[-73.12212489649522,45.242866833083546],[-73.12212600950787,45.24286577110491],[-73.12212715036827,45.24286472493897],[-73.12212831817813,45.24286369268815],[-73.12212951203914,45.242862675617445],[-73.12213073374792,45.24286167499193],[-73.12213197971124,45.24286069017901],[-73.12213325172569,45.24285972117877],[-73.12213454709632,45.24285876862372],[-73.12213586941641,45.242857833778785],[-73.12213721419438,45.24285691664408],[-73.12213858322689,45.24285601658699],[-73.12213997561558,45.24285513360759],[-73.12214138956384,45.242854269603406],[-73.1221428268683,45.242853424574356],[-73.12214428573232,45.242852597888024],[-73.12214576525757,45.24285179017688],[-73.12214726544411,45.24285100207342],[-73.12214878629189,45.2428502329452],[-73.12215032780092,45.24284948405715],[-73.12215188727625,45.24284875477681],[-73.12215346561621,45.24284804700168],[-73.12215506282077,45.24284735883425],[-73.12215667619503,45.24284669090704],[-73.1221583075356,45.24284604511756],[-73.12215995504582,45.24284542083329],[-73.12216161872571,45.24284481678925],[-73.12216329767698,45.242844234882945],[-73.1221649918996,45.24284367511437],[-73.12216669959697,45.24284313811604],[-73.12216842166737,45.242842621990455],[-73.12217015631418,45.24284212863508],[-73.12217190443572,45.24284165804996],[-73.12217366333705,45.24284121086756],[-73.12217543481479,45.24284078582294],[-73.12217721527568,45.24284038354857],[-73.12238622898779,45.24279476649996],[-73.12252607960953,45.24276416451817],[-73.1225288572004,45.24276354466059],[-73.12253162401147,45.24276290076768],[-73.12253438183939,45.24276223347199],[-73.12253712529427,45.24276154340597],[-73.12253985886767,45.242760829304714],[-73.12254257986467,45.242760092433144],[-73.12254528648862,45.24275933279129],[-73.12254798143448,45.242758549746604],[-73.12255066200728,45.2427577432991],[-73.12255332910536,45.24275691534638],[-73.12255598183039,45.242756063358335],[-73.12255862018239,45.24275518923248],[-73.12256124326301,45.24275429360137],[-73.12256385017398,45.24275337583243],[-73.12256644271187,45.2427524346607],[-73.12256901728348,45.242751472616234],[-73.12257157658372,45.24275048843392],[-73.12257411881598,45.242749482746376],[-73.12257664218362,45.24274845428848],[-73.12257914938156,45.242747405590336],[-73.12258163861323,45.24274633538688],[-73.12258410808195,45.24274524431066],[-73.12258656048266,45.242744132361686],[-73.12258899312044,45.24274299953989],[-73.12259140689363,45.24274184521278],[-73.12259379910722,45.242740671277936],[-73.1225961724562,45.24273947773532],[-73.12259852424562,45.242738263319886],[-73.1226008562721,45.24273702866415],[-73.12260316673901,45.242735774400686],[-73.12260545564635,45.24273450179444],[-73.12260772299413,45.24273320831542],[-73.12260996788403,45.2427318964936],[-73.12261218941772,45.24273056443148],[-73.12261438939186,45.24272921529165],[-73.12261656600978,45.24272784654404],[-73.1226187183732,45.24272645945363],[-73.12262084738042,45.24272505465293],[-73.12262295303145,45.242723631509534],[-73.12262503263133,45.242722190655805],[-73.12262708887502,45.242720731459315],[-73.12262911996588,45.24271925518511],[-73.1226311250056,45.24271776246561],[-73.12263310489249,45.242716252668345],[-73.12263505872822,45.24271472579335],[-73.12263698651283,45.242713182473054],[-73.12263888734796,45.2427116227075],[-73.12264076303028,45.24271004776174],[-73.12264261086482,45.242708455738196],[-73.1226444308516,45.24270684853439],[-73.12264622388889,45.24270522615036],[-73.12264798997674,45.24270358858606],[-73.12264972642018,45.242701936474056],[-73.12265143591416,45.24270026918173],[-73.12265311576374,45.24269858734174],[-73.12265476776557,45.24269689221895],[-73.12265639012297,45.24269518254849],[-73.12265798283596,45.242693459595216]]]},"properties":{"NO_LOT":"4 391 922","geoId":"ca/qc/lot/4-391-922","name":"4 391 922","code":"4 391 922","level":"locality","country":"CA","noLot":"4 391 922"}},{"type":"Feature","geometry":{"type":"Polygon","coordinates":[[[-73.1168204390656,45.23850279177117],[-73.11679740895666,45.2384942952892],[-73.11648943413792,45.23838068698101],[-73.11648254765294,45.23837814663383],[-73.1164533811523,45.23841375196742],[-73.11677543616482,45.23853203352506],[-73.11679137766784,45.238538438775315],[-73.1168204390656,45.23850279177117]]]},"properties":{"NO_LOT":"4 392 174","geoId":"ca/qc/lot/4-392-174","name":"4 392 174","code":"4 392 174","level":"locality","country":"CA","noLot":"4 392 174"}},{"type":"Feature","geometry":{"type":"Polygon","coordinates":[[[-73.11740359570365,45.238255496943395],[-73.11740436735647,45.23825444816233],[-73.11740510846658,45.23825338799515],[-73.11740581723734,45.23825231707451],[-73.11740649456706,45.23825123476781],[-73.11740713955744,45.23825014423784],[-73.11740775220846,45.23824904421945],[-73.11740833341845,45.238247934712646],[-73.11740888049246,45.23824681824772],[-73.11740939522711,45.23824569229443],[-73.11740987672411,45.23824456001547],[-73.1174103231868,45.238243420145835],[-73.11741073731015,45.23824227521569],[-73.11741111729752,45.238241122694845],[-73.11741146314891,45.23823996574603],[-73.117411773966,45.23823880373678],[-73.11741205154541,45.238237637932144],[-73.11741229409054,45.23823646769956],[-73.11741250249969,45.23823529493671],[-73.11741267587453,45.23823411901104],[-73.11741281421509,45.23823294118769],[-73.11741291841967,45.238231760201565],[-73.11741298758994,45.23823057921536],[-73.11741302172591,45.238229396964],[-73.11741302172591,45.238228214080095],[-73.117412984895,45.238227031828735],[-73.11741291392809,45.23822585084243],[-73.11741280972352,45.23822467112125],[-73.11741266958634,45.238223492032574],[-73.11741249441486,45.23822231610671],[-73.11741228420907,45.238221142711005],[-73.11741203986732,45.23821997311064],[-73.11741176138958,45.238218806673046],[-73.11741144787756,45.23821764592846],[-73.11741110112784,45.23821648897921],[-73.11741071934385,45.23821533772293],[-73.11741030432218,45.238214192159695],[-73.11740985516454,45.238213052921985],[-73.11740937187092,45.238211921274946],[-73.11740885623794,45.23821079595352],[-73.11740830736731,45.23820967885529],[-73.11740772615732,45.238208569980294],[-73.11740711170967,45.238207469961104],[-73.11740646402436,45.238206380062856],[-73.11740578669463,45.23820529902037],[-73.11740507522892,45.23820422809883],[-73.11740433322049,45.238203167930706],[-73.11740356066936,45.23820211978124],[-73.11740275667717,45.23820108301777],[-73.11740192214226,45.2382000582729],[-73.11740105706465,45.23819904491408],[-73.11740016324094,45.238198046104095],[-73.11739924067115,45.23819705868016],[-73.11739828755863,45.23819608707014],[-73.11739730659833,45.23819512874383],[-73.11739629689195,45.23819418623146],[-73.11739526113443,45.23819325700284],[-73.11739419752914,45.23819234422073],[-73.11739310697439,45.23819144725255],[-73.11739199036849,45.23819056673088],[-73.11739084681314,45.23818970202319],[-73.11738967900327,45.23818885502711],[-73.11738848693889,45.238188025742666],[-73.11738727061999,45.238187214169876],[-73.11738603004659,45.238186420308686],[-73.11738476611698,45.2381856441591],[-73.11738348062781,45.238184888251446],[-73.11738217178242,45.2381841500554],[-73.11738084227581,45.23818343210123],[-73.11737949210794,45.238182733756375],[-73.11737812127882,45.238182056285936],[-73.11737672978845,45.23818139779228],[-73.11737532033177,45.23818076080555],[-73.11713149600409,45.23808054126732],[-73.11701860921391,45.23822034695263],[-73.11733072077453,45.23834502532907],[-73.11740359570365,45.238255496943395]]]},"properties":{"NO_LOT":"6 276 757","geoId":"ca/qc/lot/6-276-757","name":"6 276 757","code":"6 276 757","level":"locality","country":"CA","noLot":"6 276 757"}},{"type":"Feature","geometry":{"type":"Polygon","coordinates":[[[-73.1168204390656,45.23850279177117],[-73.11679137766784,45.238538438775315],[-73.11692732151641,45.23859306554862],[-73.11707920776634,45.23865409813914],[-73.11723394796392,45.238463913018116],[-73.11692242390149,45.23833946958115],[-73.11691445314997,45.23834934126498],[-73.11679740895666,45.2384942952892],[-73.1168204390656,45.23850279177117]]]},"properties":{"NO_LOT":"4 391 412","geoId":"ca/qc/lot/4-391-412","name":"4 391 412","code":"4 391 412","level":"locality","country":"CA","noLot":"4 391 412"}},{"type":"Feature","geometry":{"type":"Polygon","coordinates":[[[-73.11691445314997,45.23834934126498],[-73.1166158163186,45.23822687368918],[-73.11648943413792,45.23838068698101],[-73.11679740895666,45.2384942952892],[-73.11691445314997,45.23834934126498]]]},"properties":{"NO_LOT":"6 375 907","geoId":"ca/qc/lot/6-375-907","name":"6 375 907","code":"6 375 907","level":"locality","country":"CA","noLot":"6 375 907"}},{"type":"Feature","geometry":{"type":"Polygon","coordinates":[[[-73.1209706592715,45.23482286564965],[-73.12077546883498,45.23505992676966],[-73.12096000255728,45.235135778477485],[-73.1210575982247,45.235017246301524],[-73.12115519299378,45.234898717041276],[-73.1209706592715,45.23482286564965]]]},"properties":{"NO_LOT":"4 391 256","geoId":"ca/qc/lot/4-391-256","name":"4 391 256","code":"4 391 256","level":"locality","country":"CA","noLot":"4 391 256"}},{"type":"Feature","geometry":{"type":"Polygon","coordinates":[[[-73.1207190222958,45.23471943165553],[-73.12052383096096,45.23495649067666],[-73.12059093331605,45.234984073695394],[-73.1207861255492,45.234747013524114],[-73.1207190222958,45.23471943165553]]]},"properties":{"NO_LOT":"4 391 258","geoId":"ca/qc/lot/4-391-258","name":"4 391 258","code":"4 391 258","level":"locality","country":"CA","noLot":"4 391 258"}},{"type":"Feature","geometry":{"type":"Polygon","coordinates":[[[-73.12132704250426,45.24383145060182],[-73.12131110279788,45.24386610883483],[-73.12131035539954,45.24386769576598],[-73.12130957566188,45.24386927510715],[-73.12130876178824,45.24387084559332],[-73.12130791467692,45.24387240785698],[-73.12130703612458,45.243873960000734],[-73.12130612343626,45.24387550392194],[-73.12130517840858,45.243877037723216],[-73.12130420283816,45.243878560772025],[-73.1213031940301,45.24388007370089],[-73.121302153781,45.24388157714227],[-73.12130108209087,45.24388306793367],[-73.1212999789597,45.24388454797267],[-73.1212988443875,45.24388601599416],[-73.1212976801709,45.24388747199823],[-73.12129648361494,45.24388891598484],[-73.12129525831288,45.24389034668907],[-73.12129400246813,45.243891764743296],[-73.12129271787725,45.243893168882636],[-73.1212914027437,45.2438945597395],[-73.12129005886402,45.24389593668149],[-73.12128868533995,45.24389729970851],[-73.12128728486644,45.24389864755563],[-73.12128585564682,45.243899980855325],[-73.12128439768111,45.24390129897509],[-73.12128291276595,45.243902601914954],[-73.12128140090131,45.243903889042436],[-73.12127986208723,45.24390515972503],[-73.12127829542538,45.24390641396267],[-73.12127670361069,45.24390765175542],[-73.12127508574486,45.24390887310332],[-73.1212734427262,45.24391007674127],[-73.12127177455474,45.24391126393439],[-73.12127008033211,45.243912432785095],[-73.1212683636516,45.2439135839259],[-73.12126662181826,45.24391471672439],[-73.12126485662873,45.24391583118044],[-73.121263068083,45.24391692666166],[-73.12126125528276,45.24391800380049],[-73.12125942182126,45.24391906196447],[-73.12125756590187,45.24392009988857],[-73.12125568842293,45.24392111883782],[-73.12125378938443,45.24392211691469],[-73.12125186968467,45.24392309601675],[-73.12124992932365,45.24392405487891],[-73.1212479691997,45.24392499286875],[-73.12124598931281,45.24392590998625],[-73.12124399056131,45.243926806863904],[-73.12124197384351,45.243927681604184],[-73.12123993826107,45.24392853610464],[-73.12123788471231,45.243929369100286],[-73.12123581499391,45.24393017995859],[-73.12123372641088,45.243930968679585],[-73.12123162255648,45.2439317358957],[-73.12122950343071,45.2439324809745],[-73.1212273681353,45.24393320391601],[-73.1212252175685,45.243933904087655],[-73.12122305352699,45.24393458085702],[-73.1212208742141,45.243935236121565],[-73.12121868232481,45.243935866718765],[-73.1212164778591,45.24393647581116],[-73.12121425991866,45.24393706086876],[-73.12121202940182,45.24393762315653],[-73.12120978810518,45.243938162042035],[-73.12120753513044,45.2439386768927],[-73.12120527227424,45.24393916770853],[-73.12120299953658,45.24393963512213],[-73.12120071691744,45.243940077868395],[-73.12119842441683,45.24394049784484],[-73.1211961238314,45.243940893154],[-73.1211938151611,45.243941263795875],[-73.1211914993043,45.24394161103542],[-73.12118917626098,45.24394193297517],[-73.12118684603115,45.24394223088015],[-73.12118451041141,45.24394250475034],[-73.12118216940178,45.2439427539532],[-73.12117982300225,45.24394297785632],[-73.12117747211114,45.24394317709211],[-73.1211751185251,45.243943351660654],[-73.1211727604475,45.243943502194334],[-73.12117039967491,45.24394362806077],[-73.12116803620741,45.24394372799492],[-73.12116567184157,45.24394380389428],[-73.12116330478081,45.24394385512637],[-73.12116093772002,45.24394388105862],[-73.12115856976094,45.24394388169112],[-73.12115620270016,45.24394385765634],[-73.12115383653772,45.24394381021924],[-73.12115147037525,45.243943736217346],[-73.12114910780605,45.24394363818071],[-73.12114674613517,45.243943514844254],[-73.12114438805754,45.243943366840504],[-73.1211420335732,45.24394319416947],[-73.1211396826821,45.24394299683115],[-73.12113733538425,45.24394277482555],[-73.1211349934763,45.243942528152616],[-73.12113265695825,45.243942256812446],[-73.12113032762673,45.24394196080494],[-73.12112800368509,45.24394164076265],[-73.12112568603166,45.24394129605308],[-73.12112337736137,45.24394092794118],[-73.12112107587762,45.243940535162],[-73.12111878337701,45.24394011708302],[-73.12111649985955,45.243939676234284],[-73.12111422532526,45.24393921071818],[-73.12111196246904,45.24393872179983],[-73.121109708596,45.243938208846636],[-73.12110746550275,45.24393767312362],[-73.12110523498589,45.243937112733356],[-73.12110301614715,45.24393653020572],[-73.1211008089865,45.24393592301081],[-73.12109861619888,45.24393529431107],[-73.12109643598768,45.24393464094405],[-73.12109427014954,45.243933966072156],[-73.12109211778612,45.243933267797985],[-73.12108998249069,45.24393254675398],[-73.12108786156831,45.24393180420516],[-73.12108575591728,45.24393103888646],[-73.12108366733423,45.243930252062995],[-73.12108159402256,45.243929443102196],[-73.12107954047383,45.243928612004034],[-73.12107750219644,45.24392776003355],[-73.1210754827837,45.24392688719074],[-73.12107348313386,45.24392599221056],[-73.12105231343588,45.24394897011007],[-73.1215447384336,45.24415599785223],[-73.12164543059379,45.24404563733392],[-73.1216893707876,45.243997478627136],[-73.12132704250426,45.24383145060182]]]},"properties":{"NO_LOT":"4 391 507","geoId":"ca/qc/lot/4-391-507","name":"4 391 507","code":"4 391 507","level":"locality","country":"CA","noLot":"4 391 507"}},{"type":"Feature","geometry":{"type":"Polygon","coordinates":[[[-73.1216893707876,45.243997478627136],[-73.12180318913073,45.243872731694644],[-73.12183400224329,45.243838958327274],[-73.12141229531969,45.243646147985054],[-73.12132704250426,45.24383145060182],[-73.1216893707876,45.243997478627136]]]},"properties":{"NO_LOT":"4 391 504","geoId":"ca/qc/lot/4-391-504","name":"4 391 504","code":"4 391 504","level":"locality","country":"CA","noLot":"4 391 504"}},{"type":"Feature","geometry":{"type":"Polygon","coordinates":[[[-73.12140489320174,45.23683515698632],[-73.12090050803432,45.236628053226056],[-73.12080914757331,45.2367392549284],[-73.12078541588012,45.236768141450426],[-73.1212896986396,45.23697520295034],[-73.12140489320174,45.23683515698632]]]},"properties":{"NO_LOT":"5 171 783","geoId":"ca/qc/lot/5-171-783","name":"5 171 783","code":"5 171 783","level":"locality","country":"CA","noLot":"5 171 783"}},{"type":"Feature","geometry":{"type":"Polygon","coordinates":[[[-73.11998984540662,45.235450449445466],[-73.11967097941339,45.235319898705235],[-73.11957316994693,45.23543835433922],[-73.11989147808639,45.23556919769547],[-73.11998984540662,45.235450449445466]]]},"properties":{"NO_LOT":"4 391 287","geoId":"ca/qc/lot/4-391-287","name":"4 391 287","code":"4 391 287","level":"locality","country":"CA","noLot":"4 391 287"}},{"type":"Feature","geometry":{"type":"Polygon","coordinates":[[[-73.11383675761294,45.24060943540422],[-73.11371896512298,45.240740346552386],[-73.11370522000084,45.24075559559034],[-73.11386993509132,45.24082969454715],[-73.113873435826,45.24082586141951],[-73.11397869052949,45.240641921592534],[-73.11408781248034,45.240451223182525],[-73.11421075321516,45.24023637075454],[-73.1143674418586,45.23995212549172],[-73.11448045620955,45.23976279927846],[-73.11467859222188,45.239429336513595],[-73.1147200701335,45.23935776528071],[-73.11481489270163,45.23923226808037],[-73.11487116406934,45.23916682598775],[-73.11504431703528,45.23896120646514],[-73.11504667511292,45.23896014947395],[-73.11504905115684,45.23895911335687],[-73.11505144516708,45.23895809937901],[-73.11505385624531,45.23895710564277],[-73.11505628528984,45.23895613341319],[-73.11505873140234,45.23895518269034],[-73.11506119368454,45.23895425284161],[-73.1150636721364,45.23895334576467],[-73.11506616675796,45.23895245956185],[-73.11506867575254,45.23895159549827],[-73.1150712009168,45.23895075357399],[-73.11507374135243,45.238949934421456],[-73.11507629436447,45.23894913740816],[-73.11507886174955,45.238948362534124],[-73.11508144260937,45.23894761043193],[-73.11508403604559,45.238946881734016],[-73.11508664295654,45.23894617454283],[-73.1150892624439,45.238945491388584],[-73.11509189181274,45.238944830373526],[-73.11509453465631,45.23894419339542],[-73.11509718827966,45.23894357982162],[-73.11509985088615,45.23894298838713],[-73.11510252517076,45.238942421622035],[-73.11510520933682,45.238941877628804],[-73.11510790248605,45.23894135767242],[-73.11511060372011,45.238940861753015],[-73.11511331393731,45.238940388605336],[-73.11511603313768,45.238939939494635],[-73.11511875952458,45.238939514420785],[-73.11512149219968,45.238939114649],[-73.11512423295962,45.23893873764897],[-73.11512698000774,45.23893838468589],[-73.11512973244577,45.238938055759704],[-73.115132491172,45.238937751503016],[-73.11513525438983,45.23893747128319],[-73.11513802209922,45.238937215732854],[-73.11514079519849,45.238936984851975],[-73.11514357099273,45.23893677737548],[-73.11514635127853,45.238936594568386],[-73.11498536689142,45.23887024062912],[-73.11477638821358,45.239113442723685],[-73.11461276457618,45.23932219532867],[-73.11455827277105,45.23941670016318],[-73.11451087047013,45.23950071726053],[-73.1144918675086,45.23953440022298],[-73.11446194821974,45.23958569949451],[-73.11443958825402,45.23962403728853],[-73.11442040652777,45.23965692886738],[-73.11440837628949,45.23967755480441],[-73.1143901584555,45.239708791623045],[-73.11438887027138,45.23971099856121],[-73.11422373387101,45.23999414125052],[-73.11399957456324,45.240385880536714],[-73.11399645201932,45.240391303252395],[-73.11399329713602,45.240396717112056],[-73.11399010991342,45.240402122115775],[-73.11398689124974,45.24040751763095],[-73.1139836384501,45.24041290239253],[-73.11398035420942,45.24041827829813],[-73.1139770376294,45.24042364345014],[-73.11397368960833,45.24042899911363],[-73.11397030924792,45.24043434528864],[-73.11396689564984,45.24043968071003],[-73.11396345150902,45.24044500537789],[-73.11395997592719,45.24045032055725],[-73.11395646800601,45.240455624350446],[-73.11395292684716,45.24046091865523],[-73.1139493560439,45.240466202206406],[-73.11394575290132,45.24047147437149],[-73.11394211741934,45.240476736415566],[-73.11393845049635,45.240481987706104],[-73.11393475392896,45.24048722634546],[-73.11393102502221,45.24049245549637],[-73.11392726377612,45.24049767262867],[-73.1139234719873,45.24050287963996],[-73.11391964965577,45.240508073367565],[-73.1139157958832,45.24051325634167],[-73.11391191066961,45.24051842856222],[-73.11390799491328,45.24052358876416],[-73.1139040477159,45.240528736315],[-73.11390007087417,45.24053387374487],[-73.11389606169305,45.240538997258554],[-73.11389202286755,45.24054411065124],[-73.11388795260096,45.24054921076028],[-73.11388385269002,45.240554298850746],[-73.11387972223635,45.24055937429013],[-73.11387556123994,45.24056443771098],[-73.11387136970083,45.2405694884807],[-73.1138671485173,45.240574527864354],[-73.11386289679108,45.240579552699394],[-73.11385861452212,45.240584565515825],[-73.11385430350705,45.240589565681205],[-73.11384996105097,45.24059455256297],[-73.11384558984882,45.240599526793645],[-73.11384118810392,45.24060448774072],[-73.11383675761294,45.24060943540422]]]},"properties":{"NO_LOT":"4 391 941","geoId":"ca/qc/lot/4-391-941","name":"4 391 941","code":"4 391 941","level":"locality","country":"CA","noLot":"4 391 941"}},{"type":"Feature","geometry":{"type":"Polygon","coordinates":[[[-73.11013419486257,45.23754073992329],[-73.10980219819483,45.2373834193005],[-73.10110680179027,45.246855801521534],[-73.09812841321126,45.250096420072786],[-73.09919819442524,45.250831558813395],[-73.10531158476822,45.24421805479593],[-73.10640247010315,45.244972064490376],[-73.10348527026972,45.24813470031525],[-73.10449782071527,45.24881321046336],[-73.10534098483082,45.247891956151726],[-73.10533612943671,45.24788870282546],[-73.1054942616728,45.24771598660246],[-73.10614644755223,45.24801367304805],[-73.10645618845884,45.24767505868142],[-73.10664582461193,45.24746774208271],[-73.10685652895341,45.24723739124606],[-73.10704137888267,45.24703530476098],[-73.10722622611699,45.24683321818944],[-73.10741107245302,45.246631130898926],[-73.10783246855952,45.246170425300996],[-73.10801703372286,45.24596863923916],[-73.10820159798789,45.24576685309297],[-73.10838616135457,45.245565066862525],[-73.10860639143132,45.24532428315569],[-73.10879095210308,45.245122495985626],[-73.10897551007987,45.244920708731264],[-73.10916006805668,45.244718921392604],[-73.10934462513518,45.24451713207221],[-73.10952917951873,45.244315343932556],[-73.10971373210563,45.244113555708594],[-73.10990519812698,45.243904208452435],[-73.11008283638115,45.243709977110406],[-73.11030305208484,45.24346918996817],[-73.10976985075976,45.24322582119474],[-73.11020981594152,45.24274519560757],[-73.11034803342608,45.24259411455486],[-73.11040547260365,45.242531329082816],[-73.11051719248228,45.242409212077156],[-73.11055328858703,45.242369757248504],[-73.1108032609845,45.24209651450865],[-73.11101441807689,45.24186638035051],[-73.11138979349138,45.24145763895495],[-73.11164544952968,45.24117925508983],[-73.1117423049853,45.24124659496859],[-73.11216990036559,45.24144695691739],[-73.11221345158887,45.24140016668496],[-73.11238407220404,45.24121685744711],[-73.11265419201673,45.240916913311125],[-73.11280692537797,45.24098664698511],[-73.1131194959777,45.240639557190185],[-73.11322368617762,45.24052386012071],[-73.11307072284767,45.240454021510665],[-73.11334644455445,45.24008733118688],[-73.1135666054609,45.23970355354441],[-73.1136117314309,45.239723509602925],[-73.11381337895766,45.23949929846415],[-73.1138225381803,45.23948911450326],[-73.11391622168465,45.23938494829199],[-73.11396937589834,45.23932584575193],[-73.11322408233465,45.239034154624754],[-73.11296281721575,45.23893169926095],[-73.11260978200401,45.23879326922876],[-73.11224596072068,45.23865060897393],[-73.11241130014032,45.238465521607026],[-73.1120757443474,45.23832763886613],[-73.1118240786256,45.238224226432784],[-73.11157241380212,45.238120813178625],[-73.11112611280267,45.23793741871826],[-73.11078049677688,45.23779539520331],[-73.11114459743628,45.23737405982874],[-73.11071380046032,45.237197762288616],[-73.11070673161733,45.23719486828205],[-73.11069967265583,45.23719196288913],[-73.11070940141036,45.23718009524613],[-73.11070022511974,45.23717628591],[-73.1106910658971,45.23717245633132],[-73.11068192374245,45.237168605877585],[-73.11067279685916,45.23716473707908],[-73.11066368794218,45.23716084740547],[-73.1106545960932,45.23715693812192],[-73.1106455213122,45.23715300922843],[-73.11063646449749,45.23714906009239],[-73.11062742385249,45.237145091346456],[-73.11061840117378,45.237141102990506],[-73.11060939646136,45.23713709502465],[-73.11060040791862,45.23713306744877],[-73.1105914382405,45.2371290189978],[-73.11058248563039,45.23712495220202],[-73.11057355098656,45.23712086642884],[-73.11056463520738,45.23711675914792],[-73.11055573559787,45.23711263415472],[-73.11054685575128,45.237108489551574],[-73.11053799387099,45.23710432533843],[-73.11013419486257,45.23754073992329]]]},"properties":{"NO_LOT":"5 444 788","geoId":"ca/qc/lot/5-444-788","name":"5 444 788","code":"5 444 788","level":"locality","country":"CA","noLot":"5 444 788"}},{"type":"Feature","geometry":{"type":"Polygon","coordinates":[[[-73.11327810881247,45.23319035443562],[-73.11520166055058,45.23084969710912],[-73.11087414614526,45.233202532260194],[-73.1105672223554,45.23336939223303],[-73.10964433724993,45.2338711053738],[-73.1087398262853,45.23436226735769],[-73.1089751417706,45.2345803265],[-73.10965620938474,45.23518573746199],[-73.11011106683726,45.23493533291139],[-73.11327810881247,45.23319035443562]]]},"properties":{"NO_LOT":"4 390 363","geoId":"ca/qc/lot/4-390-363","name":"4 390 363","code":"4 390 363","level":"locality","country":"CA","noLot":"4 390 363"}},{"type":"Feature","geometry":{"type":"Polygon","coordinates":[[[-73.11390782872495,45.23792464983065],[-73.11403420731239,45.237976047337426],[-73.11380032643658,45.238263095861505],[-73.11396853687187,45.23833150885059],[-73.11422611710148,45.23801537301211],[-73.1144616562673,45.23811116727886],[-73.11457557791667,45.237971346776014],[-73.11528771286659,45.237097290518534],[-73.11547256459251,45.23687040271997],[-73.11614306801887,45.23600147938638],[-73.11527986698088,45.23595243140681],[-73.11393330943798,45.237605169254174],[-73.11410968555919,45.237676903365994],[-73.11390782872495,45.23792464983065]]]},"properties":{"NO_LOT":"4 389 928","geoId":"ca/qc/lot/4-389-928","name":"4 389 928","code":"4 389 928","level":"locality","country":"CA","noLot":"4 389 928"}},{"type":"Feature","geometry":{"type":"Polygon","coordinates":[[[-73.12163265744877,45.23521529721878],[-73.1215113417663,45.23536229807604],[-73.12183364201887,45.23549448016506],[-73.12195495949798,45.23534747901717],[-73.12163265744877,45.23521529721878]]]},"properties":{"NO_LOT":"4 391 269","geoId":"ca/qc/lot/4-391-269","name":"4 391 269","code":"4 391 269","level":"locality","country":"CA","noLot":"4 391 269"}},{"type":"Feature","geometry":{"type":"Polygon","coordinates":[[[-73.11904296629993,45.24040938550378],[-73.11931105771669,45.24052010350891],[-73.1196670070632,45.24007248995636],[-73.11942371363986,45.23997088912721],[-73.11938698601945,45.239955550058085],[-73.11929894124013,45.2400621840184],[-73.11904296629993,45.24040938550378]]]},"properties":{"NO_LOT":"4 391 441","geoId":"ca/qc/lot/4-391-441","name":"4 391 441","code":"4 391 441","level":"locality","country":"CA","noLot":"4 391 441"}},{"type":"Feature","geometry":{"type":"Polygon","coordinates":[[[-73.12255913761199,45.24064241180436],[-73.12267070477702,45.240685830006264],[-73.12290658620095,45.24038321187472],[-73.12279494267912,45.240339891484496],[-73.12255913761199,45.24064241180436]]]},"properties":{"NO_LOT":"6 683 598","geoId":"ca/qc/lot/6-683-598","name":"6 683 598","code":"6 683 598","level":"locality","country":"CA","noLot":"6 683 598"}},{"type":"Feature","geometry":{"type":"Polygon","coordinates":[[[-73.11985940284085,45.239256819757074],[-73.1199026935527,45.23930519944579],[-73.12013174418722,45.23903667217083],[-73.12016205064997,45.239001139970796],[-73.12016479859642,45.23899789435844],[-73.12016751869508,45.23899463546241],[-73.12017020914938,45.2389913651803],[-73.12017286906092,45.23898808224697],[-73.12017550022641,45.238984787295],[-73.12017809995082,45.238981480324426],[-73.12018067092916,45.23897816196775],[-73.1201832122631,45.23897483222498],[-73.12018572305432,45.23897149046355],[-73.12018820330282,45.238968137948575],[-73.1201906530086,45.23896477404755],[-73.12019307307,45.23896140002549],[-73.12019546169033,45.23895801398477],[-73.12019781976794,45.23895461845557],[-73.12020014820116,45.23895121090775],[-73.12020244519334,45.23894779450401],[-73.12020471074449,45.23894436734671],[-73.1202069448546,45.238940929435856],[-73.12020914932032,45.238937481404015],[-73.12021132234499,45.238934023883694],[-73.12021346303031,45.238930556242316],[-73.1202155731729,45.238927080377614],[-73.12021765097616,45.23892359312674],[-73.1202196982367,45.23892009828508],[-73.12022171405619,45.238916593322394],[-73.12022369663804,45.23891307887126],[-73.12022564867713,45.23890955746179],[-73.12022756927522,45.23890602529879],[-73.12022945663561,45.23890248491241],[-73.12023134399604,45.23889887810793],[-73.12023319722047,45.238895261182435],[-73.12023501810555,45.23889163729867],[-73.12023680485464,45.2388880039264],[-73.1202385592644,45.23888436296328],[-73.12024027863984,45.2388807144093],[-73.12024196567594,45.2388770569994],[-73.12024361947438,45.23887339199862],[-73.12024523823854,45.23886972003956],[-73.12024682376502,45.23886604112223],[-73.1202483751555,45.23886235398145],[-73.12024989330833,45.23885866114747],[-73.12025137732519,45.23885496009013],[-73.12025282720604,45.23885125333953],[-73.12025424205264,45.2388475389981],[-73.12025562366154,45.23884381896346],[-73.12025697113447,45.238840093235645],[-73.1202582844714,45.238836359916945],[-73.12025956277407,45.238832622170115],[-73.12026080694072,45.23882887683243],[-73.12026201697141,45.238825127066654],[-73.12026319286612,45.238821372240224],[-73.12026433372652,45.23881761108801],[-73.12026544045096,45.23881384614023],[-73.12026651214109,45.23881007486671],[-73.12026754879695,45.238806299165056],[-73.12026855131678,45.23880251903531],[-73.12026951880236,45.238798733844845],[-73.12027045215191,45.2387949442263],[-73.12027134867058,45.23879115081221],[-73.12027221284988,45.238787354235065],[-73.12027304109657,45.23878355196472],[-73.12027383430897,45.23877974716394],[-73.12027459248708,45.238775939200075],[-73.12027531473257,45.238772126808165],[-73.12027600374039,45.23876831125318],[-73.12027665681559,45.238764493167785],[-73.1202772748565,45.23876067191931],[-73.12027785786312,45.238756848140426],[-73.12027840493714,45.23875302119847],[-73.12027891787517,45.23874919235861],[-73.12027939488057,45.23874536098833],[-73.12027983775002,45.238741527087555],[-73.12028024468684,45.238737691921386],[-73.12028061569104,45.23873385485731],[-73.1202809534576,45.238730015895335],[-73.12028125439322,45.23872617630054],[-73.12028152029454,45.23872233417528],[-73.12028175026326,45.23871849204975],[-73.12028194609599,45.238714648026324],[-73.12028210509779,45.23871080400264],[-73.12028222996362,45.23870695934614],[-73.12028231889683,45.23870311279167],[-73.12028237279576,45.23869926686956],[-73.12028239166037,45.23869542094714],[-73.1202823754907,45.23869157502446],[-73.12028232338842,45.238687729101564],[-73.12028223625182,45.23868388317837],[-73.12028211318263,45.23868003788748],[-73.12028195507915,45.238676193861444],[-73.12028176104303,45.238672349835156],[-73.12028153287096,45.23866850707369],[-73.12028126876626,45.238664666209615],[-73.12028096872896,45.23866082534531],[-73.12028063545398,45.23865698701097],[-73.1202802653481,45.23865314930889],[-73.12027986020789,45.238649314136794],[-73.12027942003341,45.23864548022953],[-73.1202789439263,45.238641648852216],[-73.12027843278491,45.238637820004854],[-73.12027788660922,45.238633993054925],[-73.12027730629754,45.238630169267466],[-73.12027669005326,45.238626348010015],[-73.12027603877469,45.238622529282466],[-73.1202753524618,45.23861871435],[-73.12027463111464,45.238614901947535],[-73.12027387473316,45.23861109334011],[-73.12027308331739,45.23860728726264],[-73.12027225686735,45.23860348624535],[-73.12026583211642,45.23857556593431],[-73.1201965648215,45.23854179511093],[-73.12002116786395,45.23874918540056],[-73.12002055880619,45.2387523494278],[-73.12001991471413,45.23875551029214],[-73.12001923648609,45.23875866736097],[-73.12001852322376,45.238761820001784],[-73.12001777582545,45.238764970112165],[-73.12001699339282,45.23876811516201],[-73.12001617682422,45.23877125641631],[-73.12001532432303,45.2387743919775],[-73.12001443948247,45.238777523110684],[-73.12001351870931,45.23878065044832],[-73.12001256469848,45.238783771460284],[-73.12001157565335,45.23878688741168],[-73.12001055247224,45.23878999830249],[-73.12000949515516,45.23879310223504],[-73.1200084046004,45.23879620110701],[-73.12000727990966,45.23879929428585],[-73.12000612018461,45.238802381138974],[-73.12000492722193,45.2388054610339],[-73.12000370012325,45.23880853523568],[-73.12000243978692,45.23881160121408],[-73.12000114531457,45.2388146614994],[-73.11999981760461,45.238817713561374],[-73.11999845665694,45.23882075929767],[-73.1199970615733,45.23882379617805],[-73.119995633252,45.238826826100244],[-73.11999417259136,45.238829848431614],[-73.11999267869304,45.23883286253971],[-73.11999115065873,45.23883586715935],[-73.11998959028509,45.238838864188175],[-73.1199879975721,45.23884185362624],[-73.11998637162142,45.23884483231078],[-73.1199847124331,45.23884780340457],[-73.11998302180372,45.238850764377396],[-73.11998129703838,45.23885371649428],[-73.119979540832,45.23885665912279],[-73.11997775228626,45.23885959163033],[-73.1199759314012,45.23886251464944],[-73.11997407817675,45.2388654275476],[-73.11997219440961,45.238868329059684],[-73.1199702774048,45.23887122234846],[-73.11996832895895,45.23887410361859],[-73.11996634907206,45.23887697413523],[-73.11996433864245,45.23887983453087],[-73.1199622967718,45.23888268227537],[-73.11996022256182,45.23888552053149],[-73.1199581178091,45.23888834613643],[-73.11995598161536,45.23889116035531],[-73.11995381398057,45.23889396255561],[-73.1199516167014,45.2388967533698],[-73.11994938798118,45.238899531532915],[-73.11994713051487,45.23890229830994],[-73.11994484160752,45.2389050511707],[-73.11994252215747,45.238907792645406],[-73.11974267575283,45.23914209336341],[-73.11974751767221,45.23914632068201],[-73.11975233264214,45.239150562548964],[-73.11975711976429,45.23915481959671],[-73.11976187993697,45.23915909245783],[-73.1197666122619,45.239163380499804],[-73.11977131584071,45.239167684355124],[-73.11977599247008,45.239172003391275],[-73.11978064035337,45.23917633634313],[-73.11978526038888,45.239180685740905],[-73.11978985167829,45.23918504968697],[-73.11979441511993,45.239189427548695],[-73.11979894981549,45.239193821856354],[-73.11980345576495,45.239198228814615],[-73.11980793386665,45.2392026515862],[-73.11981238322225,45.23920708827352],[-73.11981680293344,45.23921153950905],[-73.11982119479687,45.23921600466027],[-73.11982555701589,45.239220484359734],[-73.11982989138713,45.239224977342325],[-73.11983419521566,45.23922948550571],[-73.1198384702981,45.23923400631966],[-73.11984271483783,45.23923854231441],[-73.11984693242808,45.239243091592265],[-73.1198511185773,45.239247653520664],[-73.11985527508212,45.23925222936478],[-73.11985940284085,45.239256819757074]]]},"properties":{"NO_LOT":"4 391 383","geoId":"ca/qc/lot/4-391-383","name":"4 391 383","code":"4 391 383","level":"locality","country":"CA","noLot":"4 391 383"}},{"type":"Feature","geometry":{"type":"Polygon","coordinates":[[[-73.11904296629993,45.24040938550378],[-73.11929894124013,45.2400621840184],[-73.11938698601945,45.239955550058085],[-73.11913203156541,45.2398411451406],[-73.11904633138897,45.239952858604454],[-73.11877086660037,45.24029700940808],[-73.11904296629993,45.24040938550378]]]},"properties":{"NO_LOT":"6 348 343","geoId":"ca/qc/lot/6-348-343","name":"6 348 343","code":"6 348 343","level":"locality","country":"CA","noLot":"6 348 343"}},{"type":"Feature","geometry":{"type":"Polygon","coordinates":[[[-73.12284917037958,45.23197967080511],[-73.12253089188451,45.23184811696574],[-73.12245297740667,45.23194298407416],[-73.12233607335052,45.23208532397901],[-73.12265435184558,45.23221687790195],[-73.12284917037958,45.23197967080511]]]},"properties":{"NO_LOT":"4 391 187","geoId":"ca/qc/lot/4-391-187","name":"4 391 187","code":"4 391 187","level":"locality","country":"CA","noLot":"4 391 187"}},{"type":"Feature","geometry":{"type":"Polygon","coordinates":[[[-73.12240266546254,45.24321567395445],[-73.12281055360212,45.24340139542575],[-73.12306282209347,45.24312489013341],[-73.12265493485219,45.242939168390706],[-73.12241251728626,45.24320487460189],[-73.12240266546254,45.24321567395445]]]},"properties":{"NO_LOT":"4 391 495","geoId":"ca/qc/lot/4-391-495","name":"4 391 495","code":"4 391 495","level":"locality","country":"CA","noLot":"4 391 495"}},{"type":"Feature","geometry":{"type":"Polygon","coordinates":[[[-73.11386068783378,45.24278155847867],[-73.11407089361026,45.24255098813342],[-73.11279701606206,45.24200405715892],[-73.11258680759063,45.242234624663695],[-73.11386068783378,45.24278155847867]]]},"properties":{"NO_LOT":"4 391 563","geoId":"ca/qc/lot/4-391-563","name":"4 391 563","code":"4 391 563","level":"locality","country":"CA","noLot":"4 391 563"}},{"type":"Feature","geometry":{"type":"Polygon","coordinates":[[[-73.11343183032051,45.24131466723025],[-73.11324522867645,45.24152122891595],[-73.11322280493032,45.241545385542814],[-73.11368718991476,45.24174482232752],[-73.11389646323997,45.24151382967793],[-73.11343183032051,45.24131466723025]]]},"properties":{"NO_LOT":"4 391 544","geoId":"ca/qc/lot/4-391-544","name":"4 391 544","code":"4 391 544","level":"locality","country":"CA","noLot":"4 391 544"}},{"type":"Feature","geometry":{"type":"Polygon","coordinates":[[[-73.11704254662128,45.239713987953394],[-73.11712699813945,45.23974776883332],[-73.11746549321998,45.23988317046958],[-73.11762684501805,45.23994882427025],[-73.11779542735584,45.24001728203756],[-73.11803205348316,45.24011337211942],[-73.11820145418618,45.2401821617701],[-73.11835210435427,45.24024333623936],[-73.11849852166074,45.24030279204475],[-73.11851905085992,45.240311128857485],[-73.11859097986304,45.240222716833095],[-73.11842134649636,45.24015265899517],[-73.11826999564235,45.24009096195232],[-73.11810893579674,45.24002530578574],[-73.11794630389939,45.23995874944031],[-73.11780025490219,45.23989902824082],[-73.11756909232844,45.239803952391746],[-73.11747849453708,45.239766690671566],[-73.11732261707235,45.239699934772524],[-73.11715764596201,45.2396330427984],[-73.1168457059796,45.23951034584576],[-73.11668087051486,45.239443148761865],[-73.11655158947075,45.23939044511103],[-73.11649779206331,45.23936851286326],[-73.11634222541569,45.239305093178004],[-73.11619087905324,45.239243393317174],[-73.11603872510537,45.23918136446452],[-73.11602948952591,45.23917759954089],[-73.11587818718094,45.23911591788549],[-73.11581363334629,45.239089600704574],[-73.11573915222945,45.23918079264148],[-73.116189430969,45.23936436020151],[-73.11704254662128,45.239713987953394]]]},"properties":{"NO_LOT":"4 391 915","geoId":"ca/qc/lot/4-391-915","name":"4 391 915","code":"4 391 915","level":"locality","country":"CA","noLot":"4 391 915"}},{"type":"Feature","geometry":{"type":"Polygon","coordinates":[[[-73.11609755038342,45.23884813549404],[-73.11587818718094,45.23911591788549],[-73.11602948952591,45.23917759954089],[-73.11603872510537,45.23918136446452],[-73.11626108778258,45.23891104901627],[-73.11609755038342,45.23884813549404]]]},"properties":{"NO_LOT":"4 391 419","geoId":"ca/qc/lot/4-391-419","name":"4 391 419","code":"4 391 419","level":"locality","country":"CA","noLot":"4 391 419"}},{"type":"Feature","geometry":{"type":"Polygon","coordinates":[[[-73.1164533811523,45.23841375196742],[-73.1161558833847,45.23877692534889],[-73.11647756649471,45.23889505370579],[-73.11653810216507,45.238820546127776],[-73.11677543616482,45.23853203352506],[-73.1164533811523,45.23841375196742]]]},"properties":{"NO_LOT":"4 391 416","geoId":"ca/qc/lot/4-391-416","name":"4 391 416","code":"4 391 416","level":"locality","country":"CA","noLot":"4 391 416"}},{"type":"Feature","geometry":{"type":"Polygon","coordinates":[[[-73.11834762535426,45.23760008406245],[-73.11859254382995,45.237722916080855],[-73.11868011968868,45.23776683813646],[-73.11883274615042,45.2375902014948],[-73.11879650451858,45.237354120656974],[-73.11874882104497,45.237264320603025],[-73.11874677917434,45.23726466092515],[-73.11874472921886,45.237264977842194],[-73.11874267117855,45.23726527072164],[-73.11874060774834,45.237265539563424],[-73.11873853802992,45.23726578500019],[-73.11873646292162,45.237266007031934],[-73.11873438332174,45.23726620376086],[-73.11873229923027,45.23726637645219],[-73.11873021064724,45.23726652573844],[-73.11872812026759,45.237266650987095],[-73.11872602629465,45.23726675093299],[-73.11872392962678,45.23726682684127],[-73.1187218329589,45.23726687997707],[-73.1187197353927,45.237266906544946],[-73.11871763602988,45.23726691097295],[-73.1187155384637,45.23726688946563],[-73.1187134399992,45.237266844553226],[-73.11871134422964,45.23726677560317],[-73.11870925025671,45.23726668198298],[-73.11870715808043,45.23726656369261],[-73.11870506859907,45.23726642199712],[-73.11870298271099,45.237266255631496],[-73.11870090221278,45.23726606586081],[-73.11869882620617,45.23726585205251],[-73.11869675379279,45.23726561294144],[-73.11869468856597,45.237265351057886],[-73.11869262962732,45.23726506450415],[-73.11869057787523,45.237264754545336],[-73.11868853330964,45.237264420548925],[-73.11868649593058,45.23726406378001],[-73.11868446753466,45.23726368297349],[-73.11868244902023,45.2372632787619],[-73.11868043859062,45.23726285177786],[-73.1186784398391,45.23726240075616],[-73.11867645096906,45.23726192696197],[-73.11867447377712,45.23726143102786],[-73.1186725091616,45.237260911056154],[-73.11867055532585,45.237260368944504],[-73.11866861496483,45.23725980406032],[-73.11866668807856,45.23725921703627],[-73.11866477466701,45.23725860787229],[-73.11866287562849,45.2372579765684],[-73.11866099186133,45.237257322492],[-73.11865912246724,45.2372566475408],[-73.11865727103944,45.23725595171482],[-73.11865543488298,45.237255233748925],[-73.11865361489625,45.23725449490822],[-73.11865181287577,45.237253734560156],[-73.1186500288216,45.23725295396992],[-73.11864826273377,45.237252152504865],[-73.11834762535426,45.23760008406245]]]},"properties":{"NO_LOT":"5 878 874","geoId":"ca/qc/lot/5-878-874","name":"5 878 874","code":"5 878 874","level":"locality","country":"CA","noLot":"5 878 874"}},{"type":"Feature","geometry":{"type":"Polygon","coordinates":[[[-73.11198290885268,45.24264828328745],[-73.11218898866706,45.24241586420237],[-73.11101441807689,45.24186638035051],[-73.1108032609845,45.24209651450865],[-73.11198290885268,45.24264828328745]]]},"properties":{"NO_LOT":"4 391 576","geoId":"ca/qc/lot/4-391-576","name":"4 391 576","code":"4 391 576","level":"locality","country":"CA","noLot":"4 391 576"}},{"type":"Feature","geometry":{"type":"Polygon","coordinates":[[[-73.11946967953462,45.23415930636204],[-73.11937300913195,45.2342782160932],[-73.11969669279006,45.23441148751192],[-73.11979410969273,45.234292882973826],[-73.11946967953462,45.23415930636204]]]},"properties":{"NO_LOT":"4 391 272","geoId":"ca/qc/lot/4-391-272","name":"4 391 272","code":"4 391 272","level":"locality","country":"CA","noLot":"4 391 272"}},{"type":"Feature","geometry":{"type":"Polygon","coordinates":[[[-73.11988482336676,45.233647818790644],[-73.11966250380867,45.23392124133464],[-73.11998895787113,45.23405565164635],[-73.12021323845148,45.233782582744205],[-73.11988482336676,45.233647818790644]]]},"properties":{"NO_LOT":"4 391 270","geoId":"ca/qc/lot/4-391-270","name":"4 391 270","code":"4 391 270","level":"locality","country":"CA","noLot":"4 391 270"}},{"type":"Feature","geometry":{"type":"Polygon","coordinates":[[[-73.11373145080712,45.23785291666417],[-73.11349756993133,45.2381399620149],[-73.11380032643658,45.238263095861505],[-73.11403420731239,45.237976047337426],[-73.11390782872495,45.23792464983065],[-73.11373145080712,45.23785291666417]]]},"properties":{"NO_LOT":"6 123 387","geoId":"ca/qc/lot/6-123-387","name":"6 123 387","code":"6 123 387","level":"locality","country":"CA","noLot":"6 123 387"}},{"type":"Feature","geometry":{"type":"Polygon","coordinates":[[[-73.12150147646783,45.23221756619813],[-73.12169764966126,45.231980886715775],[-73.12135451747723,45.231839670731695],[-73.12116032327238,45.2320771649928],[-73.12150147646783,45.23221756619813]]]},"properties":{"NO_LOT":"4 391 218","geoId":"ca/qc/lot/4-391-218","name":"4 391 218","code":"4 391 218","level":"locality","country":"CA","noLot":"4 391 218"}},{"type":"Feature","geometry":{"type":"Polygon","coordinates":[[[-73.1167278173699,45.23750916855037],[-73.11646991015353,45.23780990936104],[-73.116763133737,45.23793048710908],[-73.11681090255054,45.23786925005623],[-73.1168864427811,45.237900161467074],[-73.11684400996033,45.23755992627644],[-73.1167278173699,45.23750916855037]]]},"properties":{"NO_LOT":"6 150 250","geoId":"ca/qc/lot/6-150-250","name":"6 150 250","code":"6 150 250","level":"locality","country":"CA","noLot":"6 150 250"}},{"type":"Feature","geometry":{"type":"Polygon","coordinates":[[[-73.11945268071449,45.234707818432945],[-73.11957006267436,45.23456565526544],[-73.11924840292056,45.23443323758632],[-73.11913256516468,45.234576030521005],[-73.11945268071449,45.234707818432945]]]},"properties":{"NO_LOT":"5 903 606","geoId":"ca/qc/lot/5-903-606","name":"5 903 606","code":"5 903 606","level":"locality","country":"CA","noLot":"5 903 606"}},{"type":"Feature","geometry":{"type":"Polygon","coordinates":[[[-73.1226401117517,45.23119420861065],[-73.1225426930524,45.23131280759559],[-73.12286210611967,45.23144483272097],[-73.12295951314086,45.231326228317755],[-73.1226401117517,45.23119420861065]]]},"properties":{"NO_LOT":"4 391 182","geoId":"ca/qc/lot/4-391-182","name":"4 391 182","code":"4 391 182","level":"locality","country":"CA","noLot":"4 391 182"}},{"type":"Feature","geometry":{"type":"Polygon","coordinates":[[[-73.12197366960872,45.234442079442736],[-73.12164145554866,45.23430553564613],[-73.12123892585974,45.23414008976089],[-73.12115198870318,45.23424568388211],[-73.121141329294,45.23425863325548],[-73.1218760739413,45.234560622939995],[-73.12197366960872,45.234442079442736]]]},"properties":{"NO_LOT":"4 391 240","geoId":"ca/qc/lot/4-391-240","name":"4 391 240","code":"4 391 240","level":"locality","country":"CA","noLot":"4 391 240"}},{"type":"Feature","geometry":{"type":"Polygon","coordinates":[[[-73.11910980455032,45.236518067119675],[-73.11879116403422,45.236386202435774],[-73.11869379294563,45.2365048392945],[-73.11859642095871,45.236623476538064],[-73.11891629216676,45.23675496239172],[-73.11910980455032,45.236518067119675]]]},"properties":{"NO_LOT":"6 227 039","geoId":"ca/qc/lot/6-227-039","name":"6 227 039","code":"6 227 039","level":"locality","country":"CA","noLot":"6 227 039"}},{"type":"Feature","geometry":{"type":"Polygon","coordinates":[[[-73.11647756649471,45.23889505370579],[-73.1161558833847,45.23877692534889],[-73.11609755038342,45.23884813549404],[-73.11626108778258,45.23891104901627],[-73.11603872510537,45.23918136446452],[-73.11619087905324,45.239243393317174],[-73.11647756649471,45.23889505370579]]]},"properties":{"NO_LOT":"4 391 418","geoId":"ca/qc/lot/4-391-418","name":"4 391 418","code":"4 391 418","level":"locality","country":"CA","noLot":"4 391 418"}},{"type":"Feature","geometry":{"type":"Polygon","coordinates":[[[-73.1221356690921,45.24274585910839],[-73.1222545512385,45.242719887060844],[-73.12204076118402,45.24263111888703],[-73.12170607585863,45.24249215390871],[-73.121454732632,45.242765974122825],[-73.12187435905741,45.24295825741261],[-73.12200481419963,45.242815550057124],[-73.12200643476038,45.24281382267997],[-73.12200808496557,45.2428121098505],[-73.12200976481515,45.242810410936066],[-73.12201147341082,45.24280872720179],[-73.12201321075257,45.24280705801509],[-73.12201497594211,45.242805404008585],[-73.12201676987773,45.242803765182146],[-73.12201859166113,45.24280214090337],[-73.12202044219062,45.24280053306969],[-73.12202231877124,45.24279894104869],[-73.12202422409796,45.24279736484031],[-73.12202615547582,45.24279580570959],[-73.12202811290483,45.24279426302402],[-73.12203009728329,45.24279273678364],[-73.12203210681457,45.24279122888587],[-73.12203414329534,45.24278973680078],[-73.12203620492892,45.24278826305839],[-73.12203829081699,45.24278680702615],[-73.12204040275623,45.24278536870404],[-73.12204253894998,45.24278394872466],[-73.12204469939823,45.24278254708797],[-73.1220468832027,45.24278116379396],[-73.12204909036333,45.24277980010764],[-73.12205132088019,45.242778454764],[-73.12205357385493,45.242777129028056],[-73.12205585108417,45.24277582289983],[-73.12205814897466,45.24277453574684],[-73.12206047022136,45.24277326820151],[-73.12206281212931,45.2427720208964],[-73.12206517559682,45.24277079383154],[-73.12206755882727,45.24276958700686],[-73.1220699645156,45.242768401054924],[-73.12207238817024,45.24276723471071],[-73.12207483338443,45.24276608987172],[-73.12207729746326,45.24276496590549],[-73.12207978040671,45.242763864077],[-73.12208228221478,45.24276278312123],[-73.12208480198915,45.24276172303821],[-73.12208734062814,45.24276068509294],[-73.12208989633511,45.2427596680204],[-73.1220924691101,45.242758673718114],[-73.12209505895306,45.24275770218611],[-73.122097665864,45.24275675215934],[-73.12210028804633,45.24275582363785],[-73.12210292639831,45.24275491915163],[-73.12210558002167,45.24275403617065],[-73.12210824891639,45.24275317659247],[-73.12211093218413,45.242752339784516],[-73.12211362892661,45.2427515257469],[-73.12211634004214,45.24275073574454],[-73.12211906463241,45.24274996787991],[-73.1221218026974,45.24274922405065],[-73.12212455244047,45.24274850362409],[-73.12212731475996,45.24274780660038],[-73.12213008696094,45.24274713361194],[-73.12213287353495,45.24274648465878],[-73.1221356690921,45.24274585910839]]]},"properties":{"NO_LOT":"4 391 514","geoId":"ca/qc/lot/4-391-514","name":"4 391 514","code":"4 391 514","level":"locality","country":"CA","noLot":"4 391 514"}},{"type":"Feature","geometry":{"type":"Polygon","coordinates":[[[-73.1121594745184,45.242703335582696],[-73.11197535491945,45.24290500927205],[-73.1125854601177,45.24318299063178],[-73.11282175925825,45.24292415649599],[-73.1121594745184,45.242703335582696]]]},"properties":{"NO_LOT":"4 391 565","geoId":"ca/qc/lot/4-391-565","name":"4 391 565","code":"4 391 565","level":"locality","country":"CA","noLot":"4 391 565"}},{"type":"Feature","geometry":{"type":"Polygon","coordinates":[[[-73.11038143727991,45.24660915654124],[-73.10913269818661,45.24603390778977],[-73.10885856020968,45.246327683646044],[-73.11010732625242,45.24690289210729],[-73.11038143727991,45.24660915654124]]]},"properties":{"NO_LOT":"4 391 592","geoId":"ca/qc/lot/4-391-592","name":"4 391 592","code":"4 391 592","level":"locality","country":"CA","noLot":"4 391 592"}},{"type":"Feature","geometry":{"type":"Polygon","coordinates":[[[-73.11824962185172,45.236164810826786],[-73.11810313357833,45.2363425886442],[-73.1179605215354,45.23651566332591],[-73.1178597539167,45.236637953040606],[-73.11776209357059,45.23675647108224],[-73.11758619445482,45.236969756503505],[-73.11751778325436,45.23705270880607],[-73.11762938904694,45.2373609473302],[-73.11728546365052,45.23775277119019],[-73.11708483211834,45.2379813418732],[-73.1172695580801,45.23805693033184],[-73.117659496982,45.23761268539323],[-73.1178706801255,45.23737208621731],[-73.11782835240764,45.23711500313187],[-73.1179054431304,45.236942361057494],[-73.11808123175338,45.23672902809029],[-73.11827655064899,45.23649198974761],[-73.11837420919845,45.236373470521755],[-73.11847186684963,45.23625495168125],[-73.11824962185172,45.236164810826786]]]},"properties":{"NO_LOT":"4 391 912","geoId":"ca/qc/lot/4-391-912","name":"4 391 912","code":"4 391 912","level":"locality","country":"CA","noLot":"4 391 912"}},{"type":"Feature","geometry":{"type":"Polygon","coordinates":[[[-73.12044013402763,45.237188401521124],[-73.12033164449078,45.23732044146259],[-73.1203250346869,45.237328486466374],[-73.12082891679778,45.23753538335498],[-73.12094411315654,45.23739533813902],[-73.12044013402763,45.237188401521124]]]},"properties":{"NO_LOT":"5 663 540","geoId":"ca/qc/lot/5-663-540","name":"5 663 540","code":"5 663 540","level":"locality","country":"CA","noLot":"5 663 540"}},{"type":"Feature","geometry":{"type":"Polygon","coordinates":[[[-73.1224541667761,45.230482947335915],[-73.12235757722179,45.23060190524845],[-73.12271153859658,45.230747576839136],[-73.12280911899262,45.23062902918407],[-73.1224541667761,45.230482947335915]]]},"properties":{"NO_LOT":"5 671 063","geoId":"ca/qc/lot/5-671-063","name":"5 671 063","code":"5 671 063","level":"locality","country":"CA","noLot":"5 671 063"}},{"type":"Feature","geometry":{"type":"Polygon","coordinates":[[[-73.12235032152925,45.24125172031557],[-73.12203217149329,45.24112914261071],[-73.12188951094133,45.241306198367276],[-73.12172037344467,45.241503199517716],[-73.12204041353601,45.24162988337054],[-73.12223671968009,45.241390342337866],[-73.12235032152925,45.24125172031557]]]},"properties":{"NO_LOT":"4 391 463","geoId":"ca/qc/lot/4-391-463","name":"4 391 463","code":"4 391 463","level":"locality","country":"CA","noLot":"4 391 463"}},{"type":"Feature","geometry":{"type":"Polygon","coordinates":[[[-73.11381337895766,45.23949929846415],[-73.1136117314309,45.239723509602925],[-73.11422373387101,45.23999414125052],[-73.11438887027138,45.23971099856121],[-73.11381337895766,45.23949929846415]]]},"properties":{"NO_LOT":"6 357 577","geoId":"ca/qc/lot/6-357-577","name":"6 357 577","code":"6 357 577","level":"locality","country":"CA","noLot":"6 357 577"}},{"type":"Feature","geometry":{"type":"Polygon","coordinates":[[[-73.1129473625996,45.237845167773905],[-73.1129018656254,45.23789781972287],[-73.11314432900541,45.23799629434807],[-73.1135800703087,45.237461504030605],[-73.11364927741651,45.23737656353188],[-73.11339844712793,45.23723138209418],[-73.1129713664823,45.23705681925442],[-73.11248411937389,45.23765481737617],[-73.1129473625996,45.237845167773905]]]},"properties":{"NO_LOT":"6 504 329","geoId":"ca/qc/lot/6-504-329","name":"6 504 329","code":"6 504 329","level":"locality","country":"CA","noLot":"6 504 329"}},{"type":"Feature","geometry":{"type":"Polygon","coordinates":[[[-73.12170340157402,45.232332211046376],[-73.1215857096954,45.23247420076891],[-73.12190572193893,45.23260647497946],[-73.12202355934465,45.232464545053865],[-73.12170340157402,45.232332211046376]]]},"properties":{"NO_LOT":"4 391 192","geoId":"ca/qc/lot/4-391-192","name":"4 391 192","code":"4 391 192","level":"locality","country":"CA","noLot":"4 391 192"}},{"type":"Feature","geometry":{"type":"Polygon","coordinates":[[[-73.12107348313386,45.24392599221056],[-73.12107150145034,45.243925075725556],[-73.12106953952976,45.24392413773572],[-73.1210675964738,45.24392318077104],[-73.12106567407909,45.24392220293398],[-73.12106377324396,45.24392120422461],[-73.12106189307006,45.24392018590787],[-73.12106003535405,45.24391914924873],[-73.12105819919762,45.24391809171727],[-73.12105638549906,45.24391701521095],[-73.12105459425838,45.243915919729716],[-73.12105282637391,45.24391480590618],[-73.12105108184564,45.243913673740195],[-73.12104936247016,45.24391252323185],[-73.12104766734922,45.24391135501366],[-73.12104599648279,45.24391016908556],[-73.12104434987089,45.243908964815105],[-73.12104273020843,45.2439077440997],[-73.1210411356988,45.24390650693946],[-73.12103956813863,45.24390525206926],[-73.12103802662959,45.24390398201923],[-73.12103651207002,45.243902694891744],[-73.12103502535822,45.24390139195189],[-73.12103356469758,45.24390007509708],[-73.12103213368134,45.24389874116489],[-73.12103072961455,45.243897393317766],[-73.12102935519216,45.24389603092325],[-73.12102800861754,45.24389465398127],[-73.12102669168735,45.24389326312441],[-73.12102540529986,45.24389185835261],[-73.12102414676013,45.243890440298344],[-73.12102291876315,45.243889008961666],[-73.12102172220719,45.24388756497505],[-73.12102055529563,45.243886108970976],[-73.12101941892679,45.243884640949446],[-73.121018313999,45.2438831609105],[-73.12101723961392,45.24388166885409],[-73.1210161975682,45.24388016731018],[-73.1210151869635,45.243878653116354],[-73.12101420869816,45.24387712880258],[-73.12101326187384,45.24387559500131],[-73.1210123482872,45.24387405108005],[-73.1210114670399,45.243872498303844],[-73.12101061813195,45.24387093604015],[-73.12100980336001,45.24386936492146],[-73.12100902092737,45.243867784947845],[-73.12100827173244,45.243866198016704],[-73.12100755577517,45.24386460286307],[-73.12100687395385,45.24386300011947],[-73.12100622626853,45.24386138978584],[-73.12100561182089,45.24385977375974],[-73.1210050315092,45.2438581520411],[-73.12100448713015,45.243856522732514],[-73.12100397509043,45.24385489026136],[-73.12100349808503,45.24385325020022],[-73.1210030561139,45.24385160634409],[-73.12100264827876,45.24384995806041],[-73.1210022745796,45.2438483059817],[-73.12100193681304,45.243846648842975],[-73.1210016340808,45.24384498980674],[-73.12100136548453,45.24384332697551],[-73.12100113282088,45.24384166224671],[-73.1210009351915,45.24383999435537],[-73.12100077169814,45.243838325198965],[-73.12100064413737,45.24383665414509],[-73.12100055161089,45.24383498182612],[-73.12100049411872,45.24383330887463],[-73.12100047166082,45.24383163592309],[-73.12100048513557,45.24382996233899],[-73.12100053364459,45.24382828875489],[-73.1210006171879,45.24382661706817],[-73.12100073576552,45.24382494601391],[-73.12100089027575,45.24382327622462],[-73.12100107892196,45.24382160833273],[-73.12100130350079,45.243819942338334],[-73.1210015631139,45.2438182788738],[-73.121001856863,45.24381661793927],[-73.12100218564638,45.243814960799625],[-73.12100255126072,45.24381330808743],[-73.12100294921439,45.24381165790517],[-73.12100338310066,45.243810012782774],[-73.12100385112292,45.24380837272039],[-73.12100435417949,45.24380673708536],[-73.12100489137202,45.24380510777526],[-73.12100546180224,45.24380348415762],[-73.12100606816504,45.24380186623236],[-73.1210067068672,45.243800255264496],[-73.12100737970538,45.24379864998909],[-73.12100808667948,45.243797052936095],[-73.12100882778961,45.2437954641055],[-73.12100960213738,45.243793882232296],[-73.12101040882449,45.243792309214015],[-73.1210112487493,45.243790743785624],[-73.12101212191175,45.24378918910967],[-73.12101302831186,45.24378764202356],[-73.12101396615301,45.24378610632241],[-73.12101493633354,45.24378457884366],[-73.12101593885339,45.24378306274976],[-73.12101697281429,45.24378155804081],[-73.12101803911452,45.24378006281925],[-73.12101913595748,45.24377858024754],[-73.12102026424148,45.24377710906079],[-73.12102142396652,45.2437756498914],[-73.12102261333595,45.243774202739424],[-73.1210238332481,45.243772768869825],[-73.12102508370297,45.243771347017635],[-73.12102636380227,45.24376993908029],[-73.12102767264763,45.24376854505788],[-73.12102901203572,45.24376716431786],[-73.12103037927159,45.24376579812523],[-73.12103177615187,45.243764445847496],[-73.12103319998158,45.243763108749626],[-73.12103465255738,45.24376178683166],[-73.12103613298098,45.24376048072607],[-73.12103764125234,45.243759189800386],[-73.12103917467654,45.243757915952045],[-73.1210407359485,45.24375665728362],[-73.1210423241699,45.24375541506012],[-73.12104393844247,45.243754189913965],[-73.12104557696956,45.243752981845205],[-73.12104724064947,45.24375179085379],[-73.12104893038051,45.24375061820482],[-73.12105064436608,45.24374946326573],[-73.12105238170783,45.243748326036474],[-73.1210911529955,45.243723344937635],[-73.12072848065742,45.243557156088855],[-73.12055912576847,45.24374161651008],[-73.12105231343588,45.24394897011007],[-73.12107348313386,45.24392599221056]]]},"properties":{"NO_LOT":"4 391 524","geoId":"ca/qc/lot/4-391-524","name":"4 391 524","code":"4 391 524","level":"locality","country":"CA","noLot":"4 391 524"}},{"type":"Feature","geometry":{"type":"Polygon","coordinates":[[[-73.11004268617953,45.236820846901],[-73.11003492293885,45.23681547508307],[-73.11002718215605,45.236810085552506],[-73.11001946652607,45.236804679574554],[-73.1100117742523,45.23679925651658],[-73.11000410713133,45.23679381574599],[-73.1099964642649,45.23678835852795],[-73.10998884565298,45.23678288359729],[-73.10998125129557,45.236777392851764],[-73.10997368119266,45.236771885026236],[-73.10996613534428,45.23676636012061],[-73.10995861554704,45.23676081813496],[-73.10995111910599,45.23675525906922],[-73.10994364871608,45.23674968355603],[-73.1099362025807,45.23674409159531],[-73.1099287798015,45.236738483819686],[-73.10992138397178,45.236732858964025],[-73.10991401329487,45.23672721766082],[-73.10990666687248,45.23672155991011],[-73.10989934739953,45.236715885711874],[-73.10989205218111,45.23671019569868],[-73.10988478211551,45.23670448987059],[-73.10987753720276,45.23669876696234],[-73.10987031834114,45.236693028239145],[-73.10986312463233,45.236687273701],[-73.10985595697468,45.23668150271532],[-73.1098488162665,45.23667571591463],[-73.1098416998128,45.23666991393156],[-73.10983461030858,45.236664096133524],[-73.10982754505888,45.236658261887875],[-73.10982050675864,45.2366524118273],[-73.10981349450951,45.23664654721682],[-73.10980651010819,45.23664066615876],[-73.10979954996137,45.236634769285715],[-73.109792616764,45.23662885723026],[-73.10978570961778,45.236622929992286],[-73.109778829421,45.23661698693935],[-73.10977197617372,45.236611029969076],[-73.10976514897757,45.23660505591866],[-73.10975834783254,45.23659906795093],[-73.10975157363698,45.23659306480071],[-73.1095442478593,45.23640872729561],[-73.1089735831936,45.23687336000038],[-73.10966586807066,45.23720887717009],[-73.11004268617953,45.236820846901]]]},"properties":{"NO_LOT":"4 390 562","geoId":"ca/qc/lot/4-390-562","name":"4 390 562","code":"4 390 562","level":"locality","country":"CA","noLot":"4 390 562"}},{"type":"Feature","geometry":{"type":"Polygon","coordinates":[[[-73.11808123175338,45.23672902809029],[-73.11840124309863,45.23686127595074],[-73.11859642095871,45.236623476538064],[-73.11827655064899,45.23649198974761],[-73.11808123175338,45.23672902809029]]]},"properties":{"NO_LOT":"5 714 095","geoId":"ca/qc/lot/5-714-095","name":"5 714 095","code":"5 714 095","level":"locality","country":"CA","noLot":"5 714 095"}},{"type":"Feature","geometry":{"type":"Polygon","coordinates":[[[-73.11883006917087,45.237220754928174],[-73.11871496084699,45.23717496257361],[-73.11864826273377,45.237252152504865],[-73.1186500288216,45.23725295396992],[-73.11865181287577,45.237253734560156],[-73.11865361489625,45.23725449490822],[-73.11865543488298,45.237255233748925],[-73.11865727103944,45.23725595171482],[-73.11865912246724,45.2372566475408],[-73.11866099186133,45.237257322492],[-73.11866287562849,45.2372579765684],[-73.11866477466701,45.23725860787229],[-73.11866668807856,45.23725921703627],[-73.11866861496483,45.23725980406032],[-73.11867055532585,45.237260368944504],[-73.1186725091616,45.237260911056154],[-73.11867447377712,45.23726143102786],[-73.11867645096906,45.23726192696197],[-73.1186784398391,45.23726240075616],[-73.11868043859062,45.23726285177786],[-73.11868244902023,45.2372632787619],[-73.11868446753466,45.23726368297349],[-73.11868649593058,45.23726406378001],[-73.11868853330964,45.237264420548925],[-73.11869057787523,45.237264754545336],[-73.11869262962732,45.23726506450415],[-73.11869468856597,45.237265351057886],[-73.11869675379279,45.23726561294144],[-73.11869882620617,45.23726585205251],[-73.11870090221278,45.23726606586081],[-73.11870298271099,45.237266255631496],[-73.11870506859907,45.23726642199712],[-73.11870715808043,45.23726656369261],[-73.11870925025671,45.23726668198298],[-73.11871134422964,45.23726677560317],[-73.1187134399992,45.237266844553226],[-73.1187155384637,45.23726688946563],[-73.11871763602988,45.23726691097295],[-73.1187197353927,45.237266906544946],[-73.1187218329589,45.23726687997707],[-73.11872392962678,45.23726682684127],[-73.11872602629465,45.23726675093299],[-73.11872812026759,45.237266650987095],[-73.11873021064724,45.23726652573844],[-73.11873229923027,45.23726637645219],[-73.11873438332174,45.23726620376086],[-73.11873646292162,45.237266007031934],[-73.11873853802992,45.23726578500019],[-73.11874060774834,45.237265539563424],[-73.11874267117855,45.23726527072164],[-73.11874472921886,45.237264977842194],[-73.11874677917434,45.23726466092515],[-73.11874882104497,45.237264320603025],[-73.1187508548308,45.23726395687588],[-73.11875288053174,45.23726356974366],[-73.11875489635125,45.23726315857383],[-73.11875690228929,45.237262724631464],[-73.11875889834585,45.237262267916634],[-73.11876088272432,45.23726178779678],[-73.11876285632299,45.237261283639285],[-73.11876481824356,45.23726075860702],[-73.1187667666894,45.2372602095371],[-73.11876870345718,45.23725963895984],[-73.11877062585188,45.23725904561008],[-73.11877253387354,45.23725842948782],[-73.11877442931879,45.2372577924908],[-73.11877630859436,45.23725713398639],[-73.11877817080195,45.237256452709524],[-73.11878001953481,45.23725574992531],[-73.11878185030135,45.237255026898815],[-73.1187836639999,45.237254281732454],[-73.11878545973217,45.23725351569127],[-73.11878723929475,45.237252729407864],[-73.11878899909438,45.23725192288225],[-73.11879074002941,45.23725109548183],[-73.11879246209982,45.2372502484718],[-73.11879416440726,45.23724938185207],[-73.11879584515516,45.23724849562267],[-73.11879750614013,45.23724758978362],[-73.11879914556552,45.23724666496753],[-73.11880076343134,45.237245720541736],[-73.1188023588393,45.23724475840397],[-73.11880393178934,45.23724377855427],[-73.11880548317986,45.237242779727495],[-73.11880701031583,45.23724176255617],[-73.1188085131973,45.23724072893807],[-73.11880999182425,45.23723967760795],[-73.11881144709501,45.23723860983107],[-73.11881287631464,45.23723752497474],[-73.11881428127974,45.23723642240647],[-73.1188156592954,45.237235305921665],[-73.1188170121582,45.2372341723575],[-73.11881833717325,45.23723302361158],[-73.11881963703546,45.23723185968401],[-73.11882090904992,45.23723068057477],[-73.11882215321657,45.23722948754893],[-73.11882337043379,45.23722828060659],[-73.1188245589049,45.23722705848254],[-73.11882571952825,45.23722582370704],[-73.1188268505072,45.23722457564758],[-73.11882795363837,45.2372233136716],[-73.11882902532851,45.23722204094188],[-73.11883006917087,45.237220754928174]]]},"properties":{"NO_LOT":"5 887 526","geoId":"ca/qc/lot/5-887-526","name":"5 887 526","code":"5 887 526","level":"locality","country":"CA","noLot":"5 887 526"}},{"type":"Feature","geometry":{"type":"Polygon","coordinates":[[[-73.11965415127314,45.23674078006632],[-73.11955691493186,45.23685947311635],[-73.11987638818626,45.236989437720766],[-73.11997370807086,45.23687098658521],[-73.11965415127314,45.23674078006632]]]},"properties":{"NO_LOT":"4 392 160","geoId":"ca/qc/lot/4-392-160","name":"4 392 160","code":"4 392 160","level":"locality","country":"CA","noLot":"4 392 160"}},{"type":"Feature","geometry":{"type":"Polygon","coordinates":[[[-73.11796617553179,45.239043894617694],[-73.1183302366653,45.23857245313411],[-73.11809925016136,45.23847915887173],[-73.11773192993999,45.2389499261983],[-73.11773244916624,45.23895013430731],[-73.11796617553179,45.239043894617694]]]},"properties":{"NO_LOT":"4 391 421","geoId":"ca/qc/lot/4-391-421","name":"4 391 421","code":"4 391 421","level":"locality","country":"CA","noLot":"4 391 421"}},{"type":"Feature","geometry":{"type":"Polygon","coordinates":[[[-73.11712699813945,45.23974776883332],[-73.11704254662128,45.239713987953394],[-73.11647156395196,45.24035124042166],[-73.11655601457183,45.24038502218775],[-73.11671173842466,45.24021122618217],[-73.11712699813945,45.23974776883332]]]},"properties":{"NO_LOT":"4 391 527","geoId":"ca/qc/lot/4-391-527","name":"4 391 527","code":"4 391 527","level":"locality","country":"CA","noLot":"4 391 527"}},{"type":"Feature","geometry":{"type":"Polygon","coordinates":[[[-73.11477638821358,45.239113442723685],[-73.1143832575975,45.23895064414278],[-73.11422152491375,45.239137304974285],[-73.11416866175422,45.23911522777518],[-73.11406153945323,45.239234528171],[-73.1144130744784,45.23935739777168],[-73.11455827277105,45.23941670016318],[-73.11461276457618,45.23932219532867],[-73.11477638821358,45.239113442723685]]]},"properties":{"NO_LOT":"4 391 547","geoId":"ca/qc/lot/4-391-547","name":"4 391 547","code":"4 391 547","level":"locality","country":"CA","noLot":"4 391 547"}},{"type":"Feature","geometry":{"type":"Polygon","coordinates":[[[-73.1117423049853,45.24124659496859],[-73.11267032486091,45.24189180249805],[-73.11284666774445,45.24170253208476],[-73.11236422482617,45.24147214332188],[-73.11221345158887,45.24140016668496],[-73.11216990036559,45.24144695691739],[-73.1117423049853,45.24124659496859]]]},"properties":{"NO_LOT":"5 326 500","geoId":"ca/qc/lot/5-326-500","name":"5 326 500","code":"5 326 500","level":"locality","country":"CA","noLot":"5 326 500"}},{"type":"Feature","geometry":{"type":"Polygon","coordinates":[[[-73.12212175867992,45.23234626668205],[-73.122440037175,45.232477821266194],[-73.12255693224797,45.23233549309897],[-73.12223865375292,45.232203938185314],[-73.1221412530199,45.232322530634875],[-73.12212175867992,45.23234626668205]]]},"properties":{"NO_LOT":"6 254 897","geoId":"ca/qc/lot/6-254-897","name":"6 254 897","code":"6 254 897","level":"locality","country":"CA","noLot":"6 254 897"}},{"type":"Feature","geometry":{"type":"Polygon","coordinates":[[[-73.11527599524202,45.23843949826339],[-73.11515588599694,45.23858051820239],[-73.115437500652,45.238696589905146],[-73.11555420797707,45.23855416661558],[-73.11527599524202,45.23843949826339]]]},"properties":{"NO_LOT":"4 921 830","geoId":"ca/qc/lot/4-921-830","name":"4 921 830","code":"4 921 830","level":"locality","country":"CA","noLot":"4 921 830"}},{"type":"Feature","geometry":{"type":"Polygon","coordinates":[[[-73.1217504723966,45.23641501955365],[-73.1218656642638,45.236274973474146],[-73.12136086946461,45.23606770256823],[-73.12129538407703,45.23614741167768],[-73.12124578000535,45.23620779090888],[-73.1217504723966,45.23641501955365]]]},"properties":{"NO_LOT":"5 171 779","geoId":"ca/qc/lot/5-171-779","name":"5 171 779","code":"5 171 779","level":"locality","country":"CA","noLot":"5 171 779"}},{"type":"Feature","geometry":{"type":"Polygon","coordinates":[[[-73.11891146551875,45.23485005272818],[-73.11862408727283,45.23520791234178],[-73.1189343024899,45.23533561984528],[-73.1192277335842,45.2349802528253],[-73.11891146551875,45.23485005272818]]]},"properties":{"NO_LOT":"4 391 275","geoId":"ca/qc/lot/4-391-275","name":"4 391 275","code":"4 391 275","level":"locality","country":"CA","noLot":"4 391 275"}},{"type":"Feature","geometry":{"type":"Polygon","coordinates":[[[-73.12266212137447,45.24001312183283],[-73.1224900490818,45.24022158775626],[-73.12279494267912,45.240339891484496],[-73.12290658620095,45.24038321187472],[-73.12302780845864,45.240430246470176],[-73.12303620231667,45.24042008734496],[-73.12318296547453,45.24024244309879],[-73.12320000112557,45.24022182432474],[-73.12266212137447,45.24001312183283]]]},"properties":{"NO_LOT":"4 391 361","geoId":"ca/qc/lot/4-391-361","name":"4 391 361","code":"4 391 361","level":"locality","country":"CA","noLot":"4 391 361"}},{"type":"Feature","geometry":{"type":"Polygon","coordinates":[[[-73.11457557791667,45.237971346776014],[-73.1144616562673,45.23811116727886],[-73.1142040778343,45.23842730321694],[-73.11438332586945,45.23850020335527],[-73.11475482595183,45.23804424686675],[-73.11457557791667,45.237971346776014]]]},"properties":{"NO_LOT":"4 391 396","geoId":"ca/qc/lot/4-391-396","name":"4 391 396","code":"4 391 396","level":"locality","country":"CA","noLot":"4 391 396"}},{"type":"Feature","geometry":{"type":"Polygon","coordinates":[[[-73.1179605215354,45.23651566332591],[-73.11767032347782,45.236396194016315],[-73.1175716516287,45.23651934619091],[-73.1178597539167,45.236637953040606],[-73.1179605215354,45.23651566332591]]]},"properties":{"NO_LOT":"4 884 367","geoId":"ca/qc/lot/4-884-367","name":"4 884 367","code":"4 884 367","level":"locality","country":"CA","noLot":"4 884 367"}},{"type":"Feature","geometry":{"type":"Polygon","coordinates":[[[-73.12170340157402,45.232332211046376],[-73.12202355934465,45.232464545053865],[-73.12212175867992,45.23234626668205],[-73.1221412530199,45.232322530634875],[-73.12182110692737,45.23219020262293],[-73.12170340157402,45.232332211046376]]]},"properties":{"NO_LOT":"4 391 191","geoId":"ca/qc/lot/4-391-191","name":"4 391 191","code":"4 391 191","level":"locality","country":"CA","noLot":"4 391 191"}},{"type":"Feature","geometry":{"type":"Polygon","coordinates":[[[-73.12200952406666,45.23320404547331],[-73.12164550425564,45.23364620690229],[-73.12238026776757,45.233948202371636],[-73.12250032670697,45.23380237007816],[-73.12216811534186,45.23366582854019],[-73.12231449042751,45.233488030329084],[-73.1224120735185,45.23336949787929],[-73.12221074309703,45.23328674896244],[-73.12200952406666,45.23320404547331]]]},"properties":{"NO_LOT":"4 391 232","geoId":"ca/qc/lot/4-391-232","name":"4 391 232","code":"4 391 232","level":"locality","country":"CA","noLot":"4 391 232"}},{"type":"Feature","geometry":{"type":"Polygon","coordinates":[[[-73.12283790730254,45.24162429378767],[-73.12303375171257,45.24138746562297],[-73.12243122470205,45.24115299642448],[-73.12235032152925,45.24125172031557],[-73.12223671968009,45.241390342337866],[-73.12283790730254,45.24162429378767]]]},"properties":{"NO_LOT":"4 391 456","geoId":"ca/qc/lot/4-391-456","name":"4 391 456","code":"4 391 456","level":"locality","country":"CA","noLot":"4 391 456"}},{"type":"Feature","geometry":{"type":"Polygon","coordinates":[[[-73.12232984892391,45.240759835439526],[-73.12203217149329,45.24112914261071],[-73.12235032152925,45.24125172031557],[-73.12243122470205,45.24115299642448],[-73.12265117180947,45.240884882068165],[-73.12232984892391,45.240759835439526]]]},"properties":{"NO_LOT":"4 391 457","geoId":"ca/qc/lot/4-391-457","name":"4 391 457","code":"4 391 457","level":"locality","country":"CA","noLot":"4 391 457"}},{"type":"Feature","geometry":{"type":"Polygon","coordinates":[[[-73.12286210611967,45.23144483272097],[-73.12274520386015,45.231587172608144],[-73.12306348055859,45.231718725786294],[-73.12318038191977,45.23157638559589],[-73.12286210611967,45.23144483272097]]]},"properties":{"NO_LOT":"4 391 178","geoId":"ca/qc/lot/4-391-178","name":"4 391 178","code":"4 391 178","level":"locality","country":"CA","noLot":"4 391 178"}},{"type":"Feature","geometry":{"type":"Polygon","coordinates":[[[-73.12112003203526,45.2326795843912],[-73.12078261762801,45.232540722862886],[-73.12049232345069,45.23289804474349],[-73.12082694769066,45.23303535612202],[-73.12112003203526,45.2326795843912]]]},"properties":{"NO_LOT":"4 391 222","geoId":"ca/qc/lot/4-391-222","name":"4 391 222","code":"4 391 222","level":"locality","country":"CA","noLot":"4 391 222"}},{"type":"Feature","geometry":{"type":"Polygon","coordinates":[[[-73.12277017522842,45.23383467670228],[-73.12267258225596,45.233953220833946],[-73.12299470194716,45.234085613062184],[-73.12309229491963,45.23396706857408],[-73.12277017522842,45.23383467670228]]]},"properties":{"NO_LOT":"4 391 262","geoId":"ca/qc/lot/4-391-262","name":"4 391 262","code":"4 391 262","level":"locality","country":"CA","noLot":"4 391 262"}},{"type":"Feature","geometry":{"type":"Polygon","coordinates":[[[-73.11840124309863,45.23686127595074],[-73.11872168114363,45.23699229188574],[-73.11891629216676,45.23675496239172],[-73.11859642095871,45.236623476538064],[-73.11840124309863,45.23686127595074]]]},"properties":{"NO_LOT":"4 391 301","geoId":"ca/qc/lot/4-391-301","name":"4 391 301","code":"4 391 301","level":"locality","country":"CA","noLot":"4 391 301"}},{"type":"Feature","geometry":{"type":"Polygon","coordinates":[[[-73.11852521330277,45.239268273280786],[-73.11794630389939,45.23995874944031],[-73.11810893579674,45.24002530578574],[-73.11858067708506,45.23945037558485],[-73.1186753774823,45.239328533439966],[-73.11852521330277,45.239268273280786]]]},"properties":{"NO_LOT":"4 391 426","geoId":"ca/qc/lot/4-391-426","name":"4 391 426","code":"4 391 426","level":"locality","country":"CA","noLot":"4 391 426"}},{"type":"Feature","geometry":{"type":"Polygon","coordinates":[[[-73.11371896512298,45.240740346552386],[-73.11322990790929,45.24051705849626],[-73.11322368617762,45.24052386012071],[-73.1131194959777,45.240639557190185],[-73.11360855408974,45.24086284602996],[-73.11370522000084,45.24075559559034],[-73.11371896512298,45.240740346552386]]]},"properties":{"NO_LOT":"4 391 556","geoId":"ca/qc/lot/4-391-556","name":"4 391 556","code":"4 391 556","level":"locality","country":"CA","noLot":"4 391 556"}},{"type":"Feature","geometry":{"type":"Polygon","coordinates":[[[-73.12240590927902,45.233049684873876],[-73.12220469114696,45.23296698167238],[-73.12200952406666,45.23320404547331],[-73.12221074309703,45.23328674896244],[-73.12240590927902,45.233049684873876]]]},"properties":{"NO_LOT":"4 391 231","geoId":"ca/qc/lot/4-391-231","name":"4 391 231","code":"4 391 231","level":"locality","country":"CA","noLot":"4 391 231"}},{"type":"Feature","geometry":{"type":"Polygon","coordinates":[[[-73.11998984540662,45.235450449445466],[-73.12008744107403,45.23533263338566],[-73.11986944510741,45.23524288327486],[-73.11976878798151,45.235201441559155],[-73.11967097941339,45.235319898705235],[-73.11998984540662,45.235450449445466]]]},"properties":{"NO_LOT":"4 391 285","geoId":"ca/qc/lot/4-391-285","name":"4 391 285","code":"4 391 285","level":"locality","country":"CA","noLot":"4 391 285"}},{"type":"Feature","geometry":{"type":"Polygon","coordinates":[[[-73.11608026050916,45.2382855801262],[-73.11594998592832,45.238444616272936],[-73.1162432265798,45.23856517622765],[-73.11637350385554,45.23840613915327],[-73.11608026050916,45.2382855801262]]]},"properties":{"NO_LOT":"4 391 404","geoId":"ca/qc/lot/4-391-404","name":"4 391 404","code":"4 391 404","level":"locality","country":"CA","noLot":"4 391 404"}},{"type":"Feature","geometry":{"type":"Polygon","coordinates":[[[-73.11700668138356,45.23883125016586],[-73.11689507469268,45.2389683897035],[-73.11720405023463,45.23909473826457],[-73.11730819282384,45.23895448941536],[-73.11700668138356,45.23883125016586]]]},"properties":{"NO_LOT":"4 391 431","geoId":"ca/qc/lot/4-391-431","name":"4 391 431","code":"4 391 431","level":"locality","country":"CA","noLot":"4 391 431"}},{"type":"Feature","geometry":{"type":"Polygon","coordinates":[[[-73.10934462513518,45.24451713207221],[-73.10916006805668,45.244718921392604],[-73.10981223956306,45.24501658686063],[-73.1099967939466,45.244814797332644],[-73.10934462513518,45.24451713207221]]]},"properties":{"NO_LOT":"4 391 584","geoId":"ca/qc/lot/4-391-584","name":"4 391 584","code":"4 391 584","level":"locality","country":"CA","noLot":"4 391 584"}},{"type":"Feature","geometry":{"type":"Polygon","coordinates":[[[-73.11368718991476,45.24174482232752],[-73.11322280493032,45.241545385542814],[-73.11303611614966,45.24174649281044],[-73.11314495872443,45.24179323658377],[-73.11316546097416,45.241771080719346],[-73.11352105279117,45.24192379458983],[-73.11368718991476,45.24174482232752]]]},"properties":{"NO_LOT":"6 021 946","geoId":"ca/qc/lot/6-021-946","name":"6 021 946","code":"6 021 946","level":"locality","country":"CA","noLot":"6 021 946"}},{"type":"Feature","geometry":{"type":"Polygon","coordinates":[[[-73.1104864377602,45.253990900628295],[-73.11039629810966,45.254093565345144],[-73.1118880081311,45.25471487877044],[-73.11995924609312,45.245890415671724],[-73.12085670707938,45.24491008363587],[-73.1215447384336,45.24415599785223],[-73.12105231343588,45.24394897011007],[-73.12055912576847,45.24374161651008],[-73.12072848065742,45.243557156088855],[-73.12087373284896,45.243398919185644],[-73.12101898504052,45.24324068373914],[-73.12036380687289,45.24298870559101],[-73.11980236970177,45.24360738596856],[-73.11947046645881,45.24346578711859],[-73.11096390221519,45.2527594034511],[-73.11133063224342,45.25297300254304],[-73.11193764993203,45.25325936693647],[-73.11149243499575,45.253386545661996],[-73.11122042961931,45.25347660670568],[-73.11076080121427,45.25378892733746],[-73.1104864377602,45.253990900628295]]]},"properties":{"NO_LOT":"6 332 864","geoId":"ca/qc/lot/6-332-864","name":"6 332 864","code":"6 332 864","level":"locality","country":"CA","noLot":"6 332 864"}},{"type":"Feature","geometry":{"type":"Polygon","coordinates":[[[-73.11817371151525,45.23576851881885],[-73.1179534868284,45.23604289901085],[-73.11824962185172,45.236164810826786],[-73.11847457616852,45.23589237768517],[-73.11817371151525,45.23576851881885]]]},"properties":{"NO_LOT":"4 391 278","geoId":"ca/qc/lot/4-391-278","name":"4 391 278","code":"4 391 278","level":"locality","country":"CA","noLot":"4 391 278"}},{"type":"Feature","geometry":{"type":"Polygon","coordinates":[[[-73.11945968038718,45.236978164020755],[-73.11936244045263,45.23709685847269],[-73.11968066325214,45.23722766321883],[-73.11977919855734,45.23710773299701],[-73.11945968038718,45.236978164020755]]]},"properties":{"NO_LOT":"4 391 324","geoId":"ca/qc/lot/4-391-324","name":"4 391 324","code":"4 391 324","level":"locality","country":"CA","noLot":"4 391 324"}},{"type":"Feature","geometry":{"type":"Polygon","coordinates":[[[-73.12020993534618,45.237468571066245],[-73.1203250346869,45.237328486466374],[-73.12033164449078,45.23732044146259],[-73.12000934872975,45.237188254132356],[-73.11985345779031,45.23737799376749],[-73.12017574816142,45.23751017875865],[-73.12020993534618,45.237468571066245]]]},"properties":{"NO_LOT":"4 391 337","geoId":"ca/qc/lot/4-391-337","name":"4 391 337","code":"4 391 337","level":"locality","country":"CA","noLot":"4 391 337"}},{"type":"Feature","geometry":{"type":"Polygon","coordinates":[[[-73.12297878020708,45.23618471562394],[-73.12284610622612,45.23608715320546],[-73.12284285701975,45.236084781655194],[-73.12283958266055,45.23608242655195],[-73.1228362831485,45.23608008852835],[-73.12283296028026,45.23607776758431],[-73.12282961495414,45.23607546371996],[-73.12282624357688,45.23607317756779],[-73.12282284974174,45.23607090849526],[-73.12281943165208,45.236068657767504],[-73.12281599020622,45.23606642475197],[-73.1228125263025,45.23606420881609],[-73.12280903994088,45.23606201122498],[-73.12280552932475,45.23605983134612],[-73.12280199714904,45.23605767044469],[-73.12279844251546,45.23605552852058],[-73.12279486632232,45.23605340367613],[-73.12279126767129,45.23605129844166],[-73.12278764656237,45.236049211552036],[-73.12278400479222,45.23604714363975],[-73.1227803414625,45.236045094704906],[-73.12277665657321,45.236043064747456],[-73.12277295102264,45.236041053767444],[-73.12276922481085,45.2360390617648],[-73.1227654770395,45.23603708937214],[-73.1227617104035,45.23603513658952],[-73.12275792220795,45.23603320341686],[-73.12275411514777,45.23603128985419],[-73.12275028742636,45.23602939526898],[-73.12274644173861,45.23602752155891],[-73.12274257449133,45.23602566872399],[-73.12273868927771,45.236023834866536],[-73.1227347851995,45.23602202061909],[-73.12273086225665,45.236020227879386],[-73.12272692044917,45.23601845474965],[-73.1227229606754,45.236016702495164],[-73.12271898203701,45.23601497048324],[-73.12271498722895,45.23601325871393],[-73.12271097355625,45.236011568452376],[-73.12270694191727,45.23600989843339],[-73.12247231454145,45.23591353382898],[-73.12247088442354,45.23591296070786],[-73.1224694363393,45.235912408461985],[-73.1224679729837,45.235911879621746],[-73.12246649256011,45.23591137355452],[-73.12246499776347,45.23591088962774],[-73.12246348859381,45.23591042784139],[-73.12246196594938,45.23590998946062],[-73.12246042983024,45.235909574485476],[-73.12245888203302,45.23590918354851],[-73.12245732165938,45.235908816017165],[-73.12245575050594,45.23590847189145],[-73.12245416947106,45.235908151803905],[-73.12245257945298,45.23590785575454],[-73.12245098045177,45.235907583743405],[-73.12244937336574,45.23590733703563],[-73.12244776088981,45.23590711373344],[-73.1224461394307,45.23590691573461],[-73.12244451348005,45.23590674177397],[-73.1224428830378,45.235906592484135],[-73.12244124720569,45.235906468497674],[-73.12243960957693,45.235906369814536],[-73.12243796835489,45.23590629580222],[-73.12243632533624,45.23590624646062],[-73.12243468141926,45.23590622305504],[-73.12243303660398,45.23590622305504],[-73.122431392687,45.23590624899096],[-73.12242974966836,45.23590629959769],[-73.12242810844633,45.235906375507795],[-73.12242647081757,45.235906475456076],[-73.12242483588376,45.23590660197292],[-73.1224232054415,45.235906751895335],[-73.12242157949083,45.23590692648853],[-73.12241995982839,45.2359071270177],[-73.12241834645414,45.23590735095248],[-73.1224167393681,45.23590759955799],[-73.12241514126521,45.235907873466914],[-73.12241355124715,45.23590817078142],[-73.12241197200889,45.23590849276675],[-73.12241040175377,45.23590883752506],[-73.12240884227843,45.23590920695413],[-73.1224072944812,45.23590959978884],[-73.12240575926039,45.23591001666173],[-73.12240423751427,45.23591045567509],[-73.12240272834461,45.23591091872658],[-73.1224012344463,45.23591140391856],[-73.12239975671766,45.235911911883555],[-73.12239829246374,45.23591244262154],[-73.12239684617613,45.23591299486741],[-73.12239541695652,45.23591356988626],[-73.12239400570321,45.2359141657804],[-73.12239261241619,45.235914782549784],[-73.12239123889213,45.23591542209225],[-73.12238988333435,45.23591608061216],[-73.12238855023448,45.235916760007356],[-73.12238723779585,45.23591745964525],[-73.1223859469168,45.235918178893236],[-73.1223846775973,45.23591891775127],[-73.12238343073568,45.23591967558686],[-73.12238220723026,45.235920453032534],[-73.12238100887767,45.235921247557926],[-73.1223798347796,45.23592206169345],[-73.12237868583433,45.23592289290875],[-73.12237756114361,45.23592374057116],[-73.12237646340233,45.23592460594592],[-73.12237539261051,45.2359254877679],[-73.12237434876815,45.2359263847718],[-73.12237333277358,45.2359272988555],[-73.12237234372843,45.23592822685603],[-73.1223713843277,45.235929170671135],[-73.12237045367308,45.23593012903565],[-73.12236955176454,45.23593110005182],[-73.12236867950038,45.23593208498481],[-73.12236783867728,45.235933083834624],[-73.12226122392443,45.23606270263752],[-73.12287264874783,45.23631374934931],[-73.12297878020708,45.23618471562394]]]},"properties":{"NO_LOT":"5 171 785","geoId":"ca/qc/lot/5-171-785","name":"5 171 785","code":"5 171 785","level":"locality","country":"CA","noLot":"5 171 785"}},{"type":"Feature","geometry":{"type":"Polygon","coordinates":[[[-73.12048332412817,45.23795551756461],[-73.11998108503597,45.2377492952534],[-73.11986966070309,45.23789088937396],[-73.12036812597277,45.23809556266513],[-73.12048332412817,45.23795551756461]]]},"properties":{"NO_LOT":"5 663 544","geoId":"ca/qc/lot/5-663-544","name":"5 663 544","code":"5 663 544","level":"locality","country":"CA","noLot":"5 663 544"}},{"type":"Feature","geometry":{"type":"Polygon","coordinates":[[[-73.12273773616519,45.231075694151684],[-73.1226401117517,45.23119420861065],[-73.12295951314086,45.231326228317755],[-73.12305691926375,45.231207624299735],[-73.12273773616519,45.231075694151684]]]},"properties":{"NO_LOT":"4 391 179","geoId":"ca/qc/lot/4-391-179","name":"4 391 179","code":"4 391 179","level":"locality","country":"CA","noLot":"4 391 179"}},{"type":"Feature","geometry":{"type":"Polygon","coordinates":[[[-73.1212176708218,45.23256105911194],[-73.12087922065705,45.23242177153883],[-73.12078261762801,45.232540722862886],[-73.12112003203526,45.2326795843912],[-73.1212176708218,45.23256105911194]]]},"properties":{"NO_LOT":"4 391 221","geoId":"ca/qc/lot/4-391-221","name":"4 391 221","code":"4 391 221","level":"locality","country":"CA","noLot":"4 391 221"}},{"type":"Feature","geometry":{"type":"Polygon","coordinates":[[[-73.11995924609312,45.245890415671724],[-73.1118880081311,45.25471487877044],[-73.11317099639295,45.25524969576035],[-73.12124510806554,45.246436139800636],[-73.11995924609312,45.245890415671724]]]},"properties":{"NO_LOT":"4 389 998","geoId":"ca/qc/lot/4-389-998","name":"4 389 998","code":"4 389 998","level":"locality","country":"CA","noLot":"4 389 998"}},{"type":"Feature","geometry":{"type":"Polygon","coordinates":[[[-73.11998895787113,45.23405565164635],[-73.11966250380867,45.23392124133464],[-73.11946967953462,45.23415930636204],[-73.11979410969273,45.234292882973826],[-73.11998895787113,45.23405565164635]]]},"properties":{"NO_LOT":"4 391 271","geoId":"ca/qc/lot/4-391-271","name":"4 391 271","code":"4 391 271","level":"locality","country":"CA","noLot":"4 391 271"}},{"type":"Feature","geometry":{"type":"Polygon","coordinates":[[[-73.12016834514515,45.23663408547109],[-73.11984862305745,45.23650339385503],[-73.11965415127314,45.23674078006632],[-73.11997370807086,45.23687098658521],[-73.12016834514515,45.23663408547109]]]},"properties":{"NO_LOT":"4 391 320","geoId":"ca/qc/lot/4-391-320","name":"4 391 320","code":"4 391 320","level":"locality","country":"CA","noLot":"4 391 320"}},{"type":"Feature","geometry":{"type":"Polygon","coordinates":[[[-73.11997763909855,45.24127214516343],[-73.11988436522596,45.24123402037724],[-73.11979651358443,45.24119811130124],[-73.11964769328458,45.241209574554055],[-73.11952507145166,45.24134449957907],[-73.11974059166137,45.24143259422909],[-73.11953589525253,45.24165914944843],[-73.12003661170031,45.241863815490966],[-73.12043762682966,45.24141997097463],[-73.12021582110793,45.24132931015637],[-73.12043092270271,45.24109123152247],[-73.12021925985883,45.24100471576396],[-73.11997763909855,45.24127214516343]]]},"properties":{"NO_LOT":"4 391 472","geoId":"ca/qc/lot/4-391-472","name":"4 391 472","code":"4 391 472","level":"locality","country":"CA","noLot":"4 391 472"}},{"type":"Feature","geometry":{"type":"Polygon","coordinates":[[[-73.12067032282762,45.23690822806432],[-73.12055522977509,45.23704831559798],[-73.12105930951532,45.23725529321043],[-73.12117450407744,45.2371152479367],[-73.12067032282762,45.23690822806432]]]},"properties":{"NO_LOT":"5 663 538","geoId":"ca/qc/lot/5-663-538","name":"5 663 538","code":"5 663 538","level":"locality","country":"CA","noLot":"5 663 538"}},{"type":"Feature","geometry":{"type":"Polygon","coordinates":[[[-73.11390782872495,45.23792464983065],[-73.11410968555919,45.237676903365994],[-73.11393330943798,45.237605169254174],[-73.11373145080712,45.23785291666417],[-73.11390782872495,45.23792464983065]]]},"properties":{"NO_LOT":"6 123 388","geoId":"ca/qc/lot/6-123-388","name":"6 123 388","code":"6 123 388","level":"locality","country":"CA","noLot":"6 123 388"}},{"type":"Feature","geometry":{"type":"Polygon","coordinates":[[[-73.11834762535426,45.23760008406245],[-73.11864826273377,45.237252152504865],[-73.11864648586614,45.237251327634716],[-73.11864472876144,45.23725048252234],[-73.11864299141968,45.23724961590265],[-73.11864127473918,45.23724872967327],[-73.11863957961823,45.2372478225691],[-73.11863790605686,45.23724689585528],[-73.11863625495336,45.23724594953178],[-73.11863462540944,45.237244983598636],[-73.11863302012003,45.23724399868836],[-73.11863143818681,45.237242996066165],[-73.11862987871147,45.23724197383434],[-73.11862834438897,45.237240932625326],[-73.11862683611761,45.23723987496955],[-73.11862535210075,45.23723879896927],[-73.11862389413506,45.237237705889555],[-73.1186224622205,45.23723659509789],[-73.11862105545876,45.23723546785941],[-73.1186196765448,45.237234323541536],[-73.1186183245803,45.23723316467458],[-73.11861700046356,45.23723198872817],[-73.11861570509294,45.2372307976001],[-73.11861443667175,45.237229591922905],[-73.11861319789496,45.237228371063985],[-73.11861198786427,45.237227135655985],[-73.1186108065797,45.23722588696397],[-73.1186096558378,45.23722462309028],[-73.11860853474033,45.2372233465652],[-73.11860744418557,45.237222056756096],[-73.11860638417355,45.237220754928174],[-73.11860535470421,45.23721943981622],[-73.11860435667595,45.23721811395057],[-73.11860339098702,45.237216774800935],[-73.1186024558408,45.23721542553018],[-73.11860155303394,45.23721406550566],[-73.11860068256642,45.23721269472749],[-73.11859984443828,45.23721131382813],[-73.11859903954777,45.237209924072765],[-73.11859826789495,45.23720852356369],[-73.11859752858145,45.23720711483117],[-73.11859682340396,45.23720569787521],[-73.11859615146413,45.23720427269582],[-73.11859551366028,45.23720283992552],[-73.11859490999241,45.23720139893184],[-73.11859433956221,45.237199951612396],[-73.1185938041663,45.237198497967206],[-73.11859330290636,45.237197037996275],[-73.11859283578242,45.237195571699644],[-73.11859240369276,45.23719410097495],[-73.11859200663741,45.2371926245571],[-73.11859164461636,45.2371911449764],[-73.11859131762958,45.237189660967644],[-73.11859102477881,45.237188171898296],[-73.11859076875895,45.237186680931174],[-73.11859054687508,45.2371851868012],[-73.11859036092382,45.23718368950828],[-73.11859021000684,45.23718219158284],[-73.1185900950225,45.23718069175957],[-73.11859001507243,45.23717919003861],[-73.11858997105497,45.23717768768499],[-73.11858996207182,45.237176185963946],[-73.11858998902129,45.23717468361025],[-73.11859005100503,45.23717318188913],[-73.1185901489214,45.237171680800515],[-73.11859028187207,45.23717018160955],[-73.11859044985704,45.2371686836837],[-73.1185906537746,45.23716718892067],[-73.11859089362478,45.2371656960553],[-73.11859116761094,45.23716420698533],[-73.1185914775297,45.23716271981301],[-73.11859182248277,45.23716123770125],[-73.11859220157183,45.237159760017384],[-73.1185926165935,45.23715828549638],[-73.11859306575113,45.23715681793358],[-73.11859355084138,45.237155354798716],[-73.11859406827098,45.237153897989586],[-73.11859462163319,45.2371524468735],[-73.1185952091314,45.23715100271567],[-73.11859583076557,45.23714956678117],[-73.11859648563743,45.237148136539815],[-73.11859717464526,45.237146715786956],[-73.11859789689073,45.23714530262493],[-73.11859865237389,45.2371438989514],[-73.1185994410947,45.23714250350125],[-73.11860026305318,45.23714111753964],[-73.11860111645271,45.2371397416991],[-73.11860200398822,45.23713837661227],[-73.11860292206643,45.23713702164647],[-73.11860387248402,45.23713567806695],[-73.1186048543426,45.23713434587362],[-73.11860586854057,45.23713302506658],[-73.11860691417954,45.23713171564574],[-73.1182850208638,45.23700287671215],[-73.11825523901719,45.236990024747605],[-73.11806641314446,45.237214207201234],[-73.11782835240764,45.23711500313187],[-73.1178706801255,45.23737208621731],[-73.11834762535426,45.23760008406245]]]},"properties":{"NO_LOT":"5 909 375","geoId":"ca/qc/lot/5-909-375","name":"5 909 375","code":"5 909 375","level":"locality","country":"CA","noLot":"5 909 375"}},{"type":"Feature","geometry":{"type":"Polygon","coordinates":[[[-73.11937300913195,45.2342782160932],[-73.11924840292056,45.23443323758632],[-73.11957006267436,45.23456565526544],[-73.11969669279006,45.23441148751192],[-73.11937300913195,45.2342782160932]]]},"properties":{"NO_LOT":"4 391 273","geoId":"ca/qc/lot/4-391-273","name":"4 391 273","code":"4 391 273","level":"locality","country":"CA","noLot":"4 391 273"}},{"type":"Feature","geometry":{"type":"Polygon","coordinates":[[[-73.11937706053388,45.23567506686677],[-73.11905873712305,45.23554421679579],[-73.11896092675829,45.23566267322734],[-73.11927945139175,45.23579360589422],[-73.11937706053388,45.23567506686677]]]},"properties":{"NO_LOT":"4 391 292","geoId":"ca/qc/lot/4-391-292","name":"4 391 292","code":"4 391 292","level":"locality","country":"CA","noLot":"4 391 292"}},{"type":"Feature","geometry":{"type":"Polygon","coordinates":[[[-73.11722670754274,45.24066922100771],[-73.11779542735584,45.24001728203756],[-73.11762684501805,45.23994882427025],[-73.11705812161169,45.24060076402595],[-73.11722670754274,45.24066922100771]]]},"properties":{"NO_LOT":"4 391 485","geoId":"ca/qc/lot/4-391-485","name":"4 391 485","code":"4 391 485","level":"locality","country":"CA","noLot":"4 391 485"}},{"type":"Feature","geometry":{"type":"Polygon","coordinates":[[[-73.12100047794904,45.24188076127214],[-73.12115764449621,45.24170750558594],[-73.12136813593693,45.241475462165425],[-73.1213010012425,45.24144791329131],[-73.12010674497118,45.24276441056371],[-73.12021188558866,45.24275006655117],[-73.12043493457875,45.242504191852575],[-73.12062345502429,45.24229637693746],[-73.12081197457151,45.24208856189466],[-73.12100047794904,45.24188076127214]]]},"properties":{"NO_LOT":"4 391 926","geoId":"ca/qc/lot/4-391-926","name":"4 391 926","code":"4 391 926","level":"locality","country":"CA","noLot":"4 391 926"}},{"type":"Feature","geometry":{"type":"Polygon","coordinates":[[[-73.12166289653786,45.23145869941866],[-73.12135451747723,45.231839670731695],[-73.12169764966126,45.231980886715775],[-73.122009439625,45.23160131826184],[-73.12166289653786,45.23145869941866]]]},"properties":{"NO_LOT":"4 391 217","geoId":"ca/qc/lot/4-391-217","name":"4 391 217","code":"4 391 217","level":"locality","country":"CA","noLot":"4 391 217"}},{"type":"Feature","geometry":{"type":"Polygon","coordinates":[[[-73.11913203156541,45.2398411451406],[-73.11895748621076,45.23976898616327],[-73.11859097986304,45.240222716833095],[-73.11877086660037,45.24029700940808],[-73.11904633138897,45.239952858604454],[-73.11913203156541,45.2398411451406]]]},"properties":{"NO_LOT":"4 391 445","geoId":"ca/qc/lot/4-391-445","name":"4 391 445","code":"4 391 445","level":"locality","country":"CA","noLot":"4 391 445"}},{"type":"Feature","geometry":{"type":"Polygon","coordinates":[[[-73.1147900300295,45.24012225736963],[-73.1143674418586,45.23995212549172],[-73.11421075321516,45.24023637075454],[-73.11504837472542,45.24056605825856],[-73.11524808997603,45.240357520857486],[-73.11527370992793,45.24036995205753],[-73.115314020928,45.240325684752406],[-73.11479929974492,45.24011245620546],[-73.1147900300295,45.24012225736963]]]},"properties":{"NO_LOT":"4 391 536","geoId":"ca/qc/lot/4-391-536","name":"4 391 536","code":"4 391 536","level":"locality","country":"CA","noLot":"4 391 536"}},{"type":"Feature","geometry":{"type":"Polygon","coordinates":[[[-73.12044013402763,45.237188401521124],[-73.12094411315654,45.23739533813902],[-73.12105930951532,45.23725529321043],[-73.12055522977509,45.23704831559798],[-73.12051682500007,45.23709506070628],[-73.12044013402763,45.237188401521124]]]},"properties":{"NO_LOT":"5 663 539","geoId":"ca/qc/lot/5-663-539","name":"5 663 539","code":"5 663 539","level":"locality","country":"CA","noLot":"5 663 539"}},{"type":"Feature","geometry":{"type":"Polygon","coordinates":[[[-73.12038846562743,45.23392995738208],[-73.12115198870318,45.23424568388211],[-73.12123892585974,45.23414008976089],[-73.12132555399585,45.23403461121021],[-73.12056187551157,45.23371882154195],[-73.12038846562743,45.23392995738208]]]},"properties":{"NO_LOT":"4 391 246","geoId":"ca/qc/lot/4-391-246","name":"4 391 246","code":"4 391 246","level":"locality","country":"CA","noLot":"4 391 246"}},{"type":"Feature","geometry":{"type":"Polygon","coordinates":[[[-73.11923491471657,45.23672711518368],[-73.11904086064891,45.23696467315257],[-73.11936244045263,45.23709685847269],[-73.11945968038718,45.236978164020755],[-73.11955691493186,45.23685947311635],[-73.11923491471657,45.23672711518368]]]},"properties":{"NO_LOT":"4 391 327","geoId":"ca/qc/lot/4-391-327","name":"4 391 327","code":"4 391 327","level":"locality","country":"CA","noLot":"4 391 327"}},{"type":"Feature","geometry":{"type":"Polygon","coordinates":[[[-73.1129473625996,45.237845167773905],[-73.11248411937389,45.23765481737617],[-73.11131519649189,45.237174484350724],[-73.11087917221927,45.236996048098206],[-73.11087079183599,45.23699260374374],[-73.11086242582576,45.23698914167703],[-73.11085407598517,45.236985663163246],[-73.11084574051768,45.23698216377439],[-73.11083742211812,45.23697864793844],[-73.11082911809164,45.236975113757666],[-73.11082082843821,45.23697156123208],[-73.11081255585276,45.236967990994295],[-73.11080429853865,45.23696440177907],[-73.11079605649594,45.236960794851576],[-73.11078783062287,45.236957170844434],[-73.11077904420108,45.23695327419834],[-73.11077027664389,45.2369493560445],[-73.11076152795135,45.23694541828061],[-73.11075279632679,45.23694145900902],[-73.11074408356684,45.23693748012739],[-73.11073538967153,45.236933481003184],[-73.11072671464083,45.236929461003726],[-73.11071805847475,45.23692542076175],[-73.1107094211733,45.236921360909676],[-73.11070080363477,45.236917280814964],[-73.11069220406254,45.236913181110246],[-73.11068362425328,45.23690906116284],[-73.11067506330862,45.236904920340294],[-73.11066652212689,45.23690075990764],[-73.11065800070811,45.23689657986491],[-73.11064949815396,45.236892380212154],[-73.11064101626106,45.23688816031669],[-73.11063255323275,45.236883920811174],[-73.1106241108657,45.23687966106299],[-73.1106156882616,45.23687538233731],[-73.11060728542043,45.23687108336893],[-73.11059890324053,45.23686676542304],[-73.11059054082354,45.23686242723445],[-73.1105821990678,45.23685807006834],[-73.11057387707503,45.23685369329211],[-73.1105655757435,45.23684929690577],[-73.1105572959715,45.23684488090929],[-73.11054903596246,45.23684044593527],[-73.11054079661469,45.2368359919837],[-73.11053257882647,45.23683151905453],[-73.11052438169949,45.236827026515265],[-73.11051620613209,45.236822514998394],[-73.11050805122593,45.23681798450394],[-73.11049991698106,45.236813435031934],[-73.11049180519403,45.23680886594975],[-73.11048371406827,45.23680427852258],[-73.11047564450207,45.23679967211777],[-73.11046759649543,45.23679504736799],[-73.1104595709467,45.236790403008],[-73.11045156695752,45.23678574030294],[-73.11044358362957,45.23678105925291],[-73.11043562275952,45.23677635922522],[-73.11042768434736,45.236771640219914],[-73.11041976749478,45.23676690350212],[-73.11041187399836,45.23676214717412],[-73.11040400116322,45.23675737439878],[-73.11039615258258,45.236752581380685],[-73.1103883255615,45.236747771282666],[-73.11038052010001,45.23674294220695],[-73.110373337171,45.2367384692705],[-73.11036617310658,45.236733981151886],[-73.11035902880514,45.23672947721851],[-73.11035190336833,45.236724958103],[-73.11034479769441,45.23672042317277],[-73.11033771268177,45.236715874325526],[-73.1102182789698,45.236615191688124],[-73.11021095410698,45.236609863498465],[-73.11020365439697,45.23660451759624],[-73.11019637894148,45.2365991546139],[-73.11018913043547,45.2365937732863],[-73.11018190708226,45.236588376776446],[-73.1101747097802,45.23658296128873],[-73.11016753763097,45.23657752935351],[-73.11016039332952,45.2365720803382],[-73.11015327328258,45.23656661487537],[-73.1101461801851,45.23656113233244],[-73.11013911313876,45.2365556327094],[-73.11013207214356,45.23655011663883],[-73.11012505719953,45.23654458285559],[-73.11011806920492,45.236539033889954],[-73.11011110636314,45.236533466579054],[-73.11010417136914,45.23652788345315],[-73.11009726332462,45.23652228451228],[-73.11009038133122,45.23651666849126],[-73.11008352628728,45.2365110353901],[-73.11007669909114,45.23650538773912],[-73.11006989884443,45.23649972237536],[-73.11006312464887,45.236494041829246],[-73.11005637740277,45.23648834483549],[-73.11004965800446,45.23648263139416],[-73.11004296555558,45.23647690277037],[-73.1100363009545,45.23647115769902],[-73.11002966330285,45.23646539681262],[-73.11002305349899,45.23645962074374],[-73.11001647064461,45.23645382885988],[-73.11000991653627,45.236448020528364],[-73.10937132306543,45.23588022953594],[-73.10935583251666,45.23588850057617],[-73.10921420502729,45.235762573146175],[-73.10898254478687,45.23555659274857],[-73.10887463376504,45.235460642986425],[-73.10888983146302,45.235452112522346],[-73.10831371402355,45.23493984900623],[-73.10797323905615,45.2346371047495],[-73.10736956040543,45.23410031225527],[-73.1071280725958,45.23388557625143],[-73.10685453828673,45.23403914572217],[-73.10732192454253,45.23445475295769],[-73.10865722709326,45.235642081890404],[-73.10869116454636,45.23567225881449],[-73.10897680185727,45.23590418866451],[-73.109219495206,45.236119978512924],[-73.1095442478593,45.23640872729561],[-73.10975157363698,45.23659306480071],[-73.10975834783254,45.23659906795093],[-73.10976514897757,45.23660505591866],[-73.10977197617372,45.236611029969076],[-73.109778829421,45.23661698693935],[-73.10978570961778,45.236622929992286],[-73.109792616764,45.23662885723026],[-73.10979954996137,45.236634769285715],[-73.10980651010819,45.23664066615876],[-73.10981349450951,45.23664654721682],[-73.10982050675864,45.2366524118273],[-73.10982754505888,45.236658261887875],[-73.10983461030858,45.236664096133524],[-73.1098416998128,45.23666991393156],[-73.1098488162665,45.23667571591463],[-73.10985595697468,45.23668150271532],[-73.10986312463233,45.236687273701],[-73.10987031834114,45.236693028239145],[-73.10987753720276,45.23669876696234],[-73.10988478211551,45.23670448987059],[-73.10989205218111,45.23671019569868],[-73.10989934739953,45.236715885711874],[-73.10990666687248,45.23672155991011],[-73.10991401329487,45.23672721766082],[-73.10992138397178,45.236732858964025],[-73.1099287798015,45.236738483819686],[-73.1099362025807,45.23674409159531],[-73.10994364871608,45.23674968355603],[-73.10995111910599,45.23675525906922],[-73.10995861554704,45.23676081813496],[-73.10996613534428,45.23676636012061],[-73.10997368119266,45.236771885026236],[-73.10998125129557,45.236777392851764],[-73.10998884565298,45.23678288359729],[-73.1099964642649,45.23678835852795],[-73.11000410713133,45.23679381574599],[-73.1100117742523,45.23679925651658],[-73.11001946652607,45.236804679574554],[-73.11002718215605,45.236810085552506],[-73.11003492293885,45.23681547508307],[-73.11004268617953,45.236820846901],[-73.11005057338772,45.23682626995691],[-73.11005848574874,45.236831674667684],[-73.11006642236428,45.23683706293103],[-73.11007438233601,45.23684243158409],[-73.11008236746059,45.23684778378968],[-73.11009037683965,45.23685311701761],[-73.11009840957492,45.23685843190039],[-73.11010646656469,45.236863728438045],[-73.110114547809,45.236869008528274],[-73.11012265240949,45.236874269008275],[-73.11013078036619,45.236879511775726],[-73.11013893257737,45.236884735565454],[-73.1101471090431,45.236889940377566],[-73.1101553079667,45.236895128742304],[-73.11016353024651,45.23690029686417],[-73.11017177588249,45.23690544790614],[-73.11018004487468,45.236910578705285],[-73.11018833722306,45.23691569179198],[-73.11019665202933,45.23692078590098],[-73.1102049901918,45.23692586166493],[-73.11021335081215,45.23693091781867],[-73.11022173478871,45.236935955627374],[-73.11023014122313,45.23694097445841],[-73.11023857011544,45.23694597431186],[-73.11024702236395,45.23695095455515],[-73.11025549617202,45.236955916453375],[-73.11026399243798,45.23696085937396],[-73.11027251116182,45.23696578268442],[-73.11028105234354,45.23697068638471],[-73.11028961508482,45.23697557173996],[-73.110298200284,45.236980437485045],[-73.11030680704273,45.23698528362003],[-73.11031543625936,45.2369901107774],[-73.11032408613724,45.23699491769209],[-73.11033275847298,45.23699970562918],[-73.1103414523683,45.237004473323545],[-73.11035016782319,45.23700922140784],[-73.11035890483765,45.23701395051459],[-73.11036766251335,45.23701865937859],[-73.11037644174861,45.23702334926511],[-73.11038524164513,45.23702801827635],[-73.11039406310123,45.23703266831007],[-73.11040290521858,45.23703729873369],[-73.11041176889549,45.23704190828205],[-73.11042065233532,45.23704649822032],[-73.11042955733473,45.23705106854857],[-73.1104384829954,45.23705561736897],[-73.11044742841901,45.23706014721189],[-73.11045639450384,45.23706465617962],[-73.11046538214828,45.237069145537234],[-73.11047438775898,45.23707361465226],[-73.11048341492928,45.23707806352464],[-73.1104924618625,45.23708249152186],[-73.11050152855866,45.23708689927645],[-73.11051061591608,45.23709128615583],[-73.11051972213812,45.23709565342517],[-73.1105288481231,45.23709999918683],[-73.11053799387099,45.23710432533843],[-73.11054685575128,45.237108489551574],[-73.11055573559787,45.23711263415472],[-73.11056463520738,45.23711675914792],[-73.11057355098656,45.23712086642884],[-73.11058248563039,45.23712495220202],[-73.1105914382405,45.2371290189978],[-73.11060040791862,45.23713306744877],[-73.11060939646136,45.23713709502465],[-73.11061840117378,45.237141102990506],[-73.11062742385249,45.237145091346456],[-73.11063646449749,45.23714906009239],[-73.1106455213122,45.23715300922843],[-73.1106545960932,45.23715693812192],[-73.11066368794218,45.23716084740547],[-73.11067279685916,45.23716473707908],[-73.11068192374245,45.237168605877585],[-73.1106910658971,45.23717245633132],[-73.11070022511974,45.23717628591],[-73.11070940141036,45.23718009524613],[-73.11069967265583,45.23719196288913],[-73.11070673161733,45.23719486828205],[-73.11071380046032,45.237197762288616],[-73.11114459743628,45.23737405982874],[-73.11149021166543,45.23751608123395],[-73.11193651086823,45.23769947515652],[-73.1121881747934,45.23780288664721],[-73.11243983871857,45.237906298582274],[-73.11277539361318,45.23804417981536],[-73.11281628582321,45.23799685669465],[-73.1129018656254,45.23789781972287],[-73.1129473625996,45.237845167773905]]]},"properties":{"NO_LOT":"4 391 943","geoId":"ca/qc/lot/4-391-943","name":"4 391 943","code":"4 391 943","level":"locality","country":"CA","noLot":"4 391 943"}},{"type":"Feature","geometry":{"type":"Polygon","coordinates":[[[-73.1196030425234,45.2382296955315],[-73.11959076973999,45.23824602122457],[-73.11999887527186,45.238445248196214],[-73.12005752358182,45.23847389031709],[-73.1200590623959,45.23847179402808],[-73.1200606263628,45.23846970722735],[-73.12006221638086,45.23846762991484],[-73.12006383245006,45.238465563355696],[-73.1200654745704,45.23846350628483],[-73.12006714184356,45.23846145933477],[-73.12025292691905,45.23823560678788],[-73.11975823547186,45.23803248314168],[-73.1196030425234,45.2382296955315]]]},"properties":{"NO_LOT":"5 663 546","geoId":"ca/qc/lot/5-663-546","name":"5 663 546","code":"5 663 546","level":"locality","country":"CA","noLot":"5 663 546"}},{"type":"Feature","geometry":{"type":"Polygon","coordinates":[[[-73.12015195358617,45.23448633488405],[-73.11998713608773,45.23441858592437],[-73.11979230587565,45.23465579422842],[-73.11995675955639,45.23472339487755],[-73.12015195358617,45.23448633488405]]]},"properties":{"NO_LOT":"4 391 259","geoId":"ca/qc/lot/4-391-259","name":"4 391 259","code":"4 391 259","level":"locality","country":"CA","noLot":"4 391 259"}},{"type":"Feature","geometry":{"type":"Polygon","coordinates":[[[-73.11193651086823,45.23769947515652],[-73.11157241380212,45.238120813178625],[-73.1118240786256,45.238224226432784],[-73.1121881747934,45.23780288664721],[-73.11193651086823,45.23769947515652]]]},"properties":{"NO_LOT":"4 390 566","geoId":"ca/qc/lot/4-390-566","name":"4 390 566","code":"4 390 566","level":"locality","country":"CA","noLot":"4 390 566"}},{"type":"Feature","geometry":{"type":"Polygon","coordinates":[[[-73.1222439367451,45.24051974739299],[-73.12255913761199,45.24064241180436],[-73.12279494267912,45.240339891484496],[-73.1224900490818,45.24022158775626],[-73.1222439367451,45.24051974739299]]]},"properties":{"NO_LOT":"6 683 599","geoId":"ca/qc/lot/6-683-599","name":"6 683 599","code":"6 683 599","level":"locality","country":"CA","noLot":"6 683 599"}},{"type":"Feature","geometry":{"type":"Polygon","coordinates":[[[-73.12147595892387,45.23592761451486],[-73.12198085613097,45.23613492704954],[-73.12209604620156,45.23599488091234],[-73.12159104568818,45.235787526116106],[-73.12158782702451,45.23579144435007],[-73.12147595892387,45.23592761451486]]]},"properties":{"NO_LOT":"5 171 777","geoId":"ca/qc/lot/5-171-777","name":"5 171 777","code":"5 171 777","level":"locality","country":"CA","noLot":"5 171 777"}},{"type":"Feature","geometry":{"type":"Polygon","coordinates":[[[-73.11995924609312,45.245890415671724],[-73.12124510806554,45.246436139800636],[-73.12289700656676,45.244628518833466],[-73.12226032471082,45.24433862716736],[-73.1214799923595,45.24519388475949],[-73.12126460150719,45.24509581095264],[-73.12085670707938,45.24491008363587],[-73.11995924609312,45.245890415671724]]]},"properties":{"NO_LOT":"4 389 996","geoId":"ca/qc/lot/4-389-996","name":"4 389 996","code":"4 389 996","level":"locality","country":"CA","noLot":"4 389 996"}},{"type":"Feature","geometry":{"type":"Polygon","coordinates":[[[-73.11055045080904,45.24420942761034],[-73.11055736424346,45.2442018705995],[-73.10990519812698,45.243904208452435],[-73.10971373210563,45.244113555708594],[-73.11036590001876,45.244411218023714],[-73.11055045080904,45.24420942761034]]]},"properties":{"NO_LOT":"4 391 581","geoId":"ca/qc/lot/4-391-581","name":"4 391 581","code":"4 391 581","level":"locality","country":"CA","noLot":"4 391 581"}},{"type":"Feature","geometry":{"type":"Polygon","coordinates":[[[-73.1210841650009,45.23361811018786],[-73.12152037252982,45.233797399680675],[-73.12152111004667,45.23379650264312],[-73.1216183418964,45.233679024763155],[-73.12118162951428,45.23349952676792],[-73.1208541100499,45.23336300790897],[-73.12075669943545,45.23348161248991],[-73.1210841650009,45.23361811018786]]]},"properties":{"NO_LOT":"4 391 245","geoId":"ca/qc/lot/4-391-245","name":"4 391 245","code":"4 391 245","level":"locality","country":"CA","noLot":"4 391 245"}},{"type":"Feature","geometry":{"type":"Polygon","coordinates":[[[-73.1189343024899,45.23533561984528],[-73.11862408727283,45.23520791234178],[-73.11843242452045,45.23544645464467],[-73.11873868176038,45.23557253206591],[-73.1189343024899,45.23533561984528]]]},"properties":{"NO_LOT":"4 391 276","geoId":"ca/qc/lot/4-391-276","name":"4 391 276","code":"4 391 276","level":"locality","country":"CA","noLot":"4 391 276"}},{"type":"Feature","geometry":{"type":"Polygon","coordinates":[[[-73.12026534253461,45.236516023262425],[-73.11994585850042,45.236384701326365],[-73.11989726593175,45.236444016941654],[-73.11984862305745,45.23650339385503],[-73.12016834514515,45.23663408547109],[-73.12026534253461,45.236516023262425]]]},"properties":{"NO_LOT":"4 391 317","geoId":"ca/qc/lot/4-391-317","name":"4 391 317","code":"4 391 317","level":"locality","country":"CA","noLot":"4 391 317"}},{"type":"Feature","geometry":{"type":"Polygon","coordinates":[[[-73.12178504136537,45.240018496511155],[-73.12159106095955,45.24026566854449],[-73.12172883108309,45.24031928476395],[-73.12192103911286,45.24007450458898],[-73.12178504136537,45.240018496511155]]]},"properties":{"NO_LOT":"4 391 377","geoId":"ca/qc/lot/4-391-377","name":"4 391 377","code":"4 391 377","level":"locality","country":"CA","noLot":"4 391 377"}},{"type":"Feature","geometry":{"type":"Polygon","coordinates":[[[-73.12089076041518,45.24240800650984],[-73.12107932487817,45.24220020832078],[-73.12081197457151,45.24208856189466],[-73.12062345502429,45.24229637693746],[-73.12089076041518,45.24240800650984]]]},"properties":{"NO_LOT":"4 391 521","geoId":"ca/qc/lot/4-391-521","name":"4 391 521","code":"4 391 521","level":"locality","country":"CA","noLot":"4 391 521"}},{"type":"Feature","geometry":{"type":"Polygon","coordinates":[[[-73.1229234754266,45.23680117195109],[-73.12263907240091,45.23684099880467],[-73.12268027632636,45.236987880960946],[-73.12296468025036,45.23694805357774],[-73.1229234754266,45.23680117195109]]]},"properties":{"NO_LOT":"5 682 050","geoId":"ca/qc/lot/5-682-050","name":"5 682 050","code":"5 682 050","level":"locality","country":"CA","noLot":"5 682 050"}},{"type":"Feature","geometry":{"type":"Polygon","coordinates":[[[-73.12280726936146,45.24277219863106],[-73.12267672348942,45.24291528623156],[-73.12265493485219,45.242939168390706],[-73.12306282209347,45.24312489013341],[-73.12321512695834,45.242957950014876],[-73.12280726936146,45.24277219863106]]]},"properties":{"NO_LOT":"6 601 340","geoId":"ca/qc/lot/6-601-340","name":"6 601 340","code":"6 601 340","level":"locality","country":"CA","noLot":"6 601 340"}},{"type":"Feature","geometry":{"type":"Polygon","coordinates":[[[-73.11151542288387,45.24317551001726],[-73.11083188130947,45.24287183557807],[-73.11069406627014,45.24280378921745],[-73.11034803342608,45.24259411455486],[-73.11020981594152,45.24274519560757],[-73.11128990981494,45.243429838340646],[-73.11151542288387,45.24317551001726]]]},"properties":{"NO_LOT":"6 293 404","geoId":"ca/qc/lot/6-293-404","name":"6 293 404","code":"6 293 404","level":"locality","country":"CA","noLot":"6 293 404"}},{"type":"Feature","geometry":{"type":"Polygon","coordinates":[[[-73.11925435875091,45.23530730445707],[-73.11957316994693,45.23543835433922],[-73.11967097941339,45.235319898705235],[-73.11976878798151,45.235201441559155],[-73.11966805809207,45.23516003650361],[-73.11944997588718,45.235070391763266],[-73.11925435875091,45.23530730445707]]]},"properties":{"NO_LOT":"4 391 290","geoId":"ca/qc/lot/4-391-290","name":"4 391 290","code":"4 391 290","level":"locality","country":"CA","noLot":"4 391 290"}},{"type":"Feature","geometry":{"type":"Polygon","coordinates":[[[-73.11608026050916,45.2382855801262],[-73.11637350385554,45.23840613915327],[-73.11649188833528,45.23826161883886],[-73.11619866295518,45.23814104179353],[-73.11615869331493,45.238189834227924],[-73.11608026050916,45.2382855801262]]]},"properties":{"NO_LOT":"4 391 403","geoId":"ca/qc/lot/4-391-403","name":"4 391 403","code":"4 391 403","level":"locality","country":"CA","noLot":"4 391 403"}},{"type":"Feature","geometry":{"type":"Polygon","coordinates":[[[-73.12221106289728,45.244058471890256],[-73.1223688034679,45.24388558083745],[-73.12196091443,45.243699857154006],[-73.12183400224329,45.243838958327274],[-73.12180318913073,45.243872731694644],[-73.12221106289728,45.244058471890256]]]},"properties":{"NO_LOT":"6 613 516","geoId":"ca/qc/lot/6-613-516","name":"6 613 516","code":"6 613 516","level":"locality","country":"CA","noLot":"6 613 516"}},{"type":"Feature","geometry":{"type":"Polygon","coordinates":[[[-73.11835231635668,45.240692269802835],[-73.11830504431148,45.240745583270346],[-73.11869917834575,45.240906043943475],[-73.11904564058453,45.24052495946251],[-73.11885429583575,45.24044726162507],[-73.11858121158264,45.24078522772083],[-73.11835231635668,45.240692269802835]]]},"properties":{"NO_LOT":"4 391 478","geoId":"ca/qc/lot/4-391-478","name":"4 391 478","code":"4 391 478","level":"locality","country":"CA","noLot":"4 391 478"}},{"type":"Feature","geometry":{"type":"Polygon","coordinates":[[[-73.12010674497118,45.24276441056371],[-73.12008990784781,45.24278297023552],[-73.11947046645881,45.24346578711859],[-73.11980236970177,45.24360738596856],[-73.12036380687289,45.24298870559101],[-73.12070219774884,45.24261580267388],[-73.12043493457875,45.242504191852575],[-73.12021188558866,45.24275006655117],[-73.12010674497118,45.24276441056371]]]},"properties":{"NO_LOT":"4 391 525","geoId":"ca/qc/lot/4-391-525","name":"4 391 525","code":"4 391 525","level":"locality","country":"CA","noLot":"4 391 525"}},{"type":"Feature","geometry":{"type":"Polygon","coordinates":[[[-73.12235757722179,45.23060190524845],[-73.12216426246759,45.23083976085835],[-73.12251627270157,45.230984628388065],[-73.12271153859658,45.230747576839136],[-73.12235757722179,45.23060190524845]]]},"properties":{"NO_LOT":"4 391 133","geoId":"ca/qc/lot/4-391-133","name":"4 391 133","code":"4 391 133","level":"locality","country":"CA","noLot":"4 391 133"}},{"type":"Feature","geometry":{"type":"Polygon","coordinates":[[[-73.12165416311666,45.23996468139062],[-73.12145061385642,45.24021100985477],[-73.12159106095955,45.24026566854449],[-73.12178504136537,45.240018496511155],[-73.12165416311666,45.23996468139062]]]},"properties":{"NO_LOT":"4 391 378","geoId":"ca/qc/lot/4-391-378","name":"4 391 378","code":"4 391 378","level":"locality","country":"CA","noLot":"4 391 378"}},{"type":"Feature","geometry":{"type":"Polygon","coordinates":[[[-73.12081595859979,45.234600618369974],[-73.12158303271583,45.23491599384925],[-73.1216236841774,45.23486673491104],[-73.1216368732424,45.234850753011806],[-73.12165504346565,45.23482873677426],[-73.12168229026653,45.234795720942024],[-73.12091349946996,45.234479601490264],[-73.12091200467334,45.23448146259939],[-73.12083534963351,45.23457685163437],[-73.12081595859979,45.234600618369974]]]},"properties":{"NO_LOT":"6 391 363","geoId":"ca/qc/lot/6-391-363","name":"6 391 363","code":"6 391 363","level":"locality","country":"CA","noLot":"6 391 363"}},{"type":"Feature","geometry":{"type":"Polygon","coordinates":[[[-73.12306348055859,45.231718725786294],[-73.12274520386015,45.231587172608144],[-73.12264779504233,45.23170577709941],[-73.12296607263906,45.23183733000302],[-73.12306348055859,45.231718725786294]]]},"properties":{"NO_LOT":"4 391 180","geoId":"ca/qc/lot/4-391-180","name":"4 391 180","code":"4 391 180","level":"locality","country":"CA","noLot":"4 391 180"}},{"type":"Feature","geometry":{"type":"Polygon","coordinates":[[[-73.1203367181755,45.235910769436764],[-73.12001499464131,45.23577852632262],[-73.119916980359,45.2358968462602],[-73.12023900393046,45.23602921308514],[-73.1203367181755,45.235910769436764]]]},"properties":{"NO_LOT":"4 391 316","geoId":"ca/qc/lot/4-391-316","name":"4 391 316","code":"4 391 316","level":"locality","country":"CA","noLot":"4 391 316"}},{"type":"Feature","geometry":{"type":"Polygon","coordinates":[[[-73.12027225686735,45.23860348624535],[-73.12027308331739,45.23860728726264],[-73.12027387473316,45.23861109334011],[-73.12027463111464,45.238614901947535],[-73.1202753524618,45.23861871435],[-73.12027603877469,45.238622529282466],[-73.12027669005326,45.238626348010015],[-73.12027730629754,45.238630169267466],[-73.12027788660922,45.238633993054925],[-73.12027843278491,45.238637820004854],[-73.1202789439263,45.238641648852216],[-73.12027942003341,45.23864548022953],[-73.12027986020789,45.238649314136794],[-73.1202802653481,45.23865314930889],[-73.12028063545398,45.23865698701097],[-73.12028096872896,45.23866082534531],[-73.12028126876626,45.238664666209615],[-73.12028153287096,45.23866850707369],[-73.12028176104303,45.238672349835156],[-73.12028195507915,45.238676193861444],[-73.12028211318263,45.23868003788748],[-73.12028223625182,45.23868388317837],[-73.12028232338842,45.238687729101564],[-73.1202823754907,45.23869157502446],[-73.12028239166037,45.23869542094714],[-73.12028237279576,45.23869926686956],[-73.12028231889683,45.23870311279167],[-73.12028222996362,45.23870695934614],[-73.12028210509779,45.23871080400264],[-73.12028194609599,45.238714648026324],[-73.12028175026326,45.23871849204975],[-73.12028152029454,45.23872233417528],[-73.12028125439322,45.23872617630054],[-73.1202809534576,45.238730015895335],[-73.12028061569104,45.23873385485731],[-73.12028024468684,45.238737691921386],[-73.12027983775002,45.238741527087555],[-73.12027939488057,45.23874536098833],[-73.12027891787517,45.23874919235861],[-73.12027840493714,45.23875302119847],[-73.12027785786312,45.238756848140426],[-73.1202772748565,45.23876067191931],[-73.12027665681559,45.238764493167785],[-73.12027600374039,45.23876831125318],[-73.12027531473257,45.238772126808165],[-73.12027459248708,45.238775939200075],[-73.12027383430897,45.23877974716394],[-73.12027304109657,45.23878355196472],[-73.12027221284988,45.238787354235065],[-73.12027134867058,45.23879115081221],[-73.12027045215191,45.2387949442263],[-73.12026951880236,45.238798733844845],[-73.12026855131678,45.23880251903531],[-73.12026754879695,45.238806299165056],[-73.12026651214109,45.23881007486671],[-73.12026544045096,45.23881384614023],[-73.12026433372652,45.23881761108801],[-73.12026319286612,45.238821372240224],[-73.12026201697141,45.238825127066654],[-73.12026080694072,45.23882887683243],[-73.12025956277407,45.238832622170115],[-73.1202582844714,45.238836359916945],[-73.12025697113447,45.238840093235645],[-73.12025562366154,45.23884381896346],[-73.12025424205264,45.2388475389981],[-73.12025282720604,45.23885125333953],[-73.12025137732519,45.23885496009013],[-73.12024989330833,45.23885866114747],[-73.1202483751555,45.23886235398145],[-73.12024682376502,45.23886604112223],[-73.12024523823854,45.23886972003956],[-73.12024361947438,45.23887339199862],[-73.12024196567594,45.2388770569994],[-73.12024027863984,45.2388807144093],[-73.1202385592644,45.23888436296328],[-73.12023680485464,45.2388880039264],[-73.12023501810555,45.23889163729867],[-73.12023319722047,45.238895261182435],[-73.12023134399604,45.23889887810793],[-73.12022945663561,45.23890248491241],[-73.12064186689436,45.23901112919389],[-73.12079018862923,45.23883162653402],[-73.12026583211642,45.23857556593431],[-73.12027225686735,45.23860348624535]]]},"properties":{"NO_LOT":"4 391 379","geoId":"ca/qc/lot/4-391-379","name":"4 391 379","code":"4 391 379","level":"locality","country":"CA","noLot":"4 391 379"}},{"type":"Feature","geometry":{"type":"Polygon","coordinates":[[[-73.12016072204165,45.23959200658176],[-73.12044460224786,45.23924952396186],[-73.12053445084426,45.23914094275843],[-73.12013174418722,45.23903667217083],[-73.1199026935527,45.23930519944579],[-73.12012927112525,45.23955841157703],[-73.12013266765534,45.239562189126325],[-73.12013609023656,45.23956595528963],[-73.120139536174,45.23956971133195],[-73.12014300726426,45.23957345535571],[-73.1201465017107,45.23957718862598],[-73.12015002131,45.23958091051022],[-73.12015356426546,45.23958462037589],[-73.12015713147547,45.23958831948814],[-73.12016072204165,45.23959200658176]]]},"properties":{"NO_LOT":"5 777 935","geoId":"ca/qc/lot/5-777-935","name":"5 777 935","code":"5 777 935","level":"locality","country":"CA","noLot":"5 777 935"}},{"type":"Feature","geometry":{"type":"Polygon","coordinates":[[[-73.11407089361026,45.24255098813342],[-73.1147067759656,45.24185860923693],[-73.11389646323997,45.24151382967793],[-73.11368718991476,45.24174482232752],[-73.11352105279117,45.24192379458983],[-73.11316546097416,45.241771080719346],[-73.11314495872443,45.24179323658377],[-73.11303611614966,45.24174649281044],[-73.11279701606206,45.24200405715892],[-73.11407089361026,45.24255098813342]]]},"properties":{"NO_LOT":"6 021 945","geoId":"ca/qc/lot/6-021-945","name":"6 021 945","code":"6 021 945","level":"locality","country":"CA","noLot":"6 021 945"}},{"type":"Feature","geometry":{"type":"Polygon","coordinates":[[[-73.11988482336676,45.233647818790644],[-73.12021323845148,45.233782582744205],[-73.12053471494895,45.23339117054116],[-73.12020299316566,45.23325504870329],[-73.11988482336676,45.233647818790644]]]},"properties":{"NO_LOT":"4 391 224","geoId":"ca/qc/lot/4-391-224","name":"4 391 224","code":"4 391 224","level":"locality","country":"CA","noLot":"4 391 224"}},{"type":"Feature","geometry":{"type":"Polygon","coordinates":[[[-73.1220651091215,45.23729358260391],[-73.12145487995572,45.23704302603583],[-73.12133968449525,45.237183070854975],[-73.12194925160267,45.2374333566994],[-73.1220651091215,45.23729358260391]]]},"properties":{"NO_LOT":"5 663 547","geoId":"ca/qc/lot/5-663-547","name":"5 663 547","code":"5 663 547","level":"locality","country":"CA","noLot":"5 663 547"}},{"type":"Feature","geometry":{"type":"Polygon","coordinates":[[[-73.12060747219876,45.23419748840133],[-73.12027937960923,45.234062773509635],[-73.12018196450319,45.23418137852797],[-73.12051038767274,45.234316379707174],[-73.12060747219876,45.23419748840133]]]},"properties":{"NO_LOT":"4 391 248","geoId":"ca/qc/lot/4-391-248","name":"4 391 248","code":"4 391 248","level":"locality","country":"CA","noLot":"4 391 248"}},{"type":"Feature","geometry":{"type":"Polygon","coordinates":[[[-73.11817371151525,45.23576851881885],[-73.11847457616852,45.23589237768517],[-73.1185919644166,45.23575021621583],[-73.11873868176038,45.23557253206591],[-73.11843242452045,45.23544645464467],[-73.11828174560627,45.23562250648116],[-73.11817371151525,45.23576851881885]]]},"properties":{"NO_LOT":"4 391 277","geoId":"ca/qc/lot/4-391-277","name":"4 391 277","code":"4 391 277","level":"locality","country":"CA","noLot":"4 391 277"}},{"type":"Feature","geometry":{"type":"Polygon","coordinates":[[[-73.1171439044331,45.239174704370086],[-73.11744303893114,45.23929397744149],[-73.11773244916624,45.23895013430731],[-73.11773192993999,45.2389499261983],[-73.11740905027405,45.23881766928277],[-73.11711081049805,45.23870330065992],[-73.11700668138356,45.23883125016586],[-73.11730819282384,45.23895448941536],[-73.11720405023463,45.23909473826457],[-73.1171439044331,45.239174704370086]]]},"properties":{"NO_LOT":"4 391 425","geoId":"ca/qc/lot/4-391-425","name":"4 391 425","code":"4 391 425","level":"locality","country":"CA","noLot":"4 391 425"}},{"type":"Feature","geometry":{"type":"Polygon","coordinates":[[[-73.11038143727991,45.24660915654124],[-73.11059514289273,45.24638018922403],[-73.10934637146009,45.24580492866679],[-73.10913269818661,45.24603390778977],[-73.11038143727991,45.24660915654124]]]},"properties":{"NO_LOT":"4 391 591","geoId":"ca/qc/lot/4-391-591","name":"4 391 591","code":"4 391 591","level":"locality","country":"CA","noLot":"4 391 591"}},{"type":"Feature","geometry":{"type":"Polygon","coordinates":[[[-73.11969538484303,45.235805916636444],[-73.11979188815904,45.23568942025653],[-73.11947357103642,45.2355585746467],[-73.11937706053388,45.23567506686677],[-73.11969538484303,45.235805916636444]]]},"properties":{"NO_LOT":"6 607 010","geoId":"ca/qc/lot/6-607-010","name":"6 607 010","code":"6 607 010","level":"locality","country":"CA","noLot":"6 607 010"}},{"type":"Feature","geometry":{"type":"Polygon","coordinates":[[[-73.12036278818336,45.23639741615823],[-73.12046023113716,45.23627880817394],[-73.12014125734608,45.236147697604466],[-73.1200435107617,45.236266179346416],[-73.12036278818336,45.23639741615823]]]},"properties":{"NO_LOT":"4 391 313","geoId":"ca/qc/lot/4-391-313","name":"4 391 313","code":"4 391 313","level":"locality","country":"CA","noLot":"4 391 313"}},{"type":"Feature","geometry":{"type":"Polygon","coordinates":[[[-73.11314432900541,45.23799629434807],[-73.11349756993133,45.2381399620149],[-73.11373145080712,45.23785291666417],[-73.11393330943798,45.237605169254174],[-73.1135800703087,45.237461504030605],[-73.11314432900541,45.23799629434807]]]},"properties":{"NO_LOT":"4 391 393","geoId":"ca/qc/lot/4-391-393","name":"4 391 393","code":"4 391 393","level":"locality","country":"CA","noLot":"4 391 393"}},{"type":"Feature","geometry":{"type":"Polygon","coordinates":[[[-73.11138979349138,45.24145763895495],[-73.11101441807689,45.24186638035051],[-73.11218898866706,45.24241586420237],[-73.11245903751282,45.24212187772933],[-73.11138979349138,45.24145763895495]]]},"properties":{"NO_LOT":"4 391 562","geoId":"ca/qc/lot/4-391-562","name":"4 391 562","code":"4 391 562","level":"locality","country":"CA","noLot":"4 391 562"}},{"type":"Feature","geometry":{"type":"Polygon","coordinates":[[[-73.11055736424346,45.2442018705995],[-73.110735000701,45.24400763837771],[-73.11008283638115,45.243709977110406],[-73.10990519812698,45.243904208452435],[-73.11055736424346,45.2442018705995]]]},"properties":{"NO_LOT":"4 391 580","geoId":"ca/qc/lot/4-391-580","name":"4 391 580","code":"4 391 580","level":"locality","country":"CA","noLot":"4 391 580"}},{"type":"Feature","geometry":{"type":"Polygon","coordinates":[[[-73.11957316994693,45.23543835433922],[-73.11947357103642,45.2355585746467],[-73.11979188815904,45.23568942025653],[-73.11989147808639,45.23556919769547],[-73.11957316994693,45.23543835433922]]]},"properties":{"NO_LOT":"6 607 009","geoId":"ca/qc/lot/6-607-009","name":"6 607 009","code":"6 607 009","level":"locality","country":"CA","noLot":"6 607 009"}},{"type":"Feature","geometry":{"type":"Polygon","coordinates":[[[-73.12071371954066,45.23767542822584],[-73.12082891679778,45.23753538335498],[-73.1203250346869,45.237328486466374],[-73.12020993534618,45.237468571066245],[-73.12071371954066,45.23767542822584]]]},"properties":{"NO_LOT":"5 663 541","geoId":"ca/qc/lot/5-663-541","name":"5 663 541","code":"5 663 541","level":"locality","country":"CA","noLot":"5 663 541"}},{"type":"Feature","geometry":{"type":"Polygon","coordinates":[[[-73.12099409811388,45.23760320703695],[-73.12087890175512,45.23774325237317],[-73.12148581344253,45.23799244774555],[-73.12160167365629,45.237852675657855],[-73.12099409811388,45.23760320703695]]]},"properties":{"NO_LOT":"5 663 551","geoId":"ca/qc/lot/5-663-551","name":"5 663 551","code":"5 663 551","level":"locality","country":"CA","noLot":"5 663 551"}},{"type":"Feature","geometry":{"type":"Polygon","coordinates":[[[-73.11939392370839,45.23744634519813],[-73.11915456580431,45.237350596620615],[-73.11883006917087,45.237220754928174],[-73.11882902532851,45.23722204094188],[-73.11882795363837,45.2372233136716],[-73.1188268505072,45.23722457564758],[-73.11882571952825,45.23722582370704],[-73.1188245589049,45.23722705848254],[-73.11882337043379,45.23722828060659],[-73.11882215321657,45.23722948754893],[-73.11882090904992,45.23723068057477],[-73.11881963703546,45.23723185968401],[-73.11881833717325,45.23723302361158],[-73.1188170121582,45.2372341723575],[-73.1188156592954,45.237235305921665],[-73.11881428127974,45.23723642240647],[-73.11881287631464,45.23723752497474],[-73.11881144709501,45.23723860983107],[-73.11880999182425,45.23723967760795],[-73.1188085131973,45.23724072893807],[-73.11880701031583,45.23724176255617],[-73.11880548317986,45.237242779727495],[-73.11880393178934,45.23724377855427],[-73.1188023588393,45.23724475840397],[-73.11880076343134,45.237245720541736],[-73.11879914556552,45.23724666496753],[-73.11879750614013,45.23724758978362],[-73.11879584515516,45.23724849562267],[-73.11879416440726,45.23724938185207],[-73.11879246209982,45.2372502484718],[-73.11879074002941,45.23725109548183],[-73.11878899909438,45.23725192288225],[-73.11878723929475,45.237252729407864],[-73.11878545973217,45.23725351569127],[-73.1187836639999,45.237254281732454],[-73.11878185030135,45.237255026898815],[-73.11878001953481,45.23725574992531],[-73.11877817080195,45.237256452709524],[-73.11877630859436,45.23725713398639],[-73.11877442931879,45.2372577924908],[-73.11877253387354,45.23725842948782],[-73.11877062585188,45.23725904561008],[-73.11876870345718,45.23725963895984],[-73.1187667666894,45.2372602095371],[-73.11876481824356,45.23726075860702],[-73.11876285632299,45.237261283639285],[-73.11876088272432,45.23726178779678],[-73.11875889834585,45.237262267916634],[-73.11875690228929,45.237262724631464],[-73.11875489635125,45.23726315857383],[-73.11875288053174,45.23726356974366],[-73.1187508548308,45.23726395687588],[-73.11874882104497,45.237264320603025],[-73.11879650451858,45.237354120656974],[-73.11883274615042,45.2375902014948],[-73.11868011968868,45.23776683813646],[-73.11901261671807,45.23793359045601],[-73.11939392370839,45.23744634519813]]]},"properties":{"NO_LOT":"5 878 873","geoId":"ca/qc/lot/5-878-873","name":"5 878 873","code":"5 878 873","level":"locality","country":"CA","noLot":"5 878 873"}},{"type":"Feature","geometry":{"type":"Polygon","coordinates":[[[-73.12267272059651,45.23447671620167],[-73.12235059910869,45.23434432425199],[-73.12225326035944,45.23446255671389],[-73.12257538184728,45.23459494902075],[-73.12267272059651,45.23447671620167]]]},"properties":{"NO_LOT":"6 643 422","geoId":"ca/qc/lot/6-643-422","name":"6 643 422","code":"6 643 422","level":"locality","country":"CA","noLot":"6 643 422"}},{"type":"Feature","geometry":{"type":"Polygon","coordinates":[[[-73.11643440334362,45.241892111799096],[-73.1174617211941,45.240764409896784],[-73.11722670754274,45.24066922100771],[-73.11705812161169,45.24060076402595],[-73.11689677071193,45.2405351071834],[-73.11654537762055,45.24091955032162],[-73.11586337486023,45.241665681482665],[-73.11643440334362,45.241892111799096]]]},"properties":{"NO_LOT":"4 392 169","geoId":"ca/qc/lot/4-392-169","name":"4 392 169","code":"4 392 169","level":"locality","country":"CA","noLot":"4 392 169"}},{"type":"Feature","geometry":{"type":"Polygon","coordinates":[[[-73.11542519463092,45.239051523160164],[-73.11524483537977,45.239274966256716],[-73.11521205585505,45.23926249876193],[-73.1151877276805,45.23929896064169],[-73.11501558082767,45.23955695609456],[-73.1152431097161,45.23964312173147],[-73.11527928038102,45.239656386778606],[-73.11572539902247,45.23917518573889],[-73.1157101025098,45.23916895071577],[-73.11542519463092,45.239051523160164]]]},"properties":{"NO_LOT":"4 391 531","geoId":"ca/qc/lot/4-391-531","name":"4 391 531","code":"4 391 531","level":"locality","country":"CA","noLot":"4 391 531"}},{"type":"Feature","geometry":{"type":"Polygon","coordinates":[[[-73.12076229683798,45.24014978411525],[-73.12076372246433,45.24015035086824],[-73.12076513192102,45.240150940392624],[-73.12076652071643,45.24015155015814],[-73.12076789154557,45.24015218206244],[-73.12076924351007,45.24015283420792],[-73.120770573915,45.24015350722708],[-73.12077188365869,45.240154201119964],[-73.12077317274111,45.24015491398891],[-73.12077443846736,45.240155645834015],[-73.12077568173571,45.24015639792022],[-73.12077690164787,45.2401571689826],[-73.12077809820381,45.240157958388465],[-73.12077926960696,45.24015876487282],[-73.12078041675557,45.240159590333306],[-73.12078153785303,45.24016043287223],[-73.12078263289938,45.24016129185714],[-73.12078370099624,45.24016216792048],[-73.12078474214367,45.240163060429765],[-73.12078575544331,45.240163968119944],[-73.12078674089517,45.240164890991],[-73.12078769760095,45.2401658290429],[-73.12078862556064,45.240166781010586],[-73.12078952477422,45.24016774815917],[-73.12079039344512,45.240168727958434],[-73.12079123157328,45.24016972104095],[-73.12079204005703,45.24017072614165],[-73.12079281709975,45.24017174389305],[-73.12079356180311,45.24017277303014],[-73.12079427596377,45.24017381418537],[-73.12079495688675,45.24017486482861],[-73.12079560726703,45.24017592622499],[-73.12079622261298,45.24017699837446],[-73.12079680651793,45.24017807811434],[-73.12079735718521,45.24017916734227],[-73.12079787371648,45.2401802641606],[-73.1207983570101,45.240181369201885],[-73.12079880526944,45.24018248120107],[-73.1207992202911,45.24018359889302],[-73.12079960117677,45.24018472417541],[-73.12079994612984,45.24018585388552],[-73.12080025694694,45.24018698928844],[-73.12080053362804,45.24018812911912],[-73.12080077527486,45.24018927211241],[-73.12080098098905,45.24019041890097],[-73.12080115077065,45.2401915688521],[-73.12080128731458,45.24019272196594],[-73.12080138702757,45.24019387634485],[-73.12080145170626,45.24019503135623],[-73.12080148045236,45.24019618700014],[-73.12080147506246,45.240197343909074],[-73.12080143284165,45.240198498920385],[-73.12080135558651,45.24019965393168],[-73.12080124329712,45.240200808310455],[-73.1208010950751,45.24020195889391],[-73.12080091181878,45.240203108212356],[-73.12080069352815,45.24020425436804],[-73.12080044020325,45.24020539736101],[-73.12080015184405,45.24020653529372],[-73.12079982845054,45.240207668166086],[-73.12079947092107,45.24020879597815],[-73.12079907745895,45.24020991936241],[-73.12079865075921,45.240211035156214],[-73.12079818992346,45.240212145257225],[-73.12079769585006,45.2402132471352],[-73.12079716674235,45.24021434142274],[-73.1207966052953,45.24021542685473],[-73.12079600971228,45.240216504063746],[-73.12079538178989,45.24021757241722],[-73.12079472062985,45.240218630017566],[-73.12079402802877,45.24021967686478],[-73.12079330398664,45.24022071422397],[-73.12079254670685,45.2402217389324],[-73.12079175888435,45.240222752887696],[-73.12079093962082,45.24022375419223],[-73.12050019089595,45.240570710532864],[-73.12022344421143,45.240900523867545],[-73.12040211462985,45.240973062822064],[-73.1204812211721,45.24087866431095],[-73.12071715469831,45.24059712443763],[-73.12097149739967,45.240293610796265],[-73.1209723705621,45.240292594312095],[-73.12097327426729,45.24029158984609],[-73.12097420761687,45.24029059929584],[-73.12097517061086,45.24028962329386],[-73.1209761614526,45.240288661207686],[-73.12097718193877,45.24028771493486],[-73.1209782302727,45.24028678321033],[-73.12097930645443,45.24028586793167],[-73.12098040868729,45.240284967833894],[-73.12098153876791,45.240284086079576],[-73.12098269310303,45.24028322013866],[-73.12098387438763,45.240282371908734],[-73.12098508172338,45.24028154075726],[-73.12098631151702,45.24028072921433],[-73.12098756646346,45.240279934749836],[-73.1209888447661,45.24027915989399],[-73.12099014552663,45.240278405279234],[-73.12099146874505,45.24027766900797],[-73.12099281352303,45.2402769517128],[-73.12099417896228,45.240276255923824],[-73.12099556506274,45.24027558100847],[-73.12099697182447,45.24027492570176],[-73.12099839745083,45.2402742919012],[-73.12099984104348,45.240273680239405],[-73.12100130350079,45.24027308881872],[-73.12100278212775,45.24027252080184],[-73.12100427961933,45.240271974291204],[-73.12100579058561,45.24027144991926],[-73.12100731861993,45.2402709483186],[-73.12100886012895,45.240270470121764],[-73.1210104151127,45.24027001406366],[-73.12101198536782,45.24026958204189],[-73.12101356640272,45.24026917279141],[-73.12101516001405,45.240268788209804],[-73.12101676440513,45.24026842703203],[-73.12101838047434,45.24026808925803],[-73.12102000462836,45.24026777615297],[-73.12102163866386,45.24026748708418],[-73.1210232807842,45.240267222684324],[-73.12102493009107,45.24026698295339],[-73.12102658658446,45.240266767258746],[-73.12102824936603,45.24026657686553],[-73.12102991663922,45.240266411141235],[-73.12103158930228,45.24026627008582],[-73.1210332655586,45.24026615369924],[-73.12103494450986,45.24026606324668],[-73.12103662615607,45.24026599683045],[-73.1210383095989,45.24026595571565],[-73.12103999394007,45.24026593990223],[-73.12104167738292,45.24026594875773],[-73.12104336082575,45.24026598417971],[-73.12104504337027,45.240266043005526],[-73.12104672321986,45.24026612713276],[-73.12104840037449,45.24026623719393],[-73.12105007393588,45.24026637065893],[-73.12105174210735,45.24026653069045],[-73.12105340668559,45.2402667147583],[-73.1210550649756,45.24026692412758],[-73.12105671518076,45.240267156900636],[-73.12105836089437,45.24026741624022],[-73.1210599967265,45.24026769771855],[-73.12106162357549,45.240268005130794],[-73.121063240543,45.24026833594692],[-73.12106484852735,45.240268690799326],[-73.1210664448336,45.24026906968812],[-73.12106802946178,45.24026947324578],[-73.12106960241184,45.24026989894218],[-73.12107116188717,45.240270348042415],[-73.12107270788776,45.24027082117898],[-73.12107423861701,45.24027131708682],[-73.1210757549732,45.2402718351334],[-73.12107725426144,45.24027237468617],[-73.12107873827827,45.240272938907815],[-73.12076229683798,45.24014978411525]]]},"properties":{"NO_LOT":"4 391 925","geoId":"ca/qc/lot/4-391-925","name":"4 391 925","code":"4 391 925","level":"locality","country":"CA","noLot":"4 391 925"}},{"type":"Feature","geometry":{"type":"Polygon","coordinates":[[[-73.11507284752872,45.23817532712541],[-73.11470135014127,45.2386312850923],[-73.11493976661096,45.23872955349933],[-73.11532373081789,45.23827873395478],[-73.11519059600121,45.238223860181506],[-73.11507284752872,45.23817532712541]]]},"properties":{"NO_LOT":"4 921 829","geoId":"ca/qc/lot/4-921-829","name":"4 921 829","code":"4 921 829","level":"locality","country":"CA","noLot":"4 921 829"}},{"type":"Feature","geometry":{"type":"Polygon","coordinates":[[[-73.11004268617953,45.236820846901],[-73.10966586807066,45.23720887717009],[-73.10959275149474,45.237284169348996],[-73.10980219819483,45.2373834193005],[-73.11013419486257,45.23754073992329],[-73.11053799387099,45.23710432533843],[-73.1105288481231,45.23709999918683],[-73.11051972213812,45.23709565342517],[-73.11051061591608,45.23709128615583],[-73.11050152855866,45.23708689927645],[-73.1104924618625,45.23708249152186],[-73.11048341492928,45.23707806352464],[-73.11047438775898,45.23707361465226],[-73.11046538214828,45.237069145537234],[-73.11045639450384,45.23706465617962],[-73.11044742841901,45.23706014721189],[-73.1104384829954,45.23705561736897],[-73.11042955733473,45.23705106854857],[-73.11042065233532,45.23704649822032],[-73.11041176889549,45.23704190828205],[-73.11040290521858,45.23703729873369],[-73.11039406310123,45.23703266831007],[-73.11038524164513,45.23702801827635],[-73.11037644174861,45.23702334926511],[-73.11036766251335,45.23701865937859],[-73.11035890483765,45.23701395051459],[-73.11035016782319,45.23700922140784],[-73.1103414523683,45.237004473323545],[-73.11033275847298,45.23699970562918],[-73.11032408613724,45.23699491769209],[-73.11031543625936,45.2369901107774],[-73.11030680704273,45.23698528362003],[-73.110298200284,45.236980437485045],[-73.11028961508482,45.23697557173996],[-73.11028105234354,45.23697068638471],[-73.11027251116182,45.23696578268442],[-73.11026399243798,45.23696085937396],[-73.11025549617202,45.236955916453375],[-73.11024702236395,45.23695095455515],[-73.11023857011544,45.23694597431186],[-73.11023014122313,45.23694097445841],[-73.11022173478871,45.236935955627374],[-73.11021335081215,45.23693091781867],[-73.1102049901918,45.23692586166493],[-73.11019665202933,45.23692078590098],[-73.11018833722306,45.23691569179198],[-73.11018004487468,45.236910578705285],[-73.11017177588249,45.23690544790614],[-73.11016353024651,45.23690029686417],[-73.1101553079667,45.236895128742304],[-73.1101471090431,45.236889940377566],[-73.11013893257737,45.236884735565454],[-73.11013078036619,45.236879511775726],[-73.11012265240949,45.236874269008275],[-73.110114547809,45.236869008528274],[-73.11010646656469,45.236863728438045],[-73.11009840957492,45.23685843190039],[-73.11009037683965,45.23685311701761],[-73.11008236746059,45.23684778378968],[-73.11007438233601,45.23684243158409],[-73.11006642236428,45.23683706293103],[-73.11005848574874,45.236831674667684],[-73.11005057338772,45.23682626995691],[-73.11004268617953,45.236820846901]]]},"properties":{"NO_LOT":"5 444 789","geoId":"ca/qc/lot/5-444-789","name":"5 444 789","code":"5 444 789","level":"locality","country":"CA","noLot":"5 444 789"}},{"type":"Feature","geometry":{"type":"Polygon","coordinates":[[[-73.11808532178287,45.2390917450445],[-73.11845374603371,45.238630174327895],[-73.1183302366653,45.23857245313411],[-73.11796617553179,45.239043894617694],[-73.11805556419077,45.239079801892466],[-73.11808532178287,45.2390917450445]]]},"properties":{"NO_LOT":"5 853 090","geoId":"ca/qc/lot/5-853-090","name":"5 853 090","code":"5 853 090","level":"locality","country":"CA","noLot":"5 853 090"}},{"type":"Feature","geometry":{"type":"Polygon","coordinates":[[[-73.12011303946637,45.23566016628579],[-73.12001499464131,45.23577852632262],[-73.1203367181755,45.235910769436764],[-73.120393630042,45.235841782941606],[-73.12043446296323,45.23579228695377],[-73.12011303946637,45.23566016628579]]]},"properties":{"NO_LOT":"4 391 314","geoId":"ca/qc/lot/4-391-314","name":"4 391 314","code":"4 391 314","level":"locality","country":"CA","noLot":"4 391 314"}},{"type":"Feature","geometry":{"type":"Polygon","coordinates":[[[-73.12050019089595,45.240570710532864],[-73.12031834762794,45.24049173377616],[-73.12003924017084,45.240824918950814],[-73.12022344421143,45.240900523867545],[-73.12050019089595,45.240570710532864]]]},"properties":{"NO_LOT":"4 391 449","geoId":"ca/qc/lot/4-391-449","name":"4 391 449","code":"4 391 449","level":"locality","country":"CA","noLot":"4 391 449"}},{"type":"Feature","geometry":{"type":"Polygon","coordinates":[[[-73.11527370992793,45.24036995205753],[-73.11524808997603,45.240357520857486],[-73.11504837472542,45.24056605825856],[-73.11486941415117,45.24076581664353],[-73.11470540064492,45.240948888873596],[-73.11453929945392,45.24113070811239],[-73.11456882348405,45.24114398483023],[-73.11527370992793,45.24036995205753]]]},"properties":{"NO_LOT":"4 391 535","geoId":"ca/qc/lot/4-391-535","name":"4 391 535","code":"4 391 535","level":"locality","country":"CA","noLot":"4 391 535"}},{"type":"Feature","geometry":{"type":"Polygon","coordinates":[[[-73.11408781248034,45.240451223182525],[-73.11397869052949,45.240641921592534],[-73.11470540064492,45.240948888873596],[-73.11486941415117,45.24076581664353],[-73.11408781248034,45.240451223182525]]]},"properties":{"NO_LOT":"4 391 539","geoId":"ca/qc/lot/4-391-539","name":"4 391 539","code":"4 391 539","level":"locality","country":"CA","noLot":"4 391 539"}},{"type":"Feature","geometry":{"type":"Polygon","coordinates":[[[-73.1212176708218,45.23256105911194],[-73.12136412945077,45.232383271994856],[-73.12102429318554,45.232243413990986],[-73.12087922065705,45.23242177153883],[-73.1212176708218,45.23256105911194]]]},"properties":{"NO_LOT":"4 391 220","geoId":"ca/qc/lot/4-391-220","name":"4 391 220","code":"4 391 220","level":"locality","country":"CA","noLot":"4 391 220"}},{"type":"Feature","geometry":{"type":"Polygon","coordinates":[[[-73.11061101612381,45.24442303355723],[-73.11040024620533,45.244653350267484],[-73.11164938235397,45.24522816773299],[-73.1118605421413,45.24499742136744],[-73.11061101612381,45.24442303355723]]]},"properties":{"NO_LOT":"4 391 571","geoId":"ca/qc/lot/4-391-571","name":"4 391 571","code":"4 391 571","level":"locality","country":"CA","noLot":"4 391 571"}},{"type":"Feature","geometry":{"type":"Polygon","coordinates":[[[-73.11758619445482,45.236969756503505],[-73.1172931388563,45.236849111561675],[-73.11715667308655,45.23700148189111],[-73.11700613341125,45.237194205981524],[-73.11762938904694,45.2373609473302],[-73.11751778325436,45.23705270880607],[-73.11758619445482,45.236969756503505]]]},"properties":{"NO_LOT":"4 391 283","geoId":"ca/qc/lot/4-391-283","name":"4 391 283","code":"4 391 283","level":"locality","country":"CA","noLot":"4 391 283"}},{"type":"Feature","geometry":{"type":"Polygon","coordinates":[[[-73.12317715606959,45.239029791932225],[-73.12261831952122,45.23879983132239],[-73.12245763247645,45.23899396242952],[-73.12301680589304,45.2392240620466],[-73.12317715606959,45.239029791932225]]]},"properties":{"NO_LOT":"4 391 369","geoId":"ca/qc/lot/4-391-369","name":"4 391 369","code":"4 391 369","level":"locality","country":"CA","noLot":"4 391 369"}},{"type":"Feature","geometry":{"type":"Polygon","coordinates":[[[-73.1217020891354,45.24332899113195],[-73.12155724837224,45.243487414817395],[-73.12197863100403,45.24368043695256],[-73.12210816537305,45.243538463845155],[-73.1221232615614,45.24352191703301],[-73.1217020891354,45.24332899113195]]]},"properties":{"NO_LOT":"4 391 502","geoId":"ca/qc/lot/4-391-502","name":"4 391 502","code":"4 391 502","level":"locality","country":"CA","noLot":"4 391 502"}},{"type":"Feature","geometry":{"type":"Polygon","coordinates":[[[-73.1212176708218,45.23256105911194],[-73.12112003203526,45.2326795843912],[-73.12082694769066,45.23303535612202],[-73.12073106151723,45.23315210402992],[-73.12053471494895,45.23339117054116],[-73.12021323845148,45.233782582744205],[-73.11998895787113,45.23405565164635],[-73.11979410969273,45.234292882973826],[-73.11969669279006,45.23441148751192],[-73.11957006267436,45.23456565526544],[-73.11979230587565,45.23465579422842],[-73.11998713608773,45.23441858592437],[-73.12008455029546,45.23429998266626],[-73.12018196450319,45.23418137852797],[-73.12027937960923,45.234062773509635],[-73.12038846562743,45.23392995738208],[-73.12056187551157,45.23371882154195],[-73.12065928702434,45.23360021745601],[-73.12075669943545,45.23348161248991],[-73.1208541100499,45.23336300790897],[-73.1210489294822,45.2331257967392],[-73.12124375879597,45.232889299437296],[-73.12143901750443,45.23265227354592],[-73.1212176708218,45.23256105911194]]]},"properties":{"NO_LOT":"4 391 906","geoId":"ca/qc/lot/4-391-906","name":"4 391 906","code":"4 391 906","level":"locality","country":"CA","noLot":"4 391 906"}},{"type":"Feature","geometry":{"type":"Polygon","coordinates":[[[-73.11957450664008,45.23631138792975],[-73.11962329953305,45.236252113926376],[-73.11972088621731,45.23613356446884],[-73.119818932839,45.23601520643665],[-73.119916980359,45.2358968462602],[-73.12001499464131,45.23577852632262],[-73.12011303946637,45.23566016628579],[-73.12030909767545,45.23542348595822],[-73.1205051549862,45.2351868046449],[-73.12028366008155,45.23509575875301],[-73.12008744107403,45.23533263338566],[-73.11998984540662,45.235450449445466],[-73.11989147808639,45.23556919769547],[-73.11979188815904,45.23568942025653],[-73.11969538484303,45.235805916636444],[-73.11959733822133,45.23592427447195],[-73.11949929159965,45.23604263395874],[-73.1193043994038,45.236279846237615],[-73.11920683068585,45.236399287958385],[-73.11910980455032,45.236518067119675],[-73.11891629216676,45.23675496239172],[-73.11872168114363,45.23699229188574],[-73.11860691417954,45.23713171564574],[-73.11871496084699,45.23717496257361],[-73.11883006917087,45.237220754928174],[-73.11904086064891,45.23696467315257],[-73.11923491471657,45.23672711518368],[-73.11933194175043,45.23660833582677],[-73.11957450664008,45.23631138792975]]]},"properties":{"NO_LOT":"4 391 910","geoId":"ca/qc/lot/4-391-910","name":"4 391 910","code":"4 391 910","level":"locality","country":"CA","noLot":"4 391 910"}},{"type":"Feature","geometry":{"type":"Polygon","coordinates":[[[-73.12297003151453,45.23699023792436],[-73.12268562759051,45.23703006464547],[-73.12272683151596,45.237176946945574],[-73.1230112363383,45.237137119694886],[-73.12297003151453,45.23699023792436]]]},"properties":{"NO_LOT":"5 682 052","geoId":"ca/qc/lot/5-682-052","name":"5 682 052","code":"5 682 052","level":"locality","country":"CA","noLot":"5 682 052"}},{"type":"Feature","geometry":{"type":"Polygon","coordinates":[[[-73.12022328520962,45.24038602791719],[-73.12020910979444,45.24037987082867],[-73.12016948690389,45.240427081903825],[-73.12031834762794,45.24049173377616],[-73.12050019089595,45.240570710532864],[-73.12079093962082,45.24022375419223],[-73.12079175888435,45.240222752887696],[-73.12079254670685,45.2402217389324],[-73.12079330398664,45.24022071422397],[-73.12079402802877,45.24021967686478],[-73.12079472062985,45.240218630017566],[-73.12079538178989,45.24021757241722],[-73.12079600971228,45.240216504063746],[-73.1207966052953,45.24021542685473],[-73.12079716674235,45.24021434142274],[-73.12079769585006,45.2402132471352],[-73.12079818992346,45.240212145257225],[-73.12079865075921,45.240211035156214],[-73.12079907745895,45.24020991936241],[-73.12079947092107,45.24020879597815],[-73.12079982845054,45.240207668166086],[-73.12080015184405,45.24020653529372],[-73.12080044020325,45.24020539736101],[-73.12080069352815,45.24020425436804],[-73.12080091181878,45.240203108212356],[-73.1208010950751,45.24020195889391],[-73.12080124329712,45.240200808310455],[-73.12080135558651,45.24019965393168],[-73.12080143284165,45.240198498920385],[-73.12080147506246,45.240197343909074],[-73.12080148045236,45.24019618700014],[-73.12080145170626,45.24019503135623],[-73.12080138702757,45.24019387634485],[-73.12080128731458,45.24019272196594],[-73.12080115077065,45.2401915688521],[-73.12080098098905,45.24019041890097],[-73.12080077527486,45.24018927211241],[-73.12080053362804,45.24018812911912],[-73.12080025694694,45.24018698928844],[-73.12079994612984,45.24018585388552],[-73.12079960117677,45.24018472417541],[-73.1207992202911,45.24018359889302],[-73.12079880526944,45.24018248120107],[-73.1207983570101,45.240181369201885],[-73.12079787371648,45.2401802641606],[-73.12079735718521,45.24017916734227],[-73.12079680651793,45.24017807811434],[-73.12079622261298,45.24017699837446],[-73.12079560726703,45.24017592622499],[-73.12079495688675,45.24017486482861],[-73.12079427596377,45.24017381418537],[-73.12079356180311,45.24017277303014],[-73.12079281709975,45.24017174389305],[-73.12079204005703,45.24017072614165],[-73.12079123157328,45.24016972104095],[-73.12079039344512,45.240168727958434],[-73.12078952477422,45.24016774815917],[-73.12078862556064,45.240166781010586],[-73.12078769760095,45.2401658290429],[-73.12078674089517,45.240164890991],[-73.12078575544331,45.240163968119944],[-73.12078474214367,45.240163060429765],[-73.12078370099624,45.24016216792048],[-73.12078263289938,45.24016129185714],[-73.12078153785303,45.24016043287223],[-73.12078041675557,45.240159590333306],[-73.12077926960696,45.24015876487282],[-73.12077809820381,45.240157958388465],[-73.12077690164787,45.2401571689826],[-73.12077568173571,45.24015639792022],[-73.12077443846736,45.240155645834015],[-73.12077317274111,45.24015491398891],[-73.12077188365869,45.240154201119964],[-73.120770573915,45.24015350722708],[-73.12076924351007,45.24015283420792],[-73.12076789154557,45.24015218206244],[-73.12076652071643,45.24015155015814],[-73.12076513192102,45.240150940392624],[-73.12076372246433,45.24015035086824],[-73.12076229683798,45.24014978411525],[-73.12050694982014,45.24005040616273],[-73.12022328520962,45.24038602791719]]]},"properties":{"NO_LOT":"4 391 435","geoId":"ca/qc/lot/4-391-435","name":"4 391 435","code":"4 391 435","level":"locality","country":"CA","noLot":"4 391 435"}},{"type":"Feature","geometry":{"type":"Polygon","coordinates":[[[-73.11869379294563,45.2365048392945],[-73.11837420919845,45.236373470521755],[-73.11827655064899,45.23649198974761],[-73.11859642095871,45.236623476538064],[-73.11869379294563,45.2365048392945]]]},"properties":{"NO_LOT":"5 714 094","geoId":"ca/qc/lot/5-714-094","name":"5 714 094","code":"5 714 094","level":"locality","country":"CA","noLot":"5 714 094"}},{"type":"Feature","geometry":{"type":"Polygon","coordinates":[[[-73.12265117180947,45.240884882068165],[-73.12243122470205,45.24115299642448],[-73.12303375171257,45.24138746562297],[-73.12325503102157,45.24111987673724],[-73.12265117180947,45.240884882068165]]]},"properties":{"NO_LOT":"4 391 454","geoId":"ca/qc/lot/4-391-454","name":"4 391 454","code":"4 391 454","level":"locality","country":"CA","noLot":"4 391 454"}},{"type":"Feature","geometry":{"type":"Polygon","coordinates":[[[-73.11470540064492,45.240948888873596],[-73.11397869052949,45.240641921592534],[-73.113873435826,45.24082586141951],[-73.11386993509132,45.24082969454715],[-73.11432839029658,45.24103586203415],[-73.11453929945392,45.24113070811239],[-73.11470540064492,45.240948888873596]]]},"properties":{"NO_LOT":"4 391 540","geoId":"ca/qc/lot/4-391-540","name":"4 391 540","code":"4 391 540","level":"locality","country":"CA","noLot":"4 391 540"}},{"type":"Feature","geometry":{"type":"Polygon","coordinates":[[[-73.12110929447265,45.237463161988096],[-73.12099409811388,45.23760320703695],[-73.12160167365629,45.237852675657855],[-73.12171753387007,45.23771290259382],[-73.12110929447265,45.237463161988096]]]},"properties":{"NO_LOT":"5 663 550","geoId":"ca/qc/lot/5-663-550","name":"5 663 550","code":"5 663 550","level":"locality","country":"CA","noLot":"5 663 550"}},{"type":"Feature","geometry":{"type":"Polygon","coordinates":[[[-73.11913256516468,45.234576030521005],[-73.11910418019833,45.23461102145349],[-73.11891146551875,45.23485005272818],[-73.1192277335842,45.2349802528253],[-73.11945268071449,45.234707818432945],[-73.11913256516468,45.234576030521005]]]},"properties":{"NO_LOT":"5 903 607","geoId":"ca/qc/lot/5-903-607","name":"5 903 607","code":"5 903 607","level":"locality","country":"CA","noLot":"5 903 607"}},{"type":"Feature","geometry":{"type":"Polygon","coordinates":[[[-73.12096000255728,45.235135778477485],[-73.12077546883498,45.23505992676966],[-73.12059093331605,45.234984073695394],[-73.12052383096096,45.23495649067666],[-73.12025541974396,45.234846159733145],[-73.12012121413547,45.234790994181054],[-73.11995675955639,45.23472339487755],[-73.11979230587565,45.23465579422842],[-73.11964559392177,45.234833478081775],[-73.11986367612666,45.23492312319584],[-73.12006557697833,45.23500611517649],[-73.12028366008155,45.23509575875301],[-73.1205051549862,45.2351868046449],[-73.12082537474059,45.23531843046236],[-73.12114223749076,45.2354486744002],[-73.12128978128459,45.23527133027409],[-73.12096000255728,45.235135778477485]]]},"properties":{"NO_LOT":"4 391 907","geoId":"ca/qc/lot/4-391-907","name":"4 391 907","code":"4 391 907","level":"locality","country":"CA","noLot":"4 391 907"}},{"type":"Feature","geometry":{"type":"Polygon","coordinates":[[[-73.12138754583528,45.2351528673334],[-73.12148530858934,45.235034407941384],[-73.12115519299378,45.234898717041276],[-73.1210575982247,45.235017246301524],[-73.12138754583528,45.2351528673334]]]},"properties":{"NO_LOT":"4 391 254","geoId":"ca/qc/lot/4-391-254","name":"4 391 254","code":"4 391 254","level":"locality","country":"CA","noLot":"4 391 254"}},{"type":"Feature","geometry":{"type":"Polygon","coordinates":[[[-73.11758619445482,45.236969756503505],[-73.11776209357059,45.23675647108224],[-73.11747399038425,45.236637865112506],[-73.1173762689527,45.23675635848394],[-73.1172931388563,45.236849111561675],[-73.11758619445482,45.236969756503505]]]},"properties":{"NO_LOT":"4 391 282","geoId":"ca/qc/lot/4-391-282","name":"4 391 282","code":"4 391 282","level":"locality","country":"CA","noLot":"4 391 282"}},{"type":"Feature","geometry":{"type":"Polygon","coordinates":[[[-73.1169271679045,45.23801806645514],[-73.11704089372117,45.23804330688216],[-73.11713149600409,45.23808054126732],[-73.11737532033177,45.23818076080555],[-73.11759201104628,45.23827511192935],[-73.11778357498399,45.238351655790645],[-73.11800800109143,45.238442302383625],[-73.118060778911,45.23837707634806],[-73.11780177215671,45.23827162969892],[-73.11749135212376,45.23814763559042],[-73.1172695580801,45.23805693033184],[-73.11708483211834,45.2379813418732],[-73.1168864427811,45.237900161467074],[-73.11681090255054,45.23786925005623],[-73.116763133737,45.23793048710908],[-73.1166280226267,45.23809542982756],[-73.11649188833528,45.23826161883886],[-73.11637350385554,45.23840613915327],[-73.1162432265798,45.23856517622765],[-73.1161058759695,45.23873284846611],[-73.11581363334629,45.239089600704574],[-73.11587818718094,45.23911591788549],[-73.11609755038342,45.23884813549404],[-73.1161558833847,45.23877692534889],[-73.1164533811523,45.23841375196742],[-73.11648254765294,45.23837814663383],[-73.11648943413792,45.23838068698101],[-73.1166158163186,45.23822687368918],[-73.116746659533,45.2380676294533],[-73.11674785698729,45.23806620050019],[-73.11674908318764,45.23806478419819],[-73.11675034082904,45.23806338244508],[-73.11675162811483,45.238061993343116],[-73.11675294414673,45.23806061815745],[-73.11675428982302,45.238059258153164],[-73.11675566514373,45.23805791143265],[-73.11675706921052,45.238056580526084],[-73.11675849932844,45.23805526416838],[-73.1167599599891,45.238053963624644],[-73.1167614475992,45.23805267952744],[-73.11676296305708,45.23805141061167],[-73.11676450456613,45.23805015750986],[-73.1167660730246,45.23804892148716],[-73.11676766753423,45.23804770254356],[-73.11676928899332,45.2380465013116],[-73.11677093470693,45.23804531652622],[-73.11677260647167,45.23804415008504],[-73.11677430249091,45.2380430013555],[-73.11677602366301,45.23804187160278],[-73.1167777690896,45.238040759561706],[-73.11677953697408,45.23803966649746],[-73.11678132911308,45.23803859367507],[-73.11678314281163,45.23803753856439],[-73.11678497986638,45.23803650306305],[-73.1167868384807,45.238035487171075],[-73.1167887186546,45.238034492153595],[-73.11679061948975,45.238033517378],[-73.11679254188445,45.23803256221176],[-73.1167944849404,45.23803162855254],[-73.11679644686099,45.23803071513526],[-73.1167984276462,45.23802982259248],[-73.11680042819434,45.238028952189254],[-73.11680244670879,45.23802810266058],[-73.11680448318951,45.23802727527146],[-73.11680653673827,45.238026469389375],[-73.11680860915162,45.23802568564694],[-73.11681069593803,45.238024923411494],[-73.11681279979243,45.23802418458084],[-73.11681491891818,45.238023468522314],[-73.11681705421361,45.2380227746034],[-73.11681920298378,45.23802210345667],[-73.11682136612696,45.23802145508211],[-73.1168235427449,45.2380208313774],[-73.11682573283758,45.23802022917974],[-73.11682793550663,45.23801965165197],[-73.11683014985383,45.238019097528905],[-73.11683237677741,45.23801856744311],[-73.11683461358247,45.23801806012957],[-73.11683686206564,45.23801757811838],[-73.11683911953193,45.23801711951192],[-73.11684138777802,45.23801668557536],[-73.11684366500727,45.23801627504355],[-73.11684595032135,45.23801588918155],[-73.11684824282196,45.23801552862202],[-73.11685054430572,45.238015191467206],[-73.11685285117937,45.23801487961482],[-73.11685516613785,45.23801459243229],[-73.11685748558791,45.23801432928709],[-73.1168598113262,45.23801409207684],[-73.11686214065772,45.23801387953645],[-73.11686447537915,45.2380136910334],[-73.11686681369382,45.238013528465295],[-73.11686915470345,45.2380133905671],[-73.11687149930634,45.238013277338716],[-73.11687384480756,45.23801319004538],[-73.1168761930037,45.23801312742185],[-73.11687854209816,45.2380130901008],[-73.11688089119265,45.23801307744956],[-73.11688324118542,45.2380130901008],[-73.11688559027989,45.23801312805442],[-73.11688793847605,45.23801319131047],[-73.11689028397724,45.238013279236434],[-73.11689262768182,45.23801339246477],[-73.11689496869147,45.238013530363006],[-73.11689730790447,45.23801369356364],[-73.11689964172756,45.23801388143412],[-73.11690197195743,45.238014093974506],[-73.11690429679739,45.23801433244985],[-73.11690661714574,45.23801459496252],[-73.11690893120593,45.23801488214506],[-73.11691123897789,45.238015195262584],[-73.11691353956333,45.23801553241735],[-73.11691583296225,45.23801589297693],[-73.11691811827633,45.23801627947145],[-73.11692039370895,45.23801668937073],[-73.11692266195504,45.238017124572444],[-73.11692492031968,45.238017583178866],[-73.1169271679045,45.23801806645514]]]},"properties":{"NO_LOT":"4 391 913","geoId":"ca/qc/lot/4-391-913","name":"4 391 913","code":"4 391 913","level":"locality","country":"CA","noLot":"4 391 913"}},{"type":"Feature","geometry":{"type":"Polygon","coordinates":[[[-73.12090050803432,45.236628053226056],[-73.12140489320174,45.23683515698632],[-73.12152008686556,45.23669511130971],[-73.12101559839189,45.2364879659215],[-73.12100403437924,45.236502040771846],[-73.12090659142542,45.2366206482902],[-73.12090050803432,45.236628053226056]]]},"properties":{"NO_LOT":"5 171 782","geoId":"ca/qc/lot/5-171-782","name":"5 171 782","code":"5 171 782","level":"locality","country":"CA","noLot":"5 171 782"}},{"type":"Feature","geometry":{"type":"Polygon","coordinates":[[[-73.12252707943445,45.23673389006107],[-73.1219156519161,45.23648284204251],[-73.1218004600489,45.23662288824226],[-73.12241188846555,45.236873936907266],[-73.12252707943445,45.23673389006107]]]},"properties":{"NO_LOT":"5 171 789","geoId":"ca/qc/lot/5-171-789","name":"5 171 789","code":"5 171 789","level":"locality","country":"CA","noLot":"5 171 789"}},{"type":"Feature","geometry":{"type":"Polygon","coordinates":[[[-73.12073106151723,45.23315210402992],[-73.12082694769066,45.23303535612202],[-73.12049232345069,45.23289804474349],[-73.12039739038978,45.23301518325766],[-73.12073106151723,45.23315210402992]]]},"properties":{"NO_LOT":"6 388 002","geoId":"ca/qc/lot/6-388-002","name":"6 388 002","code":"6 388 002","level":"locality","country":"CA","noLot":"6 388 002"}},{"type":"Feature","geometry":{"type":"Polygon","coordinates":[[[-73.10937132306543,45.23588022953594],[-73.11000991653627,45.236448020528364],[-73.11001647064461,45.23645382885988],[-73.11002305349899,45.23645962074374],[-73.11002966330285,45.23646539681262],[-73.1100363009545,45.23647115769902],[-73.11004296555558,45.23647690277037],[-73.11004965800446,45.23648263139416],[-73.11005637740277,45.23648834483549],[-73.11006312464887,45.236494041829246],[-73.11006989884443,45.23649972237536],[-73.11007669909114,45.23650538773912],[-73.11008352628728,45.2365110353901],[-73.11009038133122,45.23651666849126],[-73.11009726332462,45.23652228451228],[-73.11010417136914,45.23652788345315],[-73.11011110636314,45.236533466579054],[-73.11011806920492,45.236539033889954],[-73.11012505719953,45.23654458285559],[-73.11013207214356,45.23655011663883],[-73.11013911313876,45.2365556327094],[-73.1101461801851,45.23656113233244],[-73.11015327328258,45.23656661487537],[-73.11016039332952,45.2365720803382],[-73.11016753763097,45.23657752935351],[-73.1101747097802,45.23658296128873],[-73.11018190708226,45.236588376776446],[-73.11018913043547,45.2365937732863],[-73.11019637894148,45.2365991546139],[-73.11020365439697,45.23660451759624],[-73.11021095410698,45.236609863498465],[-73.1102182789698,45.236615191688124],[-73.11033771268177,45.236715874325526],[-73.11034479769441,45.23672042317277],[-73.11035190336833,45.236724958103],[-73.11035902880514,45.23672947721851],[-73.11036617310658,45.236733981151886],[-73.110373337171,45.2367384692705],[-73.11038052010001,45.23674294220695],[-73.11075881054761,45.23628505300287],[-73.11327810881247,45.23319035443562],[-73.11011106683726,45.23493533291139],[-73.11033283842303,45.2351466780482],[-73.10921420502729,45.235762573146175],[-73.10935583251666,45.23588850057617],[-73.10937132306543,45.23588022953594]]]},"properties":{"NO_LOT":"4 392 134","geoId":"ca/qc/lot/4-392-134","name":"4 392 134","code":"4 392 134","level":"locality","country":"CA","noLot":"4 392 134"}},{"type":"Feature","geometry":{"type":"Polygon","coordinates":[[[-73.11592998044696,45.238095588600046],[-73.11555420797707,45.23855416661558],[-73.115437500652,45.238696589905146],[-73.115437118868,45.2386970579944],[-73.11528739306634,45.238872833456035],[-73.1155204951028,45.23896891029215],[-73.11581273952258,45.23861215856099],[-73.11585108051725,45.23856535460802],[-73.11576036324996,45.23852826160028],[-73.11583812860746,45.23843333084305],[-73.11592884587475,45.2384704232802],[-73.11594998592832,45.238444616272936],[-73.11608026050916,45.2382855801262],[-73.11615869331493,45.238189834227924],[-73.11592998044696,45.238095588600046]]]},"properties":{"NO_LOT":"4 391 408","geoId":"ca/qc/lot/4-391-408","name":"4 391 408","code":"4 391 408","level":"locality","country":"CA","noLot":"4 391 408"}},{"type":"Feature","geometry":{"type":"Polygon","coordinates":[[[-73.11383675761294,45.24060943540422],[-73.11384118810392,45.24060448774072],[-73.11384558984882,45.240599526793645],[-73.11384996105097,45.24059455256297],[-73.11385430350705,45.240589565681205],[-73.11385861452212,45.240584565515825],[-73.11386289679108,45.240579552699394],[-73.1138671485173,45.240574527864354],[-73.11387136970083,45.2405694884807],[-73.11387556123994,45.24056443771098],[-73.11387972223635,45.24055937429013],[-73.11388385269002,45.240554298850746],[-73.11388795260096,45.24054921076028],[-73.11389202286755,45.24054411065124],[-73.11389606169305,45.240538997258554],[-73.11390007087417,45.24053387374487],[-73.1139040477159,45.240528736315],[-73.11390799491328,45.24052358876416],[-73.11391191066961,45.24051842856222],[-73.1139157958832,45.24051325634167],[-73.11391964965577,45.240508073367565],[-73.1139234719873,45.24050287963996],[-73.11392726377612,45.24049767262867],[-73.11393102502221,45.24049245549637],[-73.11393475392896,45.24048722634546],[-73.11393845049635,45.240481987706104],[-73.11394211741934,45.240476736415566],[-73.11394575290132,45.24047147437149],[-73.1139493560439,45.240466202206406],[-73.11395292684716,45.24046091865523],[-73.11395646800601,45.240455624350446],[-73.11395997592719,45.24045032055725],[-73.11396345150902,45.24044500537789],[-73.11396689564984,45.24043968071003],[-73.11397030924792,45.24043434528864],[-73.11397368960833,45.24042899911363],[-73.1139770376294,45.24042364345014],[-73.11398035420942,45.24041827829813],[-73.1139836384501,45.24041290239253],[-73.11398689124974,45.24040751763095],[-73.11399010991342,45.240402122115775],[-73.11399329713602,45.240396717112056],[-73.11399645201932,45.240391303252395],[-73.11399957456324,45.240385880536714],[-73.11334644455445,45.24008733118688],[-73.11307072284767,45.240454021510665],[-73.11322368617762,45.24052386012071],[-73.11322990790929,45.24051705849626],[-73.11371896512298,45.240740346552386],[-73.11383675761294,45.24060943540422]]]},"properties":{"NO_LOT":"4 391 555","geoId":"ca/qc/lot/4-391-555","name":"4 391 555","code":"4 391 555","level":"locality","country":"CA","noLot":"4 391 555"}},{"type":"Feature","geometry":{"type":"Polygon","coordinates":[[[-73.11243983871857,45.237906298582274],[-73.1120757443474,45.23832763886613],[-73.11241130014032,45.238465521607026],[-73.11277539361318,45.23804417981536],[-73.11243983871857,45.237906298582274]]]},"properties":{"NO_LOT":"4 390 564","geoId":"ca/qc/lot/4-390-564","name":"4 390 564","code":"4 390 564","level":"locality","country":"CA","noLot":"4 390 564"}},{"type":"Feature","geometry":{"type":"Polygon","coordinates":[[[-73.11997763909855,45.24127214516343],[-73.12021925985883,45.24100471576396],[-73.12010900872569,45.24095965070328],[-73.11988436522596,45.24123402037724],[-73.11997763909855,45.24127214516343]]]},"properties":{"NO_LOT":"6 638 176","geoId":"ca/qc/lot/6-638-176","name":"6 638 176","code":"6 638 176","level":"locality","country":"CA","noLot":"6 638 176"}},{"type":"Feature","geometry":{"type":"Polygon","coordinates":[[[-73.12043280736816,45.23441138756101],[-73.12056699231542,45.234466543360014],[-73.12083534963351,45.23457685163437],[-73.12091200467334,45.23448146259939],[-73.12051038767274,45.234316379707174],[-73.12043280736816,45.23441138756101]]]},"properties":{"NO_LOT":"4 865 797","geoId":"ca/qc/lot/4-865-797","name":"4 865 797","code":"4 865 797","level":"locality","country":"CA","noLot":"4 865 797"}},{"type":"Feature","geometry":{"type":"Polygon","coordinates":[[[-73.11840124309863,45.23686127595074],[-73.1182850208638,45.23700287671215],[-73.11860691417954,45.23713171564574],[-73.11872168114363,45.23699229188574],[-73.11840124309863,45.23686127595074]]]},"properties":{"NO_LOT":"4 391 302","geoId":"ca/qc/lot/4-391-302","name":"4 391 302","code":"4 391 302","level":"locality","country":"CA","noLot":"4 391 302"}},{"type":"Feature","geometry":{"type":"Polygon","coordinates":[[[-73.11594998592832,45.238444616272936],[-73.11592884587475,45.2384704232802],[-73.11585108051725,45.23856535460802],[-73.11581273952258,45.23861215856099],[-73.1161058759695,45.23873284846611],[-73.1162432265798,45.23856517622765],[-73.11594998592832,45.238444616272936]]]},"properties":{"NO_LOT":"4 391 405","geoId":"ca/qc/lot/4-391-405","name":"4 391 405","code":"4 391 405","level":"locality","country":"CA","noLot":"4 391 405"}},{"type":"Feature","geometry":{"type":"Polygon","coordinates":[[[-73.12117503677841,45.240874000043796],[-73.1209221466529,45.241184190052735],[-73.12122170605406,45.24130580620241],[-73.12147206472712,45.2409987206695],[-73.12144182114643,45.24098627063121],[-73.12117503677841,45.240874000043796]]]},"properties":{"NO_LOT":"4 391 462","geoId":"ca/qc/lot/4-391-462","name":"4 391 462","code":"4 391 462","level":"locality","country":"CA","noLot":"4 391 462"}},{"type":"Feature","geometry":{"type":"Polygon","coordinates":[[[-73.11315667904394,45.24355402458661],[-73.11190693922741,45.24297994855516],[-73.111702603043,45.24321345070731],[-73.11295254947204,45.243787305535506],[-73.11315667904394,45.24355402458661]]]},"properties":{"NO_LOT":"4 391 566","geoId":"ca/qc/lot/4-391-566","name":"4 391 566","code":"4 391 566","level":"locality","country":"CA","noLot":"4 391 566"}},{"type":"Feature","geometry":{"type":"Polygon","coordinates":[[[-73.11343183032051,45.24131466723025],[-73.11369555772164,45.24102272887467],[-73.11386993509132,45.24082969454715],[-73.11370522000084,45.24075559559034],[-73.11360855408974,45.24086284602996],[-73.11329598348999,45.24120993635838],[-73.11301738897093,45.241519295929926],[-73.11284666774445,45.24170253208476],[-73.11267032486091,45.24189180249805],[-73.11245903751282,45.24212187772933],[-73.11218898866706,45.24241586420237],[-73.11235337317753,45.24249066371332],[-73.11258680759063,45.242234624663695],[-73.11279701606206,45.24200405715892],[-73.11303611614966,45.24174649281044],[-73.11322280493032,45.241545385542814],[-73.11324522867645,45.24152122891595],[-73.11343183032051,45.24131466723025]]]},"properties":{"NO_LOT":"4 391 946","geoId":"ca/qc/lot/4-391-946","name":"4 391 946","code":"4 391 946","level":"locality","country":"CA","noLot":"4 391 946"}},{"type":"Feature","geometry":{"type":"Polygon","coordinates":[[[-73.12274428398531,45.23350603886402],[-73.1224120735185,45.23336949787929],[-73.12231449042751,45.233488030329084],[-73.12264670179262,45.233624571029],[-73.12274428398531,45.23350603886402]]]},"properties":{"NO_LOT":"4 391 227","geoId":"ca/qc/lot/4-391-227","name":"4 391 227","code":"4 391 227","level":"locality","country":"CA","noLot":"4 391 227"}},{"type":"Feature","geometry":{"type":"Polygon","coordinates":[[[-73.12073106151723,45.23315210402992],[-73.12039739038978,45.23301518325766],[-73.12020299316566,45.23325504870329],[-73.12053471494895,45.23339117054116],[-73.12073106151723,45.23315210402992]]]},"properties":{"NO_LOT":"6 388 001","geoId":"ca/qc/lot/6-388-001","name":"6 388 001","code":"6 388 001","level":"locality","country":"CA","noLot":"6 388 001"}},{"type":"Feature","geometry":{"type":"Polygon","coordinates":[[[-73.11859254382995,45.237722916080855],[-73.11834762535426,45.23760008406245],[-73.1181640115068,45.23782672730851],[-73.11780177215671,45.23827162969892],[-73.118060778911,45.23837707634806],[-73.11859254382995,45.237722916080855]]]},"properties":{"NO_LOT":"4 391 389","geoId":"ca/qc/lot/4-391-389","name":"4 391 389","code":"4 391 389","level":"locality","country":"CA","noLot":"4 391 389"}},{"type":"Feature","geometry":{"type":"Polygon","coordinates":[[[-73.12024446838232,45.239923323450974],[-73.12023866616391,45.23991986852078],[-73.1202328873017,45.239916394614205],[-73.12022712999902,45.239912900466145],[-73.1202213969509,45.2399093892393],[-73.12021568725893,45.2399058584035],[-73.12021000002488,45.239902309223865],[-73.12020433614703,45.23989874170032],[-73.12019869652364,45.23989515456787],[-73.12019307935819,45.23989155035656],[-73.12018748644722,45.23988792780144],[-73.12018191689248,45.23988428563731],[-73.12017637159222,45.23988062639435],[-73.12017085054649,45.239876948807535],[-73.12016535285694,45.23987325224428],[-73.12015988032024,45.23986953923475],[-73.12015443203803,45.23986580724874],[-73.12014900801034,45.239862058816456],[-73.1201436091355,45.23985829140777],[-73.12013823541346,45.23985450628764],[-73.12013288504762,45.23985070472128],[-73.12012756073294,45.239846884810966],[-73.12012226157108,45.23984304782179],[-73.12011698666375,45.239839193753774],[-73.12011173780753,45.239835322606936],[-73.12010651410415,45.2398314337487],[-73.12010131645192,45.239827527811585],[-73.12009614395252,45.23982360542811],[-73.12009099840257,45.239819665333314],[-73.12008587710713,45.23981570879214],[-73.12008078186284,45.23981173580464],[-73.12007571356801,45.23980774637081],[-73.12007067132433,45.23980373985809],[-73.12006565513178,45.2397997175316],[-73.12006066588867,45.2397956787587],[-73.12005570269673,45.23979162227442],[-73.12005076555593,45.23978755187393],[-73.12004585716122,45.239783463762045],[-73.12004097391934,45.239779359836305],[-73.12003611762692,45.239775240729266],[-73.12003128918226,45.23977110454336],[-73.12002648678875,45.2397669538087],[-73.12002171314134,45.23976278662766],[-73.11973739725222,45.2401015221651],[-73.11995807828323,45.24019239304701],[-73.11991369072842,45.240247961973616],[-73.11995980933679,45.240268276488564],[-73.12024446838232,45.239923323450974]]]},"properties":{"NO_LOT":"4 391 437","geoId":"ca/qc/lot/4-391-437","name":"4 391 437","code":"4 391 437","level":"locality","country":"CA","noLot":"4 391 437"}},{"type":"Feature","geometry":{"type":"Polygon","coordinates":[[[-73.12084994276529,45.23580445789492],[-73.12104479543527,45.235567281586825],[-73.12072763085116,45.23543691393334],[-73.12062991840277,45.235555357936825],[-73.12053217541164,45.23567384217897],[-73.12084994276529,45.23580445789492]]]},"properties":{"NO_LOT":"4 391 307","geoId":"ca/qc/lot/4-391-307","name":"4 391 307","code":"4 391 307","level":"locality","country":"CA","noLot":"4 391 307"}},{"type":"Feature","geometry":{"type":"Polygon","coordinates":[[[-73.11866749296905,45.236018040407885],[-73.11847186684963,45.23625495168125],[-73.11879116403422,45.236386202435774],[-73.11888855398742,45.236267573552915],[-73.11898594483895,45.23614894315726],[-73.11866749296905,45.236018040407885]]]},"properties":{"NO_LOT":"4 391 299","geoId":"ca/qc/lot/4-391-299","name":"4 391 299","code":"4 391 299","level":"locality","country":"CA","noLot":"4 391 299"}},{"type":"Feature","geometry":{"type":"Polygon","coordinates":[[[-73.12126635771357,45.235658252710564],[-73.12113967998714,45.2358124474458],[-73.1214610316188,45.23594578358556],[-73.12147595892387,45.23592761451486],[-73.12158782702451,45.23579144435007],[-73.12126635771357,45.235658252710564]]]},"properties":{"NO_LOT":"4 391 330","geoId":"ca/qc/lot/4-391-330","name":"4 391 330","code":"4 391 330","level":"locality","country":"CA","noLot":"4 391 330"}},{"type":"Feature","geometry":{"type":"Polygon","coordinates":[[[-73.1174423723812,45.23929476812447],[-73.11715764596201,45.2396330427984],[-73.11732261707235,45.239699934772524],[-73.1176076399356,45.23936173829996],[-73.1174423723812,45.23929476812447]]]},"properties":{"NO_LOT":"4 391 429","geoId":"ca/qc/lot/4-391-429","name":"4 391 429","code":"4 391 429","level":"locality","country":"CA","noLot":"4 391 429"}},{"type":"Feature","geometry":{"type":"Polygon","coordinates":[[[-73.11906611678312,45.23964304139853],[-73.11923628734233,45.2397095532033],[-73.11957348795053,45.239282900920664],[-73.11956931437773,45.23927903479629],[-73.11956511565208,45.239275182587676],[-73.119560889977,45.2392713455599],[-73.11955663735243,45.23926752371297],[-73.11955235867674,45.239263714516774],[-73.11954805484821,45.2392599217665],[-73.11954372496855,45.23925614293199],[-73.11953936813941,45.23925237864583],[-73.1195349879541,45.239248629540555],[-73.1195305808193,45.23924489561614],[-73.11952614763337,45.239241176872625],[-73.11952168929461,45.2392374726774],[-73.11951720670135,45.23923378366311],[-73.11951269805695,45.239230111094784],[-73.1195081642597,45.23922645307482],[-73.11950360620796,45.239222810868334],[-73.11949902300337,45.239219183842664],[-73.11949441554428,45.239215572630485],[-73.11948978203404,45.23921197786435],[-73.1194851251676,45.239208397646536],[-73.11948044404666,45.239204834507234],[-73.11947573867121,45.23920128654892],[-73.11947100814292,45.239197755669124],[-73.11946625425843,45.23919424060278],[-73.11946147522113,45.23919074198249],[-73.11945667462425,45.239187258543105],[-73.11945184797624,45.239183792814856],[-73.11944699887033,45.23918034353263],[-73.11906611678312,45.23964304139853]]]},"properties":{"NO_LOT":"4 391 442","geoId":"ca/qc/lot/4-391-442","name":"4 391 442","code":"4 391 442","level":"locality","country":"CA","noLot":"4 391 442"}},{"type":"Feature","geometry":{"type":"Polygon","coordinates":[[[-73.11882954994462,45.23881922789009],[-73.11879823647045,45.238791167258555],[-73.11857718713016,45.238687863202834],[-73.11820449049183,45.23913956759888],[-73.11837416248608,45.23920765756611],[-73.11847428062279,45.23924783442913],[-73.11882954994462,45.23881922789009]]]},"properties":{"NO_LOT":"5 750 081","geoId":"ca/qc/lot/5-750-081","name":"5 750 081","code":"5 750 081","level":"locality","country":"CA","noLot":"5 750 081"}},{"type":"Feature","geometry":{"type":"Polygon","coordinates":[[[-73.12038846562743,45.23392995738208],[-73.12027937960923,45.234062773509635],[-73.12060747219876,45.23419748840133],[-73.12100782706636,45.23436222117781],[-73.12104373093165,45.23437717713541],[-73.121141329294,45.23425863325548],[-73.12115198870318,45.23424568388211],[-73.12038846562743,45.23392995738208]]]},"properties":{"NO_LOT":"4 391 249","geoId":"ca/qc/lot/4-391-249","name":"4 391 249","code":"4 391 249","level":"locality","country":"CA","noLot":"4 391 249"}},{"type":"Feature","geometry":{"type":"Polygon","coordinates":[[[-73.11149021166543,45.23751608123395],[-73.11112611280267,45.23793741871826],[-73.11157241380212,45.238120813178625],[-73.11193651086823,45.23769947515652],[-73.11149021166543,45.23751608123395]]]},"properties":{"NO_LOT":"4 390 567","geoId":"ca/qc/lot/4-390-567","name":"4 390 567","code":"4 390 567","level":"locality","country":"CA","noLot":"4 390 567"}},{"type":"Feature","geometry":{"type":"Polygon","coordinates":[[[-73.1204812211721,45.24087866431095],[-73.12040211462985,45.240973062822064],[-73.12046270060588,45.24099766055357],[-73.1205418062498,45.24090326081829],[-73.1204812211721,45.24087866431095]]]},"properties":{"NO_LOT":"4 391 468","geoId":"ca/qc/lot/4-391-468","name":"4 391 468","code":"4 391 468","level":"locality","country":"CA","noLot":"4 391 468"}},{"type":"Feature","geometry":{"type":"Polygon","coordinates":[[[-73.12043280736816,45.23441138756101],[-73.12041339746983,45.234435157528765],[-73.1203164063686,45.234553935102156],[-73.12012121413547,45.234790994181054],[-73.12025541974396,45.234846159733145],[-73.12056699231542,45.234466543360014],[-73.12043280736816,45.23441138756101]]]},"properties":{"NO_LOT":"4 865 798","geoId":"ca/qc/lot/4-865-798","name":"4 865 798","code":"4 865 798","level":"locality","country":"CA","noLot":"4 865 798"}},{"type":"Feature","geometry":{"type":"Polygon","coordinates":[[[-73.12147424853157,45.23551544541532],[-73.12173645508491,45.23561129829902],[-73.12183364201887,45.23549448016506],[-73.1215113417663,45.23536229807604],[-73.1214003531163,45.23549570422418],[-73.12147424853157,45.23551544541532]]]},"properties":{"NO_LOT":"6 433 645","geoId":"ca/qc/lot/6-433-645","name":"6 433 645","code":"6 433 645","level":"locality","country":"CA","noLot":"6 433 645"}},{"type":"Feature","geometry":{"type":"Polygon","coordinates":[[[-73.11586337486023,45.241665681482665],[-73.1151436581293,45.24137575129438],[-73.1147067759656,45.24185860923693],[-73.11407089361026,45.24255098813342],[-73.11386068783378,45.24278155847867],[-73.11351597730982,45.24315561968656],[-73.11493998220662,45.24353246459059],[-73.11643440334362,45.241892111799096],[-73.11586337486023,45.241665681482665]]]},"properties":{"NO_LOT":"4 390 000","geoId":"ca/qc/lot/4-390-000","name":"4 390 000","code":"4 390 000","level":"locality","country":"CA","noLot":"4 390 000"}},{"type":"Feature","geometry":{"type":"Polygon","coordinates":[[[-73.1224773945144,45.23419031025328],[-73.12235059910869,45.23434432425199],[-73.12267272059651,45.23447671620167],[-73.12279951600223,45.23432270192915],[-73.1224773945144,45.23419031025328]]]},"properties":{"NO_LOT":"4 391 264","geoId":"ca/qc/lot/4-391-264","name":"4 391 264","code":"4 391 264","level":"locality","country":"CA","noLot":"4 391 264"}},{"type":"Feature","geometry":{"type":"Polygon","coordinates":[[[-73.11422611710148,45.23801537301211],[-73.11396853687187,45.23833150885059],[-73.1142040778343,45.23842730321694],[-73.1144616562673,45.23811116727886],[-73.11422611710148,45.23801537301211]]]},"properties":{"NO_LOT":"4 391 397","geoId":"ca/qc/lot/4-391-397","name":"4 391 397","code":"4 391 397","level":"locality","country":"CA","noLot":"4 391 397"}},{"type":"Feature","geometry":{"type":"Polygon","coordinates":[[[-73.11723394796392,45.238463913018116],[-73.11733072077453,45.23834502532907],[-73.11701860921391,45.23822034695263],[-73.11692242390149,45.23833946958115],[-73.11723394796392,45.238463913018116]]]},"properties":{"NO_LOT":"6 276 756","geoId":"ca/qc/lot/6-276-756","name":"6 276 756","code":"6 276 756","level":"locality","country":"CA","noLot":"6 276 756"}},{"type":"Feature","geometry":{"type":"Polygon","coordinates":[[[-73.11873791819238,45.23873711313578],[-73.1183302366653,45.23857245313411],[-73.11845374603371,45.238630174327895],[-73.11857718713016,45.238687863202834],[-73.11879823647045,45.238791167258555],[-73.11873791819238,45.23873711313578]]]},"properties":{"NO_LOT":"5 750 083","geoId":"ca/qc/lot/5-750-083","name":"5 750 083","code":"5 750 083","level":"locality","country":"CA","noLot":"5 750 083"}},{"type":"Feature","geometry":{"type":"Polygon","coordinates":[[[-73.11646991015353,45.23780990936104],[-73.1163347972466,45.23797485306209],[-73.1166280226267,45.23809542982756],[-73.116763133737,45.23793048710908],[-73.11646991015353,45.23780990936104]]]},"properties":{"NO_LOT":"4 391 401","geoId":"ca/qc/lot/4-391-401","name":"4 391 401","code":"4 391 401","level":"locality","country":"CA","noLot":"4 391 401"}},{"type":"Feature","geometry":{"type":"Polygon","coordinates":[[[-73.11586337486023,45.241665681482665],[-73.11654537762055,45.24091955032162],[-73.11621301983004,45.24076781986599],[-73.11655601457183,45.24038502218775],[-73.11647156395196,45.24035124042166],[-73.11704254662128,45.239713987953394],[-73.116189430969,45.23936436020151],[-73.115314020928,45.240325684752406],[-73.11527370992793,45.24036995205753],[-73.11456882348405,45.24114398483023],[-73.1151436581293,45.24137575129438],[-73.11586337486023,45.241665681482665]]]},"properties":{"NO_LOT":"4 391 534","geoId":"ca/qc/lot/4-391-534","name":"4 391 534","code":"4 391 534","level":"locality","country":"CA","noLot":"4 391 534"}},{"type":"Feature","geometry":{"type":"Polygon","coordinates":[[[-73.1141540138252,45.241228897558756],[-73.11369555772164,45.24102272887467],[-73.11343183032051,45.24131466723025],[-73.11389646323997,45.24151382967793],[-73.1147067759656,45.24185860923693],[-73.1151436581293,45.24137575129438],[-73.11456882348405,45.24114398483023],[-73.11453929945392,45.24113070811239],[-73.11432839029658,45.24103586203415],[-73.1141540138252,45.241228897558756]]]},"properties":{"NO_LOT":"4 391 542","geoId":"ca/qc/lot/4-391-542","name":"4 391 542","code":"4 391 542","level":"locality","country":"CA","noLot":"4 391 542"}},{"type":"Feature","geometry":{"type":"Polygon","coordinates":[[[-73.11820145418618,45.2401821617701],[-73.11780116489558,45.24062580975098],[-73.11795181506366,45.24068698437511],[-73.11835210435427,45.24024333623936],[-73.11820145418618,45.2401821617701]]]},"properties":{"NO_LOT":"4 391 482","geoId":"ca/qc/lot/4-391-482","name":"4 391 482","code":"4 391 482","level":"locality","country":"CA","noLot":"4 391 482"}},{"type":"Feature","geometry":{"type":"Polygon","coordinates":[[[-73.11889578183221,45.23957672244159],[-73.11906611678312,45.23964304139853],[-73.11944699887033,45.23918034353263],[-73.11944197010136,45.23917680063316],[-73.11943691617958,45.23917327607733],[-73.11943183800327,45.23916976986515],[-73.11942673557246,45.239166280731546],[-73.1194216070905,45.23916280994165],[-73.11941645525236,45.23915935686284],[-73.11941127915968,45.23915592212776],[-73.1194060788125,45.23915250573632],[-73.11940085421082,45.239149107688554],[-73.11939560625292,45.23914572861707],[-73.1193903331422,45.23914236662419],[-73.11938503847192,45.23913902487261],[-73.11937971775049,45.2391357008322],[-73.11937437636782,45.23913239576803],[-73.11936900983231,45.239129109680114],[-73.11936362083893,45.239125842568484],[-73.11935820848933,45.23912259506563],[-73.11935277368187,45.239119365906504],[-73.1193473164165,45.23911615572365],[-73.11934183579496,45.23911296514962],[-73.11933633271552,45.2391097941844],[-73.11933080807654,45.23910664219546],[-73.11932526097965,45.23910350981534],[-73.1193196923232,45.23910039704406],[-73.11931410120887,45.23909730388162],[-73.11930848763666,45.23909422969551],[-73.11930285430152,45.23909117701582],[-73.11899675965667,45.2394564252415],[-73.11889578183221,45.23957672244159]]]},"properties":{"NO_LOT":"5 903 620","geoId":"ca/qc/lot/5-903-620","name":"5 903 620","code":"5 903 620","level":"locality","country":"CA","noLot":"5 903 620"}},{"type":"Feature","geometry":{"type":"Polygon","coordinates":[[[-73.12190572193893,45.23260647497946],[-73.12222573597911,45.232738747616885],[-73.122440037175,45.232477821266194],[-73.12212175867992,45.23234626668205],[-73.12202355934465,45.232464545053865],[-73.12190572193893,45.23260647497946]]]},"properties":{"NO_LOT":"4 391 189","geoId":"ca/qc/lot/4-391-189","name":"4 391 189","code":"4 391 189","level":"locality","country":"CA","noLot":"4 391 189"}},{"type":"Feature","geometry":{"type":"Polygon","coordinates":[[[-73.119818932839,45.23601520643665],[-73.11972088621731,45.23613356446884],[-73.1200435107617,45.236266179346416],[-73.12014125734608,45.236147697604466],[-73.119818932839,45.23601520643665]]]},"properties":{"NO_LOT":"4 391 319","geoId":"ca/qc/lot/4-391-319","name":"4 391 319","code":"4 391 319","level":"locality","country":"CA","noLot":"4 391 319"}},{"type":"Feature","geometry":{"type":"Polygon","coordinates":[[[-73.11759201104628,45.23827511192935],[-73.11759024945,45.23827442307397],[-73.11758847168407,45.23827375509299],[-73.11758667774845,45.238273109884105],[-73.11758486764315,45.23827248618216],[-73.11758304406312,45.23827188461973],[-73.1175812034151,45.238271305829386],[-73.11757935108899,45.23827074917854],[-73.1175774834915,45.23827021593231],[-73.11757560511424,45.238269706090726],[-73.11757371236395,45.238269219021234],[-73.11757180973217,45.23826875472382],[-73.117569894524,45.23826831383102],[-73.11756796943433,45.238267896975444],[-73.11756603446322,45.23826750415704],[-73.11756409050894,45.238267134110714],[-73.11756213757151,45.23826678873415],[-73.11756017565092,45.238266466762234],[-73.11755820654383,45.23826617009259],[-73.1175562302502,45.23826589682765],[-73.11755424856669,45.23826564759984],[-73.11755225969665,45.23826542304182],[-73.11755026633503,45.238265223153554],[-73.11754826848183,45.23826504793504],[-73.11754626703538,45.2382648967537],[-73.11754426019904,45.23826476960954],[-73.11754225246437,45.23826466903289],[-73.11754024203478,45.238264590595705],[-73.11753822980855,45.23826453872593],[-73.117536216684,45.23826451089339],[-73.11753420355943,45.23826450773064],[-73.11753218953658,45.23826452987016],[-73.11753017731033,45.238264576046866],[-73.11752816688072,45.23826464689337],[-73.11752615734943,45.23826474304214],[-73.11752415141142,45.2382648638607],[-73.11752214816832,45.23826500871645],[-73.11752014851851,45.23826517760937],[-73.11751815425856,45.238265371804616],[-73.11751616449021,45.238265590669656],[-73.11751418011174,45.2382658342044],[-73.11751220381814,45.23826610114379],[-73.1175102329144,45.23826639212042],[-73.11750826919719,45.23826670776674],[-73.11750631356482,45.238267046817775],[-73.11750436781391,45.238267411171066],[-73.11750242924951,45.23826779766388],[-73.11750050236324,45.238268210091576],[-73.1174985844601,45.23826864402622],[-73.11749667823507,45.23826910263061],[-73.11749478458646,45.238269584007085],[-73.11749290171763,45.23827008878821],[-73.1174910314252,45.238270615708856],[-73.11748917550582,45.23827116666667],[-73.11748733216287,45.238271739763995],[-73.11748550409125,45.23827233563341],[-73.1174836903927,45.23827295364234],[-73.11748189286381,45.23827359505591],[-73.11748011060628,45.238274256711286],[-73.11747834541674,45.238274941138755],[-73.11747659729522,45.238275647073195],[-73.11747486624165,45.238276373881966],[-73.1174731531544,45.23827712219777],[-73.1174714598301,45.238277890755384],[-73.11746978447209,45.23827868081993],[-73.11746812977533,45.23827949112631],[-73.11746649484152,45.23828032104199],[-73.11746488056896,45.23828117119946],[-73.11746328785597,45.23828204096626],[-73.11746171670254,45.23828293097485],[-73.11746016621035,45.23828383869506],[-73.11745864087099,45.2382847666571],[-73.1174571361929,45.2382857129633],[-73.11745565666763,45.23828667698109],[-73.11745419960025,45.23828765871046],[-73.11745276768568,45.23828866004914],[-73.11745136002563,45.238289677201685],[-73.1174499784167,45.23829071206588],[-73.11744862196063,45.23829176274394],[-73.11744729245402,45.2382928311336],[-73.11744598810022,45.238293914704656],[-73.11744471159422,45.23829501472217],[-73.11744346113933,45.23829612992106],[-73.11744223943055,45.23829726093381],[-73.11744104556952,45.23829840586286],[-73.11743987955629,45.23829956597322],[-73.11743874228915,45.23830073999988],[-73.11743763466639,45.23830192794272],[-73.11743655668805,45.23830312916929],[-73.1174355074558,45.23830434367948],[-73.11743448876626,45.238305570840865],[-73.11727940002237,45.23849614045293],[-73.11757095992591,45.23861285626801],[-73.11778357498399,45.238351655790645],[-73.11759201104628,45.23827511192935]]]},"properties":{"NO_LOT":"4 391 424","geoId":"ca/qc/lot/4-391-424","name":"4 391 424","code":"4 391 424","level":"locality","country":"CA","noLot":"4 391 424"}},{"type":"Feature","geometry":{"type":"Polygon","coordinates":[[[-73.12266330445571,45.243562791653986],[-73.12225541631612,45.243377068812784],[-73.1221232615614,45.24352191703301],[-73.12210816537305,45.243538463845155],[-73.12251605441095,45.243724186791205],[-73.12266330445571,45.243562791653986]]]},"properties":{"NO_LOT":"4 391 497","geoId":"ca/qc/lot/4-391-497","name":"4 391 497","code":"4 391 497","level":"locality","country":"CA","noLot":"4 391 497"}},{"type":"Feature","geometry":{"type":"Polygon","coordinates":[[[-73.1226254126187,45.24199416523699],[-73.12229122226503,45.24185460350136],[-73.1219958741659,45.24217634672399],[-73.12232972765136,45.24231630362221],[-73.12237835166106,45.24226333065578],[-73.1226254126187,45.24199416523699]]]},"properties":{"NO_LOT":"4 391 513","geoId":"ca/qc/lot/4-391-513","name":"4 391 513","code":"4 391 513","level":"locality","country":"CA","noLot":"4 391 513"}},{"type":"Feature","geometry":{"type":"Polygon","coordinates":[[[-73.12022344421143,45.240900523867545],[-73.12003924017084,45.240824918950814],[-73.11988891429456,45.24076199173451],[-73.11973859021492,45.240699066346075],[-73.11958825805044,45.24063613646026],[-73.11931242225761,45.24052066836064],[-73.11931105771669,45.24052010350891],[-73.11904296629993,45.24040938550378],[-73.11877086660037,45.24029700940808],[-73.11859097986304,45.240222716833095],[-73.11851905085992,45.240311128857485],[-73.11864493896722,45.24036224778793],[-73.11885429583575,45.24044726162507],[-73.11904564058453,45.24052495946251],[-73.11919804246743,45.2405872885661],[-73.1193502835519,45.24064951955895],[-73.11968629119738,45.240786865340425],[-73.11993830097393,45.24088987398424],[-73.11999875759257,45.240914586239406],[-73.12005603956497,45.2409379999037],[-73.12010900872569,45.24095965070328],[-73.12021925985883,45.24100471576396],[-73.12043092270271,45.24109123152247],[-73.12065272662782,45.241181893353186],[-73.1213010012425,45.24144791329131],[-73.12136813593693,45.241475462165425],[-73.12143498227218,45.24139022974875],[-73.12139037193516,45.24137257223264],[-73.12122170605406,45.24130580620241],[-73.1209221466529,45.241184190052735],[-73.12071661570914,45.24110074724847],[-73.12046270060588,45.24099766055357],[-73.12040211462985,45.240973062822064],[-73.12022344421143,45.240900523867545]]]},"properties":{"NO_LOT":"4 391 924","geoId":"ca/qc/lot/4-391-924","name":"4 391 924","code":"4 391 924","level":"locality","country":"CA","noLot":"4 391 924"}},{"type":"Feature","geometry":{"type":"Polygon","coordinates":[[[-73.12265435184558,45.23221687790195],[-73.12233607335052,45.23208532397901],[-73.12223865375292,45.232203938185314],[-73.12255693224797,45.23233549309897],[-73.12265435184558,45.23221687790195]]]},"properties":{"NO_LOT":"6 254 896","geoId":"ca/qc/lot/6-254-896","name":"6 254 896","code":"6 254 896","level":"locality","country":"CA","noLot":"6 254 896"}},{"type":"Feature","geometry":{"type":"Polygon","coordinates":[[[-73.1178706801255,45.23737208621731],[-73.117659496982,45.23761268539323],[-73.11788141409485,45.23770636567722],[-73.1181640115068,45.23782672730851],[-73.11834762535426,45.23760008406245],[-73.1178706801255,45.23737208621731]]]},"properties":{"NO_LOT":"4 392 158","geoId":"ca/qc/lot/4-392-158","name":"4 392 158","code":"4 392 158","level":"locality","country":"CA","noLot":"4 392 158"}},{"type":"Feature","geometry":{"type":"Polygon","coordinates":[[[-73.11964284417867,45.239353541773085],[-73.11979979423187,45.239528944533205],[-73.11991271066644,45.23965513434475],[-73.11991673242397,45.23965960578655],[-73.11992078292758,45.23966406331206],[-73.11992486038066,45.23966850881891],[-73.11992896837646,45.239672940409484],[-73.11993310422002,45.23967735871634],[-73.119937269708,45.239681763739476],[-73.11994146394206,45.239686154846346],[-73.11994568422726,45.23969053266946],[-73.11994993505519,45.23969489657637],[-73.11995421373088,45.239699247832064],[-73.11995851935603,45.23970358390642],[-73.1199628546256,45.23970790669711],[-73.11996721684463,45.23971221430645],[-73.11997160691142,45.23971650863206],[-73.11997602482599,45.23972078840892],[-73.11998047058832,45.239725054902046],[-73.11998494419845,45.23972930558138],[-73.11998944475802,45.23973354234443],[-73.11999397406366,45.239737764558704],[-73.11999852852217,45.2397419728568],[-73.12000311172675,45.23974616534102],[-73.12000772188078,45.23975034327647],[-73.12001235898428,45.239754505398096],[-73.12001702213891,45.23975865360351],[-73.12002171314134,45.23976278662766],[-73.12002648678875,45.2397669538087],[-73.12003128918226,45.23977110454336],[-73.12003611762692,45.239775240729266],[-73.12004097391934,45.239779359836305],[-73.12004585716122,45.239783463762045],[-73.12005076555593,45.23978755187393],[-73.12005570269673,45.23979162227442],[-73.12006066588867,45.2397956787587],[-73.12006565513178,45.2397997175316],[-73.12007067132433,45.23980373985809],[-73.12007571356801,45.23980774637081],[-73.12008078186284,45.23981173580464],[-73.12008587710713,45.23981570879214],[-73.12009099840257,45.239819665333314],[-73.12009614395252,45.23982360542811],[-73.12010131645192,45.239827527811585],[-73.12010651410415,45.2398314337487],[-73.12011173780753,45.239835322606936],[-73.12011698666375,45.239839193753774],[-73.12012226157108,45.23984304782179],[-73.12012756073294,45.239846884810966],[-73.12013288504762,45.23985070472128],[-73.12013823541346,45.23985450628764],[-73.1201436091355,45.23985829140777],[-73.12014900801034,45.239862058816456],[-73.12015443203803,45.23986580724874],[-73.12015988032024,45.23986953923475],[-73.12016535285694,45.23987325224428],[-73.12017085054649,45.239876948807535],[-73.12017637159222,45.23988062639435],[-73.12018191689248,45.23988428563731],[-73.12018748644722,45.23988792780144],[-73.12019307935819,45.23989155035656],[-73.12019869652364,45.23989515456787],[-73.12020433614703,45.23989874170032],[-73.12021000002488,45.239902309223865],[-73.12021568725893,45.2399058584035],[-73.1202213969509,45.2399093892393],[-73.12022712999902,45.239912900466145],[-73.1202328873017,45.239916394614205],[-73.12023866616391,45.23991986852078],[-73.12024446838232,45.239923323450974],[-73.12025029216032,45.239926759404774],[-73.1202561392945,45.2399301763822],[-73.12026200978488,45.23993357438321],[-73.12026790093653,45.239936953407835],[-73.12027381454604,45.23994031219105],[-73.12027974971511,45.239943652630394],[-73.12028570734208,45.239946973460846],[-73.12029168652862,45.23995027468237],[-73.12029768637639,45.239953555662495],[-73.12030370958038,45.239956817666226],[-73.12030975254729,45.239960059428554],[-73.1203158179721,45.239963281581986],[-73.12032190405814,45.23996648349393],[-73.12032800990713,45.239969665164544],[-73.12033413731568,45.23997282849127],[-73.12034028538548,45.239975970311555],[-73.12034645411653,45.239979092522915],[-73.12035264350885,45.23998219449291],[-73.12035885266408,45.23998527558898],[-73.12036508158226,45.23998833770868],[-73.12037133206002,45.23999137768936],[-73.12037760050406,45.239994398693746],[-73.12038388960939,45.23999739755911],[-73.12039019847761,45.240000377448126],[-73.1203965271088,45.24000333519819],[-73.12040287370628,45.24000627333936],[-73.12040924096502,45.24000919060667],[-73.12041562708836,45.24001208636745],[-73.12042203117802,45.240014961254396],[-73.12042845503062,45.24001781526739],[-73.12043489684952,45.24002064840647],[-73.12044135663473,45.24002346003912],[-73.12044783618288,45.24002625143044],[-73.12045433279901,45.24002902131528],[-73.12046084917807,45.24003176906116],[-73.12046738172683,45.24003449656567],[-73.12047393314018,45.24003720256377],[-73.12048050072323,45.24003988642291],[-73.1204870871709,45.24004254814309],[-73.12049369068656,45.24004518962192],[-73.12050031216853,45.240047809594344],[-73.12050694982014,45.24005040616273],[-73.12063057237629,45.239891863463754],[-73.12062443149301,45.239889459180205],[-73.12061830857604,45.23988703339018],[-73.12061220362536,45.23988458546116],[-73.12060611574267,45.239882115393144],[-73.120600044928,45.23987962318618],[-73.1205939929779,45.23987710947266],[-73.12058795989248,45.239874574252724],[-73.12058194387501,45.23987201689379],[-73.12057594762048,45.23986943929339],[-73.12056996933227,45.239866838921486],[-73.12056400901035,45.23986421830821],[-73.1205580693497,45.23986157492331],[-73.12055214675703,45.23985891129705],[-73.12054624482563,45.239856226164264],[-73.12054036175881,45.23985351952504],[-73.12053449845496,45.239850792011794],[-73.12052865401573,45.239848044257165],[-73.12052283113606,45.239845274363496],[-73.120517027121,45.23984248422839],[-73.12051124286889,45.239839673219336],[-73.12050547927804,45.23983684133629],[-73.1204997363484,45.23983398921185],[-73.12049401408007,45.23983111621341],[-73.12048831157463,45.23982822234096],[-73.12048263062877,45.23982530949216],[-73.12047697124248,45.23982237450435],[-73.12047133251744,45.23981942054013],[-73.12046571535197,45.239816445069344],[-73.12046011974607,45.23981344998969],[-73.12045454480142,45.23981043656616],[-73.12044899321295,45.2398074010036],[-73.12044346228576,45.239804346464624],[-73.12043795291812,45.23980127105167],[-73.12043246690668,45.23979817729482],[-73.1204270024548,45.2397950632965],[-73.12042156046081,45.239791930321836],[-73.12041614182301,45.23978877710562],[-73.1204107456431,45.23978560428052],[-73.12040537192108,45.23978241311152],[-73.12040002155526,45.23977920233357],[-73.12039469454561,45.23977597257922],[-73.12038939089217,45.2397727225834],[-73.12038410969662,45.239769454243685],[-73.1203788527556,45.239766167560056],[-73.12037362006903,45.23976286126751],[-73.1203684107387,45.239759537263595],[-73.12036322476459,45.23975619301815],[-73.12035806394327,45.23975283106139],[-73.12035292647816,45.23974945139321],[-73.12034781326756,45.23974605211609],[-73.1203427252098,45.239742635127634],[-73.12033766140655,45.23973920042775],[-73.12033262275611,45.239735747384024],[-73.12032760836018,45.239732275363814],[-73.12032262091374,45.23972878626475],[-73.12031765682349,45.23972527818923],[-73.12031271788604,45.23972175366743],[-73.12030780410143,45.239718211434216],[-73.12030291726629,45.23971465022459],[-73.12029805558399,45.23971107320113],[-73.12029321905449,45.23970747846633],[-73.12028840947445,45.23970386538753],[-73.12028362414895,45.239700235229904],[-73.12027886756951,45.23969658925852],[-73.12027413524459,45.23969292557571],[-73.12026943076745,45.23968924418146],[-73.12026475144314,45.239685546340894],[-73.12026009906828,45.23968183268655],[-73.12025547364289,45.23967810132076],[-73.12025087516695,45.23967435350869],[-73.12024630453878,45.23967058925023],[-73.12024175906343,45.23966680917793],[-73.1202372423342,45.239663012659335],[-73.1202327525544,45.23965919969439],[-73.12022829062239,45.239655371548146],[-73.12022385563982,45.239651526322994],[-73.12021944940335,45.23964766528404],[-73.12021506921803,45.23964378969633],[-73.12021071867711,45.23963989639715],[-73.12020639508565,45.23963598918177],[-73.12020210024028,45.239632066152616],[-73.12019783324267,45.239628127309544],[-73.12019359499116,45.23962417328525],[-73.12018938548573,45.23962020471213],[-73.1201852038281,45.23961622032519],[-73.12018105091654,45.23961222138952],[-73.12017692675107,45.239608208537575],[-73.12017283223001,45.23960417923924],[-73.12016876735333,45.23960013665722],[-73.12016473032445,45.23959607826136],[-73.12016072204165,45.23959200658176],[-73.12015713147547,45.23958831948814],[-73.12015356426546,45.23958462037589],[-73.12015002131,45.23958091051022],[-73.1201465017107,45.23957718862598],[-73.12014300726426,45.23957345535571],[-73.120139536174,45.23956971133195],[-73.12013609023656,45.23956595528963],[-73.12013266765534,45.239562189126325],[-73.12012927112525,45.23955841157703],[-73.1199026935527,45.23930519944579],[-73.11985940284085,45.239256819757074],[-73.11985527508212,45.23925222936478],[-73.1198511185773,45.239247653520664],[-73.11984693242808,45.239243091592265],[-73.11984271483783,45.23923854231441],[-73.1198384702981,45.23923400631966],[-73.11983419521566,45.23922948550571],[-73.11982989138713,45.239224977342325],[-73.11982555701589,45.239220484359734],[-73.11982119479687,45.23921600466027],[-73.11981680293344,45.23921153950905],[-73.11981238322225,45.23920708827352],[-73.11980793386665,45.2392026515862],[-73.11980345576495,45.239198228814615],[-73.11979894981549,45.239193821856354],[-73.11979441511993,45.239189427548695],[-73.11978985167829,45.23918504968697],[-73.11978526038888,45.239180685740905],[-73.11978064035337,45.23917633634313],[-73.11977599247008,45.239172003391275],[-73.11977131584071,45.239167684355124],[-73.1197666122619,45.239163380499804],[-73.11976187993697,45.23915909245783],[-73.11975711976429,45.23915481959671],[-73.11975233264214,45.239150562548964],[-73.11974751767221,45.23914632068201],[-73.11974267575283,45.23914209336341],[-73.11973780598566,45.2391378824907],[-73.11973290926906,45.23913368743141],[-73.11972798380636,45.23912950755294],[-73.11972303319084,45.2391253434879],[-73.1197180538292,45.239121196501365],[-73.11971304931475,45.23911706532818],[-73.11970801695254,45.23911294933592],[-73.11970295764085,45.23910885168725],[-73.11969787317635,45.239104768586856],[-73.11969276176238,45.23910070256504],[-73.11968762339897,45.23909665362171],[-73.11968245988271,45.239092620491824],[-73.11967726941698,45.23908860444043],[-73.11967205379845,45.23908460546758],[-73.11966681212878,45.23908062357332],[-73.11966154350964,45.23907665875755],[-73.11965625063598,45.23907271038777],[-73.11965093171119,45.2390687797291],[-73.11964558763356,45.23906486551644],[-73.1196402175048,45.23906096964739],[-73.11963482401983,45.23905709085692],[-73.11962940358539,45.23905322851245],[-73.11962395889645,45.23904938577679],[-73.11961848905469,45.23904555885453],[-73.11961299495842,45.239041750908534],[-73.11960747570932,45.239037959408556],[-73.11960193130739,45.2390341868848],[-73.11959636354925,45.239030432704695],[-73.11959077153661,45.23902669560323],[-73.11958515526946,45.23902297684539],[-73.11957951564608,45.239019276431264],[-73.11957385086991,45.23901559499342],[-73.11956816273754,45.23901193063414],[-73.11956245035064,45.23900828588366],[-73.11955671550585,45.23900465884435],[-73.11955095640658,45.23900104951617],[-73.11954517484942,45.23899746042936],[-73.11953936903772,45.2389938896863],[-73.11953354076817,45.238990337919496],[-73.11952768914242,45.23898680449639],[-73.11952181416044,45.23898329068212],[-73.11951591851724,45.23897979584411],[-73.11950999861952,45.238976319982434],[-73.11950405626392,45.23897286246442],[-73.11949809234875,45.23896942455529],[-73.11949210507738,45.23896600688757],[-73.11948609624645,45.238962607563586],[-73.11948006585594,45.238959228481],[-73.11947401300755,45.238955869007235],[-73.11946793949792,45.238952528509806],[-73.11946184442871,45.238949208886325],[-73.11945572600332,45.23894590760663],[-73.11944958781497,45.23894262656836],[-73.11944357988234,45.23893944547281],[-73.11943755218681,45.238936282721056],[-73.11943150293166,45.23893313957821],[-73.11942543571024,45.23893001604425],[-73.11941934782756,45.238926910854055],[-73.11941324108025,45.238923824640246],[-73.1194071136717,45.23892075866785],[-73.11940096919515,45.23891771167185],[-73.11939480315905,45.23891468365215],[-73.11938861915665,45.238911675873965],[-73.1193824162896,45.23890868707208],[-73.11937619365963,45.23890571787917],[-73.11936995306336,45.23890276892769],[-73.11936369360244,45.23889983895257],[-73.11935741707356,45.23889692858638],[-73.11935112078174,45.23889403909424],[-73.1193448056253,45.23889116857846],[-73.11933847429917,45.23888831893675],[-73.11933212410842,45.238885488903925],[-73.11932575505307,45.238882679112656],[-73.119319369828,45.23887988893028],[-73.11931296573835,45.238877118989414],[-73.1193065445807,45.2388743686575],[-73.1193001072534,45.23887163983216],[-73.11929365195975,45.238868930615794],[-73.11928717959812,45.23886624290603],[-73.11928069016851,45.23886357480526],[-73.11927418367091,45.23886092694597],[-73.11926766100365,45.23885829996073],[-73.11926112216668,45.23885569384958],[-73.11925456536342,45.23885310797996],[-73.11912030136442,45.23880042781883],[-73.1187835526088,45.23866830022873],[-73.11873149254315,45.23864732412322],[-73.1185254495597,45.23856430520011],[-73.118060778911,45.23837707634806],[-73.11800800109143,45.238442302383625],[-73.11809925016136,45.23847915887173],[-73.1183302366653,45.23857245313411],[-73.11873791819238,45.23873711313578],[-73.11879823647045,45.238791167258555],[-73.11882954994462,45.23881922789009],[-73.1189099213148,45.238891253340306],[-73.11891281388999,45.23889372028864],[-73.11891573161805,45.238896171423065],[-73.11891867809217,45.238898607376186],[-73.1189216488208,45.23890102688289],[-73.1189246456006,45.23890342994318],[-73.11892766932985,45.23890581782218],[-73.11893071731362,45.238908189254715],[-73.1189337913485,45.23891054424083],[-73.11893688963794,45.23891288214799],[-73.11894001397849,45.238915204241295],[-73.11894316347187,45.238917507990564],[-73.11894633721977,45.23891979592593],[-73.11894953522217,45.238922067414904],[-73.11895275747911,45.23892431992728],[-73.11895600399053,45.23892655599326],[-73.11895927385817,45.23892877498028],[-73.11896256887864,45.238930976255794],[-73.11896588635697,45.23893315918727],[-73.11896922808984,45.238935324407244],[-73.11897259228057,45.23893747191575],[-73.1189759789292,45.23893960108018],[-73.11897938893402,45.2389417119006],[-73.11898282229504,45.23894380500952],[-73.11898627721563,45.23894587914185],[-73.1189897554924,45.23894793493018],[-73.11899318346352,45.23894992999357],[-73.1189966320959,45.238951907978084],[-73.11900010228783,45.238953868251095],[-73.1190035922427,45.23895580891499],[-73.11900710285884,45.238957731867394],[-73.11901063413622,45.238959635843244],[-73.11901418517655,45.23896152210765],[-73.11901775508147,45.23896338813034],[-73.11902134564767,45.23896523580908],[-73.11902495507849,45.23896706577634],[-73.11902858427224,45.23896887613444],[-73.11903223143229,45.23897066688348],[-73.11903589745695,45.238972439288496],[-73.11903958234625,45.23897419081932],[-73.11904328610017,45.23897592400617],[-73.11904700692209,45.238977638216426],[-73.11905074750693,45.23897933218507],[-73.11905450426144,45.23898100591205],[-73.11905827808394,45.23898266129502],[-73.11906207077107,45.23898429517125],[-73.11906587962788,45.23898591007095],[-73.11906970555268,45.238987504728996],[-73.11907354854547,45.23898907914544],[-73.11907740770792,45.23899063332024],[-73.11908128214175,45.238992167253386],[-73.1191301504932,45.23901134109799],[-73.11913636952991,45.23901379475754],[-73.11914257060032,45.23901627118881],[-73.11914875460273,45.23901876912665],[-73.11915492063885,45.2390212892036],[-73.11916106781034,45.239023830154544],[-73.11916719791382,45.23902639324461],[-73.11917330915271,45.239028977841265],[-73.11917940242529,45.23903158520954],[-73.11918547773155,45.239034212186766],[-73.11919153327489,45.23903686193561],[-73.11919757085191,45.23903953192592],[-73.119203588666,45.239042224055325],[-73.11920958851378,45.23904493705874],[-73.11921556859862,45.23904767220121],[-73.11922152892053,45.23905042695261],[-73.1192274694795,45.239053203210524],[-73.11923339117385,45.23905600097497],[-73.11923929220697,45.2390588189808],[-73.11924517347713,45.23906165786069],[-73.11925103498437,45.23906451761452],[-73.11925687583033,45.23906739760974],[-73.11926269601507,45.23907029911151],[-73.11926849553852,45.239073220854706],[-73.11927427440077,45.23907616283928],[-73.11928003260174,45.239079125065274],[-73.11928577014145,45.2390821081652],[-73.11929148612158,45.23908511087403],[-73.11929717964387,45.23908813382422],[-73.11930285430152,45.23909117701582],[-73.11930848763666,45.23909422969551],[-73.11931410120887,45.23909730388162],[-73.1193196923232,45.23910039704406],[-73.11932526097965,45.23910350981534],[-73.11933080807654,45.23910664219546],[-73.11933633271552,45.2391097941844],[-73.11934183579496,45.23911296514962],[-73.1193473164165,45.23911615572365],[-73.11935277368187,45.239119365906504],[-73.11935820848933,45.23912259506563],[-73.11936362083893,45.239125842568484],[-73.11936900983231,45.239129109680114],[-73.11937437636782,45.23913239576803],[-73.11937971775049,45.2391357008322],[-73.11938503847192,45.23913902487261],[-73.1193903331422,45.23914236662419],[-73.11939560625292,45.23914572861707],[-73.11940085421082,45.239149107688554],[-73.1194060788125,45.23915250573632],[-73.11941127915968,45.23915592212776],[-73.11941645525236,45.23915935686284],[-73.1194216070905,45.23916280994165],[-73.11942673557246,45.239166280731546],[-73.11943183800327,45.23916976986515],[-73.11943691617958,45.23917327607733],[-73.11944197010136,45.23917680063316],[-73.11944699887033,45.23918034353263],[-73.11945184797624,45.239183792814856],[-73.11945667462425,45.239187258543105],[-73.11946147522113,45.23919074198249],[-73.11946625425843,45.23919424060278],[-73.11947100814292,45.239197755669124],[-73.11947573867121,45.23920128654892],[-73.11948044404666,45.239204834507234],[-73.1194851251676,45.239208397646536],[-73.11948978203404,45.23921197786435],[-73.11949441554428,45.239215572630485],[-73.11949902300337,45.239219183842664],[-73.11950360620796,45.239222810868334],[-73.1195081642597,45.23922645307482],[-73.11951269805695,45.239230111094784],[-73.11951720670135,45.23923378366311],[-73.11952168929461,45.2392374726774],[-73.11952614763337,45.239241176872625],[-73.1195305808193,45.23924489561614],[-73.1195349879541,45.239248629540555],[-73.11953936813941,45.23925237864583],[-73.11954372496855,45.23925614293199],[-73.11954805484821,45.2392599217665],[-73.11955235867674,45.239263714516774],[-73.11955663735243,45.23926752371297],[-73.119560889977,45.2392713455599],[-73.11956511565208,45.239275182587676],[-73.11956931437773,45.23927903479629],[-73.11957348795053,45.239282900920664],[-73.11957756360698,45.23928671391091],[-73.11958161231397,45.2392905395518],[-73.11958563676644,45.239294379740976],[-73.11958963426945,45.23929823258084],[-73.11959360661965,45.23930209996902],[-73.11959755291868,45.23930597874276],[-73.11960147226827,45.23930987269733],[-73.11960536646504,45.23931377867003],[-73.11960923371232,45.23931769792596],[-73.11961307490847,45.239321629832475],[-73.11961689005349,45.23932557502222],[-73.11962067735072,45.239329532862634],[-73.11962443859682,45.23933350272112],[-73.11962817379178,45.23933748586278],[-73.11963188203727,45.239341481022535],[-73.11963556243498,45.23934548883296],[-73.11963921678156,45.23934950866144],[-73.11964284417867,45.239353541773085]]]},"properties":{"NO_LOT":"4 391 911","geoId":"ca/qc/lot/4-391-911","name":"4 391 911","code":"4 391 911","level":"locality","country":"CA","noLot":"4 391 911"}},{"type":"Feature","geometry":{"type":"Polygon","coordinates":[[[-73.12001993268044,45.23863529232026],[-73.12001942064073,45.238632720989365],[-73.12001894273699,45.238630146495524],[-73.12001850076587,45.238627568206276],[-73.12001809382905,45.23862498801927],[-73.1200177210282,45.2386224040368],[-73.12001738415998,45.23861981942165],[-73.12001708232603,45.23861723101109],[-73.12001681642471,45.23861464133528],[-73.12001658555769,45.23861205039428],[-73.12001638972497,45.238609456922894],[-73.12001622982484,45.23860686345143],[-73.12001610316237,45.23860426808216],[-73.12001601333085,45.23860167208026],[-73.12001595943192,45.23859907544562],[-73.12001594056731,45.23859647944348],[-73.12001595673699,45.23859388217609],[-73.12001600704264,45.238591286173666],[-73.12001609417923,45.23858869017111],[-73.1200162163501,45.23858609543358],[-73.1200163744536,45.2385835013285],[-73.12001656759139,45.23858090848837],[-73.12001679576346,45.238578316280744],[-73.12001705807153,45.2385757259706],[-73.12001735721051,45.238573138190546],[-73.1200176913838,45.238570552308076],[-73.12001806059139,45.2385679689557],[-73.12001846483327,45.238565388133416],[-73.12001890321112,45.238562810473795],[-73.12001937752159,45.238560235344266],[-73.12001988776467,45.23855766337741],[-73.12002043124541,45.23855509647086],[-73.12002101065877,45.23855253146184],[-73.12002162510645,45.238549971513144],[-73.1200222745884,45.23854741599224],[-73.12002295730801,45.238544864266565],[-73.12002367685854,45.23854231823372],[-73.12002442964675,45.2385397759961],[-73.12002521746925,45.238537240083936],[-73.12002603942774,45.23853470923209],[-73.12002689552222,45.23853218407313],[-73.12002778665097,45.23852966523961],[-73.12002871101738,45.238527152098975],[-73.1200296704181,45.23852464528376],[-73.12003066485313,45.23852214542655],[-73.12003169162752,45.2385196518948],[-73.12003275253785,45.23851716595353],[-73.12003384758418,45.23851468823542],[-73.12003497676649,45.238512217475325],[-73.12003613918647,45.238509753040645],[-73.12003733484411,45.2385072980942],[-73.12003856373943,45.23850485137086],[-73.12003982677072,45.238502412238084],[-73.12004112124305,45.23849998196096],[-73.12004245074966,45.23849756117205],[-73.12004381169733,45.23849514923882],[-73.12004520678096,45.238492747426385],[-73.12004663330562,45.238490354469654],[-73.12004809216965,45.238487971001106],[-73.12004958427134,45.238485598285905],[-73.12005110871237,45.23848323505895],[-73.12005266459445,45.23848088321785],[-73.12005425281586,45.23847854086505],[-73.12005587158,45.23847620989812],[-73.12005752358182,45.23847389031709],[-73.11999887527186,45.238445248196214],[-73.11999852942049,45.23844902518695],[-73.11999821590844,45.23845280344256],[-73.11999793832904,45.23845658296301],[-73.11999769398727,45.23846036438091],[-73.11999748557812,45.23846414643113],[-73.11999730950832,45.238467928481036],[-73.11999716847284,45.23847171242841],[-73.11999706067499,45.23847549637551],[-73.11999698701312,45.238479280322366],[-73.11999694928389,45.238483064901544],[-73.11999694389401,45.23848685011298],[-73.11999697443672,45.238490634059076],[-73.11999703821711,45.23849441927006],[-73.11999713613348,45.238498203215606],[-73.11999726818583,45.23850198652843],[-73.11999743527247,45.238505769208395],[-73.11999763649509,45.23850955125553],[-73.11999787095537,45.23851333330248],[-73.11999814044997,45.23851711345147],[-73.11999844318221,45.23852089106999],[-73.11999878094875,45.23852466805574],[-73.11999915195297,45.23852844440864],[-73.11999955799148,45.2385322182311],[-73.11999999816597,45.238535990155626],[-73.12000047247643,45.23853976018225],[-73.12000098002459,45.23854352831097],[-73.12000152260701,45.23854729327662],[-73.1200020984271,45.23855105634442],[-73.12000270838318,45.238554816249135],[-73.12000335247524,45.238558572990875],[-73.12000403070327,45.238562327202104],[-73.120004742169,45.23856607951549],[-73.12000548866898,45.23856982740071],[-73.12000626840666,45.23857357149034],[-73.12000708138198,45.23857731241695],[-73.12001913048488,45.23863155519276],[-73.1200195428116,45.23863342249146],[-73.12001993268044,45.23863529232026]]]},"properties":{"NO_LOT":"5 663 589","geoId":"ca/qc/lot/5-663-589","name":"5 663 589","code":"5 663 589","level":"locality","country":"CA","noLot":"5 663 589"}},{"type":"Feature","geometry":{"type":"Polygon","coordinates":[[[-73.121454732632,45.242765974122825],[-73.12130948403372,45.242924210259005],[-73.12172952907406,45.24311668655938],[-73.12187435905741,45.24295825741261],[-73.121454732632,45.242765974122825]]]},"properties":{"NO_LOT":"4 391 515","geoId":"ca/qc/lot/4-391-515","name":"4 391 515","code":"4 391 515","level":"locality","country":"CA","noLot":"4 391 515"}},{"type":"Feature","geometry":{"type":"Polygon","coordinates":[[[-73.11479929974492,45.24011245620546],[-73.115314020928,45.240325684752406],[-73.116189430969,45.23936436020151],[-73.11573915222945,45.23918079264148],[-73.11572539902247,45.23917518573889],[-73.11527928038102,45.239656386778606],[-73.1152431097161,45.23964312173147],[-73.1149517645099,45.23995122285847],[-73.11479929974492,45.24011245620546]]]},"properties":{"NO_LOT":"4 391 530","geoId":"ca/qc/lot/4-391-530","name":"4 391 530","code":"4 391 530","level":"locality","country":"CA","noLot":"4 391 530"}},{"type":"Feature","geometry":{"type":"Polygon","coordinates":[[[-73.12254062243566,45.23572301375326],[-73.12253981215528,45.23572402336075],[-73.1225390315193,45.23572504688507],[-73.12253828232436,45.23572608053079],[-73.12253756636707,45.23572712682818],[-73.12253688185082,45.235728182614366],[-73.12253622877562,45.23572924852189],[-73.12253560893808,45.235730324550815],[-73.12253502143987,45.23573140943587],[-73.12253446897597,45.235732503809714],[-73.12253394795312,45.235733605774556],[-73.12253346106623,45.23573471533045],[-73.12253300831533,45.23573583184474],[-73.12253258970038,45.23573695595003],[-73.12253220611977,45.23573808448344],[-73.12253185577681,45.23573921934263],[-73.12253154046815,45.23574036052768],[-73.12253126019377,45.23574150487564],[-73.1225310149537,45.23574265365171],[-73.12253080384961,45.235743805590644],[-73.12253062867813,45.235744960692486],[-73.12253048764263,45.23574611769205],[-73.12253038253975,45.23574727785457],[-73.12253031336947,45.23574843738443],[-73.1225302801318,45.23574959944466],[-73.12253028103012,45.235750761504804],[-73.12253031696271,45.23575192293238],[-73.12253038882795,45.23575308246219],[-73.12253049662579,45.23575424262452],[-73.12253063855961,45.23575539962395],[-73.12253081642604,45.235756554725555],[-73.12253102932675,45.23575770666421],[-73.12253127636346,45.23575885480736],[-73.12253155933278,45.23575999978749],[-73.12253187733639,45.23576113844178],[-73.12253222947596,45.23576227393317],[-73.12253261664985,45.23576340246601],[-73.12253303706142,45.23576452593821],[-73.12253349250726,45.23576564181932],[-73.12253398119076,45.235766751374584],[-73.12253450401028,45.23576785270617],[-73.12253506006742,45.23576894581412],[-73.12253564846395,45.23577003069848],[-73.12253627099643,45.23577110546144],[-73.12253692586826,45.23577217136816],[-73.12253761307946,45.23577322652092],[-73.12253833173169,45.235774271552295],[-73.12253908182495,45.23577530456452],[-73.12253986335926,45.23577632682273],[-73.12254067723289,45.235777336429265],[-73.12254151985265,45.23577833338406],[-73.12254239391342,45.235779318952304],[-73.12254329672027,45.23578028870585],[-73.12254423006985,45.235781245807736],[-73.12254519036888,45.23578218772749],[-73.12254618121065,45.23578311573039],[-73.12254719900186,45.23578402791861],[-73.12254824464087,45.23578492365965],[-73.12254931812762,45.23578580485115],[-73.12255041676721,45.23578666833027],[-73.12255154145794,45.23578751536216],[-73.12255269309814,45.23578834468164],[-73.12255386899285,45.235789157553874],[-73.12255506914205,45.23578995081596],[-73.12255629264749,45.23579072636567],[-73.12255754040741,45.235791483570374],[-73.12255881062522,45.23579222053231],[-73.1225601024026,45.235792938516695],[-73.12256141663786,45.235793637523514],[-73.12256275153437,45.23579431565503],[-73.12256410709215,45.23579497354375],[-73.12256548151451,45.235795610557176],[-73.12256687569985,45.23579622543014],[-73.12256828874978,45.23579682069292],[-73.12272599248948,45.235861592331624],[-73.12297482402656,45.23555915030179],[-73.12296704641284,45.23555516499747],[-73.12295925083279,45.23555119930311],[-73.12295143459151,45.235547253218755],[-73.12294359858728,45.2355433273769],[-73.12293574371844,45.235539420512424],[-73.12292786818834,45.23553553262531],[-73.12291997469194,45.23553166434818],[-73.12291206053428,45.235527817578806],[-73.12290412841033,45.23552398852163],[-73.12289617652344,45.23552018033963],[-73.12288820577193,45.235516392400164],[-73.12288021525747,45.23551262343815],[-73.1228722067767,45.23550887535128],[-73.12286417943133,45.235505147507006],[-73.12285613322132,45.235501438640135],[-73.12284806814672,45.23549775064848],[-73.12283998510578,45.23549408226678],[-73.12283188409856,45.23549043412775],[-73.1228237642267,45.23548680749644],[-73.12281562728685,45.2354832004752],[-73.12280747148239,45.235479613063944],[-73.12279929860993,45.23547604716052],[-73.12279110597456,45.23547250149968],[-73.12278289716947,45.23546897544892],[-73.12277467129641,45.235465471538504],[-73.12276642655874,45.2354619866056],[-73.12275816475307,45.23545852318048],[-73.12254062243566,45.23572301375326]]]},"properties":{"NO_LOT":"5 171 772","geoId":"ca/qc/lot/5-171-772","name":"5 171 772","code":"5 171 772","level":"locality","country":"CA","noLot":"5 171 772"}},{"type":"Feature","geometry":{"type":"Polygon","coordinates":[[[-73.11524483537977,45.239274966256716],[-73.11542519463092,45.239051523160164],[-73.11514635127853,45.238936594568386],[-73.11514357099273,45.23893677737548],[-73.11514079519849,45.238936984851975],[-73.11513802209922,45.238937215732854],[-73.11513525438983,45.23893747128319],[-73.115132491172,45.238937751503016],[-73.11512973244577,45.238938055759704],[-73.11512698000774,45.23893838468589],[-73.11512423295962,45.23893873764897],[-73.11512149219968,45.238939114649],[-73.11511875952458,45.238939514420785],[-73.11511603313768,45.238939939494635],[-73.11511331393731,45.238940388605336],[-73.11511060372011,45.238940861753015],[-73.11510790248605,45.23894135767242],[-73.11510520933682,45.238941877628804],[-73.11510252517076,45.238942421622035],[-73.11509985088615,45.23894298838713],[-73.11509718827966,45.23894357982162],[-73.11509453465631,45.23894419339542],[-73.11509189181274,45.238944830373526],[-73.1150892624439,45.238945491388584],[-73.11508664295654,45.23894617454283],[-73.11508403604559,45.238946881734016],[-73.11508144260937,45.23894761043193],[-73.11507886174955,45.238948362534124],[-73.11507629436447,45.23894913740816],[-73.11507374135243,45.238949934421456],[-73.1150712009168,45.23895075357399],[-73.11506867575254,45.23895159549827],[-73.11506616675796,45.23895245956185],[-73.1150636721364,45.23895334576467],[-73.11506119368454,45.23895425284161],[-73.11505873140234,45.23895518269034],[-73.11505628528984,45.23895613341319],[-73.11505385624531,45.23895710564277],[-73.11505144516708,45.23895809937901],[-73.11504905115684,45.23895911335687],[-73.11504667511292,45.23896014947395],[-73.11504431703528,45.23896120646514],[-73.11487116406934,45.23916682598775],[-73.1151877276805,45.23929896064169],[-73.11521205585505,45.23926249876193],[-73.11524483537977,45.239274966256716]]]},"properties":{"NO_LOT":"4 391 528","geoId":"ca/qc/lot/4-391-528","name":"4 391 528","code":"4 391 528","level":"locality","country":"CA","noLot":"4 391 528"}},{"type":"Feature","geometry":{"type":"Polygon","coordinates":[[[-73.11459444253765,45.23870690937445],[-73.1143832575975,45.23895064414278],[-73.11477638821358,45.239113442723685],[-73.11498536689142,45.23887024062912],[-73.11459444253765,45.23870690937445]]]},"properties":{"NO_LOT":"4 391 546","geoId":"ca/qc/lot/4-391-546","name":"4 391 546","code":"4 391 546","level":"locality","country":"CA","noLot":"4 391 546"}},{"type":"Feature","geometry":{"type":"Polygon","coordinates":[[[-73.12048664879303,45.236607305359996],[-73.12019452205254,45.23696287032146],[-73.12051682500007,45.23709506070628],[-73.12055522977509,45.23704831559798],[-73.12067032282762,45.23690822806432],[-73.12078541588012,45.236768141450426],[-73.12080914757331,45.2367392549284],[-73.12048664879303,45.236607305359996]]]},"properties":{"NO_LOT":"4 391 335","geoId":"ca/qc/lot/4-391-335","name":"4 391 335","code":"4 391 335","level":"locality","country":"CA","noLot":"4 391 335"}},{"type":"Feature","geometry":{"type":"Polygon","coordinates":[[[-73.1187892937418,45.23969785434228],[-73.11842134649636,45.24015265899517],[-73.11859097986304,45.240222716833095],[-73.11895748621076,45.23976898616327],[-73.1187892937418,45.23969785434228]]]},"properties":{"NO_LOT":"4 391 447","geoId":"ca/qc/lot/4-391-447","name":"4 391 447","code":"4 391 447","level":"locality","country":"CA","noLot":"4 391 447"}},{"type":"Feature","geometry":{"type":"Polygon","coordinates":[[[-73.12237769050101,45.241768408327275],[-73.12238047887165,45.24176955824651],[-73.12238328431027,45.241770686660104],[-73.12238610861354,45.24177179230298],[-73.12238894908646,45.24177287644021],[-73.12239180662738,45.241773938439216],[-73.12239468033798,45.2417749783001],[-73.12239756931993,45.24177599539023],[-73.12240047536987,45.24177698970971],[-73.12240339669117,45.241777961258485],[-73.12240633238552,45.24177891066909],[-73.12240928245292,45.241779837309004],[-73.12241224779169,45.241780740545735],[-73.12241522570685,45.241781620379236],[-73.12241821799505,45.24178247744205],[-73.122421223758,45.24178331046916],[-73.12242424119903,45.24178412009304],[-73.12242727301312,45.24178490757877],[-73.12243031470867,45.241785670396254],[-73.12243336987895,45.24178640917804],[-73.12243643493069,45.241787124556616],[-73.12243951166056,45.24178781526696],[-73.12244259827187,45.24178848320661],[-73.12244569656127,45.24178912647804],[-73.12244880383385,45.2417897450812],[-73.12245192098787,45.241790340281234],[-73.12245504712507,45.241790911445484],[-73.1224581813471,45.24179145730903],[-73.12246132455228,45.24179197913687],[-73.12246447584229,45.241792476296446],[-73.12246763342051,45.24179294942033],[-73.1224707999819,45.24179339724351],[-73.12247397283147,45.24179382039843],[-73.12247715107095,45.24179421951761],[-73.12248033559864,45.24179459333608],[-73.12248352641453,45.24179494248629],[-73.12248672262031,45.24179526633579],[-73.12248992241935,45.24179556614957],[-73.1224931285066,45.24179584003011],[-73.1224963381871,45.24179609050745],[-73.12249955056257,45.24179631441903],[-73.12250276653127,45.24179651302981],[-73.12250598609326,45.24179668823744],[-73.12250920745186,45.241796837511835],[-73.12251243150543,45.24179696148545],[-73.1225156564573,45.241797060158355],[-73.12251888410411,45.24179713416301],[-73.12252211175091,45.241797183499436],[-73.12252534119436,45.241797207535164],[-73.12252856884119,45.24179720500509],[-73.12253179828464,45.24179717907183],[-73.12253502503313,45.241797127205324],[-73.12253825178163,45.24179705003804],[-73.12254147763183,45.24179694820257],[-73.12254470078706,45.241796821066366],[-73.122547923044,45.241796669261895],[-73.12255114080934,45.24179649215672],[-73.12255435677805,45.24179629038329],[-73.12255757005181,45.24179606330916],[-73.12256077883401,45.24179581030176],[-73.12256398312464,45.24179553325861],[-73.12256718292366,45.2417952315473],[-73.12257037912946,45.2417949045352],[-73.12257356904703,45.24179455222239],[-73.1225767526764,45.24179417524131],[-73.12257993091586,45.24179377422455],[-73.12258310286713,45.2417933472745],[-73.12258626763189,45.24179289628877],[-73.1225894252101,45.24179242126735],[-73.12259257560181,45.241791920945175],[-73.12259571790867,45.24179139595472],[-73.12259885123238,45.241790847561106],[-73.12260197647126,45.24179027449927],[-73.12260509182867,45.24178967613668],[-73.12260819820291,45.24178905437088],[-73.1226112946957,45.2417884079369],[-73.12261438130702,45.24178773809965],[-73.12261745713855,45.24178704422676],[-73.12262052129198,45.24178632631806],[-73.12262357376731,45.241785585006255],[-73.12262661546288,45.24178481902616],[-73.12262964548033,45.241784030275376],[-73.12263266112473,45.241783217488894],[-73.12263566509105,45.24178238129919],[-73.12263865648093,45.241781522338826],[-73.12264163349779,45.24178063934273],[-73.1226445961416,45.24177973294344],[-73.12264754531068,45.24177880440594],[-73.1226504792084,45.241777853097794],[-73.12265339783474,45.24177687838641],[-73.12265630208806,45.241775880904335],[-73.1226591901717,45.241774861284135],[-73.12266206208567,45.241773818893165],[-73.12266491693163,45.241772754996575],[-73.12266775650626,45.241771668329314],[-73.12267057721624,45.241770558891304],[-73.12267338265488,45.24176942921271],[-73.12267616833057,45.24176827613086],[-73.12267893603996,45.241767103440914],[-73.12268168668137,45.24176590734777],[-73.12268441755982,45.24176469038145],[-73.12268712867535,45.241763451909485],[-73.12268982092627,45.24176219319687],[-73.12269249341423,45.241760914243606],[-73.12269514524094,45.24175961315221],[-73.12269777730474,45.24175829245264],[-73.12270038870727,45.24175695024741],[-73.12270297855024,45.241755588434046],[-73.12270554773194,45.24175420701262],[-73.12270809445577,45.24175280535049],[-73.12271061962002,45.24175138344774],[-73.12271312142809,45.241749941936874],[-73.1227156016766,45.24174848208289],[-73.1227180585689,45.24174700198829],[-73.122720492105,45.241745502918036],[-73.1227229022849,45.24174398487219],[-73.12272528910863,45.24174244911578],[-73.12272765167783,45.241740894383724],[-73.1227299890942,45.24173932130864],[-73.12273230225605,45.24173772989038],[-73.12273459026507,45.241736121394105],[-73.12273685312128,45.24173449392221],[-73.12273909172296,45.24173285000472],[-73.12274130247687,45.24173118837668],[-73.12274348807796,45.24172950903803],[-73.12274564852622,45.24172781325384],[-73.1227477802284,45.24172610102409],[-73.12274988677774,45.241724372348806],[-73.1227519654793,45.24172262722796],[-73.12275401633309,45.241720866294095],[-73.12275604023743,45.241719088914635],[-73.12275803629399,45.24171729635467],[-73.12276000450278,45.24171548798162],[-73.1227619448638,45.24171366379561],[-73.1227638555804,45.241711826326586],[-73.12276573755092,45.241709972412],[-73.12276759077535,45.24170810521441],[-73.12276941435537,45.24170622283632],[-73.12277120918932,45.24170432717526],[-73.12277297437885,45.24170241696618],[-73.12277470902566,45.24170049284166],[-73.12277641312976,45.241698556066595],[-73.12277808848776,45.24169660600861],[-73.12277973240474,45.24169464330015],[-73.12283790730254,45.24162429378767],[-73.12223671968009,45.241390342337866],[-73.12204041353601,45.24162988337054],[-73.12214725107106,45.24167217240231],[-73.12237769050101,45.241768408327275]]]},"properties":{"NO_LOT":"4 391 455","geoId":"ca/qc/lot/4-391-455","name":"4 391 455","code":"4 391 455","level":"locality","country":"CA","noLot":"4 391 455"}},{"type":"Feature","geometry":{"type":"Polygon","coordinates":[[[-73.11986966070309,45.23789088937396],[-73.11975823547186,45.23803248314168],[-73.12025292691905,45.23823560678788],[-73.12036812597277,45.23809556266513],[-73.11986966070309,45.23789088937396]]]},"properties":{"NO_LOT":"5 663 545","geoId":"ca/qc/lot/5-663-545","name":"5 663 545","code":"5 663 545","level":"locality","country":"CA","noLot":"5 663 545"}},{"type":"Feature","geometry":{"type":"Polygon","coordinates":[[[-73.12309655742567,45.232556099360444],[-73.12319396624349,45.23243749474584],[-73.12287168665216,45.232305346034224],[-73.12277427693601,45.232423950292024],[-73.12309655742567,45.232556099360444]]]},"properties":{"NO_LOT":"4 391 205","geoId":"ca/qc/lot/4-391-205","name":"4 391 205","code":"4 391 205","level":"locality","country":"CA","noLot":"4 391 205"}},{"type":"Feature","geometry":{"type":"Polygon","coordinates":[[[-73.11592884587475,45.2384704232802],[-73.11583812860746,45.23843333084305],[-73.11576036324996,45.23852826160028],[-73.11585108051725,45.23856535460802],[-73.11592884587475,45.2384704232802]]]},"properties":{"NO_LOT":"4 391 406","geoId":"ca/qc/lot/4-391-406","name":"4 391 406","code":"4 391 406","level":"locality","country":"CA","noLot":"4 391 406"}},{"type":"Feature","geometry":{"type":"Polygon","coordinates":[[[-73.12010674497118,45.24276441056371],[-73.1213010012425,45.24144791329131],[-73.12065272662782,45.241181893353186],[-73.12043762682966,45.24141997097463],[-73.12003661170031,45.241863815490966],[-73.11931174852116,45.242660770279585],[-73.12008990784781,45.24278297023552],[-73.12010674497118,45.24276441056371]]]},"properties":{"NO_LOT":"4 391 471","geoId":"ca/qc/lot/4-391-471","name":"4 391 471","code":"4 391 471","level":"locality","country":"CA","noLot":"4 391 471"}},{"type":"Feature","geometry":{"type":"Polygon","coordinates":[[[-73.12090659142542,45.2366206482902],[-73.12100403437924,45.236502040771846],[-73.12068173322835,45.23636985912872],[-73.12058419056153,45.23648858205211],[-73.12090659142542,45.2366206482902]]]},"properties":{"NO_LOT":"6 631 795","geoId":"ca/qc/lot/6-631-795","name":"6 631 795","code":"6 631 795","level":"locality","country":"CA","noLot":"6 631 795"}},{"type":"Feature","geometry":{"type":"Polygon","coordinates":[[[-73.12164543059379,45.24404563733392],[-73.12205332232664,45.24423136241689],[-73.12221106289728,45.244058471890256],[-73.12180318913073,45.243872731694644],[-73.1216893707876,45.243997478627136],[-73.12164543059379,45.24404563733392]]]},"properties":{"NO_LOT":"6 613 517","geoId":"ca/qc/lot/6-613-517","name":"6 613 517","code":"6 613 517","level":"locality","country":"CA","noLot":"6 613 517"}},{"type":"Feature","geometry":{"type":"Polygon","coordinates":[[[-73.12200952406666,45.23320404547331],[-73.12220469114696,45.23296698167238],[-73.12176853033043,45.23278771106879],[-73.12157336235181,45.2330247743523],[-73.12137656033767,45.23326236171613],[-73.12118162951428,45.23349952676792],[-73.1216183418964,45.233679024763155],[-73.12164550425564,45.23364620690229],[-73.12200952406666,45.23320404547331]]]},"properties":{"NO_LOT":"4 391 234","geoId":"ca/qc/lot/4-391-234","name":"4 391 234","code":"4 391 234","level":"locality","country":"CA","noLot":"4 391 234"}},{"type":"Feature","geometry":{"type":"Polygon","coordinates":[[[-73.1188631145969,45.23578112814682],[-73.11866749296905,45.236018040407885],[-73.11898594483895,45.23614894315726],[-73.1193043994038,45.236279846237615],[-73.11949929159965,45.23604263395874],[-73.11918184224959,45.23591214530706],[-73.1188631145969,45.23578112814682]]]},"properties":{"NO_LOT":"4 391 295","geoId":"ca/qc/lot/4-391-295","name":"4 391 295","code":"4 391 295","level":"locality","country":"CA","noLot":"4 391 295"}},{"type":"Feature","geometry":{"type":"Polygon","coordinates":[[[-73.11803205348316,45.24011337211942],[-73.11779542735584,45.24001728203756],[-73.11722670754274,45.24066922100771],[-73.1174617211941,45.240764409896784],[-73.11764334167992,45.2405617203524],[-73.11787933180003,45.24030494456184],[-73.11803205348316,45.24011337211942]]]},"properties":{"NO_LOT":"4 391 484","geoId":"ca/qc/lot/4-391-484","name":"4 391 484","code":"4 391 484","level":"locality","country":"CA","noLot":"4 391 484"}},{"type":"Feature","geometry":{"type":"Polygon","coordinates":[[[-73.11837416248608,45.23920765756611],[-73.11820449049183,45.23913956759888],[-73.11808532178287,45.2390917450445],[-73.11805556419077,45.239079801892466],[-73.11747849453708,45.239766690671566],[-73.11756909232844,45.239803952391746],[-73.11778815549363,45.23954002606642],[-73.11801933603368,45.23963510931508],[-73.11837416248608,45.23920765756611]]]},"properties":{"NO_LOT":"5 211 445","geoId":"ca/qc/lot/5-211-445","name":"5 211 445","code":"5 211 445","level":"locality","country":"CA","noLot":"5 211 445"}},{"type":"Feature","geometry":{"type":"Polygon","coordinates":[[[-73.12274115245823,45.235451469179175],[-73.12259304092912,45.2353906374752],[-73.12237546627236,45.235655163788834],[-73.12237462544927,45.23565616201097],[-73.12237375408344,45.23565714694872],[-73.1223728530732,45.235658118602146],[-73.12237192241858,45.235659075706046],[-73.12237096301784,45.23566001889306],[-73.12236997576935,45.235660946897916],[-73.12236895977478,45.23566185972069],[-73.12236791503409,45.235662757994],[-73.12236684514059,45.23566363855484],[-73.12236574829763,45.23566450393357],[-73.12236462450521,45.23566535159983],[-73.12236347555995,45.235666182818875],[-73.12236230236019,45.23566699569287],[-73.12236110310928,45.2356677908544],[-73.1223598814005,45.235668567038324],[-73.12235863543721,45.23566932487725],[-73.12235736701602,45.23567006373857],[-73.12235607613697,45.235670782989686],[-73.12235476459665,45.23567148263056],[-73.12235343149675,45.23567216202869],[-73.12235207773563,45.235672820551464],[-73.12235070421157,45.235673459463996],[-73.12234931272117,45.235674076868634],[-73.12234790146786,45.23567467276529],[-73.12234647224825,45.23567524652136],[-73.12234502596064,45.235675800034734],[-73.12234356440169,45.23567632950978],[-73.12234208667304,45.23567683874203],[-73.12234059187641,45.23567732393595],[-73.12233908450337,45.235677786989385],[-73.12233756365558,45.2356782266371],[-73.12233602933308,45.23567864287912],[-73.12233448243417,45.23567903571543],[-73.12233292295882,45.23567940577859],[-73.12233135450033,45.235679750538296],[-73.12232977436376,45.235680072524865],[-73.12232818614233,45.23568037047317],[-73.12232658803944,45.235680643750584],[-73.12232498185172,45.23568089298969],[-73.1223233702741,45.23568111755796],[-73.12232175061163,45.235681317455324],[-73.12232012555928,45.235681492681806],[-73.12231849511706,45.235681643870016],[-73.12231686108154,45.235681769754756],[-73.12231522435111,45.235681870968584],[-73.12231358312908,45.235681946878984],[-73.12231194100873,45.23568199748592],[-73.12231029799008,45.23568202405453],[-73.12230865407311,45.23568202595233],[-73.12230701015615,45.23568200191401],[-73.12230536803581,45.235681952572264],[-73.12230372681377,45.2356818798248],[-73.12230209008334,45.23568178050873],[-73.12230045514951,45.23568165652173],[-73.1222988256056,45.235681508496455],[-73.12229719965494,45.23568133580031],[-73.12229557909414,45.235681137800746],[-73.12229396661822,45.23568091576282],[-73.12229236043048,45.235680669054055],[-73.12229076142928,45.23568039767438],[-73.12228917141124,45.23568010288902],[-73.12228759127464,45.23567978406539],[-73.12228602012122,45.23567943993824],[-73.12228446154418,45.235679073038014],[-73.12228291284865,45.235678682099504],[-73.12228137762781,45.23567826775522],[-73.12227985408511,45.23567783063785],[-73.12227834491543,45.235677369482204],[-73.1222768501188,45.235676886818574],[-73.12227537149185,45.23567638074926],[-73.12227390723793,45.23567585253942],[-73.12227245915368,45.235675301556434],[-73.12227102903576,45.23567472969807],[-73.12256828874978,45.23579682069292],[-73.12256687569985,45.23579622543014],[-73.12256548151451,45.235795610557176],[-73.12256410709215,45.23579497354375],[-73.12256275153437,45.23579431565503],[-73.12256141663786,45.235793637523514],[-73.1225601024026,45.235792938516695],[-73.12255881062522,45.23579222053231],[-73.12255754040741,45.235791483570374],[-73.12255629264749,45.23579072636567],[-73.12255506914205,45.23578995081596],[-73.12255386899285,45.235789157553874],[-73.12255269309814,45.23578834468164],[-73.12255154145794,45.23578751536216],[-73.12255041676721,45.23578666833027],[-73.12254931812762,45.23578580485115],[-73.12254824464087,45.23578492365965],[-73.12254719900186,45.23578402791861],[-73.12254618121065,45.23578311573039],[-73.12254519036888,45.23578218772749],[-73.12254423006985,45.235781245807736],[-73.12254329672027,45.23578028870585],[-73.12254239391342,45.235779318952304],[-73.12254151985265,45.23577833338406],[-73.12254067723289,45.235777336429265],[-73.12253986335926,45.23577632682273],[-73.12253908182495,45.23577530456452],[-73.12253833173169,45.235774271552295],[-73.12253761307946,45.23577322652092],[-73.12253692586826,45.23577217136816],[-73.12253627099643,45.23577110546144],[-73.12253564846395,45.23577003069848],[-73.12253506006742,45.23576894581412],[-73.12253450401028,45.23576785270617],[-73.12253398119076,45.235766751374584],[-73.12253349250726,45.23576564181932],[-73.12253303706142,45.23576452593821],[-73.12253261664985,45.23576340246601],[-73.12253222947596,45.23576227393317],[-73.12253187733639,45.23576113844178],[-73.12253155933278,45.23575999978749],[-73.12253127636346,45.23575885480736],[-73.12253102932675,45.23575770666421],[-73.12253081642604,45.235756554725555],[-73.12253063855961,45.23575539962395],[-73.12253049662579,45.23575424262452],[-73.12253038882795,45.23575308246219],[-73.12253031696271,45.23575192293238],[-73.12253028103012,45.235750761504804],[-73.1225302801318,45.23574959944466],[-73.12253031336947,45.23574843738443],[-73.12253038253975,45.23574727785457],[-73.12253048764263,45.23574611769205],[-73.12253062867813,45.235744960692486],[-73.12253080384961,45.235743805590644],[-73.1225310149537,45.23574265365171],[-73.12253126019377,45.23574150487564],[-73.12253154046815,45.23574036052768],[-73.12253185577681,45.23573921934263],[-73.12253220611977,45.23573808448344],[-73.12253258970038,45.23573695595003],[-73.12253300831533,45.23573583184474],[-73.12253346106623,45.23573471533045],[-73.12253394795312,45.235733605774556],[-73.12253446897597,45.235732503809714],[-73.12253502143987,45.23573140943587],[-73.12253560893808,45.235730324550815],[-73.12253622877562,45.23572924852189],[-73.12253688185082,45.235728182614366],[-73.12253756636707,45.23572712682818],[-73.12253828232436,45.23572608053079],[-73.1225390315193,45.23572504688507],[-73.12253981215528,45.23572402336075],[-73.12254062243566,45.23572301375326],[-73.12275816475307,45.23545852318048],[-73.12275250446848,45.23545616046019],[-73.1227468334041,45.235453808493844],[-73.12274115245823,45.235451469179175]]]},"properties":{"NO_LOT":"5 171 773","geoId":"ca/qc/lot/5-171-773","name":"5 171 773","code":"5 171 773","level":"locality","country":"CA","noLot":"5 171 773"}},{"type":"Feature","geometry":{"type":"Polygon","coordinates":[[[-73.12136995233044,45.23813222138709],[-73.12148581344253,45.23799244774555],[-73.12087890175512,45.23774325237317],[-73.12076370449802,45.237883297364284],[-73.12136995233044,45.23813222138709]]]},"properties":{"NO_LOT":"5 663 552","geoId":"ca/qc/lot/5-663-552","name":"5 663 552","code":"5 663 552","level":"locality","country":"CA","noLot":"5 663 552"}},{"type":"Feature","geometry":{"type":"Polygon","coordinates":[[[-73.12055767678592,45.23616020120723],[-73.12023900393046,45.23602921308514],[-73.12014125734608,45.236147697604466],[-73.12046023113716,45.23627880817394],[-73.12055767678592,45.23616020120723]]]},"properties":{"NO_LOT":"4 391 312","geoId":"ca/qc/lot/4-391-312","name":"4 391 312","code":"4 391 312","level":"locality","country":"CA","noLot":"4 391 312"}},{"type":"Feature","geometry":{"type":"Polygon","coordinates":[[[-73.1185254495597,45.23856430520011],[-73.11902335877222,45.237938978614885],[-73.11901261671807,45.23793359045601],[-73.11868011968868,45.23776683813646],[-73.11859254382995,45.237722916080855],[-73.118060778911,45.23837707634806],[-73.1185254495597,45.23856430520011]]]},"properties":{"NO_LOT":"4 391 385","geoId":"ca/qc/lot/4-391-385","name":"4 391 385","code":"4 391 385","level":"locality","country":"CA","noLot":"4 391 385"}},{"type":"Feature","geometry":{"type":"Polygon","coordinates":[[[-73.11919804246743,45.2405872885661],[-73.11904564058453,45.24052495946251],[-73.11869917834575,45.240906043943475],[-73.11864280726503,45.240968048142285],[-73.11859501689192,45.24102061180628],[-73.11875142076941,45.2410782387967],[-73.11919804246743,45.2405872885661]]]},"properties":{"NO_LOT":"4 391 477","geoId":"ca/qc/lot/4-391-477","name":"4 391 477","code":"4 391 477","level":"locality","country":"CA","noLot":"4 391 477"}},{"type":"Feature","geometry":{"type":"Polygon","coordinates":[[[-73.11684400996033,45.23755992627644],[-73.1168864427811,45.237900161467074],[-73.11708483211834,45.2379813418732],[-73.11728546365052,45.23775277119019],[-73.11684400996033,45.23755992627644]]]},"properties":{"NO_LOT":"6 150 249","geoId":"ca/qc/lot/6-150-249","name":"6 150 249","code":"6 150 249","level":"locality","country":"CA","noLot":"6 150 249"}},{"type":"Feature","geometry":{"type":"Polygon","coordinates":[[[-73.12059093331605,45.234984073695394],[-73.12077546883498,45.23505992676966],[-73.1209706592715,45.23482286564965],[-73.1207861255492,45.234747013524114],[-73.12059093331605,45.234984073695394]]]},"properties":{"NO_LOT":"4 391 257","geoId":"ca/qc/lot/4-391-257","name":"4 391 257","code":"4 391 257","level":"locality","country":"CA","noLot":"4 391 257"}},{"type":"Feature","geometry":{"type":"Polygon","coordinates":[[[-73.11947464182825,45.2374784163336],[-73.11939392370839,45.23744634519813],[-73.11901261671807,45.23793359045601],[-73.11902335877222,45.237938978614885],[-73.11924613377617,45.23805070277677],[-73.1196030425234,45.2382296955315],[-73.11975823547186,45.23803248314168],[-73.11986966070309,45.23789088937396],[-73.11998108503597,45.2377492952534],[-73.12002196287298,45.23769734784329],[-73.11969756864747,45.23756773213653],[-73.11947464182825,45.2374784163336]]]},"properties":{"NO_LOT":"4 391 339","geoId":"ca/qc/lot/4-391-339","name":"4 391 339","code":"4 391 339","level":"locality","country":"CA","noLot":"4 391 339"}},{"type":"Feature","geometry":{"type":"Polygon","coordinates":[[[-73.12016948690389,45.240427081903825],[-73.11988891429456,45.24076199173451],[-73.12003924017084,45.240824918950814],[-73.12031834762794,45.24049173377616],[-73.12016948690389,45.240427081903825]]]},"properties":{"NO_LOT":"4 391 450","geoId":"ca/qc/lot/4-391-450","name":"4 391 450","code":"4 391 450","level":"locality","country":"CA","noLot":"4 391 450"}},{"type":"Feature","geometry":{"type":"Polygon","coordinates":[[[-73.12267672348942,45.24291528623156],[-73.12238622898779,45.24279476649996],[-73.12217721527568,45.24284038354857],[-73.12217543481479,45.24284078582294],[-73.12217366333705,45.24284121086756],[-73.12217190443572,45.24284165804996],[-73.12217015631418,45.24284212863508],[-73.12216842166737,45.242842621990455],[-73.12216669959697,45.24284313811604],[-73.1221649918996,45.24284367511437],[-73.12216329767698,45.242844234882945],[-73.12216161872571,45.24284481678925],[-73.12215995504582,45.24284542083329],[-73.1221583075356,45.24284604511756],[-73.12215667619503,45.24284669090704],[-73.12215506282077,45.24284735883425],[-73.12215346561621,45.24284804700168],[-73.12215188727625,45.24284875477681],[-73.12215032780092,45.24284948405715],[-73.12214878629189,45.2428502329452],[-73.12214726544411,45.24285100207342],[-73.12214576525757,45.24285179017688],[-73.12214428573232,45.242852597888024],[-73.1221428268683,45.242853424574356],[-73.12214138956384,45.242854269603406],[-73.12213997561558,45.24285513360759],[-73.12213858322689,45.24285601658699],[-73.12213721419438,45.24285691664408],[-73.12213586941641,45.242857833778785],[-73.12213454709632,45.24285876862372],[-73.12213325172569,45.24285972117877],[-73.12213197971124,45.24286069017901],[-73.12213073374792,45.24286167499193],[-73.12212951203914,45.242862675617445],[-73.12212831817813,45.24286369268815],[-73.12212715036827,45.24286472493897],[-73.12212600950787,45.24286577110491],[-73.12212489649522,45.242866833083546],[-73.12212381043206,45.242867908977246],[-73.12212275311495,45.242868998153604],[-73.12212172454394,45.24287010187761],[-73.12199177156,45.2430121430683],[-73.12241251728626,45.24320487460189],[-73.12265493485219,45.242939168390706],[-73.12267672348942,45.24291528623156]]]},"properties":{"NO_LOT":"4 391 498","geoId":"ca/qc/lot/4-391-498","name":"4 391 498","code":"4 391 498","level":"locality","country":"CA","noLot":"4 391 498"}},{"type":"Feature","geometry":{"type":"Polygon","coordinates":[[[-73.12251605441095,45.243724186791205],[-73.12210816537305,45.243538463845155],[-73.12197863100403,45.24368043695256],[-73.12196091443,45.243699857154006],[-73.1223688034679,45.24388558083745],[-73.12251605441095,45.243724186791205]]]},"properties":{"NO_LOT":"4 391 499","geoId":"ca/qc/lot/4-391-499","name":"4 391 499","code":"4 391 499","level":"locality","country":"CA","noLot":"4 391 499"}},{"type":"Feature","geometry":{"type":"Polygon","coordinates":[[[-73.11020981594152,45.24274519560757],[-73.10976985075976,45.24322582119474],[-73.11030305208484,45.24346918996817],[-73.11095521460807,45.24376684933455],[-73.1109739004643,45.24377537791792],[-73.11128990981494,45.243429838340646],[-73.11020981594152,45.24274519560757]]]},"properties":{"NO_LOT":"4 391 578","geoId":"ca/qc/lot/4-391-578","name":"4 391 578","code":"4 391 578","level":"locality","country":"CA","noLot":"4 391 578"}},{"type":"Feature","geometry":{"type":"Polygon","coordinates":[[[-73.12080914757331,45.2367392549284],[-73.12090050803432,45.236628053226056],[-73.12090659142542,45.2366206482902],[-73.12058419056153,45.23648858205211],[-73.12048664879303,45.236607305359996],[-73.12080914757331,45.2367392549284]]]},"properties":{"NO_LOT":"6 631 796","geoId":"ca/qc/lot/6-631-796","name":"6 631 796","code":"6 631 796","level":"locality","country":"CA","noLot":"6 631 796"}},{"type":"Feature","geometry":{"type":"Polygon","coordinates":[[[-73.11869917834575,45.240906043943475],[-73.11830504431148,45.240745583270346],[-73.1182496802422,45.240808020926984],[-73.11864280726503,45.240968048142285],[-73.11869917834575,45.240906043943475]]]},"properties":{"NO_LOT":"4 392 137","geoId":"ca/qc/lot/4-392-137","name":"4 392 137","code":"4 392 137","level":"locality","country":"CA","noLot":"4 392 137"}},{"type":"Feature","geometry":{"type":"Polygon","coordinates":[[[-73.11689677071193,45.2405351071834],[-73.11705812161169,45.24060076402595],[-73.11762684501805,45.23994882427025],[-73.11746549321998,45.23988317046958],[-73.11705814766282,45.240350118937776],[-73.11689677071193,45.2405351071834]]]},"properties":{"NO_LOT":"4 391 469","geoId":"ca/qc/lot/4-391-469","name":"4 391 469","code":"4 391 469","level":"locality","country":"CA","noLot":"4 391 469"}},{"type":"Feature","geometry":{"type":"Polygon","coordinates":[[[-73.12208988735198,45.235183980753646],[-73.12206906081042,45.23520921674618],[-73.12195495949798,45.23534747901717],[-73.12183364201887,45.23549448016506],[-73.1220841237611,45.235597994984836],[-73.12234011846427,45.235286756640136],[-73.12208988735198,45.235183980753646]]]},"properties":{"NO_LOT":"5 171 775","geoId":"ca/qc/lot/5-171-775","name":"5 171 775","code":"5 171 775","level":"locality","country":"CA","noLot":"5 171 775"}},{"type":"Feature","geometry":{"type":"Polygon","coordinates":[[[-73.11857718713016,45.238687863202834],[-73.11845374603371,45.238630174327895],[-73.11808532178287,45.2390917450445],[-73.11820449049183,45.23913956759888],[-73.11857718713016,45.238687863202834]]]},"properties":{"NO_LOT":"5 853 089","geoId":"ca/qc/lot/5-853-089","name":"5 853 089","code":"5 853 089","level":"locality","country":"CA","noLot":"5 853 089"}},{"type":"Feature","geometry":{"type":"Polygon","coordinates":[[[-73.11198290885268,45.24264828328745],[-73.1108032609845,45.24209651450865],[-73.11055328858703,45.242369757248504],[-73.11174590094137,45.242915580979385],[-73.11198290885268,45.24264828328745]]]},"properties":{"NO_LOT":"6 293 402","geoId":"ca/qc/lot/6-293-402","name":"6 293 402","code":"6 293 402","level":"locality","country":"CA","noLot":"6 293 402"}},{"type":"Feature","geometry":{"type":"Polygon","coordinates":[[[-73.12203943886392,45.24012325424818],[-73.12184864118915,45.24036591142758],[-73.12201943338256,45.24043237810881],[-73.12221499033168,45.24019546527616],[-73.12203943886392,45.24012325424818]]]},"properties":{"NO_LOT":"4 391 374","geoId":"ca/qc/lot/4-391-374","name":"4 391 374","code":"4 391 374","level":"locality","country":"CA","noLot":"4 391 374"}},{"type":"Feature","geometry":{"type":"Polygon","coordinates":[[[-73.11973739725222,45.2401015221651],[-73.12002171314134,45.23976278662766],[-73.12001702213891,45.23975865360351],[-73.12001235898428,45.239754505398096],[-73.12000772188078,45.23975034327647],[-73.12000311172675,45.23974616534102],[-73.11999852852217,45.2397419728568],[-73.11999397406366,45.239737764558704],[-73.11998944475802,45.23973354234443],[-73.11998494419845,45.23972930558138],[-73.11998047058832,45.239725054902046],[-73.11997602482599,45.23972078840892],[-73.11997160691142,45.23971650863206],[-73.11996721684463,45.23971221430645],[-73.1199628546256,45.23970790669711],[-73.11995851935603,45.23970358390642],[-73.11995421373088,45.239699247832064],[-73.11994993505519,45.23969489657637],[-73.11994568422726,45.23969053266946],[-73.11994146394206,45.239686154846346],[-73.119937269708,45.239681763739476],[-73.11993310422002,45.23967735871634],[-73.11992896837646,45.239672940409484],[-73.11992486038066,45.23966850881891],[-73.11992078292758,45.23966406331206],[-73.11991673242397,45.23965960578655],[-73.11991271066644,45.23965513434475],[-73.11979979423187,45.239528944533205],[-73.11942371363986,45.23997088912721],[-73.1196670070632,45.24007248995636],[-73.11973739725222,45.2401015221651]]]},"properties":{"NO_LOT":"4 391 439","geoId":"ca/qc/lot/4-391-439","name":"4 391 439","code":"4 391 439","level":"locality","country":"CA","noLot":"4 391 439"}},{"type":"Feature","geometry":{"type":"Polygon","coordinates":[[[-73.11649779206331,45.23936851286326],[-73.11655158947075,45.23939044511103],[-73.11689507469268,45.2389683897035],[-73.11700668138356,45.23883125016586],[-73.11711081049805,45.23870330065992],[-73.11727940002237,45.23849614045293],[-73.11743448876626,45.238305570840865],[-73.1174355074558,45.23830434367948],[-73.11743655668805,45.23830312916929],[-73.11743763466639,45.23830192794272],[-73.11743874228915,45.23830073999988],[-73.11743987955629,45.23829956597322],[-73.11744104556952,45.23829840586286],[-73.11744223943055,45.23829726093381],[-73.11744346113933,45.23829612992106],[-73.11744471159422,45.23829501472217],[-73.11744598810022,45.238293914704656],[-73.11744729245402,45.2382928311336],[-73.11744862196063,45.23829176274394],[-73.1174499784167,45.23829071206588],[-73.11745136002563,45.238289677201685],[-73.11745276768568,45.23828866004914],[-73.11745419960025,45.23828765871046],[-73.11745565666763,45.23828667698109],[-73.1174571361929,45.2382857129633],[-73.11745864087099,45.2382847666571],[-73.11746016621035,45.23828383869506],[-73.11746171670254,45.23828293097485],[-73.11746328785597,45.23828204096626],[-73.11746488056896,45.23828117119946],[-73.11746649484152,45.23828032104199],[-73.11746812977533,45.23827949112631],[-73.11746978447209,45.23827868081993],[-73.1174714598301,45.238277890755384],[-73.1174731531544,45.23827712219777],[-73.11747486624165,45.238276373881966],[-73.11747659729522,45.238275647073195],[-73.11747834541674,45.238274941138755],[-73.11748011060628,45.238274256711286],[-73.11748189286381,45.23827359505591],[-73.1174836903927,45.23827295364234],[-73.11748550409125,45.23827233563341],[-73.11748733216287,45.238271739763995],[-73.11748917550582,45.23827116666667],[-73.1174910314252,45.238270615708856],[-73.11749290171763,45.23827008878821],[-73.11749478458646,45.238269584007085],[-73.11749667823507,45.23826910263061],[-73.1174985844601,45.23826864402622],[-73.11750050236324,45.238268210091576],[-73.11750242924951,45.23826779766388],[-73.11750436781391,45.238267411171066],[-73.11750631356482,45.238267046817775],[-73.11750826919719,45.23826670776674],[-73.1175102329144,45.23826639212042],[-73.11751220381814,45.23826610114379],[-73.11751418011174,45.2382658342044],[-73.11751616449021,45.238265590669656],[-73.11751815425856,45.238265371804616],[-73.11752014851851,45.23826517760937],[-73.11752214816832,45.23826500871645],[-73.11752415141142,45.2382648638607],[-73.11752615734943,45.23826474304214],[-73.11752816688072,45.23826464689337],[-73.11753017731033,45.238264576046866],[-73.11753218953658,45.23826452987016],[-73.11753420355943,45.23826450773064],[-73.117536216684,45.23826451089339],[-73.11753822980855,45.23826453872593],[-73.11754024203478,45.238264590595705],[-73.11754225246437,45.23826466903289],[-73.11754426019904,45.23826476960954],[-73.11754626703538,45.2382648967537],[-73.11754826848183,45.23826504793504],[-73.11755026633503,45.238265223153554],[-73.11755225969665,45.23826542304182],[-73.11755424856669,45.23826564759984],[-73.1175562302502,45.23826589682765],[-73.11755820654383,45.23826617009259],[-73.11756017565092,45.238266466762234],[-73.11756213757151,45.23826678873415],[-73.11756409050894,45.238267134110714],[-73.11756603446322,45.23826750415704],[-73.11756796943433,45.238267896975444],[-73.117569894524,45.23826831383102],[-73.11757180973217,45.23826875472382],[-73.11757371236395,45.238269219021234],[-73.11757560511424,45.238269706090726],[-73.1175774834915,45.23827021593231],[-73.11757935108899,45.23827074917854],[-73.1175812034151,45.238271305829386],[-73.11758304406312,45.23827188461973],[-73.11758486764315,45.23827248618216],[-73.11758667774845,45.238273109884105],[-73.11758847168407,45.23827375509299],[-73.11759024945,45.23827442307397],[-73.11759201104628,45.23827511192935],[-73.11737532033177,45.23818076080555],[-73.11737672978845,45.23818139779228],[-73.11737812127882,45.238182056285936],[-73.11737949210794,45.238182733756375],[-73.11738084227581,45.23818343210123],[-73.11738217178242,45.2381841500554],[-73.11738348062781,45.238184888251446],[-73.11738476611698,45.2381856441591],[-73.11738603004659,45.238186420308686],[-73.11738727061999,45.238187214169876],[-73.11738848693889,45.238188025742666],[-73.11738967900327,45.23818885502711],[-73.11739084681314,45.23818970202319],[-73.11739199036849,45.23819056673088],[-73.11739310697439,45.23819144725255],[-73.11739419752914,45.23819234422073],[-73.11739526113443,45.23819325700284],[-73.11739629689195,45.23819418623146],[-73.11739730659833,45.23819512874383],[-73.11739828755863,45.23819608707014],[-73.11739924067115,45.23819705868016],[-73.11740016324094,45.238198046104095],[-73.11740105706465,45.23819904491408],[-73.11740192214226,45.2382000582729],[-73.11740275667717,45.23820108301777],[-73.11740356066936,45.23820211978124],[-73.11740433322049,45.238203167930706],[-73.11740507522892,45.23820422809883],[-73.11740578669463,45.23820529902037],[-73.11740646402436,45.238206380062856],[-73.11740711170967,45.238207469961104],[-73.11740772615732,45.238208569980294],[-73.11740830736731,45.23820967885529],[-73.11740885623794,45.23821079595352],[-73.11740937187092,45.238211921274946],[-73.11740985516454,45.238213052921985],[-73.11741030432218,45.238214192159695],[-73.11741071934385,45.23821533772293],[-73.11741110112784,45.23821648897921],[-73.11741144787756,45.23821764592846],[-73.11741176138958,45.238218806673046],[-73.11741203986732,45.23821997311064],[-73.11741228420907,45.238221142711005],[-73.11741249441486,45.23822231610671],[-73.11741266958634,45.238223492032574],[-73.11741280972352,45.23822467112125],[-73.11741291392809,45.23822585084243],[-73.117412984895,45.238227031828735],[-73.11741302172591,45.238228214080095],[-73.11741302172591,45.238229396964],[-73.11741298758994,45.23823057921536],[-73.11741291841967,45.238231760201565],[-73.11741281421509,45.23823294118769],[-73.11741267587453,45.23823411901104],[-73.11741250249969,45.23823529493671],[-73.11741229409054,45.23823646769956],[-73.11741205154541,45.238237637932144],[-73.117411773966,45.23823880373678],[-73.11741146314891,45.23823996574603],[-73.11741111729752,45.238241122694845],[-73.11741073731015,45.23824227521569],[-73.1174103231868,45.238243420145835],[-73.11740987672411,45.23824456001547],[-73.11740939522711,45.23824569229443],[-73.11740888049246,45.23824681824772],[-73.11740833341845,45.238247934712646],[-73.11740775220846,45.23824904421945],[-73.11740713955744,45.23825014423784],[-73.11740649456706,45.23825123476781],[-73.11740581723734,45.23825231707451],[-73.11740510846658,45.23825338799515],[-73.11740436735647,45.23825444816233],[-73.11740359570365,45.238255496943395],[-73.11733072077453,45.23834502532907],[-73.11723394796392,45.238463913018116],[-73.11707920776634,45.23865409813914],[-73.11696310051587,45.23879676724095],[-73.11684732743868,45.238939025459395],[-73.11649779206331,45.23936851286326]]]},"properties":{"NO_LOT":"4 391 914","geoId":"ca/qc/lot/4-391-914","name":"4 391 914","code":"4 391 914","level":"locality","country":"CA","noLot":"4 391 914"}},{"type":"Feature","geometry":{"type":"Polygon","coordinates":[[[-73.11824962185172,45.236164810826786],[-73.1179534868284,45.23604289901085],[-73.11780997108029,45.236221899987946],[-73.11810313357833,45.2363425886442],[-73.11824962185172,45.236164810826786]]]},"properties":{"NO_LOT":"4 391 279","geoId":"ca/qc/lot/4-391-279","name":"4 391 279","code":"4 391 279","level":"locality","country":"CA","noLot":"4 391 279"}},{"type":"Feature","geometry":{"type":"Polygon","coordinates":[[[-73.11653810216507,45.238820546127776],[-73.11647756649471,45.23889505370579],[-73.11619087905324,45.239243393317174],[-73.11634222541569,45.239305093178004],[-73.11669360682895,45.23888031400453],[-73.11653810216507,45.238820546127776]]]},"properties":{"NO_LOT":"4 391 417","geoId":"ca/qc/lot/4-391-417","name":"4 391 417","code":"4 391 417","level":"locality","country":"CA","noLot":"4 391 417"}},{"type":"Feature","geometry":{"type":"Polygon","coordinates":[[[-73.11233515175032,45.24447877481031],[-73.11108524035556,45.24390481881017],[-73.11082178424567,45.24419271654573],[-73.11207169923367,45.24476667279964],[-73.11233515175032,45.24447877481031]]]},"properties":{"NO_LOT":"4 391 569","geoId":"ca/qc/lot/4-391-569","name":"4 391 569","code":"4 391 569","level":"locality","country":"CA","noLot":"4 391 569"}},{"type":"Feature","geometry":{"type":"Polygon","coordinates":[[[-73.12091200467334,45.23448146259939],[-73.12091349946996,45.234479601490264],[-73.12100782706636,45.23436222117781],[-73.12060747219876,45.23419748840133],[-73.12051038767274,45.234316379707174],[-73.12091200467334,45.23448146259939]]]},"properties":{"NO_LOT":"4 865 796","geoId":"ca/qc/lot/4-865-796","name":"4 865 796","code":"4 865 796","level":"locality","country":"CA","noLot":"4 865 796"}},{"type":"Feature","geometry":{"type":"Polygon","coordinates":[[[-73.11964769328458,45.241209574554055],[-73.11979651358443,45.24119811130124],[-73.11977411499115,45.241188954233415],[-73.11999875759257,45.240914586239406],[-73.11993830097393,45.24088987398424],[-73.11968629119738,45.240786865340425],[-73.1193502835519,45.24064951955895],[-73.11893709355549,45.241104157830016],[-73.11927310569256,45.241241505675056],[-73.11952507145166,45.24134449957907],[-73.11964769328458,45.241209574554055]]]},"properties":{"NO_LOT":"6 638 178","geoId":"ca/qc/lot/6-638-178","name":"6 638 178","code":"6 638 178","level":"locality","country":"CA","noLot":"6 638 178"}},{"type":"Feature","geometry":{"type":"Polygon","coordinates":[[[-73.12267070477702,45.240685830006264],[-73.12278114365805,45.24072880856632],[-73.12302780845864,45.240430246470176],[-73.12290658620095,45.24038321187472],[-73.12267070477702,45.240685830006264]]]},"properties":{"NO_LOT":"6 683 597","geoId":"ca/qc/lot/6-683-597","name":"6 683 597","code":"6 683 597","level":"locality","country":"CA","noLot":"6 683 597"}},{"type":"Feature","geometry":{"type":"Polygon","coordinates":[[[-73.1189081660067,45.24113598907118],[-73.11893709355549,45.241104157830016],[-73.1193502835519,45.24064951955895],[-73.11919804246743,45.2405872885661],[-73.11875142076941,45.2410782387967],[-73.1189081660067,45.24113598907118]]]},"properties":{"NO_LOT":"4 391 476","geoId":"ca/qc/lot/4-391-476","name":"4 391 476","code":"4 391 476","level":"locality","country":"CA","noLot":"4 391 476"}},{"type":"Feature","geometry":{"type":"Polygon","coordinates":[[[-73.11033283842303,45.2351466780482],[-73.11011106683726,45.23493533291139],[-73.10965620938474,45.23518573746199],[-73.10898254478687,45.23555659274857],[-73.10921420502729,45.235762573146175],[-73.11033283842303,45.2351466780482]]]},"properties":{"NO_LOT":"4 390 554","geoId":"ca/qc/lot/4-390-554","name":"4 390 554","code":"4 390 554","level":"locality","country":"CA","noLot":"4 390 554"}},{"type":"Feature","geometry":{"type":"Polygon","coordinates":[[[-73.12124578000535,45.23620779090888],[-73.12113068874946,45.23634787890413],[-73.12163528052939,45.23655506528795],[-73.1217504723966,45.23641501955365],[-73.12124578000535,45.23620779090888]]]},"properties":{"NO_LOT":"5 171 780","geoId":"ca/qc/lot/5-171-780","name":"5 171 780","code":"5 171 780","level":"locality","country":"CA","noLot":"5 171 780"}},{"type":"Feature","geometry":{"type":"Polygon","coordinates":[[[-73.12226122392443,45.23606270263752],[-73.12214603385387,45.236202749240164],[-73.12275745957558,45.23645379659838],[-73.12287264874783,45.23631374934931],[-73.12226122392443,45.23606270263752]]]},"properties":{"NO_LOT":"5 171 786","geoId":"ca/qc/lot/5-171-786","name":"5 171 786","code":"5 171 786","level":"locality","country":"CA","noLot":"5 171 786"}},{"type":"Feature","geometry":{"type":"Polygon","coordinates":[[[-73.11989726593175,45.236444016941654],[-73.11957450664008,45.23631138792975],[-73.11933194175043,45.23660833582677],[-73.11965415127314,45.23674078006632],[-73.11984862305745,45.23650339385503],[-73.11989726593175,45.236444016941654]]]},"properties":{"NO_LOT":"4 391 322","geoId":"ca/qc/lot/4-391-322","name":"4 391 322","code":"4 391 322","level":"locality","country":"CA","noLot":"4 391 322"}},{"type":"Feature","geometry":{"type":"Polygon","coordinates":[[[-73.11936244045263,45.23709685847269],[-73.11904086064891,45.23696467315257],[-73.11883006917087,45.237220754928174],[-73.11915456580431,45.237350596620615],[-73.11936244045263,45.23709685847269]]]},"properties":{"NO_LOT":"4 391 328","geoId":"ca/qc/lot/4-391-328","name":"4 391 328","code":"4 391 328","level":"locality","country":"CA","noLot":"4 391 328"}},{"type":"Feature","geometry":{"type":"Polygon","coordinates":[[[-73.12133968449525,45.237183070854975],[-73.12122449083144,45.237323117226666],[-73.12183339318551,45.237573129818536],[-73.12194925160267,45.2374333566994],[-73.12133968449525,45.237183070854975]]]},"properties":{"NO_LOT":"5 663 548","geoId":"ca/qc/lot/5-663-548","name":"5 663 548","code":"5 663 548","level":"locality","country":"CA","noLot":"5 663 548"}},{"type":"Feature","geometry":{"type":"Polygon","coordinates":[[[-73.1221559216102,45.23458078956237],[-73.12247804399635,45.23471318222639],[-73.12257538184728,45.23459494902075],[-73.12225326035944,45.23446255671389],[-73.1221559216102,45.23458078956237]]]},"properties":{"NO_LOT":"6 643 421","geoId":"ca/qc/lot/6-643-421","name":"6 643 421","code":"6 643 421","level":"locality","country":"CA","noLot":"6 643 421"}},{"type":"Feature","geometry":{"type":"Polygon","coordinates":[[[-73.11936244045263,45.23709685847269],[-73.11915456580431,45.237350596620615],[-73.11939392370839,45.23744634519813],[-73.11947464182825,45.2374784163336],[-73.11962543572677,45.23729488126736],[-73.11968066325214,45.23722766321883],[-73.11936244045263,45.23709685847269]]]},"properties":{"NO_LOT":"4 391 326","geoId":"ca/qc/lot/4-391-326","name":"4 391 326","code":"4 391 326","level":"locality","country":"CA","noLot":"4 391 326"}},{"type":"Feature","geometry":{"type":"Polygon","coordinates":[[[-73.11712699813945,45.23974776883332],[-73.11671173842466,45.24021122618217],[-73.11705814766282,45.240350118937776],[-73.11746549321998,45.23988317046958],[-73.11712699813945,45.23974776883332]]]},"properties":{"NO_LOT":"4 391 526","geoId":"ca/qc/lot/4-391-526","name":"4 391 526","code":"4 391 526","level":"locality","country":"CA","noLot":"4 391 526"}},{"type":"Feature","geometry":{"type":"Polygon","coordinates":[[[-73.1149517645099,45.23995122285847],[-73.1152431097161,45.23964312173147],[-73.11501558082767,45.23955695609456],[-73.11467859222188,45.239429336513595],[-73.11448045620955,45.23976279927846],[-73.1149517645099,45.23995122285847]]]},"properties":{"NO_LOT":"4 391 532","geoId":"ca/qc/lot/4-391-532","name":"4 391 532","code":"4 391 532","level":"locality","country":"CA","noLot":"4 391 532"}},{"type":"Feature","geometry":{"type":"Polygon","coordinates":[[[-73.11080590742132,45.24614986813051],[-73.10955715036172,45.245574613463],[-73.10934637146009,45.24580492866679],[-73.11059514289273,45.24638018922403],[-73.11080590742132,45.24614986813051]]]},"properties":{"NO_LOT":"4 391 590","geoId":"ca/qc/lot/4-391-590","name":"4 391 590","code":"4 391 590","level":"locality","country":"CA","noLot":"4 391 590"}},{"type":"Feature","geometry":{"type":"Polygon","coordinates":[[[-73.117659496982,45.23761268539323],[-73.1172695580801,45.23805693033184],[-73.11749135212376,45.23814763559042],[-73.11788141409485,45.23770636567722],[-73.117659496982,45.23761268539323]]]},"properties":{"NO_LOT":"4 391 390","geoId":"ca/qc/lot/4-391-390","name":"4 391 390","code":"4 391 390","level":"locality","country":"CA","noLot":"4 391 390"}},{"type":"Feature","geometry":{"type":"Polygon","coordinates":[[[-73.11114459743628,45.23737405982874],[-73.11078049677688,45.23779539520331],[-73.11112611280267,45.23793741871826],[-73.11149021166543,45.23751608123395],[-73.11114459743628,45.23737405982874]]]},"properties":{"NO_LOT":"4 390 568","geoId":"ca/qc/lot/4-390-568","name":"4 390 568","code":"4 390 568","level":"locality","country":"CA","noLot":"4 390 568"}},{"type":"Feature","geometry":{"type":"Polygon","coordinates":[[[-73.12152008686556,45.23669511130971],[-73.12163528052939,45.23655506528795],[-73.12113068874946,45.23634787890413],[-73.12110147912969,45.23638343300589],[-73.12101559839189,45.2364879659215],[-73.12152008686556,45.23669511130971]]]},"properties":{"NO_LOT":"5 171 781","geoId":"ca/qc/lot/5-171-781","name":"5 171 781","code":"5 171 781","level":"locality","country":"CA","noLot":"5 171 781"}},{"type":"Feature","geometry":{"type":"Polygon","coordinates":[[[-73.12142296371199,45.23391600588552],[-73.12065928702434,45.23360021745601],[-73.12056187551157,45.23371882154195],[-73.12132555399585,45.23403461121021],[-73.12136556855185,45.23398589112049],[-73.12142296371199,45.23391600588552]]]},"properties":{"NO_LOT":"4 391 244","geoId":"ca/qc/lot/4-391-244","name":"4 391 244","code":"4 391 244","level":"locality","country":"CA","noLot":"4 391 244"}},{"type":"Feature","geometry":{"type":"Polygon","coordinates":[[[-73.11927945139175,45.23579360589422],[-73.11896092675829,45.23566267322734],[-73.1188631145969,45.23578112814682],[-73.11918184224959,45.23591214530706],[-73.11927945139175,45.23579360589422]]]},"properties":{"NO_LOT":"4 391 297","geoId":"ca/qc/lot/4-391-297","name":"4 391 297","code":"4 391 297","level":"locality","country":"CA","noLot":"4 391 297"}},{"type":"Feature","geometry":{"type":"Polygon","coordinates":[[[-73.1145441530514,45.238566491941015],[-73.11491565133716,45.23811053471929],[-73.11475482595183,45.23804424686675],[-73.11438332586945,45.23850020335527],[-73.1145441530514,45.238566491941015]]]},"properties":{"NO_LOT":"4 391 395","geoId":"ca/qc/lot/4-391-395","name":"4 391 395","code":"4 391 395","level":"locality","country":"CA","noLot":"4 391 395"}},{"type":"Feature","geometry":{"type":"Polygon","coordinates":[[[-73.10971373210563,45.244113555708594],[-73.10952917951873,45.244315343932556],[-73.11018134653352,45.24461300835281],[-73.11036590001876,45.244411218023714],[-73.10971373210563,45.244113555708594]]]},"properties":{"NO_LOT":"4 391 582","geoId":"ca/qc/lot/4-391-582","name":"4 391 582","code":"4 391 582","level":"locality","country":"CA","noLot":"4 391 582"}},{"type":"Feature","geometry":{"type":"Polygon","coordinates":[[[-73.11889578183221,45.23957672244159],[-73.11899675965667,45.2394564252415],[-73.11930285430152,45.23909117701582],[-73.11929717964387,45.23908813382422],[-73.11929148612158,45.23908511087403],[-73.11928577014145,45.2390821081652],[-73.11928003260174,45.239079125065274],[-73.11927427440077,45.23907616283928],[-73.11926849553852,45.239073220854706],[-73.11926269601507,45.23907029911151],[-73.11925687583033,45.23906739760974],[-73.11925103498437,45.23906451761452],[-73.11924517347713,45.23906165786069],[-73.11923929220697,45.2390588189808],[-73.11923339117385,45.23905600097497],[-73.1192274694795,45.239053203210524],[-73.11922152892053,45.23905042695261],[-73.11921556859862,45.23904767220121],[-73.11920958851378,45.23904493705874],[-73.119203588666,45.239042224055325],[-73.11919757085191,45.23903953192592],[-73.11919153327489,45.23903686193561],[-73.11918547773155,45.239034212186766],[-73.11917940242529,45.23903158520954],[-73.11917330915271,45.239028977841265],[-73.11916719791382,45.23902639324461],[-73.11916106781034,45.239023830154544],[-73.11915492063885,45.2390212892036],[-73.11914875460273,45.23901876912665],[-73.11914257060032,45.23901627118881],[-73.11913636952991,45.23901379475754],[-73.1191301504932,45.23901134109799],[-73.11908128214175,45.238992167253386],[-73.11907740770792,45.23899063332024],[-73.11907354854547,45.23898907914544],[-73.11906970555268,45.238987504728996],[-73.11906587962788,45.23898591007095],[-73.11906207077107,45.23898429517125],[-73.11905827808394,45.23898266129502],[-73.11905450426144,45.23898100591205],[-73.11905074750693,45.23897933218507],[-73.11904700692209,45.238977638216426],[-73.11904328610017,45.23897592400617],[-73.11903958234625,45.23897419081932],[-73.11903589745695,45.238972439288496],[-73.11903223143229,45.23897066688348],[-73.11902858427224,45.23896887613444],[-73.11902495507849,45.23896706577634],[-73.11902134564767,45.23896523580908],[-73.11901775508147,45.23896338813034],[-73.11901418517655,45.23896152210765],[-73.11901063413622,45.238959635843244],[-73.11900710285884,45.238957731867394],[-73.1190035922427,45.23895580891499],[-73.11900010228783,45.238953868251095],[-73.1189966320959,45.238951907978084],[-73.11899318346352,45.23894992999357],[-73.1189897554924,45.23894793493018],[-73.1186753774823,45.239328533439966],[-73.11858067708506,45.23945037558485],[-73.11874248971885,45.23951692114],[-73.11889578183221,45.23957672244159]]]},"properties":{"NO_LOT":"5 903 668","geoId":"ca/qc/lot/5-903-668","name":"5 903 668","code":"5 903 668","level":"locality","country":"CA","noLot":"5 903 668"}},{"type":"Feature","geometry":{"type":"Polygon","coordinates":[[[-73.12041339746983,45.234435157528765],[-73.12008455029546,45.23429998266626],[-73.11998713608773,45.23441858592437],[-73.12015195358617,45.23448633488405],[-73.1203164063686,45.234553935102156],[-73.12041339746983,45.234435157528765]]]},"properties":{"NO_LOT":"4 391 252","geoId":"ca/qc/lot/4-391-252","name":"4 391 252","code":"4 391 252","level":"locality","country":"CA","noLot":"4 391 252"}},{"type":"Feature","geometry":{"type":"Polygon","coordinates":[[[-73.1178597539167,45.236637953040606],[-73.1175716516287,45.23651934619091],[-73.11747399038425,45.236637865112506],[-73.11776209357059,45.23675647108224],[-73.1178597539167,45.236637953040606]]]},"properties":{"NO_LOT":"4 391 281","geoId":"ca/qc/lot/4-391-281","name":"4 391 281","code":"4 391 281","level":"locality","country":"CA","noLot":"4 391 281"}},{"type":"Feature","geometry":{"type":"Polygon","coordinates":[[[-73.11837416248608,45.23920765756611],[-73.11801933603368,45.23963510931508],[-73.11780025490219,45.23989902824082],[-73.11794630389939,45.23995874944031],[-73.11852521330277,45.239268273280786],[-73.11847428062279,45.23924783442913],[-73.11837416248608,45.23920765756611]]]},"properties":{"NO_LOT":"4 391 427","geoId":"ca/qc/lot/4-391-427","name":"4 391 427","code":"4 391 427","level":"locality","country":"CA","noLot":"4 391 427"}},{"type":"Feature","geometry":{"type":"Polygon","coordinates":[[[-73.12203084288497,45.23634279613021],[-73.1219156519161,45.23648284204251],[-73.12252707943445,45.23673389006107],[-73.12264226950501,45.23659384286976],[-73.12203084288497,45.23634279613021]]]},"properties":{"NO_LOT":"5 171 788","geoId":"ca/qc/lot/5-171-788","name":"5 171 788","code":"5 171 788","level":"locality","country":"CA","noLot":"5 171 788"}},{"type":"Feature","geometry":{"type":"Polygon","coordinates":[[[-73.12017574816142,45.23751017875865],[-73.11985345779031,45.23737799376749],[-73.11969756864747,45.23756773213653],[-73.12002196287298,45.23769734784329],[-73.12009483600546,45.23760865595339],[-73.12017574816142,45.23751017875865]]]},"properties":{"NO_LOT":"4 391 338","geoId":"ca/qc/lot/4-391-338","name":"4 391 338","code":"4 391 338","level":"locality","country":"CA","noLot":"4 391 338"}},{"type":"Feature","geometry":{"type":"Polygon","coordinates":[[[-73.11869379294563,45.2365048392945],[-73.11879116403422,45.236386202435774],[-73.11847186684963,45.23625495168125],[-73.11837420919845,45.236373470521755],[-73.11869379294563,45.2365048392945]]]},"properties":{"NO_LOT":"5 714 093","geoId":"ca/qc/lot/5-714-093","name":"5 714 093","code":"5 714 093","level":"locality","country":"CA","noLot":"5 714 093"}},{"type":"Feature","geometry":{"type":"Polygon","coordinates":[[[-73.11987638818626,45.236989437720766],[-73.11955691493186,45.23685947311635],[-73.11945968038718,45.236978164020755],[-73.11977919855734,45.23710773299701],[-73.11987638818626,45.236989437720766]]]},"properties":{"NO_LOT":"4 391 323","geoId":"ca/qc/lot/4-391-323","name":"4 391 323","code":"4 391 323","level":"locality","country":"CA","noLot":"4 391 323"}},{"type":"Feature","geometry":{"type":"Polygon","coordinates":[[[-73.1166280226267,45.23809542982756],[-73.1163347972466,45.23797485306209],[-73.11619866295518,45.23814104179353],[-73.11649188833528,45.23826161883886],[-73.1166280226267,45.23809542982756]]]},"properties":{"NO_LOT":"4 391 402","geoId":"ca/qc/lot/4-391-402","name":"4 391 402","code":"4 391 402","level":"locality","country":"CA","noLot":"4 391 402"}},{"type":"Feature","geometry":{"type":"Polygon","coordinates":[[[-73.12129503822565,45.24359197261388],[-73.12087373284896,45.243398919185644],[-73.12072848065742,45.243557156088855],[-73.1210911529955,45.243723344937635],[-73.12129503822565,45.24359197261388]]]},"properties":{"NO_LOT":"4 391 523","geoId":"ca/qc/lot/4-391-523","name":"4 391 523","code":"4 391 523","level":"locality","country":"CA","noLot":"4 391 523"}},{"type":"Feature","geometry":{"type":"Polygon","coordinates":[[[-73.11295254947204,45.243787305535506],[-73.111702603043,45.24321345070731],[-73.11136759073082,45.24359627360376],[-73.11261757758406,45.24417014733474],[-73.11295254947204,45.243787305535506]]]},"properties":{"NO_LOT":"4 391 567","geoId":"ca/qc/lot/4-391-567","name":"4 391 567","code":"4 391 567","level":"locality","country":"CA","noLot":"4 391 567"}},{"type":"Feature","geometry":{"type":"Polygon","coordinates":[[[-73.12205332232664,45.24423136241689],[-73.12126460150719,45.24509581095264],[-73.1214799923595,45.24519388475949],[-73.12226032471082,45.24433862716736],[-73.12205332232664,45.24423136241689]]]},"properties":{"NO_LOT":"4 391 923","geoId":"ca/qc/lot/4-391-923","name":"4 391 923","code":"4 391 923","level":"locality","country":"CA","noLot":"4 391 923"}},{"type":"Feature","geometry":{"type":"Polygon","coordinates":[[[-73.12068173322835,45.23636985912872],[-73.12100403437924,45.236502040771846],[-73.12101559839189,45.2364879659215],[-73.12110147912969,45.23638343300589],[-73.12077917618217,45.23625125108687],[-73.12068173322835,45.23636985912872]]]},"properties":{"NO_LOT":"4 391 333","geoId":"ca/qc/lot/4-391-333","name":"4 391 333","code":"4 391 333","level":"locality","country":"CA","noLot":"4 391 333"}},{"type":"Feature","geometry":{"type":"Polygon","coordinates":[[[-73.11095521460807,45.24376684933455],[-73.11030305208484,45.24346918996817],[-73.11008283638115,45.243709977110406],[-73.110735000701,45.24400763837771],[-73.11095521460807,45.24376684933455]]]},"properties":{"NO_LOT":"4 391 579","geoId":"ca/qc/lot/4-391-579","name":"4 391 579","code":"4 391 579","level":"locality","country":"CA","noLot":"4 391 579"}},{"type":"Feature","geometry":{"type":"Polygon","coordinates":[[[-73.11969538484303,45.235805916636444],[-73.11937706053388,45.23567506686677],[-73.11927945139175,45.23579360589422],[-73.11959733822133,45.23592427447195],[-73.11969538484303,45.235805916636444]]]},"properties":{"NO_LOT":"4 391 293","geoId":"ca/qc/lot/4-391-293","name":"4 391 293","code":"4 391 293","level":"locality","country":"CA","noLot":"4 391 293"}},{"type":"Feature","geometry":{"type":"Polygon","coordinates":[[[-73.11944958781497,45.23894262656836],[-73.11972268913608,45.23862250714308],[-73.11939044812655,45.23848062070738],[-73.11912030136442,45.23880042781883],[-73.11925456536342,45.23885310797996],[-73.11926112216668,45.23885569384958],[-73.11926766100365,45.23885829996073],[-73.11927418367091,45.23886092694597],[-73.11928069016851,45.23886357480526],[-73.11928717959812,45.23886624290603],[-73.11929365195975,45.238868930615794],[-73.1193001072534,45.23887163983216],[-73.1193065445807,45.2388743686575],[-73.11931296573835,45.238877118989414],[-73.119319369828,45.23887988893028],[-73.11932575505307,45.238882679112656],[-73.11933212410842,45.238885488903925],[-73.11933847429917,45.23888831893675],[-73.1193448056253,45.23889116857846],[-73.11935112078174,45.23889403909424],[-73.11935741707356,45.23889692858638],[-73.11936369360244,45.23889983895257],[-73.11936995306336,45.23890276892769],[-73.11937619365963,45.23890571787917],[-73.1193824162896,45.23890868707208],[-73.11938861915665,45.238911675873965],[-73.11939480315905,45.23891468365215],[-73.11940096919515,45.23891771167185],[-73.1194071136717,45.23892075866785],[-73.11941324108025,45.238923824640246],[-73.11941934782756,45.238926910854055],[-73.11942543571024,45.23893001604425],[-73.11943150293166,45.23893313957821],[-73.11943755218681,45.238936282721056],[-73.11944357988234,45.23893944547281],[-73.11944958781497,45.23894262656836]]]},"properties":{"NO_LOT":"4 391 388","geoId":"ca/qc/lot/4-391-388","name":"4 391 388","code":"4 391 388","level":"locality","country":"CA","noLot":"4 391 388"}},{"type":"Feature","geometry":{"type":"Polygon","coordinates":[[[-73.12102819097555,45.24072326506952],[-73.12071715469831,45.24059712443763],[-73.1204812211721,45.24087866431095],[-73.1205418062498,45.24090326081829],[-73.12046270060588,45.24099766055357],[-73.12071661570914,45.24110074724847],[-73.12102819097555,45.24072326506952]]]},"properties":{"NO_LOT":"4 391 467","geoId":"ca/qc/lot/4-391-467","name":"4 391 467","code":"4 391 467","level":"locality","country":"CA","noLot":"4 391 467"}},{"type":"Feature","geometry":{"type":"Polygon","coordinates":[[[-73.11218898866706,45.24241586420237],[-73.11198290885268,45.24264828328745],[-73.11174590094137,45.242915580979385],[-73.11170287163927,45.242964108721516],[-73.11169503563504,45.24297294608799],[-73.1116840483408,45.24298533623547],[-73.11154481396333,45.243142364311396],[-73.11151862537785,45.243171899056534],[-73.11151542288387,45.24317551001726],[-73.11128990981494,45.243429838340646],[-73.1109739004643,45.24377537791792],[-73.11095521460807,45.24376684933455],[-73.110735000701,45.24400763837771],[-73.11055736424346,45.2442018705995],[-73.11055045080904,45.24420942761034],[-73.11073102385924,45.244291895608114],[-73.11082178424567,45.24419271654573],[-73.11108524035556,45.24390481881017],[-73.11136759073082,45.24359627360376],[-73.111702603043,45.24321345070731],[-73.11190693922741,45.24297994855516],[-73.11197535491945,45.24290500927205],[-73.1121594745184,45.242703335582696],[-73.11235337317753,45.24249066371332],[-73.11218898866706,45.24241586420237]]]},"properties":{"NO_LOT":"4 391 947","geoId":"ca/qc/lot/4-391-947","name":"4 391 947","code":"4 391 947","level":"locality","country":"CA","noLot":"4 391 947"}},{"type":"Feature","geometry":{"type":"Polygon","coordinates":[[[-73.12164145554866,45.23430553564613],[-73.12176858512767,45.23415153482696],[-73.12136556855185,45.23398589112049],[-73.12132555399585,45.23403461121021],[-73.12123892585974,45.23414008976089],[-73.12164145554866,45.23430553564613]]]},"properties":{"NO_LOT":"6 188 210","geoId":"ca/qc/lot/6-188-210","name":"6 188 210","code":"6 188 210","level":"locality","country":"CA","noLot":"6 188 210"}},{"type":"Feature","geometry":{"type":"Polygon","coordinates":[[[-73.12043280736816,45.23441138756101],[-73.12051038767274,45.234316379707174],[-73.12018196450319,45.23418137852797],[-73.12008455029546,45.23429998266626],[-73.12041339746983,45.234435157528765],[-73.12043280736816,45.23441138756101]]]},"properties":{"NO_LOT":"4 391 250","geoId":"ca/qc/lot/4-391-250","name":"4 391 250","code":"4 391 250","level":"locality","country":"CA","noLot":"4 391 250"}},{"type":"Feature","geometry":{"type":"Polygon","coordinates":[[[-73.11965415127314,45.23674078006632],[-73.11933194175043,45.23660833582677],[-73.11923491471657,45.23672711518368],[-73.11955691493186,45.23685947311635],[-73.11965415127314,45.23674078006632]]]},"properties":{"NO_LOT":"4 391 325","geoId":"ca/qc/lot/4-391-325","name":"4 391 325","code":"4 391 325","level":"locality","country":"CA","noLot":"4 391 325"}},{"type":"Feature","geometry":{"type":"Polygon","coordinates":[[[-73.12129538407703,45.23614741167768],[-73.12097403064875,45.23601407601101],[-73.12077917618217,45.23625125108687],[-73.12110147912969,45.23638343300589],[-73.12113068874946,45.23634787890413],[-73.12124578000535,45.23620779090888],[-73.12129538407703,45.23614741167768]]]},"properties":{"NO_LOT":"4 391 332","geoId":"ca/qc/lot/4-391-332","name":"4 391 332","code":"4 391 332","level":"locality","country":"CA","noLot":"4 391 332"}},{"type":"Feature","geometry":{"type":"Polygon","coordinates":[[[-73.12174680816855,45.23507697769281],[-73.12163265744877,45.23521529721878],[-73.12195495949798,45.23534747901717],[-73.12206906081042,45.23520921674618],[-73.12174680816855,45.23507697769281]]]},"properties":{"NO_LOT":"5 306 637","geoId":"ca/qc/lot/5-306-637","name":"5 306 637","code":"5 306 637","level":"locality","country":"CA","noLot":"5 306 637"}},{"type":"Feature","geometry":{"type":"Polygon","coordinates":[[[-73.122009439625,45.23160131826184],[-73.12251627270157,45.230984628388065],[-73.12216426246759,45.23083976085835],[-73.12166289653786,45.23145869941866],[-73.122009439625,45.23160131826184]]]},"properties":{"NO_LOT":"4 391 134","geoId":"ca/qc/lot/4-391-134","name":"4 391 134","code":"4 391 134","level":"locality","country":"CA","noLot":"4 391 134"}},{"type":"Feature","geometry":{"type":"Polygon","coordinates":[[[-73.12192103911286,45.24007450458898],[-73.12172883108309,45.24031928476395],[-73.12184864118915,45.24036591142758],[-73.12203943886392,45.24012325424818],[-73.12192103911286,45.24007450458898]]]},"properties":{"NO_LOT":"4 391 376","geoId":"ca/qc/lot/4-391-376","name":"4 391 376","code":"4 391 376","level":"locality","country":"CA","noLot":"4 391 376"}},{"type":"Feature","geometry":{"type":"Polygon","coordinates":[[[-73.1117423049853,45.24124659496859],[-73.11164544952968,45.24117925508983],[-73.11138979349138,45.24145763895495],[-73.11245903751282,45.24212187772933],[-73.11267032486091,45.24189180249805],[-73.1117423049853,45.24124659496859]]]},"properties":{"NO_LOT":"4 391 561","geoId":"ca/qc/lot/4-391-561","name":"4 391 561","code":"4 391 561","level":"locality","country":"CA","noLot":"4 391 561"}},{"type":"Feature","geometry":{"type":"Polygon","coordinates":[[[-73.11018947538854,45.24488366604391],[-73.10997870097847,45.24511398278407],[-73.1112274526482,45.245689232629026],[-73.11143822256668,45.24545891505874],[-73.11018947538854,45.24488366604391]]]},"properties":{"NO_LOT":"4 391 573","geoId":"ca/qc/lot/4-391-573","name":"4 391 573","code":"4 391 573","level":"locality","country":"CA","noLot":"4 391 573"}},{"type":"Feature","geometry":{"type":"Polygon","coordinates":[[[-73.12114223749076,45.2354486744002],[-73.12104479543527,45.235567281586825],[-73.12084994276529,45.23580445789492],[-73.12065508919702,45.23604163384566],[-73.12055767678592,45.23616020120723],[-73.12046023113716,45.23627880817394],[-73.12036278818336,45.23639741615823],[-73.12026534253461,45.236516023262425],[-73.12016834514515,45.23663408547109],[-73.11997370807086,45.23687098658521],[-73.11987638818626,45.236989437720766],[-73.11977919855734,45.23710773299701],[-73.11968066325214,45.23722766321883],[-73.11962543572677,45.23729488126736],[-73.11947464182825,45.2374784163336],[-73.11969756864747,45.23756773213653],[-73.11985345779031,45.23737799376749],[-73.12000934872975,45.237188254132356],[-73.12019452205254,45.23696287032146],[-73.12048664879303,45.236607305359996],[-73.12058419056153,45.23648858205211],[-73.12068173322835,45.23636985912872],[-73.12077917618217,45.23625125108687],[-73.12097403064875,45.23601407601101],[-73.12107147360257,45.235895467859194],[-73.12113967998714,45.2358124474458],[-73.12126635771357,45.235658252710564],[-73.12136379707411,45.235539644448615],[-73.12114223749076,45.2354486744002]]]},"properties":{"NO_LOT":"4 391 908","geoId":"ca/qc/lot/4-391-908","name":"4 391 908","code":"4 391 908","level":"locality","country":"CA","noLot":"4 391 908"}},{"type":"Feature","geometry":{"type":"Polygon","coordinates":[[[-73.11920683068585,45.236399287958385],[-73.1193043994038,45.236279846237615],[-73.11898594483895,45.23614894315726],[-73.11888855398742,45.236267573552915],[-73.11920683068585,45.236399287958385]]]},"properties":{"NO_LOT":"4 391 296","geoId":"ca/qc/lot/4-391-296","name":"4 391 296","code":"4 391 296","level":"locality","country":"CA","noLot":"4 391 296"}},{"type":"Feature","geometry":{"type":"Polygon","coordinates":[[[-73.12137212625343,45.24038711903872],[-73.12115768132712,45.24064800401393],[-73.12131068867453,45.24070761120324],[-73.12117503677841,45.240874000043796],[-73.12144182114643,45.24098627063121],[-73.1217981567685,45.240552918665145],[-73.12137212625343,45.24038711903872]]]},"properties":{"NO_LOT":"4 391 461","geoId":"ca/qc/lot/4-391-461","name":"4 391 461","code":"4 391 461","level":"locality","country":"CA","noLot":"4 391 461"}},{"type":"Feature","geometry":{"type":"Polygon","coordinates":[[[-73.12100047794904,45.24188076127214],[-73.12081197457151,45.24208856189466],[-73.12107932487817,45.24220020832078],[-73.12126778423824,45.24199238849861],[-73.12100047794904,45.24188076127214]]]},"properties":{"NO_LOT":"4 391 520","geoId":"ca/qc/lot/4-391-520","name":"4 391 520","code":"4 391 520","level":"locality","country":"CA","noLot":"4 391 520"}},{"type":"Feature","geometry":{"type":"Polygon","coordinates":[[[-73.12197284315866,45.24172309592481],[-73.12163580155226,45.24158723187288],[-73.12142496246351,45.24181911733983],[-73.12126778423824,45.24199238849861],[-73.12107932487817,45.24220020832078],[-73.12089076041518,45.24240800650984],[-73.12070219774884,45.24261580267388],[-73.12036380687289,45.24298870559101],[-73.12101898504052,45.24324068373914],[-73.12116423363881,45.243082446586925],[-73.12130948403372,45.242924210259005],[-73.121454732632,45.242765974122825],[-73.12170607585863,45.24249215390871],[-73.12187510645573,45.24230795382094],[-73.1215562063265,45.242176965322976],[-73.12197284315866,45.24172309592481]]]},"properties":{"NO_LOT":"5 098 362","geoId":"ca/qc/lot/5-098-362","name":"5 098 362","code":"5 098 362","level":"locality","country":"CA","noLot":"5 098 362"}},{"type":"Feature","geometry":{"type":"Polygon","coordinates":[[[-73.12071371954066,45.23767542822584],[-73.12020993534618,45.237468571066245],[-73.12017574816142,45.23751017875865],[-73.12009483600546,45.23760865595339],[-73.12059852228359,45.23781547338411],[-73.12071371954066,45.23767542822584]]]},"properties":{"NO_LOT":"5 663 542","geoId":"ca/qc/lot/5-663-542","name":"5 663 542","code":"5 663 542","level":"locality","country":"CA","noLot":"5 663 542"}},{"type":"Feature","geometry":{"type":"Polygon","coordinates":[[[-73.1221412530199,45.232322530634875],[-73.12223865375292,45.232203938185314],[-73.12233607335052,45.23208532397901],[-73.12201660368942,45.231953275669035],[-73.12182110692737,45.23219020262293],[-73.1221412530199,45.232322530634875]]]},"properties":{"NO_LOT":"4 391 190","geoId":"ca/qc/lot/4-391-190","name":"4 391 190","code":"4 391 190","level":"locality","country":"CA","noLot":"4 391 190"}},{"type":"Feature","geometry":{"type":"Polygon","coordinates":[[[-73.12052383096096,45.23495649067666],[-73.1207190222958,45.23471943165553],[-73.12081595859979,45.234600618369974],[-73.12083534963351,45.23457685163437],[-73.12056699231542,45.234466543360014],[-73.12025541974396,45.234846159733145],[-73.12052383096096,45.23495649067666]]]},"properties":{"NO_LOT":"4 391 247","geoId":"ca/qc/lot/4-391-247","name":"4 391 247","code":"4 391 247","level":"locality","country":"CA","noLot":"4 391 247"}},{"type":"Feature","geometry":{"type":"Polygon","coordinates":[[[-73.11835210435427,45.24024333623936],[-73.11795181506366,45.24068698437511],[-73.11809830333704,45.24074635242706],[-73.11849852166074,45.24030279204475],[-73.11835210435427,45.24024333623936]]]},"properties":{"NO_LOT":"4 391 481","geoId":"ca/qc/lot/4-391-481","name":"4 391 481","code":"4 391 481","level":"locality","country":"CA","noLot":"4 391 481"}},{"type":"Feature","geometry":{"type":"Polygon","coordinates":[[[-73.11322408233465,45.239034154624754],[-73.11378416215136,45.23838997986854],[-73.11352528565278,45.23828482928033],[-73.11296281721575,45.23893169926095],[-73.11322408233465,45.239034154624754]]]},"properties":{"NO_LOT":"4 391 553","geoId":"ca/qc/lot/4-391-553","name":"4 391 553","code":"4 391 553","level":"locality","country":"CA","noLot":"4 391 553"}},{"type":"Feature","geometry":{"type":"Polygon","coordinates":[[[-73.11977411499115,45.241188954233415],[-73.11979651358443,45.24119811130124],[-73.11988436522596,45.24123402037724],[-73.12010900872569,45.24095965070328],[-73.12005603956497,45.2409379999037],[-73.11999875759257,45.240914586239406],[-73.11977411499115,45.241188954233415]]]},"properties":{"NO_LOT":"6 638 177","geoId":"ca/qc/lot/6-638-177","name":"6 638 177","code":"6 638 177","level":"locality","country":"CA","noLot":"6 638 177"}},{"type":"Feature","geometry":{"type":"Polygon","coordinates":[[[-73.12006557697833,45.23500611517649],[-73.11986944510741,45.23524288327486],[-73.12008744107403,45.23533263338566],[-73.12028366008155,45.23509575875301],[-73.12006557697833,45.23500611517649]]]},"properties":{"NO_LOT":"4 391 284","geoId":"ca/qc/lot/4-391-284","name":"4 391 284","code":"4 391 284","level":"locality","country":"CA","noLot":"4 391 284"}},{"type":"Feature","geometry":{"type":"Polygon","coordinates":[[[-73.11927945139175,45.23579360589422],[-73.11918184224959,45.23591214530706],[-73.11949929159965,45.23604263395874],[-73.11959733822133,45.23592427447195],[-73.11927945139175,45.23579360589422]]]},"properties":{"NO_LOT":"4 391 294","geoId":"ca/qc/lot/4-391-294","name":"4 391 294","code":"4 391 294","level":"locality","country":"CA","noLot":"4 391 294"}},{"type":"Feature","geometry":{"type":"Polygon","coordinates":[[[-73.11780997108029,45.236221899987946],[-73.11767032347782,45.236396194016315],[-73.1179605215354,45.23651566332591],[-73.11810313357833,45.2363425886442],[-73.11780997108029,45.236221899987946]]]},"properties":{"NO_LOT":"4 884 368","geoId":"ca/qc/lot/4-884-368","name":"4 884 368","code":"4 884 368","level":"locality","country":"CA","noLot":"4 884 368"}},{"type":"Feature","geometry":{"type":"Polygon","coordinates":[[[-73.11083188130947,45.24287183557807],[-73.11151542288387,45.24317551001726],[-73.11151862537785,45.243171899056534],[-73.11154481396333,45.243142364311396],[-73.1116840483408,45.24298533623547],[-73.11169503563504,45.24297294608799],[-73.11170287163927,45.242964108721516],[-73.11174590094137,45.242915580979385],[-73.11055328858703,45.242369757248504],[-73.11051719248228,45.242409212077156],[-73.11040547260365,45.242531329082816],[-73.11034803342608,45.24259411455486],[-73.11069406627014,45.24280378921745],[-73.11083188130947,45.24287183557807]]]},"properties":{"NO_LOT":"6 293 403","geoId":"ca/qc/lot/6-293-403","name":"6 293 403","code":"6 293 403","level":"locality","country":"CA","noLot":"6 293 403"}},{"type":"Feature","geometry":{"type":"Polygon","coordinates":[[[-73.12257945840203,45.23266115553455],[-73.12244308426044,45.23282720038657],[-73.12276536564839,45.2329593497826],[-73.1229017406883,45.232793304684044],[-73.12257945840203,45.23266115553455]]]},"properties":{"NO_LOT":"4 391 207","geoId":"ca/qc/lot/4-391-207","name":"4 391 207","code":"4 391 207","level":"locality","country":"CA","noLot":"4 391 207"}},{"type":"Feature","geometry":{"type":"Polygon","coordinates":[[[-73.11705814766282,45.240350118937776],[-73.11671173842466,45.24021122618217],[-73.11655601457183,45.24038502218775],[-73.11621301983004,45.24076781986599],[-73.11654537762055,45.24091955032162],[-73.11689677071193,45.2405351071834],[-73.11705814766282,45.240350118937776]]]},"properties":{"NO_LOT":"4 391 533","geoId":"ca/qc/lot/4-391-533","name":"4 391 533","code":"4 391 533","level":"locality","country":"CA","noLot":"4 391 533"}},{"type":"Feature","geometry":{"type":"Polygon","coordinates":[[[-73.11432839029658,45.24103586203415],[-73.11386993509132,45.24082969454715],[-73.11369555772164,45.24102272887467],[-73.1141540138252,45.241228897558756],[-73.11432839029658,45.24103586203415]]]},"properties":{"NO_LOT":"4 391 541","geoId":"ca/qc/lot/4-391-541","name":"4 391 541","code":"4 391 541","level":"locality","country":"CA","noLot":"4 391 541"}},{"type":"Feature","geometry":{"type":"Polygon","coordinates":[[[-73.1097679265684,45.24534429795795],[-73.10955715036172,45.245574613463],[-73.11080590742132,45.24614986813051],[-73.11101668093308,45.24591955053043],[-73.1097679265684,45.24534429795795]]]},"properties":{"NO_LOT":"4 391 575","geoId":"ca/qc/lot/4-391-575","name":"4 391 575","code":"4 391 575","level":"locality","country":"CA","noLot":"4 391 575"}},{"type":"Feature","geometry":{"type":"Polygon","coordinates":[[[-73.12136379707411,45.235539644448615],[-73.1214003531163,45.23549570422418],[-73.1215113417663,45.23536229807604],[-73.12163265744877,45.23521529721878],[-73.12174680816855,45.23507697769281],[-73.12182411358864,45.23498330509324],[-73.1219316616911,45.2348529860751],[-73.1219999111948,45.234770285497866],[-73.1221559216102,45.23458078956237],[-73.12225326035944,45.23446255671389],[-73.12235059910869,45.23434432425199],[-73.1224773945144,45.23419031025328],[-73.12267258225596,45.233953220833946],[-73.12277017522842,45.23383467670228],[-73.12306295145088,45.23347904345624],[-73.12316054262672,45.23336049833548],[-73.12293944837067,45.233268974424995],[-73.12284186617799,45.233387507084416],[-73.12274428398531,45.23350603886402],[-73.12264670179262,45.233624571029],[-73.12250032670697,45.23380237007816],[-73.12238026776757,45.233948202371636],[-73.12225636763199,45.23409870164498],[-73.12210079918772,45.23428807772835],[-73.12197366960872,45.234442079442736],[-73.1218760739413,45.234560622939995],[-73.12177847827388,45.23467916682258],[-73.12168229026653,45.234795720942024],[-73.12165504346565,45.23482873677426],[-73.1216368732424,45.234850753011806],[-73.1216236841774,45.23486673491104],[-73.12158303271583,45.23491599384925],[-73.12148530858934,45.235034407941384],[-73.12138754583528,45.2351528673334],[-73.12128978128459,45.23527133027409],[-73.12114223749076,45.2354486744002],[-73.12136379707411,45.235539644448615]]]},"properties":{"NO_LOT":"4 391 904","geoId":"ca/qc/lot/4-391-904","name":"4 391 904","code":"4 391 904","level":"locality","country":"CA","noLot":"4 391 904"}},{"type":"Feature","geometry":{"type":"Polygon","coordinates":[[[-73.12204076118402,45.24263111888703],[-73.12232972765136,45.24231630362221],[-73.1219958741659,45.24217634672399],[-73.12229122226503,45.24185460350136],[-73.12207289841332,45.241763427873735],[-73.12197284315866,45.24172309592481],[-73.1215562063265,45.242176965322976],[-73.12187510645573,45.24230795382094],[-73.12170607585863,45.24249215390871],[-73.12204076118402,45.24263111888703]]]},"properties":{"NO_LOT":"5 098 361","geoId":"ca/qc/lot/5-098-361","name":"5 098 361","code":"5 098 361","level":"locality","country":"CA","noLot":"5 098 361"}},{"type":"Feature","geometry":{"type":"Polygon","coordinates":[[[-73.12076370449802,45.237883297364284],[-73.12064850634262,45.23802334264276],[-73.12125409121838,45.238271993419666],[-73.12136995233044,45.23813222138709],[-73.12076370449802,45.237883297364284]]]},"properties":{"NO_LOT":"5 663 553","geoId":"ca/qc/lot/5-663-553","name":"5 663 553","code":"5 663 553","level":"locality","country":"CA","noLot":"5 663 553"}},{"type":"Feature","geometry":{"type":"Polygon","coordinates":[[[-73.11381337895766,45.23949929846415],[-73.11438887027138,45.23971099856121],[-73.1143901584555,45.239708791623045],[-73.11440837628949,45.23967755480441],[-73.11442040652777,45.23965692886738],[-73.11443958825402,45.23962403728853],[-73.11446194821974,45.23958569949451],[-73.11391622168465,45.23938494829199],[-73.1138225381803,45.23948911450326],[-73.11381337895766,45.23949929846415]]]},"properties":{"NO_LOT":"6 357 576","geoId":"ca/qc/lot/6-357-576","name":"6 357 576","code":"6 357 576","level":"locality","country":"CA","noLot":"6 357 576"}},{"type":"Feature","geometry":{"type":"Polygon","coordinates":[[[-73.12177847827388,45.23467916682258],[-73.12104373093165,45.23437717713541],[-73.12100782706636,45.23436222117781],[-73.12091349946996,45.234479601490264],[-73.12168229026653,45.234795720942024],[-73.12177847827388,45.23467916682258]]]},"properties":{"NO_LOT":"6 391 362","geoId":"ca/qc/lot/6-391-362","name":"6 391 362","code":"6 391 362","level":"locality","country":"CA","noLot":"6 391 362"}},{"type":"Feature","geometry":{"type":"Polygon","coordinates":[[[-73.12325173330615,45.230970414888496],[-73.12293298229724,45.23083866512498],[-73.12283535878207,45.230957180078214],[-73.12315432718326,45.23108902003417],[-73.12325173330615,45.230970414888496]]]},"properties":{"NO_LOT":"4 391 150","geoId":"ca/qc/lot/4-391-150","name":"4 391 150","code":"4 391 150","level":"locality","country":"CA","noLot":"4 391 150"}},{"type":"Feature","geometry":{"type":"Polygon","coordinates":[[[-73.1210841650009,45.23361811018786],[-73.12075669943545,45.23348161248991],[-73.12065928702434,45.23360021745601],[-73.12142296371199,45.23391600588552],[-73.12152037252982,45.233797399680675],[-73.1210841650009,45.23361811018786]]]},"properties":{"NO_LOT":"4 391 242","geoId":"ca/qc/lot/4-391-242","name":"4 391 242","code":"4 391 242","level":"locality","country":"CA","noLot":"4 391 242"}},{"type":"Feature","geometry":{"type":"Polygon","coordinates":[[[-73.12137656033767,45.23326236171613],[-73.1210489294822,45.2331257967392],[-73.1208541100499,45.23336300790897],[-73.12118162951428,45.23349952676792],[-73.12137656033767,45.23326236171613]]]},"properties":{"NO_LOT":"4 391 243","geoId":"ca/qc/lot/4-391-243","name":"4 391 243","code":"4 391 243","level":"locality","country":"CA","noLot":"4 391 243"}},{"type":"Feature","geometry":{"type":"Polygon","coordinates":[[[-73.12008990784781,45.24278297023552],[-73.11931174852116,45.242660770279585],[-73.12003661170031,45.241863815490966],[-73.11953589525253,45.24165914944843],[-73.11974059166137,45.24143259422909],[-73.11952507145166,45.24134449957907],[-73.11927310569256,45.241241505675056],[-73.11893709355549,45.241104157830016],[-73.1189081660067,45.24113598907118],[-73.10929513335292,45.251641206727186],[-73.10798833254954,45.25306895688094],[-73.1092816505388,45.25362459237235],[-73.10992295782015,45.2538964061251],[-73.11096390221519,45.2527594034511],[-73.11947046645881,45.24346578711859],[-73.12008990784781,45.24278297023552]]]},"properties":{"NO_LOT":"4 390 004","geoId":"ca/qc/lot/4-390-004","name":"4 390 004","code":"4 390 004","level":"locality","country":"CA","noLot":"4 390 004"}},{"type":"Feature","geometry":{"type":"Polygon","coordinates":[[[-73.11684400996033,45.23755992627644],[-73.11728546365052,45.23775277119019],[-73.11762938904694,45.2373609473302],[-73.11700613341125,45.237194205981524],[-73.1167278173699,45.23750916855037],[-73.11684400996033,45.23755992627644]]]},"properties":{"NO_LOT":"4 391 398","geoId":"ca/qc/lot/4-391-398","name":"4 391 398","code":"4 391 398","level":"locality","country":"CA","noLot":"4 391 398"}},{"type":"Feature","geometry":{"type":"Polygon","coordinates":[[[-73.12116032327238,45.2320771649928],[-73.12102429318554,45.232243413990986],[-73.12136412945077,45.232383271994856],[-73.12150147646783,45.23221756619813],[-73.12116032327238,45.2320771649928]]]},"properties":{"NO_LOT":"4 391 219","geoId":"ca/qc/lot/4-391-219","name":"4 391 219","code":"4 391 219","level":"locality","country":"CA","noLot":"4 391 219"}},{"type":"Feature","geometry":{"type":"Polygon","coordinates":[[[-73.11764334167992,45.2405617203524],[-73.1174617211941,45.240764409896784],[-73.11643440334362,45.241892111799096],[-73.11493998220662,45.24353246459059],[-73.10926327370305,45.24970095189598],[-73.10818279355404,45.25088473438513],[-73.10867804285502,45.25122439839644],[-73.10929513335292,45.251641206727186],[-73.1189081660067,45.24113598907118],[-73.11875142076941,45.2410782387967],[-73.11859501689192,45.24102061180628],[-73.11864280726503,45.240968048142285],[-73.1182496802422,45.240808020926984],[-73.11809830333704,45.24074635242706],[-73.11795181506366,45.24068698437511],[-73.11780116489558,45.24062580975098],[-73.11764334167992,45.2405617203524]]]},"properties":{"NO_LOT":"4 390 003","geoId":"ca/qc/lot/4-390-003","name":"4 390 003","code":"4 390 003","level":"locality","country":"CA","noLot":"4 390 003"}},{"type":"Feature","geometry":{"type":"Polygon","coordinates":[[[-73.1221559216102,45.23458078956237],[-73.1219999111948,45.234770285497866],[-73.1219316616911,45.2348529860751],[-73.12225378677218,45.234985379370144],[-73.12232193746121,45.23490279728092],[-73.12247804399635,45.23471318222639],[-73.1221559216102,45.23458078956237]]]},"properties":{"NO_LOT":"4 391 266","geoId":"ca/qc/lot/4-391-266","name":"4 391 266","code":"4 391 266","level":"locality","country":"CA","noLot":"4 391 266"}},{"type":"Feature","geometry":{"type":"Polygon","coordinates":[[[-73.12290669938868,45.23051048191435],[-73.1225507509405,45.2303639929703],[-73.1224541667761,45.230482947335915],[-73.12280911899262,45.23062902918407],[-73.12290669938868,45.23051048191435]]]},"properties":{"NO_LOT":"5 671 062","geoId":"ca/qc/lot/5-671-062","name":"5 671 062","code":"5 671 062","level":"locality","country":"CA","noLot":"5 671 062"}},{"type":"Feature","geometry":{"type":"Polygon","coordinates":[[[-73.12184693169517,45.24317056700478],[-73.1217020891354,45.24332899113195],[-73.1221232615614,45.24352191703301],[-73.12225541631612,45.243377068812784],[-73.12226789032215,45.24336339667113],[-73.12184693169517,45.24317056700478]]]},"properties":{"NO_LOT":"4 391 501","geoId":"ca/qc/lot/4-391-501","name":"4 391 501","code":"4 391 501","level":"locality","country":"CA","noLot":"4 391 501"}},{"type":"Feature","geometry":{"type":"Polygon","coordinates":[[[-73.1220651091215,45.23729358260391],[-73.12218096664031,45.23715380942976],[-73.12157007361955,45.23690297960636],[-73.12145487995572,45.23704302603583],[-73.1220651091215,45.23729358260391]]]},"properties":{"NO_LOT":"5 171 792","geoId":"ca/qc/lot/5-171-792","name":"5 171 792","code":"5 171 792","level":"locality","country":"CA","noLot":"5 171 792"}},{"type":"Feature","geometry":{"type":"Polygon","coordinates":[[[-73.12117450407744,45.2371152479367],[-73.1212896986396,45.23697520295034],[-73.12078541588012,45.236768141450426],[-73.12067032282762,45.23690822806432],[-73.12117450407744,45.2371152479367]]]},"properties":{"NO_LOT":"5 663 537","geoId":"ca/qc/lot/5-663-537","name":"5 663 537","code":"5 663 537","level":"locality","country":"CA","noLot":"5 663 537"}},{"type":"Feature","geometry":{"type":"Polygon","coordinates":[[[-73.11713149600409,45.23808054126732],[-73.11704089372117,45.23804330688216],[-73.1169271679045,45.23801806645514],[-73.11692492031968,45.238017583178866],[-73.11692266195504,45.238017124572444],[-73.11692039370895,45.23801668937073],[-73.11691811827633,45.23801627947145],[-73.11691583296225,45.23801589297693],[-73.11691353956333,45.23801553241735],[-73.11691123897789,45.238015195262584],[-73.11690893120593,45.23801488214506],[-73.11690661714574,45.23801459496252],[-73.11690429679739,45.23801433244985],[-73.11690197195743,45.238014093974506],[-73.11689964172756,45.23801388143412],[-73.11689730790447,45.23801369356364],[-73.11689496869147,45.238013530363006],[-73.11689262768182,45.23801339246477],[-73.11689028397724,45.238013279236434],[-73.11688793847605,45.23801319131047],[-73.11688559027989,45.23801312805442],[-73.11688324118542,45.2380130901008],[-73.11688089119265,45.23801307744956],[-73.11687854209816,45.2380130901008],[-73.1168761930037,45.23801312742185],[-73.11687384480756,45.23801319004538],[-73.11687149930634,45.238013277338716],[-73.11686915470345,45.2380133905671],[-73.11686681369382,45.238013528465295],[-73.11686447537915,45.2380136910334],[-73.11686214065772,45.23801387953645],[-73.1168598113262,45.23801409207684],[-73.11685748558791,45.23801432928709],[-73.11685516613785,45.23801459243229],[-73.11685285117937,45.23801487961482],[-73.11685054430572,45.238015191467206],[-73.11684824282196,45.23801552862202],[-73.11684595032135,45.23801588918155],[-73.11684366500727,45.23801627504355],[-73.11684138777802,45.23801668557536],[-73.11683911953193,45.23801711951192],[-73.11683686206564,45.23801757811838],[-73.11683461358247,45.23801806012957],[-73.11683237677741,45.23801856744311],[-73.11683014985383,45.238019097528905],[-73.11682793550663,45.23801965165197],[-73.11682573283758,45.23802022917974],[-73.1168235427449,45.2380208313774],[-73.11682136612696,45.23802145508211],[-73.11681920298378,45.23802210345667],[-73.11681705421361,45.2380227746034],[-73.11681491891818,45.238023468522314],[-73.11681279979243,45.23802418458084],[-73.11681069593803,45.238024923411494],[-73.11680860915162,45.23802568564694],[-73.11680653673827,45.238026469389375],[-73.11680448318951,45.23802727527146],[-73.11680244670879,45.23802810266058],[-73.11680042819434,45.238028952189254],[-73.1167984276462,45.23802982259248],[-73.11679644686099,45.23803071513526],[-73.1167944849404,45.23803162855254],[-73.11679254188445,45.23803256221176],[-73.11679061948975,45.238033517378],[-73.1167887186546,45.238034492153595],[-73.1167868384807,45.238035487171075],[-73.11678497986638,45.23803650306305],[-73.11678314281163,45.23803753856439],[-73.11678132911308,45.23803859367507],[-73.11677953697408,45.23803966649746],[-73.1167777690896,45.238040759561706],[-73.11677602366301,45.23804187160278],[-73.11677430249091,45.2380430013555],[-73.11677260647167,45.23804415008504],[-73.11677093470693,45.23804531652622],[-73.11676928899332,45.2380465013116],[-73.11676766753423,45.23804770254356],[-73.1167660730246,45.23804892148716],[-73.11676450456613,45.23805015750986],[-73.11676296305708,45.23805141061167],[-73.1167614475992,45.23805267952744],[-73.1167599599891,45.238053963624644],[-73.11675849932844,45.23805526416838],[-73.11675706921052,45.238056580526084],[-73.11675566514373,45.23805791143265],[-73.11675428982302,45.238059258153164],[-73.11675294414673,45.23806061815745],[-73.11675162811483,45.238061993343116],[-73.11675034082904,45.23806338244508],[-73.11674908318764,45.23806478419819],[-73.11674785698729,45.23806620050019],[-73.116746659533,45.2380676294533],[-73.1166158163186,45.23822687368918],[-73.11691445314997,45.23834934126498],[-73.11692242390149,45.23833946958115],[-73.11701860921391,45.23822034695263],[-73.11713149600409,45.23808054126732]]]},"properties":{"NO_LOT":"6 375 906","geoId":"ca/qc/lot/6-375-906","name":"6 375 906","code":"6 375 906","level":"locality","country":"CA","noLot":"6 375 906"}},{"type":"Feature","geometry":{"type":"Polygon","coordinates":[[[-73.11406153945323,45.239234528171],[-73.113987276627,45.23930810915851],[-73.11451087047013,45.23950071726053],[-73.11455827277105,45.23941670016318],[-73.1144130744784,45.23935739777168],[-73.11406153945323,45.239234528171]]]},"properties":{"NO_LOT":"6 357 574","geoId":"ca/qc/lot/6-357-574","name":"6 357 574","code":"6 357 574","level":"locality","country":"CA","noLot":"6 357 574"}},{"type":"Feature","geometry":{"type":"Polygon","coordinates":[[[-73.12053217541164,45.23567384217897],[-73.12043446296323,45.23579228695377],[-73.120393630042,45.235841782941606],[-73.1203367181755,45.235910769436764],[-73.12065508919702,45.23604163384566],[-73.12084994276529,45.23580445789492],[-73.12053217541164,45.23567384217897]]]},"properties":{"NO_LOT":"4 391 310","geoId":"ca/qc/lot/4-391-310","name":"4 391 310","code":"4 391 310","level":"locality","country":"CA","noLot":"4 391 310"}},{"type":"Feature","geometry":{"type":"Polygon","coordinates":[[[-73.12283535878207,45.230957180078214],[-73.12273773616519,45.231075694151684],[-73.12305691926375,45.231207624299735],[-73.12315432718326,45.23108902003417],[-73.12283535878207,45.230957180078214]]]},"properties":{"NO_LOT":"4 391 174","geoId":"ca/qc/lot/4-391-174","name":"4 391 174","code":"4 391 174","level":"locality","country":"CA","noLot":"4 391 174"}},{"type":"Feature","geometry":{"type":"Polygon","coordinates":[[[-73.12139037193516,45.24137257223264],[-73.12143498227218,45.24139022974875],[-73.12172037344467,45.241503199517716],[-73.12188951094133,45.241306198367276],[-73.12203217149329,45.24112914261071],[-73.12169566258785,45.241005172448695],[-73.12164308868584,45.24106912282373],[-73.12139037193516,45.24137257223264]]]},"properties":{"NO_LOT":"4 391 459","geoId":"ca/qc/lot/4-391-459","name":"4 391 459","code":"4 391 459","level":"locality","country":"CA","noLot":"4 391 459"}},{"type":"Feature","geometry":{"type":"Polygon","coordinates":[[[-73.1147200701335,45.23935776528071],[-73.11467859222188,45.239429336513595],[-73.11501558082767,45.23955695609456],[-73.1151877276805,45.23929896064169],[-73.11487116406934,45.23916682598775],[-73.11481489270163,45.23923226808037],[-73.1147200701335,45.23935776528071]]]},"properties":{"NO_LOT":"4 391 529","geoId":"ca/qc/lot/4-391-529","name":"4 391 529","code":"4 391 529","level":"locality","country":"CA","noLot":"4 391 529"}},{"type":"Feature","geometry":{"type":"Polygon","coordinates":[[[-73.11243983871857,45.237906298582274],[-73.1121881747934,45.23780288664721],[-73.1118240786256,45.238224226432784],[-73.1120757443474,45.23832763886613],[-73.11243983871857,45.237906298582274]]]},"properties":{"NO_LOT":"4 390 565","geoId":"ca/qc/lot/4-390-565","name":"4 390 565","code":"4 390 565","level":"locality","country":"CA","noLot":"4 390 565"}},{"type":"Feature","geometry":{"type":"Polygon","coordinates":[[[-73.12201660368942,45.231953275669035],[-73.12213351852532,45.231810941127094],[-73.12232835951718,45.23157374309074],[-73.12242577821648,45.23145514275241],[-73.1225426930524,45.23131280759559],[-73.1226401117517,45.23119420861065],[-73.12273773616519,45.231075694151684],[-73.12251627270157,45.230984628388065],[-73.122009439625,45.23160131826184],[-73.12169764966126,45.231980886715775],[-73.12150147646783,45.23221756619813],[-73.12136412945077,45.232383271994856],[-73.1212176708218,45.23256105911194],[-73.12143901750443,45.23265227354592],[-73.1215857096954,45.23247420076891],[-73.12170340157402,45.232332211046376],[-73.12182110692737,45.23219020262293],[-73.12201660368942,45.231953275669035]]]},"properties":{"NO_LOT":"4 391 902","geoId":"ca/qc/lot/4-391-902","name":"4 391 902","code":"4 391 902","level":"locality","country":"CA","noLot":"4 391 902"}},{"type":"Feature","geometry":{"type":"Polygon","coordinates":[[[-73.12264779504233,45.23170577709941],[-73.12274520386015,45.231587172608144],[-73.12242577821648,45.23145514275241],[-73.12232835951718,45.23157374309074],[-73.12264779504233,45.23170577709941]]]},"properties":{"NO_LOT":"4 391 184","geoId":"ca/qc/lot/4-391-184","name":"4 391 184","code":"4 391 184","level":"locality","country":"CA","noLot":"4 391 184"}},{"type":"Feature","geometry":{"type":"Polygon","coordinates":[[[-73.12264670179262,45.233624571029],[-73.12231449042751,45.233488030329084],[-73.12216811534186,45.23366582854019],[-73.12250032670697,45.23380237007816],[-73.12264670179262,45.233624571029]]]},"properties":{"NO_LOT":"4 391 229","geoId":"ca/qc/lot/4-391-229","name":"4 391 229","code":"4 391 229","level":"locality","country":"CA","noLot":"4 391 229"}},{"type":"Feature","geometry":{"type":"Polygon","coordinates":[[[-73.12177847827388,45.23467916682258],[-73.1218760739413,45.234560622939995],[-73.121141329294,45.23425863325548],[-73.12104373093165,45.23437717713541],[-73.12177847827388,45.23467916682258]]]},"properties":{"NO_LOT":"4 391 239","geoId":"ca/qc/lot/4-391-239","name":"4 391 239","code":"4 391 239","level":"locality","country":"CA","noLot":"4 391 239"}},{"type":"Feature","geometry":{"type":"Polygon","coordinates":[[[-73.12225378677218,45.234985379370144],[-73.1219316616911,45.2348529860751],[-73.12182411358864,45.23498330509324],[-73.12214623866974,45.23511569871728],[-73.12225378677218,45.234985379370144]]]},"properties":{"NO_LOT":"4 391 267","geoId":"ca/qc/lot/4-391-267","name":"4 391 267","code":"4 391 267","level":"locality","country":"CA","noLot":"4 391 267"}},{"type":"Feature","geometry":{"type":"Polygon","coordinates":[[[-73.12043762682966,45.24141997097463],[-73.12065272662782,45.241181893353186],[-73.12043092270271,45.24109123152247],[-73.12021582110793,45.24132931015637],[-73.12043762682966,45.24141997097463]]]},"properties":{"NO_LOT":"4 391 470","geoId":"ca/qc/lot/4-391-470","name":"4 391 470","code":"4 391 470","level":"locality","country":"CA","noLot":"4 391 470"}},{"type":"Feature","geometry":{"type":"Polygon","coordinates":[[[-73.12183400224329,45.243838958327274],[-73.12196091443,45.243699857154006],[-73.12197863100403,45.24368043695256],[-73.12155724837224,45.243487414817395],[-73.12141229531969,45.243646147985054],[-73.12183400224329,45.243838958327274]]]},"properties":{"NO_LOT":"4 391 503","geoId":"ca/qc/lot/4-391-503","name":"4 391 503","code":"4 391 503","level":"locality","country":"CA","noLot":"4 391 503"}},{"type":"Feature","geometry":{"type":"Polygon","coordinates":[[[-73.11136759073082,45.24359627360376],[-73.11108524035556,45.24390481881017],[-73.11233515175032,45.24447877481031],[-73.11261757758406,45.24417014733474],[-73.11136759073082,45.24359627360376]]]},"properties":{"NO_LOT":"4 391 568","geoId":"ca/qc/lot/4-391-568","name":"4 391 568","code":"4 391 568","level":"locality","country":"CA","noLot":"4 391 568"}},{"type":"Feature","geometry":{"type":"Polygon","coordinates":[[[-73.1129018656254,45.23789781972287],[-73.11281628582321,45.23799685669465],[-73.11317521667814,45.23814264343341],[-73.11352528565278,45.23828482928033],[-73.11378416215136,45.23838997986854],[-73.11379633252685,45.23837598265771],[-73.11427863800287,45.23857507570466],[-73.11459444253765,45.23870690937445],[-73.11498536689142,45.23887024062912],[-73.11514635127853,45.238936594568386],[-73.11542519463092,45.239051523160164],[-73.1157101025098,45.23916895071577],[-73.11572539902247,45.23917518573889],[-73.11573915222945,45.23918079264148],[-73.11581363334629,45.239089600704574],[-73.11578489174879,45.23907788273945],[-73.1155204951028,45.23896891029215],[-73.11528739306634,45.238872833456035],[-73.11500577661468,45.23875676148075],[-73.11493976661096,45.23872955349933],[-73.11470135014127,45.2386312850923],[-73.1145441530514,45.238566491941015],[-73.11438332586945,45.23850020335527],[-73.1142040778343,45.23842730321694],[-73.11396853687187,45.23833150885059],[-73.11380032643658,45.238263095861505],[-73.11349756993133,45.2381399620149],[-73.11314432900541,45.23799629434807],[-73.1129018656254,45.23789781972287]]]},"properties":{"NO_LOT":"4 391 916","geoId":"ca/qc/lot/4-391-916","name":"4 391 916","code":"4 391 916","level":"locality","country":"CA","noLot":"4 391 916"}},{"type":"Feature","geometry":{"type":"Polygon","coordinates":[[[-73.12240590927902,45.233049684873876],[-73.12221074309703,45.23328674896244],[-73.1224120735185,45.23336949787929],[-73.12250965660951,45.233250965182265],[-73.1226072388022,45.23313243350327],[-73.12240590927902,45.233049684873876]]]},"properties":{"NO_LOT":"4 391 230","geoId":"ca/qc/lot/4-391-230","name":"4 391 230","code":"4 391 230","level":"locality","country":"CA","noLot":"4 391 230"}},{"type":"Feature","geometry":{"type":"Polygon","coordinates":[[[-73.11840124309863,45.23686127595074],[-73.11808123175338,45.23672902809029],[-73.1179054431304,45.236942361057494],[-73.11782835240764,45.23711500313187],[-73.11806641314446,45.237214207201234],[-73.11825523901719,45.236990024747605],[-73.1182850208638,45.23700287671215],[-73.11840124309863,45.23686127595074]]]},"properties":{"NO_LOT":"4 391 305","geoId":"ca/qc/lot/4-391-305","name":"4 391 305","code":"4 391 305","level":"locality","country":"CA","noLot":"4 391 305"}},{"type":"Feature","geometry":{"type":"Polygon","coordinates":[[[-73.12240266546254,45.24321567395445],[-73.12226789032215,45.24336339667113],[-73.12225541631612,45.243377068812784],[-73.12266330445571,45.243562791653986],[-73.12281055360212,45.24340139542575],[-73.12240266546254,45.24321567395445]]]},"properties":{"NO_LOT":"4 391 496","geoId":"ca/qc/lot/4-391-496","name":"4 391 496","code":"4 391 496","level":"locality","country":"CA","noLot":"4 391 496"}},{"type":"Feature","geometry":{"type":"Polygon","coordinates":[[[-73.12122449083144,45.237323117226666],[-73.12110929447265,45.237463161988096],[-73.12171753387007,45.23771290259382],[-73.12183339318551,45.237573129818536],[-73.12122449083144,45.237323117226666]]]},"properties":{"NO_LOT":"5 663 549","geoId":"ca/qc/lot/5-663-549","name":"5 663 549","code":"5 663 549","level":"locality","country":"CA","noLot":"5 663 549"}},{"type":"Feature","geometry":{"type":"Polygon","coordinates":[[[-73.1200435107617,45.236266179346416],[-73.11972088621731,45.23613356446884],[-73.11962329953305,45.236252113926376],[-73.11957450664008,45.23631138792975],[-73.11989726593175,45.236444016941654],[-73.11994585850042,45.236384701326365],[-73.11996390475616,45.236362672398954],[-73.1200435107617,45.236266179346416]]]},"properties":{"NO_LOT":"4 391 321","geoId":"ca/qc/lot/4-391-321","name":"4 391 321","code":"4 391 321","level":"locality","country":"CA","noLot":"4 391 321"}},{"type":"Feature","geometry":{"type":"Polygon","coordinates":[[[-73.11265419201673,45.240916913311125],[-73.11238407220404,45.24121685744711],[-73.11301738897093,45.241519295929926],[-73.11329598348999,45.24120993635838],[-73.11280692537797,45.24098664698511],[-73.11265419201673,45.240916913311125]]]},"properties":{"NO_LOT":"4 391 558","geoId":"ca/qc/lot/4-391-558","name":"4 391 558","code":"4 391 558","level":"locality","country":"CA","noLot":"4 391 558"}},{"type":"Feature","geometry":{"type":"Polygon","coordinates":[[[-73.11727940002237,45.23849614045293],[-73.11711081049805,45.23870330065992],[-73.11740905027405,45.23881766928277],[-73.11757095992591,45.23861285626801],[-73.11727940002237,45.23849614045293]]]},"properties":{"NO_LOT":"4 391 430","geoId":"ca/qc/lot/4-391-430","name":"4 391 430","code":"4 391 430","level":"locality","country":"CA","noLot":"4 391 430"}},{"type":"Feature","geometry":{"type":"Polygon","coordinates":[[[-73.12190572193893,45.23260647497946],[-73.1215857096954,45.23247420076891],[-73.12143901750443,45.23265227354592],[-73.12176853033043,45.23278771106879],[-73.12220469114696,45.23296698167238],[-73.12240590927902,45.233049684873876],[-73.1226072388022,45.23313243350327],[-73.12293944837067,45.233268974424995],[-73.12308433674454,45.233090139380785],[-73.12276536564839,45.2329593497826],[-73.12244308426044,45.23282720038657],[-73.12222573597911,45.232738747616885],[-73.12190572193893,45.23260647497946]]]},"properties":{"NO_LOT":"4 391 903","geoId":"ca/qc/lot/4-391-903","name":"4 391 903","code":"4 391 903","level":"locality","country":"CA","noLot":"4 391 903"}},{"type":"Feature","geometry":{"type":"Polygon","coordinates":[[[-73.11197535491945,45.24290500927205],[-73.11190693922741,45.24297994855516],[-73.11315667904394,45.24355402458661],[-73.11295254947204,45.243787305535506],[-73.11261757758406,45.24417014733474],[-73.11233515175032,45.24447877481031],[-73.11207169923367,45.24476667279964],[-73.1118605421413,45.24499742136744],[-73.11164938235397,45.24522816773299],[-73.11143822256668,45.24545891505874],[-73.1112274526482,45.245689232629026],[-73.11101668093308,45.24591955053043],[-73.11080590742132,45.24614986813051],[-73.11059514289273,45.24638018922403],[-73.11038143727991,45.24660915654124],[-73.11010732625242,45.24690289210729],[-73.1098371031335,45.247195845700745],[-73.10962504413259,45.247425575634274],[-73.10941298423336,45.24765530527111],[-73.10920092163917,45.24788503461127],[-73.10877680543399,45.24834447912032],[-73.10859099340904,45.24854572549009],[-73.10819611107812,45.24897340486143],[-73.1082244619085,45.248992734079614],[-73.10926327370305,45.24970095189598],[-73.11493998220662,45.24353246459059],[-73.11351597730982,45.24315561968656],[-73.11282175925825,45.24292415649599],[-73.1125854601177,45.24318299063178],[-73.11197535491945,45.24290500927205]]]},"properties":{"NO_LOT":"4 390 005","geoId":"ca/qc/lot/4-390-005","name":"4 390 005","code":"4 390 005","level":"locality","country":"CA","noLot":"4 390 005"}},{"type":"Feature","geometry":{"type":"Polygon","coordinates":[[[-73.10997870097847,45.24511398278407],[-73.11018947538854,45.24488366604391],[-73.11040024620533,45.244653350267484],[-73.11061101612381,45.24442303355723],[-73.11073102385924,45.244291895608114],[-73.11055045080904,45.24420942761034],[-73.11036590001876,45.244411218023714],[-73.11018134653352,45.24461300835281],[-73.1099967939466,45.244814797332644],[-73.10981223956306,45.24501658686063],[-73.10962768158625,45.24521837503939],[-73.10944312540609,45.2454201643988],[-73.10925856653097,45.245621952408925],[-73.10903833735253,45.24586273801643],[-73.10895567887165,45.24595311204764],[-73.10913269818661,45.24603390778977],[-73.10934637146009,45.24580492866679],[-73.10955715036172,45.245574613463],[-73.1097679265684,45.24534429795795],[-73.10997870097847,45.24511398278407]]]},"properties":{"NO_LOT":"4 391 948","geoId":"ca/qc/lot/4-391-948","name":"4 391 948","code":"4 391 948","level":"locality","country":"CA","noLot":"4 391 948"}},{"type":"Feature","geometry":{"type":"Polygon","coordinates":[[[-73.11528771286659,45.237097290518534],[-73.11457557791667,45.237971346776014],[-73.11475482595183,45.23804424686675],[-73.11491565133716,45.23811053471929],[-73.11507284752872,45.23817532712541],[-73.11519059600121,45.238223860181506],[-73.11607170764934,45.237143358103765],[-73.11528771286659,45.237097290518534]]]},"properties":{"NO_LOT":"6 123 389","geoId":"ca/qc/lot/6-123-389","name":"6 123 389","code":"6 123 389","level":"locality","country":"CA","noLot":"6 123 389"}},{"type":"Feature","geometry":{"type":"Polygon","coordinates":[[[-73.11507284752872,45.23817532712541],[-73.11491565133716,45.23811053471929],[-73.1145441530514,45.238566491941015],[-73.11470135014127,45.2386312850923],[-73.11507284752872,45.23817532712541]]]},"properties":{"NO_LOT":"4 391 394","geoId":"ca/qc/lot/4-391-394","name":"4 391 394","code":"4 391 394","level":"locality","country":"CA","noLot":"4 391 394"}},{"type":"Feature","geometry":{"type":"Polygon","coordinates":[[[-73.12062345502429,45.24229637693746],[-73.12043493457875,45.242504191852575],[-73.12070219774884,45.24261580267388],[-73.12089076041518,45.24240800650984],[-73.12062345502429,45.24229637693746]]]},"properties":{"NO_LOT":"4 391 522","geoId":"ca/qc/lot/4-391-522","name":"4 391 522","code":"4 391 522","level":"locality","country":"CA","noLot":"4 391 522"}},{"type":"Feature","geometry":{"type":"Polygon","coordinates":[[[-73.1226254126187,45.24199416523699],[-73.12237835166106,45.24226333065578],[-73.12273540054547,45.24242591860631],[-73.12299029840564,45.24214654517265],[-73.1226254126187,45.24199416523699]]]},"properties":{"NO_LOT":"PC-29396","geoId":"ca/qc/lot/pc-29396","name":"PC-29396","code":"PC-29396","level":"locality","country":"CA","noLot":"PC-29396"}},{"type":"Feature","geometry":{"type":"Polygon","coordinates":[[[-73.12234011846427,45.235286756640136],[-73.1220841237611,45.235597994984836],[-73.12227102903576,45.23567472969807],[-73.12227245915368,45.235675301556434],[-73.12227390723793,45.23567585253942],[-73.12227537149185,45.23567638074926],[-73.1222768501188,45.235676886818574],[-73.12227834491543,45.235677369482204],[-73.12227985408511,45.23567783063785],[-73.12228137762781,45.23567826775522],[-73.12228291284865,45.235678682099504],[-73.12228446154418,45.235679073038014],[-73.12228602012122,45.23567943993824],[-73.12228759127464,45.23567978406539],[-73.12228917141124,45.23568010288902],[-73.12229076142928,45.23568039767438],[-73.12229236043048,45.235680669054055],[-73.12229396661822,45.23568091576282],[-73.12229557909414,45.235681137800746],[-73.12229719965494,45.23568133580031],[-73.1222988256056,45.235681508496455],[-73.12230045514951,45.23568165652173],[-73.12230209008334,45.23568178050873],[-73.12230372681377,45.2356818798248],[-73.12230536803581,45.235681952572264],[-73.12230701015615,45.23568200191401],[-73.12230865407311,45.23568202595233],[-73.12231029799008,45.23568202405453],[-73.12231194100873,45.23568199748592],[-73.12231358312908,45.235681946878984],[-73.12231522435111,45.235681870968584],[-73.12231686108154,45.235681769754756],[-73.12231849511706,45.235681643870016],[-73.12232012555928,45.235681492681806],[-73.12232175061163,45.235681317455324],[-73.1223233702741,45.23568111755796],[-73.12232498185172,45.23568089298969],[-73.12232658803944,45.235680643750584],[-73.12232818614233,45.23568037047317],[-73.12232977436376,45.235680072524865],[-73.12233135450033,45.235679750538296],[-73.12233292295882,45.23567940577859],[-73.12233448243417,45.23567903571543],[-73.12233602933308,45.23567864287912],[-73.12233756365558,45.2356782266371],[-73.12233908450337,45.235677786989385],[-73.12234059187641,45.23567732393595],[-73.12234208667304,45.23567683874203],[-73.12234356440169,45.23567632950978],[-73.12234502596064,45.235675800034734],[-73.12234647224825,45.23567524652136],[-73.12234790146786,45.23567467276529],[-73.12234931272117,45.235674076868634],[-73.12235070421157,45.235673459463996],[-73.12235207773563,45.235672820551464],[-73.12235343149675,45.23567216202869],[-73.12235476459665,45.23567148263056],[-73.12235607613697,45.235670782989686],[-73.12235736701602,45.23567006373857],[-73.12235863543721,45.23566932487725],[-73.1223598814005,45.235668567038324],[-73.12236110310928,45.2356677908544],[-73.12236230236019,45.23566699569287],[-73.12236347555995,45.235666182818875],[-73.12236462450521,45.23566535159983],[-73.12236574829763,45.23566450393357],[-73.12236684514059,45.23566363855484],[-73.12236791503409,45.235662757994],[-73.12236895977478,45.23566185972069],[-73.12236997576935,45.235660946897916],[-73.12237096301784,45.23566001889306],[-73.12237192241858,45.235659075706046],[-73.1223728530732,45.235658118602146],[-73.12237375408344,45.23565714694872],[-73.12237462544927,45.23565616201097],[-73.12237546627236,45.235655163788834],[-73.12259304092912,45.2353906374752],[-73.12234011846427,45.235286756640136]]]},"properties":{"NO_LOT":"5 171 774","geoId":"ca/qc/lot/5-171-774","name":"5 171 774","code":"5 171 774","level":"locality","country":"CA","noLot":"5 171 774"}},{"type":"Feature","geometry":{"type":"Polygon","coordinates":[[[-73.12152111004667,45.23379650264312],[-73.12152037252982,45.233797399680675],[-73.12142296371199,45.23391600588552],[-73.12136556855185,45.23398589112049],[-73.12176858512767,45.23415153482696],[-73.12210079918772,45.23428807772835],[-73.12225636763199,45.23409870164498],[-73.12152111004667,45.23379650264312]]]},"properties":{"NO_LOT":"6 188 211","geoId":"ca/qc/lot/6-188-211","name":"6 188 211","code":"6 188 211","level":"locality","country":"CA","noLot":"6 188 211"}},{"type":"Feature","geometry":{"type":"Polygon","coordinates":[[[-73.12319150935119,45.244305727546454],[-73.12255482839358,45.24401583613063],[-73.12240757655219,45.244177231878275],[-73.12304425750982,45.24446712247053],[-73.12319150935119,45.244305727546454]]]},"properties":{"NO_LOT":"4 391 490","geoId":"ca/qc/lot/4-391-490","name":"4 391 490","code":"4 391 490","level":"locality","country":"CA","noLot":"4 391 490"}},{"type":"Feature","geometry":{"type":"Polygon","coordinates":[[[-73.11406153945323,45.239234528171],[-73.11416866175422,45.23911522777518],[-73.11390571768403,45.23900547103803],[-73.11427863800287,45.23857507570466],[-73.11379633252685,45.23837598265771],[-73.11378416215136,45.23838997986854],[-73.11322408233465,45.239034154624754],[-73.11396937589834,45.23932584575193],[-73.113987276627,45.23930810915851],[-73.11406153945323,45.239234528171]]]},"properties":{"NO_LOT":"4 391 550","geoId":"ca/qc/lot/4-391-550","name":"4 391 550","code":"4 391 550","level":"locality","country":"CA","noLot":"4 391 550"}},{"type":"Feature","geometry":{"type":"Polygon","coordinates":[[[-73.11847428062279,45.23924783442913],[-73.11852521330277,45.239268273280786],[-73.1186753774823,45.239328533439966],[-73.1189897554924,45.23894793493018],[-73.11898627721563,45.23894587914185],[-73.11898282229504,45.23894380500952],[-73.11897938893402,45.2389417119006],[-73.1189759789292,45.23893960108018],[-73.11897259228057,45.23893747191575],[-73.11896922808984,45.238935324407244],[-73.11896588635697,45.23893315918727],[-73.11896256887864,45.238930976255794],[-73.11895927385817,45.23892877498028],[-73.11895600399053,45.23892655599326],[-73.11895275747911,45.23892431992728],[-73.11894953522217,45.238922067414904],[-73.11894633721977,45.23891979592593],[-73.11894316347187,45.238917507990564],[-73.11894001397849,45.238915204241295],[-73.11893688963794,45.23891288214799],[-73.1189337913485,45.23891054424083],[-73.11893071731362,45.238908189254715],[-73.11892766932985,45.23890581782218],[-73.1189246456006,45.23890342994318],[-73.1189216488208,45.23890102688289],[-73.11891867809217,45.238898607376186],[-73.11891573161805,45.238896171423065],[-73.11891281388999,45.23889372028864],[-73.1189099213148,45.238891253340306],[-73.11882954994462,45.23881922789009],[-73.11847428062279,45.23924783442913]]]},"properties":{"NO_LOT":"5 662 615","geoId":"ca/qc/lot/5-662-615","name":"5 662 615","code":"5 662 615","level":"locality","country":"CA","noLot":"5 662 615"}},{"type":"Feature","geometry":{"type":"Polygon","coordinates":[[[-73.11913203156541,45.2398411451406],[-73.11938698601945,45.239955550058085],[-73.11942371363986,45.23997088912721],[-73.11979979423187,45.239528944533205],[-73.11964284417867,45.239353541773085],[-73.11963921678156,45.23934950866144],[-73.11963556243498,45.23934548883296],[-73.11963188203727,45.239341481022535],[-73.11962817379178,45.23933748586278],[-73.11962443859682,45.23933350272112],[-73.11962067735072,45.239329532862634],[-73.11961689005349,45.23932557502222],[-73.11961307490847,45.239321629832475],[-73.11960923371232,45.23931769792596],[-73.11960536646504,45.23931377867003],[-73.11960147226827,45.23930987269733],[-73.11959755291868,45.23930597874276],[-73.11959360661965,45.23930209996902],[-73.11958963426945,45.23929823258084],[-73.11958563676644,45.239294379740976],[-73.11958161231397,45.2392905395518],[-73.11957756360698,45.23928671391091],[-73.11957348795053,45.239282900920664],[-73.11923628734233,45.2397095532033],[-73.11913203156541,45.2398411451406]]]},"properties":{"NO_LOT":"6 348 342","geoId":"ca/qc/lot/6-348-342","name":"6 348 342","code":"6 348 342","level":"locality","country":"CA","noLot":"6 348 342"}},{"type":"Feature","geometry":{"type":"Polygon","coordinates":[[[-73.11924613377617,45.23805070277677],[-73.11902335877222,45.237938978614885],[-73.1185254495597,45.23856430520011],[-73.11873149254315,45.23864732412322],[-73.11894247626068,45.23843207205666],[-73.11924613377617,45.23805070277677]]]},"properties":{"NO_LOT":"6 586 600","geoId":"ca/qc/lot/6-586-600","name":"6 586 600","code":"6 586 600","level":"locality","country":"CA","noLot":"6 586 600"}},{"type":"Feature","geometry":{"type":"Polygon","coordinates":[[[-73.11581273952258,45.23861215856099],[-73.1155204951028,45.23896891029215],[-73.11578489174879,45.23907788273945],[-73.11581363334629,45.239089600704574],[-73.1161058759695,45.23873284846611],[-73.11581273952258,45.23861215856099]]]},"properties":{"NO_LOT":"4 391 407","geoId":"ca/qc/lot/4-391-407","name":"4 391 407","code":"4 391 407","level":"locality","country":"CA","noLot":"4 391 407"}},{"type":"Feature","geometry":{"type":"Polygon","coordinates":[[[-73.11864493896722,45.24036224778793],[-73.11851905085992,45.240311128857485],[-73.11849852166074,45.24030279204475],[-73.11809830333704,45.24074635242706],[-73.1182496802422,45.240808020926984],[-73.11830504431148,45.240745583270346],[-73.11835231635668,45.240692269802835],[-73.11864493896722,45.24036224778793]]]},"properties":{"NO_LOT":"4 391 480","geoId":"ca/qc/lot/4-391-480","name":"4 391 480","code":"4 391 480","level":"locality","country":"CA","noLot":"4 391 480"}},{"type":"Feature","geometry":{"type":"Polygon","coordinates":[[[-73.10997870097847,45.24511398278407],[-73.1097679265684,45.24534429795795],[-73.11101668093308,45.24591955053043],[-73.1112274526482,45.245689232629026],[-73.10997870097847,45.24511398278407]]]},"properties":{"NO_LOT":"4 391 574","geoId":"ca/qc/lot/4-391-574","name":"4 391 574","code":"4 391 574","level":"locality","country":"CA","noLot":"4 391 574"}},{"type":"Feature","geometry":{"type":"Polygon","coordinates":[[[-73.12147595892387,45.23592761451486],[-73.1214610316188,45.23594578358556],[-73.12136086946461,45.23606770256823],[-73.1218656642638,45.236274973474146],[-73.12198085613097,45.23613492704954],[-73.12147595892387,45.23592761451486]]]},"properties":{"NO_LOT":"5 171 778","geoId":"ca/qc/lot/5-171-778","name":"5 171 778","code":"5 171 778","level":"locality","country":"CA","noLot":"5 171 778"}},{"type":"Feature","geometry":{"type":"Polygon","coordinates":[[[-73.12082537474059,45.23531843046236],[-73.1205051549862,45.2351868046449],[-73.12030909767545,45.23542348595822],[-73.12062991840277,45.235555357936825],[-73.12072763085116,45.23543691393334],[-73.12082537474059,45.23531843046236]]]},"properties":{"NO_LOT":"4 391 308","geoId":"ca/qc/lot/4-391-308","name":"4 391 308","code":"4 391 308","level":"locality","country":"CA","noLot":"4 391 308"}},{"type":"Feature","geometry":{"type":"Polygon","coordinates":[[[-73.1203367181755,45.235910769436764],[-73.12023900393046,45.23602921308514],[-73.12055767678592,45.23616020120723],[-73.12065508919702,45.23604163384566],[-73.1203367181755,45.235910769436764]]]},"properties":{"NO_LOT":"4 391 311","geoId":"ca/qc/lot/4-391-311","name":"4 391 311","code":"4 391 311","level":"locality","country":"CA","noLot":"4 391 311"}},{"type":"Feature","geometry":{"type":"Polygon","coordinates":[[[-73.12227738281976,45.239211802648704],[-73.1221362269459,45.23938227895047],[-73.12269605972591,45.23961265151863],[-73.12283688501974,45.239442038645876],[-73.12227738281976,45.239211802648704]]]},"properties":{"NO_LOT":"4 391 371","geoId":"ca/qc/lot/4-391-371","name":"4 391 371","code":"4 391 371","level":"locality","country":"CA","noLot":"4 391 371"}},{"type":"Feature","geometry":{"type":"Polygon","coordinates":[[[-73.12126460150719,45.24509581095264],[-73.12205332232664,45.24423136241689],[-73.12164543059379,45.24404563733392],[-73.1215447384336,45.24415599785223],[-73.12085670707938,45.24491008363587],[-73.12126460150719,45.24509581095264]]]},"properties":{"NO_LOT":"4 391 506","geoId":"ca/qc/lot/4-391-506","name":"4 391 506","code":"4 391 506","level":"locality","country":"CA","noLot":"4 391 506"}},{"type":"Feature","geometry":{"type":"Polygon","coordinates":[[[-73.1131194959777,45.240639557190185],[-73.11280692537797,45.24098664698511],[-73.11329598348999,45.24120993635838],[-73.11360855408974,45.24086284602996],[-73.1131194959777,45.240639557190185]]]},"properties":{"NO_LOT":"4 391 557","geoId":"ca/qc/lot/4-391-557","name":"4 391 557","code":"4 391 557","level":"locality","country":"CA","noLot":"4 391 557"}},{"type":"Feature","geometry":{"type":"Polygon","coordinates":[[[-73.11860691417954,45.23713171564574],[-73.11860586854057,45.23713302506658],[-73.1186048543426,45.23713434587362],[-73.11860387248402,45.23713567806695],[-73.11860292206643,45.23713702164647],[-73.11860200398822,45.23713837661227],[-73.11860111645271,45.2371397416991],[-73.11860026305318,45.23714111753964],[-73.1185994410947,45.23714250350125],[-73.11859865237389,45.2371438989514],[-73.11859789689073,45.23714530262493],[-73.11859717464526,45.237146715786956],[-73.11859648563743,45.237148136539815],[-73.11859583076557,45.23714956678117],[-73.1185952091314,45.23715100271567],[-73.11859462163319,45.2371524468735],[-73.11859406827098,45.237153897989586],[-73.11859355084138,45.237155354798716],[-73.11859306575113,45.23715681793358],[-73.1185926165935,45.23715828549638],[-73.11859220157183,45.237159760017384],[-73.11859182248277,45.23716123770125],[-73.1185914775297,45.23716271981301],[-73.11859116761094,45.23716420698533],[-73.11859089362478,45.2371656960553],[-73.1185906537746,45.23716718892067],[-73.11859044985704,45.2371686836837],[-73.11859028187207,45.23717018160955],[-73.1185901489214,45.237171680800515],[-73.11859005100503,45.23717318188913],[-73.11858998902129,45.23717468361025],[-73.11858996207182,45.237176185963946],[-73.11858997105497,45.23717768768499],[-73.11859001507243,45.23717919003861],[-73.1185900950225,45.23718069175957],[-73.11859021000684,45.23718219158284],[-73.11859036092382,45.23718368950828],[-73.11859054687508,45.2371851868012],[-73.11859076875895,45.237186680931174],[-73.11859102477881,45.237188171898296],[-73.11859131762958,45.237189660967644],[-73.11859164461636,45.2371911449764],[-73.11859200663741,45.2371926245571],[-73.11859240369276,45.23719410097495],[-73.11859283578242,45.237195571699644],[-73.11859330290636,45.237197037996275],[-73.1185938041663,45.237198497967206],[-73.11859433956221,45.237199951612396],[-73.11859490999241,45.23720139893184],[-73.11859551366028,45.23720283992552],[-73.11859615146413,45.23720427269582],[-73.11859682340396,45.23720569787521],[-73.11859752858145,45.23720711483117],[-73.11859826789495,45.23720852356369],[-73.11859903954777,45.237209924072765],[-73.11859984443828,45.23721131382813],[-73.11860068256642,45.23721269472749],[-73.11860155303394,45.23721406550566],[-73.1186024558408,45.23721542553018],[-73.11860339098702,45.237216774800935],[-73.11860435667595,45.23721811395057],[-73.11860535470421,45.23721943981622],[-73.11860638417355,45.237220754928174],[-73.11860744418557,45.237222056756096],[-73.11860853474033,45.2372233465652],[-73.1186096558378,45.23722462309028],[-73.1186108065797,45.23722588696397],[-73.11861198786427,45.237227135655985],[-73.11861319789496,45.237228371063985],[-73.11861443667175,45.237229591922905],[-73.11861570509294,45.2372307976001],[-73.11861700046356,45.23723198872817],[-73.1186183245803,45.23723316467458],[-73.1186196765448,45.237234323541536],[-73.11862105545876,45.23723546785941],[-73.1186224622205,45.23723659509789],[-73.11862389413506,45.237237705889555],[-73.11862535210075,45.23723879896927],[-73.11862683611761,45.23723987496955],[-73.11862834438897,45.237240932625326],[-73.11862987871147,45.23724197383434],[-73.11863143818681,45.237242996066165],[-73.11863302012003,45.23724399868836],[-73.11863462540944,45.237244983598636],[-73.11863625495336,45.23724594953178],[-73.11863790605686,45.23724689585528],[-73.11863957961823,45.2372478225691],[-73.11864127473918,45.23724872967327],[-73.11864299141968,45.23724961590265],[-73.11864472876144,45.23725048252234],[-73.11864648586614,45.237251327634716],[-73.11864826273377,45.237252152504865],[-73.11871496084699,45.23717496257361],[-73.11860691417954,45.23713171564574]]]},"properties":{"NO_LOT":"5 909 374","geoId":"ca/qc/lot/5-909-374","name":"5 909 374","code":"5 909 374","level":"locality","country":"CA","noLot":"5 909 374"}},{"type":"Feature","geometry":{"type":"Polygon","coordinates":[[[-73.11988891429456,45.24076199173451],[-73.12016948690389,45.240427081903825],[-73.12020910979444,45.24037987082867],[-73.12006197024249,45.24031327441636],[-73.11973859021492,45.240699066346075],[-73.11988891429456,45.24076199173451]]]},"properties":{"NO_LOT":"4 391 451","geoId":"ca/qc/lot/4-391-451","name":"4 391 451","code":"4 391 451","level":"locality","country":"CA","noLot":"4 391 451"}},{"type":"Feature","geometry":{"type":"Polygon","coordinates":[[[-73.12143987000566,45.2434335435275],[-73.121584699989,45.243275114631835],[-73.12116423363881,45.243082446586925],[-73.12101898504052,45.24324068373914],[-73.12143987000566,45.2434335435275]]]},"properties":{"NO_LOT":"4 391 518","geoId":"ca/qc/lot/4-391-518","name":"4 391 518","code":"4 391 518","level":"locality","country":"CA","noLot":"4 391 518"}},{"type":"Feature","geometry":{"type":"Polygon","coordinates":[[[-73.11018134653352,45.24461300835281],[-73.10952917951873,45.244315343932556],[-73.10934462513518,45.24451713207221],[-73.1099967939466,45.244814797332644],[-73.11018134653352,45.24461300835281]]]},"properties":{"NO_LOT":"4 391 583","geoId":"ca/qc/lot/4-391-583","name":"4 391 583","code":"4 391 583","level":"locality","country":"CA","noLot":"4 391 583"}},{"type":"Feature","geometry":{"type":"Polygon","coordinates":[[[-73.12264226950501,45.23659384286976],[-73.12275745957558,45.23645379659838],[-73.12214603385387,45.236202749240164],[-73.12203084288497,45.23634279613021],[-73.12264226950501,45.23659384286976]]]},"properties":{"NO_LOT":"5 171 787","geoId":"ca/qc/lot/5-171-787","name":"5 171 787","code":"5 171 787","level":"locality","country":"CA","noLot":"5 171 787"}},{"type":"Feature","geometry":{"type":"Polygon","coordinates":[[[-73.12152111004667,45.23379650264312],[-73.12225636763199,45.23409870164498],[-73.12238026776757,45.233948202371636],[-73.12164550425564,45.23364620690229],[-73.1216183418964,45.233679024763155],[-73.12152111004667,45.23379650264312]]]},"properties":{"NO_LOT":"4 391 233","geoId":"ca/qc/lot/4-391-233","name":"4 391 233","code":"4 391 233","level":"locality","country":"CA","noLot":"4 391 233"}},{"type":"Feature","geometry":{"type":"Polygon","coordinates":[[[-73.12176858512767,45.23415153482696],[-73.12164145554866,45.23430553564613],[-73.12197366960872,45.234442079442736],[-73.12210079918772,45.23428807772835],[-73.12176858512767,45.23415153482696]]]},"properties":{"NO_LOT":"4 391 237","geoId":"ca/qc/lot/4-391-237","name":"4 391 237","code":"4 391 237","level":"locality","country":"CA","noLot":"4 391 237"}},{"type":"Feature","geometry":{"type":"Polygon","coordinates":[[[-73.11974267575283,45.23914209336341],[-73.11994252215747,45.238907792645406],[-73.11994484160752,45.2389050511707],[-73.11994713051487,45.23890229830994],[-73.11994938798118,45.238899531532915],[-73.1199516167014,45.2388967533698],[-73.11995381398057,45.23889396255561],[-73.11995598161536,45.23889116035531],[-73.1199581178091,45.23888834613643],[-73.11996022256182,45.23888552053149],[-73.1199622967718,45.23888268227537],[-73.11996433864245,45.23887983453087],[-73.11996634907206,45.23887697413523],[-73.11996832895895,45.23887410361859],[-73.1199702774048,45.23887122234846],[-73.11997219440961,45.238868329059684],[-73.11997407817675,45.2388654275476],[-73.1199759314012,45.23886251464944],[-73.11997775228626,45.23885959163033],[-73.119979540832,45.23885665912279],[-73.11998129703838,45.23885371649428],[-73.11998302180372,45.238850764377396],[-73.1199847124331,45.23884780340457],[-73.11998637162142,45.23884483231078],[-73.1199879975721,45.23884185362624],[-73.11998959028509,45.238838864188175],[-73.11999115065873,45.23883586715935],[-73.11999267869304,45.23883286253971],[-73.11999417259136,45.238829848431614],[-73.119995633252,45.238826826100244],[-73.1199970615733,45.23882379617805],[-73.11999845665694,45.23882075929767],[-73.11999981760461,45.238817713561374],[-73.12000114531457,45.2388146614994],[-73.12000243978692,45.23881160121408],[-73.12000370012325,45.23880853523568],[-73.12000492722193,45.2388054610339],[-73.12000612018461,45.238802381138974],[-73.12000727990966,45.23879929428585],[-73.1200084046004,45.23879620110701],[-73.12000949515516,45.23879310223504],[-73.12001055247224,45.23878999830249],[-73.12001157565335,45.23878688741168],[-73.12001256469848,45.238783771460284],[-73.12001351870931,45.23878065044832],[-73.12001443948247,45.238777523110684],[-73.12001532432303,45.2387743919775],[-73.12001617682422,45.23877125641631],[-73.12001699339282,45.23876811516201],[-73.12001777582545,45.238764970112165],[-73.12001852322376,45.238761820001784],[-73.12001923648609,45.23875866736097],[-73.12001991471413,45.23875551029214],[-73.12002055880619,45.2387523494278],[-73.12002116786395,45.23874918540056],[-73.11972268913608,45.23862250714308],[-73.11944958781497,45.23894262656836],[-73.11945572600332,45.23894590760663],[-73.11946184442871,45.238949208886325],[-73.11946793949792,45.238952528509806],[-73.11947401300755,45.238955869007235],[-73.11948006585594,45.238959228481],[-73.11948609624645,45.238962607563586],[-73.11949210507738,45.23896600688757],[-73.11949809234875,45.23896942455529],[-73.11950405626392,45.23897286246442],[-73.11950999861952,45.238976319982434],[-73.11951591851724,45.23897979584411],[-73.11952181416044,45.23898329068212],[-73.11952768914242,45.23898680449639],[-73.11953354076817,45.238990337919496],[-73.11953936903772,45.2389938896863],[-73.11954517484942,45.23899746042936],[-73.11955095640658,45.23900104951617],[-73.11955671550585,45.23900465884435],[-73.11956245035064,45.23900828588366],[-73.11956816273754,45.23901193063414],[-73.11957385086991,45.23901559499342],[-73.11957951564608,45.239019276431264],[-73.11958515526946,45.23902297684539],[-73.11959077153661,45.23902669560323],[-73.11959636354925,45.239030432704695],[-73.11960193130739,45.2390341868848],[-73.11960747570932,45.239037959408556],[-73.11961299495842,45.239041750908534],[-73.11961848905469,45.23904555885453],[-73.11962395889645,45.23904938577679],[-73.11962940358539,45.23905322851245],[-73.11963482401983,45.23905709085692],[-73.1196402175048,45.23906096964739],[-73.11964558763356,45.23906486551644],[-73.11965093171119,45.2390687797291],[-73.11965625063598,45.23907271038777],[-73.11966154350964,45.23907665875755],[-73.11966681212878,45.23908062357332],[-73.11967205379845,45.23908460546758],[-73.11967726941698,45.23908860444043],[-73.11968245988271,45.239092620491824],[-73.11968762339897,45.23909665362171],[-73.11969276176238,45.23910070256504],[-73.11969787317635,45.239104768586856],[-73.11970295764085,45.23910885168725],[-73.11970801695254,45.23911294933592],[-73.11971304931475,45.23911706532818],[-73.1197180538292,45.239121196501365],[-73.11972303319084,45.2391253434879],[-73.11972798380636,45.23912950755294],[-73.11973290926906,45.23913368743141],[-73.11973780598566,45.2391378824907],[-73.11974267575283,45.23914209336341]]]},"properties":{"NO_LOT":"4 391 387","geoId":"ca/qc/lot/4-391-387","name":"4 391 387","code":"4 391 387","level":"locality","country":"CA","noLot":"4 391 387"}},{"type":"Feature","geometry":{"type":"Polygon","coordinates":[[[-73.11649779206331,45.23936851286326],[-73.11684732743868,45.238939025459395],[-73.11669360682895,45.23888031400453],[-73.11634222541569,45.239305093178004],[-73.11649779206331,45.23936851286326]]]},"properties":{"NO_LOT":"4 391 414","geoId":"ca/qc/lot/4-391-414","name":"4 391 414","code":"4 391 414","level":"locality","country":"CA","noLot":"4 391 414"}},{"type":"Feature","geometry":{"type":"Polygon","coordinates":[[[-73.11913203156541,45.2398411451406],[-73.11923628734233,45.2397095532033],[-73.11906611678312,45.23964304139853],[-73.11889578183221,45.23957672244159],[-73.11874248971885,45.23951692114],[-73.11826999564235,45.24009096195232],[-73.11842134649636,45.24015265899517],[-73.1187892937418,45.23969785434228],[-73.11895748621076,45.23976898616327],[-73.11913203156541,45.2398411451406]]]},"properties":{"NO_LOT":"4 391 446","geoId":"ca/qc/lot/4-391-446","name":"4 391 446","code":"4 391 446","level":"locality","country":"CA","noLot":"4 391 446"}},{"type":"Feature","geometry":{"type":"Polygon","coordinates":[[[-73.11858067708506,45.23945037558485],[-73.11810893579674,45.24002530578574],[-73.11826999564235,45.24009096195232],[-73.11874248971885,45.23951692114],[-73.11858067708506,45.23945037558485]]]},"properties":{"NO_LOT":"4 391 448","geoId":"ca/qc/lot/4-391-448","name":"4 391 448","code":"4 391 448","level":"locality","country":"CA","noLot":"4 391 448"}},{"type":"Feature","geometry":{"type":"Polygon","coordinates":[[[-73.1224846484103,45.24266961465087],[-73.12248643156616,45.24266921237525],[-73.12248820394221,45.24266878732934],[-73.12248996553849,45.2426683395131],[-73.12249171455834,45.242667869559064],[-73.12249345100179,45.24266737683469],[-73.1224951739705,45.242666860707466],[-73.1224968843628,45.24266632244243],[-73.12249858038204,45.2426657626721],[-73.12250026112996,45.24266518076396],[-73.12250192660649,45.242664576718],[-73.12250357501505,45.242663951799265],[-73.12250520815222,45.242663305375196],[-73.12250682422142,45.24266263744582],[-73.12250842232432,45.24266194927615],[-73.12251000246088,45.24266124086621],[-73.12251156373287,45.24266051031841],[-73.12251310614019,45.24265976142786],[-73.1225146278863,45.242658991664534],[-73.12251612986944,45.24265820229336],[-73.12251761119136,45.242657394579446],[-73.12251907095369,45.24265656662527],[-73.12252050915646,45.24265572032829],[-73.12252192490133,45.24265485568851],[-73.12252331908667,45.24265397270597],[-73.12252468901748,45.24265307138069],[-73.12252603559209,45.24265215361015],[-73.12252735701387,45.242651217496814],[-73.12252865507946,45.24265026430572],[-73.12252992799222,45.24264929466941],[-73.12253117575214,45.24264830858782],[-73.12253239746093,45.2426473066935],[-73.12253359222025,45.24264628961891],[-73.12253476092845,45.242645256731606],[-73.12253590268718,45.24264420866408],[-73.12253701659812,45.242643145416295],[-73.1225381026613,45.242642068253254],[-73.12253916177501,45.24264097780755],[-73.12254019034602,45.24263987344663],[-73.12273540054547,45.24242591860631],[-73.12237835166106,45.24226333065578],[-73.12232972765136,45.24231630362221],[-73.12204076118402,45.24263111888703],[-73.1222545512385,45.242719887060844],[-73.1224846484103,45.24266961465087]]]},"properties":{"NO_LOT":"PC-29966","geoId":"ca/qc/lot/pc-29966","name":"PC-29966","code":"PC-29966","level":"locality","country":"CA","noLot":"PC-29966"}},{"type":"Feature","geometry":{"type":"Polygon","coordinates":[[[-73.12284186617799,45.233387507084416],[-73.12250965660951,45.233250965182265],[-73.1224120735185,45.23336949787929],[-73.12274428398531,45.23350603886402],[-73.12284186617799,45.233387507084416]]]},"properties":{"NO_LOT":"4 391 226","geoId":"ca/qc/lot/4-391-226","name":"4 391 226","code":"4 391 226","level":"locality","country":"CA","noLot":"4 391 226"}},{"type":"Feature","geometry":{"type":"Polygon","coordinates":[[[-73.11905873712305,45.23554421679579],[-73.11937706053388,45.23567506686677],[-73.11947357103642,45.2355585746467],[-73.11957316994693,45.23543835433922],[-73.11925435875091,45.23530730445707],[-73.11905873712305,45.23554421679579]]]},"properties":{"NO_LOT":"4 391 291","geoId":"ca/qc/lot/4-391-291","name":"4 391 291","code":"4 391 291","level":"locality","country":"CA","noLot":"4 391 291"}},{"type":"Feature","geometry":{"type":"Polygon","coordinates":[[[-73.11866749296905,45.236018040407885],[-73.1188631145969,45.23578112814682],[-73.11896092675829,45.23566267322734],[-73.11905873712305,45.23554421679579],[-73.11925435875091,45.23530730445707],[-73.11944997588718,45.235070391763266],[-73.11964559392177,45.234833478081775],[-73.11979230587565,45.23465579422842],[-73.11957006267436,45.23456565526544],[-73.11945268071449,45.234707818432945],[-73.1192277335842,45.2349802528253],[-73.1189343024899,45.23533561984528],[-73.11873868176038,45.23557253206591],[-73.1185919644166,45.23575021621583],[-73.11847457616852,45.23589237768517],[-73.11824962185172,45.236164810826786],[-73.11847186684963,45.23625495168125],[-73.11866749296905,45.236018040407885]]]},"properties":{"NO_LOT":"4 391 909","geoId":"ca/qc/lot/4-391-909","name":"4 391 909","code":"4 391 909","level":"locality","country":"CA","noLot":"4 391 909"}},{"type":"Feature","geometry":{"type":"Polygon","coordinates":[[[-73.12009483600546,45.23760865595339],[-73.12002196287298,45.23769734784329],[-73.11998108503597,45.2377492952534],[-73.12048332412817,45.23795551756461],[-73.12059852228359,45.23781547338411],[-73.12009483600546,45.23760865595339]]]},"properties":{"NO_LOT":"5 663 543","geoId":"ca/qc/lot/5-663-543","name":"5 663 543","code":"5 663 543","level":"locality","country":"CA","noLot":"5 663 543"}},{"type":"Feature","geometry":{"type":"Polygon","coordinates":[[[-73.11888855398742,45.236267573552915],[-73.11879116403422,45.236386202435774],[-73.11910980455032,45.236518067119675],[-73.11920683068585,45.236399287958385],[-73.11888855398742,45.236267573552915]]]},"properties":{"NO_LOT":"6 227 038","geoId":"ca/qc/lot/6-227-038","name":"6 227 038","code":"6 227 038","level":"locality","country":"CA","noLot":"6 227 038"}},{"type":"Feature","geometry":{"type":"Polygon","coordinates":[[[-73.11677543616482,45.23853203352506],[-73.11653810216507,45.238820546127776],[-73.11669360682895,45.23888031400453],[-73.11684732743868,45.238939025459395],[-73.11696310051587,45.23879676724095],[-73.11681121426595,45.238735734803676],[-73.11692732151641,45.23859306554862],[-73.11679137766784,45.238538438775315],[-73.11677543616482,45.23853203352506]]]},"properties":{"NO_LOT":"4 391 415","geoId":"ca/qc/lot/4-391-415","name":"4 391 415","code":"4 391 415","level":"locality","country":"CA","noLot":"4 391 415"}},{"type":"Feature","geometry":{"type":"Polygon","coordinates":[[[-73.11448045620955,45.23976279927846],[-73.1143674418586,45.23995212549172],[-73.1147900300295,45.24012225736963],[-73.11479929974492,45.24011245620546],[-73.1149517645099,45.23995122285847],[-73.11448045620955,45.23976279927846]]]},"properties":{"NO_LOT":"4 391 537","geoId":"ca/qc/lot/4-391-537","name":"4 391 537","code":"4 391 537","level":"locality","country":"CA","noLot":"4 391 537"}},{"type":"Feature","geometry":{"type":"Polygon","coordinates":[[[-73.11040285221796,45.23276970293886],[-73.11009540381197,45.23293622699755],[-73.1105672223554,45.23336939223303],[-73.11087414614526,45.233202532260194],[-73.11040285221796,45.23276970293886]]]},"properties":{"NO_LOT":"4 390 550","geoId":"ca/qc/lot/4-390-550","name":"4 390 550","code":"4 390 550","level":"locality","country":"CA","noLot":"4 390 550"}},{"type":"Feature","geometry":{"type":"Polygon","coordinates":[[[-73.12208988735198,45.235183980753646],[-73.12214623866974,45.23511569871728],[-73.12182411358864,45.23498330509324],[-73.12174680816855,45.23507697769281],[-73.12206906081042,45.23520921674618],[-73.12208988735198,45.235183980753646]]]},"properties":{"NO_LOT":"5 306 636","geoId":"ca/qc/lot/5-306-636","name":"5 306 636","code":"5 306 636","level":"locality","country":"CA","noLot":"5 306 636"}},{"type":"Feature","geometry":{"type":"Polygon","coordinates":[[[-73.12308433674454,45.233090139380785],[-73.12322076029348,45.23292403330049],[-73.1229017406883,45.232793304684044],[-73.12276536564839,45.2329593497826],[-73.12308433674454,45.233090139380785]]]},"properties":{"NO_LOT":"4 391 208","geoId":"ca/qc/lot/4-391-208","name":"4 391 208","code":"4 391 208","level":"locality","country":"CA","noLot":"4 391 208"}},{"type":"Feature","geometry":{"type":"Polygon","coordinates":[[[-73.11964559392177,45.234833478081775],[-73.11944997588718,45.235070391763266],[-73.11966805809207,45.23516003650361],[-73.11986367612666,45.23492312319584],[-73.11964559392177,45.234833478081775]]]},"properties":{"NO_LOT":"4 391 288","geoId":"ca/qc/lot/4-391-288","name":"4 391 288","code":"4 391 288","level":"locality","country":"CA","noLot":"4 391 288"}},{"type":"Feature","geometry":{"type":"Polygon","coordinates":[[[-73.12129503822565,45.24359197261388],[-73.12143987000566,45.2434335435275],[-73.12101898504052,45.24324068373914],[-73.12087373284896,45.243398919185644],[-73.12129503822565,45.24359197261388]]]},"properties":{"NO_LOT":"4 391 519","geoId":"ca/qc/lot/4-391-519","name":"4 391 519","code":"4 391 519","level":"locality","country":"CA","noLot":"4 391 519"}},{"type":"Feature","geometry":{"type":"Polygon","coordinates":[[[-73.11082178424567,45.24419271654573],[-73.11073102385924,45.244291895608114],[-73.11061101612381,45.24442303355723],[-73.1118605421413,45.24499742136744],[-73.11207169923367,45.24476667279964],[-73.11082178424567,45.24419271654573]]]},"properties":{"NO_LOT":"4 391 570","geoId":"ca/qc/lot/4-391-570","name":"4 391 570","code":"4 391 570","level":"locality","country":"CA","noLot":"4 391 570"}},{"type":"Feature","geometry":{"type":"Polygon","coordinates":[[[-73.11038052010001,45.23674294220695],[-73.1103883255615,45.236747771282666],[-73.11039615258258,45.236752581380685],[-73.11040400116322,45.23675737439878],[-73.11041187399836,45.23676214717412],[-73.11041976749478,45.23676690350212],[-73.11042768434736,45.236771640219914],[-73.11043562275952,45.23677635922522],[-73.11044358362957,45.23678105925291],[-73.11045156695752,45.23678574030294],[-73.1104595709467,45.236790403008],[-73.11046759649543,45.23679504736799],[-73.11047564450207,45.23679967211777],[-73.11048371406827,45.23680427852258],[-73.11049180519403,45.23680886594975],[-73.11049991698106,45.236813435031934],[-73.11050805122593,45.23681798450394],[-73.11051620613209,45.236822514998394],[-73.11052438169949,45.236827026515265],[-73.11053257882647,45.23683151905453],[-73.11054079661469,45.2368359919837],[-73.11054903596246,45.23684044593527],[-73.1105572959715,45.23684488090929],[-73.1105655757435,45.23684929690577],[-73.11057387707503,45.23685369329211],[-73.1105821990678,45.23685807006834],[-73.11059054082354,45.23686242723445],[-73.11059890324053,45.23686676542304],[-73.11060728542043,45.23687108336893],[-73.1106156882616,45.23687538233731],[-73.1106241108657,45.23687966106299],[-73.11063255323275,45.236883920811174],[-73.11064101626106,45.23688816031669],[-73.11064949815396,45.236892380212154],[-73.11065800070811,45.23689657986491],[-73.11066652212689,45.23690075990764],[-73.11067506330862,45.236904920340294],[-73.11068362425328,45.23690906116284],[-73.11069220406254,45.236913181110246],[-73.11070080363477,45.236917280814964],[-73.1107094211733,45.236921360909676],[-73.11071805847475,45.23692542076175],[-73.11072671464083,45.236929461003726],[-73.11073538967153,45.236933481003184],[-73.11074408356684,45.23693748012739],[-73.11075279632679,45.23694145900902],[-73.11076152795135,45.23694541828061],[-73.11077027664389,45.2369493560445],[-73.11077904420108,45.23695327419834],[-73.11078783062287,45.236957170844434],[-73.11119461922455,45.236464782579525],[-73.11075881054761,45.23628505300287],[-73.11038052010001,45.23674294220695]]]},"properties":{"NO_LOT":"4 390 561","geoId":"ca/qc/lot/4-390-561","name":"4 390 561","code":"4 390 561","level":"locality","country":"CA","noLot":"4 390 561"}},{"type":"Feature","geometry":{"type":"Polygon","coordinates":[[[-73.12029951175306,45.23844760573174],[-73.12029796036255,45.2384495268037],[-73.12029643861648,45.23845145989416],[-73.12029494920972,45.23845340500308],[-73.12029349124401,45.23845536213051],[-73.12029206292272,45.23845733127644],[-73.12029066783909,45.238459309910624],[-73.12028930509479,45.23846130119587],[-73.12028797289322,45.238463303234475],[-73.12028667392933,45.238465314761335],[-73.12028540730478,45.238467338306684],[-73.12028417301957,45.23846937070774],[-73.12028297197205,45.23847141322965],[-73.12028180326386,45.2384734652398],[-73.12028066779332,45.238475526105645],[-73.1202795655605,45.23847759582716],[-73.12027849656529,45.23847967503696],[-73.12027746080777,45.23848176183737],[-73.12027645918623,45.23848385686088],[-73.12027549080236,45.23848596074014],[-73.12027455655446,45.23848807220993],[-73.12027365734086,45.23849019000525],[-73.1202727895683,45.238492314758545],[-73.12027195772833,45.238494447735015],[-73.12027116092268,45.23849658577183],[-73.1202703973547,45.2384987307667],[-73.12026966882101,45.23850088208701],[-73.1202689753216,45.23850303910024],[-73.12026831505986,45.23850520117386],[-73.12026768983243,45.238507368307836],[-73.1202671005376,45.23850953986959],[-73.12026654627708,45.23851171712426],[-73.12026602615252,45.238513898174155],[-73.12026554106227,45.238516083019306],[-73.12026509100632,45.23851827229229],[-73.12026467688297,45.2385204640954],[-73.12026429779392,45.23852266032629],[-73.12026395373917,45.238524857822235],[-73.1202636447187,45.238527059113395],[-73.12026337163087,45.23852926230216],[-73.12026313537395,45.238531468021],[-73.12026293235468,45.23853367500495],[-73.12026276616636,45.23853588325389],[-73.12026263411401,45.238538092767826],[-73.12026253799428,45.23854030417938],[-73.12026247780716,45.238542514958276],[-73.12026245355263,45.23854472700217],[-73.12026246433241,45.23854693778089],[-73.12026251104481,45.23854914982462],[-73.1202625927915,45.23855136123574],[-73.12026270957249,45.238553570749126],[-73.12026286318441,45.238555780262374],[-73.1202630509323,45.23855798787789],[-73.12026327461281,45.238560194228235],[-73.12026353512424,45.23856239804824],[-73.12026382887333,45.2385645999705],[-73.12026415855505,45.23856679936247],[-73.12026452506768,45.23856899622413],[-73.12026492481799,45.23857118992294],[-73.12026536139922,45.23857337982636],[-73.12026583211642,45.23857556593431],[-73.12079018862923,45.23883162653402],[-73.12102236629924,45.238551538351075],[-73.1204181091335,45.23830343216429],[-73.12029951175306,45.23844760573174]]]},"properties":{"NO_LOT":"5 663 556","geoId":"ca/qc/lot/5-663-556","name":"5 663 556","code":"5 663 556","level":"locality","country":"CA","noLot":"5 663 556"}},{"type":"Feature","geometry":{"type":"Polygon","coordinates":[[[-73.12147424853157,45.23551544541532],[-73.1214003531163,45.23549570422418],[-73.12136379707411,45.235539644448615],[-73.12126635771357,45.235658252710564],[-73.12158782702451,45.23579144435007],[-73.12159104568818,45.235787526116106],[-73.12168609912334,45.235671825492574],[-73.12173645508491,45.23561129829902],[-73.12147424853157,45.23551544541532]]]},"properties":{"NO_LOT":"6 433 646","geoId":"ca/qc/lot/6-433-646","name":"6 433 646","code":"6 433 646","level":"locality","country":"CA","noLot":"6 433 646"}},{"type":"Feature","geometry":{"type":"Polygon","coordinates":[[[-73.12200219111898,45.24063232229553],[-73.12169566258785,45.241005172448695],[-73.12203217149329,45.24112914261071],[-73.12232984892391,45.240759835439526],[-73.12200219111898,45.24063232229553]]]},"properties":{"NO_LOT":"4 391 458","geoId":"ca/qc/lot/4-391-458","name":"4 391 458","code":"4 391 458","level":"locality","country":"CA","noLot":"4 391 458"}},{"type":"Feature","geometry":{"type":"Polygon","coordinates":[[[-73.12264779504233,45.23170577709941],[-73.12232835951718,45.23157374309074],[-73.12213351852532,45.231810941127094],[-73.12245297740667,45.23194298407416],[-73.12253089188451,45.23184811696574],[-73.12264779504233,45.23170577709941]]]},"properties":{"NO_LOT":"4 391 185","geoId":"ca/qc/lot/4-391-185","name":"4 391 185","code":"4 391 185","level":"locality","country":"CA","noLot":"4 391 185"}},{"type":"Feature","geometry":{"type":"Polygon","coordinates":[[[-73.1210575982247,45.235017246301524],[-73.12096000255728,45.235135778477485],[-73.12128978128459,45.23527133027409],[-73.12138754583528,45.2351528673334],[-73.1210575982247,45.235017246301524]]]},"properties":{"NO_LOT":"4 391 255","geoId":"ca/qc/lot/4-391-255","name":"4 391 255","code":"4 391 255","level":"locality","country":"CA","noLot":"4 391 255"}},{"type":"Feature","geometry":{"type":"Polygon","coordinates":[[[-73.11515588599694,45.23858051820239],[-73.11500577661468,45.23875676148075],[-73.11528739306634,45.238872833456035],[-73.115437118868,45.2386970579944],[-73.115437500652,45.238696589905146],[-73.11515588599694,45.23858051820239]]]},"properties":{"NO_LOT":"4 391 409","geoId":"ca/qc/lot/4-391-409","name":"4 391 409","code":"4 391 409","level":"locality","country":"CA","noLot":"4 391 409"}},{"type":"Feature","geometry":{"type":"Polygon","coordinates":[[[-73.11399957456324,45.240385880536714],[-73.11422373387101,45.23999414125052],[-73.1136117314309,45.239723509602925],[-73.1135666054609,45.23970355354441],[-73.11334644455445,45.24008733118688],[-73.11399957456324,45.240385880536714]]]},"properties":{"NO_LOT":"4 391 552","geoId":"ca/qc/lot/4-391-552","name":"4 391 552","code":"4 391 552","level":"locality","country":"CA","noLot":"4 391 552"}},{"type":"Feature","geometry":{"type":"Polygon","coordinates":[[[-73.1207190222958,45.23471943165553],[-73.1207861255492,45.234747013524114],[-73.1209706592715,45.23482286564965],[-73.12115519299378,45.234898717041276],[-73.12148530858934,45.235034407941384],[-73.12158303271583,45.23491599384925],[-73.12081595859979,45.234600618369974],[-73.1207190222958,45.23471943165553]]]},"properties":{"NO_LOT":"6 391 364","geoId":"ca/qc/lot/6-391-364","name":"6 391 364","code":"6 391 364","level":"locality","country":"CA","noLot":"6 391 364"}},{"type":"Feature","geometry":{"type":"Polygon","coordinates":[[[-73.12245297740667,45.23194298407416],[-73.12213351852532,45.231810941127094],[-73.12201660368942,45.231953275669035],[-73.12233607335052,45.23208532397901],[-73.12245297740667,45.23194298407416]]]},"properties":{"NO_LOT":"4 391 186","geoId":"ca/qc/lot/4-391-186","name":"4 391 186","code":"4 391 186","level":"locality","country":"CA","noLot":"4 391 186"}},{"type":"Feature","geometry":{"type":"Polygon","coordinates":[[[-73.12006557697833,45.23500611517649],[-73.11986367612666,45.23492312319584],[-73.11966805809207,45.23516003650361],[-73.11976878798151,45.235201441559155],[-73.11986944510741,45.23524288327486],[-73.12006557697833,45.23500611517649]]]},"properties":{"NO_LOT":"4 391 286","geoId":"ca/qc/lot/4-391-286","name":"4 391 286","code":"4 391 286","level":"locality","country":"CA","noLot":"4 391 286"}},{"type":"Feature","geometry":{"type":"Polygon","coordinates":[[[-73.12203943886392,45.24012325424818],[-73.12221499033168,45.24019546527616],[-73.12237532344024,45.24000122378466],[-73.12181482680523,45.23977057700408],[-73.12165416311666,45.23996468139062],[-73.12178504136537,45.240018496511155],[-73.12192103911286,45.24007450458898],[-73.12203943886392,45.24012325424818]]]},"properties":{"NO_LOT":"4 391 375","geoId":"ca/qc/lot/4-391-375","name":"4 391 375","code":"4 391 375","level":"locality","country":"CA","noLot":"4 391 375"}},{"type":"Feature","geometry":{"type":"Polygon","coordinates":[[[-73.11788141409485,45.23770636567722],[-73.11749135212376,45.23814763559042],[-73.11780177215671,45.23827162969892],[-73.1181640115068,45.23782672730851],[-73.11788141409485,45.23770636567722]]]},"properties":{"NO_LOT":"4 391 391","geoId":"ca/qc/lot/4-391-391","name":"4 391 391","code":"4 391 391","level":"locality","country":"CA","noLot":"4 391 391"}},{"type":"Feature","geometry":{"type":"Polygon","coordinates":[[[-73.11689507469268,45.2389683897035],[-73.11655158947075,45.23939044511103],[-73.11668087051486,45.239443148761865],[-73.11693257935578,45.23913011037141],[-73.11709760346673,45.23919705354143],[-73.11712245176581,45.239166150426705],[-73.1171439044331,45.239174704370086],[-73.11720405023463,45.23909473826457],[-73.11689507469268,45.2389683897035]]]},"properties":{"NO_LOT":"4 391 433","geoId":"ca/qc/lot/4-391-433","name":"4 391 433","code":"4 391 433","level":"locality","country":"CA","noLot":"4 391 433"}},{"type":"Feature","geometry":{"type":"Polygon","coordinates":[[[-73.11459444253765,45.23870690937445],[-73.11427863800287,45.23857507570466],[-73.11390571768403,45.23900547103803],[-73.11416866175422,45.23911522777518],[-73.11422152491375,45.239137304974285],[-73.1143832575975,45.23895064414278],[-73.11459444253765,45.23870690937445]]]},"properties":{"NO_LOT":"4 391 549","geoId":"ca/qc/lot/4-391-549","name":"4 391 549","code":"4 391 549","level":"locality","country":"CA","noLot":"4 391 549"}},{"type":"Feature","geometry":{"type":"Polygon","coordinates":[[[-73.12173645508491,45.23561129829902],[-73.12168609912334,45.235671825492574],[-73.12159104568818,45.235787526116106],[-73.12209604620156,45.23599488091234],[-73.12220268341231,45.23586523412103],[-73.12220349279437,45.23586422388349],[-73.12220427343034,45.23586320099427],[-73.12220502172698,45.23586216671845],[-73.12220573768427,45.23586112105614],[-73.12220642309883,45.23586006463982],[-73.12220707617405,45.235858998734756],[-73.12220769601159,45.23585792270827],[-73.12220828350979,45.23585683782563],[-73.122208836872,45.23585574408677],[-73.12220935699656,45.2358546421243],[-73.12220984388343,45.235853531938155],[-73.12221029573602,45.23585241479363],[-73.12221071524925,45.23585129195576],[-73.12221109882988,45.23585016279202],[-73.12221144917285,45.23584902793504],[-73.12221176537983,45.23584788675217],[-73.12221204475587,45.23584674303895],[-73.12221229089427,45.235845593632384],[-73.12221250110005,45.23584444169552],[-73.12221267716984,45.235843286595696],[-73.12221281730703,45.23584212896551],[-73.1222129224099,45.23584097007011],[-73.12221299068187,45.23583980990955],[-73.12221302481785,45.235838647851175],[-73.12221302391954,45.23583748579277],[-73.12221298798693,45.23583632499954],[-73.12221291612171,45.23583516357374],[-73.12221280922219,45.2358340046782],[-73.12221266639004,45.23583284768038],[-73.12221248852362,45.23583169258032],[-73.12221227652122,45.23583054064317],[-73.1222120276879,45.23582939313406],[-73.12221174471858,45.23582824815528],[-73.12221142851159,45.235827108869735],[-73.12221107547369,45.23582597401229],[-73.12221068919813,45.23582484484809],[-73.12221026788825,45.235823722009684],[-73.12220981334072,45.23582260486453],[-73.12220932375888,45.23582149594295],[-73.12220880093939,45.235820394612404],[-73.12220824488223,45.23581930213798],[-73.12220765648571,45.23581821662201],[-73.12220703395323,45.23581714185995],[-73.12220637908138,45.23581607595408],[-73.12220569187018,45.235815020802114],[-73.12220497411629,45.235813975771485],[-73.1222042231247,45.235812942759964],[-73.12220344069209,45.23581191986982],[-73.12220262771675,45.235810910896475],[-73.12220178509703,45.235809912677105],[-73.12220091103626,45.235808929007156],[-73.12220000822938,45.2358079586215],[-73.12219907577813,45.235807002152654],[-73.12219811368246,45.23580605960072],[-73.12219712373903,45.23580513159819],[-73.1221961059478,45.23580422004285],[-73.12219506030881,45.235803323036976],[-73.12219398772035,45.235802443110906],[-73.12219288818245,45.23580157899947],[-73.12219176349171,45.235800731967785],[-73.12219061185151,45.2357999020159],[-73.12218943685512,45.23579908977641],[-73.12218823580758,45.23579829588185],[-73.12218701230218,45.23579752096484],[-73.12218576544055,45.23579676376022],[-73.12218449522274,45.23579602679834],[-73.12218320164872,45.2357953081814],[-73.1221818883118,45.23579460980719],[-73.12218055341528,45.23579393167568],[-73.12217919785752,45.23579327378695],[-73.12217782343512,45.23579263677351],[-73.12217642924982,45.235792020635344],[-73.12217501709819,45.23579142663766],[-73.12173645508491,45.23561129829902]]]},"properties":{"NO_LOT":"5 171 776","geoId":"ca/qc/lot/5-171-776","name":"5 171 776","code":"5 171 776","level":"locality","country":"CA","noLot":"5 171 776"}},{"type":"Feature","geometry":{"type":"Polygon","coordinates":[[[-73.12053445084426,45.23914094275843],[-73.12064186689436,45.23901112919389],[-73.12022945663561,45.23890248491241],[-73.12022756927522,45.23890602529879],[-73.12022564867713,45.23890955746179],[-73.12022369663804,45.23891307887126],[-73.12022171405619,45.238916593322394],[-73.1202196982367,45.23892009828508],[-73.12021765097616,45.23892359312674],[-73.1202155731729,45.238927080377614],[-73.12021346303031,45.238930556242316],[-73.12021132234499,45.238934023883694],[-73.12020914932032,45.238937481404015],[-73.1202069448546,45.238940929435856],[-73.12020471074449,45.23894436734671],[-73.12020244519334,45.23894779450401],[-73.12020014820116,45.23895121090775],[-73.12019781976794,45.23895461845557],[-73.12019546169033,45.23895801398477],[-73.12019307307,45.23896140002549],[-73.1201906530086,45.23896477404755],[-73.12018820330282,45.238968137948575],[-73.12018572305432,45.23897149046355],[-73.1201832122631,45.23897483222498],[-73.12018067092916,45.23897816196775],[-73.12017809995082,45.238981480324426],[-73.12017550022641,45.238984787295],[-73.12017286906092,45.23898808224697],[-73.12017020914938,45.2389913651803],[-73.12016751869508,45.23899463546241],[-73.12016479859642,45.23899789435844],[-73.12016205064997,45.239001139970796],[-73.12013174418722,45.23903667217083],[-73.12053445084426,45.23914094275843]]]},"properties":{"NO_LOT":"5 777 936","geoId":"ca/qc/lot/5-777-936","name":"5 777 936","code":"5 777 936","level":"locality","country":"CA","noLot":"5 777 936"}},{"type":"Feature","geometry":{"type":"Polygon","coordinates":[[[-73.11396937589834,45.23932584575193],[-73.11391622168465,45.23938494829199],[-73.11446194821974,45.23958569949451],[-73.1144918675086,45.23953440022298],[-73.11451087047013,45.23950071726053],[-73.113987276627,45.23930810915851],[-73.11396937589834,45.23932584575193]]]},"properties":{"NO_LOT":"6 357 575","geoId":"ca/qc/lot/6-357-575","name":"6 357 575","code":"6 357 575","level":"locality","country":"CA","noLot":"6 357 575"}}]}