{"type":"FeatureCollection","crs":{"type":"name","properties":{"name":"urn:ogc:def:crs:OGC:1.3:CRS84"}},"features":[{"type":"Feature","properties":{"zone_code":"A1-14","prefix":"A","kind":"agricultural","n_lots":20,"source":"t2-gcp3","confidence":"contour-manual-gcp"},"geometry":{"type":"MultiPolygon","coordinates":[[[[-74.35086026103271,45.29899864888646],[-74.3502996530066,45.29884456882781],[-74.34928984062604,45.298567017925],[-74.34875306670106,45.29841947862849],[-74.34820991294093,45.29827018482289],[-74.3466478037473,45.29784079217272],[-74.34453057433564,45.29725876337519],[-74.34480278542627,45.296768808788876],[-74.34874135626302,45.289678756945],[-74.3502259255763,45.286865669760466],[-74.34908469595788,45.28655646492374],[-74.34810240975425,45.2862903111912],[-74.34607212558399,45.28574016538525],[-74.34606481329759,45.28573818397394],[-74.34592553400435,45.285700442341835],[-74.34393182204592,45.285160156891315],[-74.34292599369365,45.28488756435094],[-74.34212044653061,45.28466924452283],[-74.3417520177882,45.284572764008026],[-74.34069543911396,45.2842861227039],[-74.33993327518924,45.28407934680812],[-74.33964863680495,45.28400212128211],[-74.33925257947764,45.28389466598742],[-74.33782831496772,45.283508230766984],[-74.33756172373748,45.2834358959357],[-74.33562074378455,45.282909221835354],[-74.33544573669583,45.282861731938574],[-74.3300595164057,45.29278343779252],[-74.3310517523494,45.293059261453905],[-74.33094070620723,45.29325827655732],[-74.33127340715417,45.29335075852264],[-74.33114727380683,45.293576813398786],[-74.33194795749093,45.29379937780508],[-74.33380912033422,45.294316696131474],[-74.33404525957464,45.294382839945186],[-74.3348771094092,45.294615842572064],[-74.33614385343574,45.29497064563104],[-74.33660502514641,45.295095787113794],[-74.33718538173572,45.295253158303986],[-74.33713181070374,45.29535154295963],[-74.33748570829813,45.295447536887664],[-74.33817867858978,45.29563681269266],[-74.33779202482687,45.29632975738321],[-74.33438677029956,45.302430517700635],[-74.33442552272263,45.30242063251409],[-74.33468262774345,45.30241144740825],[-74.33469872285839,45.302415137373224],[-74.33536436999236,45.30256781514997],[-74.33594439510333,45.30283795901223],[-74.33642983030983,45.30312524202008],[-74.33662140772225,45.303238618447764],[-74.33745764762361,45.30373349404331],[-74.33810595188268,45.30411714033699],[-74.3383323695551,45.304229580314754],[-74.33879692881271,45.30446027930009],[-74.33925952794637,45.30460017682341],[-74.33931977974909,45.30461839595155],[-74.340287735129,45.30491111176417],[-74.34042528786024,45.304985406897686],[-74.34053811985318,45.305046351706146],[-74.34111293653213,45.30552729404307],[-74.34167668866172,45.3059177270435],[-74.34200858831144,45.30612085174914],[-74.34274085271024,45.30643508265533],[-74.3429350002027,45.30650751262019],[-74.35085023942739,45.299108910814816],[-74.3508061114857,45.29909678187418],[-74.35086026103271,45.29899864888646]]]]}},{"type":"Feature","properties":{"zone_code":"C3","prefix":"C","kind":"commercial","n_lots":53,"source":"t2-gcp3","confidence":"contour-manual-gcp"},"geometry":{"type":"MultiPolygon","coordinates":[[[[-74.33817867858978,45.29563681269266],[-74.33748570829813,45.295447536887664],[-74.33713181070374,45.29535154295963],[-74.33718538173572,45.295253158303986],[-74.33660502514641,45.295095787113794],[-74.33614385343574,45.29497064563104],[-74.3348771094092,45.294615842572064],[-74.33404525957464,45.294382839945186],[-74.33380912033422,45.294316696131474],[-74.33194795749093,45.29379937780508],[-74.33114727380683,45.293576813398786],[-74.33127340715417,45.29335075852264],[-74.33094070620723,45.29325827655732],[-74.3310517523494,45.293059261453905],[-74.3300595164057,45.29278343779252],[-74.33544573669583,45.282861731938574],[-74.33335263782934,45.282293728581514],[-74.3331088745871,45.28222757446155],[-74.33232438932419,45.28201467325153],[-74.33171976295087,45.28185057926558],[-74.33126628890388,45.28172750577835],[-74.33030274694696,45.28146599032354],[-74.32915858971904,45.281155438799736],[-74.32376909956126,45.29097285200758],[-74.32349268705,45.29147626444595],[-74.32311779852238,45.291372718749884],[-74.32249099543962,45.29119989212088],[-74.32271297004465,45.290789973264914],[-74.32177277799694,45.29053072793238],[-74.32271749036717,45.28879920491179],[-74.32242834783003,45.288718669096575],[-74.32152393298514,45.28846861556659],[-74.32032173830166,45.288184457491354],[-74.31918877947206,45.29025795075106],[-74.31781445230878,45.28987782814966],[-74.31769818515818,45.29008726693152],[-74.31893996230802,45.290430725268315],[-74.31841681133433,45.29077466056085],[-74.31329604321064,45.29410118047363],[-74.31386536669162,45.29414606876199],[-74.31430559867302,45.29418077654191],[-74.31435588726093,45.294195254172294],[-74.31464602243646,45.29427877821027],[-74.31475639394384,45.29431055120933],[-74.31574649728707,45.29366796524129],[-74.31617552727685,45.29338951123031],[-74.31680674288431,45.293874018003685],[-74.31723577107748,45.29359556247666],[-74.31752178568078,45.29340992364581],[-74.31763146997699,45.293494112380266],[-74.31728918220931,45.29371631943292],[-74.3168146786015,45.294024354072654],[-74.31732934498736,45.29442374494117],[-74.31687175396142,45.29472079723621],[-74.31643814885187,45.295002274795344],[-74.31676490834151,45.29515481265697],[-74.31680827451186,45.295126814616154],[-74.31757689642514,45.295459566133495],[-74.31647475160644,45.296175361066915],[-74.31707114132692,45.296636196794374],[-74.31686181769605,45.29677248395535],[-74.3169081824428,45.29705410109173],[-74.31706675036182,45.29801721425222],[-74.31709802431011,45.29803461340426],[-74.31952113995749,45.29645510186929],[-74.32551747532739,45.29956572482825],[-74.32581105284707,45.299688868927745],[-74.32450467964176,45.30137066234983],[-74.32490305372419,45.30151340767823],[-74.32500562066838,45.301532074518526],[-74.32557410332626,45.30163553468883],[-74.32614249974587,45.30173897508298],[-74.32671089526717,45.30184241276099],[-74.32689525291966,45.30187596144162],[-74.32742648693429,45.30195918857106],[-74.32760817299713,45.30198765206965],[-74.3282704945679,45.30209140900853],[-74.32860719930608,45.30214415493172],[-74.32896342982527,45.302247717607685],[-74.32944852636687,45.302664530428615],[-74.32972276675176,45.30290016348673],[-74.33049189800983,45.30356100583573],[-74.33051156931792,45.303577907931604],[-74.33131668169636,45.3032540036065],[-74.33156513144944,45.30317898148941],[-74.33217757765733,45.302994045673884],[-74.33438677029956,45.302430517700635],[-74.33779202482687,45.29632975738321],[-74.33817867858978,45.29563681269266]]],[[[-74.31895013303367,45.28782784046436],[-74.31806660042588,45.28761235576501],[-74.31713321940464,45.28926143723801],[-74.3169445157028,45.28920930310526],[-74.3169966548202,45.289108047399985],[-74.31651694008544,45.289060474845556],[-74.31629489720844,45.2894575098619],[-74.31667324245329,45.28956216376695],[-74.31691758960046,45.289615255666014],[-74.31693087029362,45.289618928768114],[-74.31698513123173,45.28963394222299],[-74.3170006577131,45.28963823719781],[-74.31723833486929,45.28971293659162],[-74.31738534596217,45.289759139088865],[-74.31781445230878,45.28987782814966],[-74.31806863511,45.28942378951664],[-74.31892894716601,45.28786619751834],[-74.31895013303367,45.28782784046436]]]]}},{"type":"Feature","properties":{"zone_code":"A1-12","prefix":"A","kind":"agricultural","n_lots":293,"source":"t2-gcp3","confidence":"contour-manual-gcp"},"geometry":{"type":"MultiPolygon","coordinates":[[[[-74.33049189800983,45.30356100583573],[-74.32972276675176,45.30290016348673],[-74.32944852636687,45.302664530428615],[-74.32896342982527,45.302247717607685],[-74.32860719930608,45.30214415493172],[-74.3282704945679,45.30209140900853],[-74.32760817299713,45.30198765206965],[-74.32742648693429,45.30195918857106],[-74.32689525291966,45.30187596144162],[-74.32671089526717,45.30184241276099],[-74.32614249974587,45.30173897508298],[-74.32557410332626,45.30163553468883],[-74.32500562066838,45.301532074518526],[-74.32490305372419,45.30151340767823],[-74.32450467964176,45.30137066234983],[-74.32581105284707,45.299688868927745],[-74.32551747532739,45.29956572482825],[-74.31952113995749,45.29645510186929],[-74.31709802431011,45.29803461340426],[-74.31706675036182,45.29801721425222],[-74.3169081824428,45.29705410109173],[-74.31686181769605,45.29677248395535],[-74.31707114132692,45.296636196794374],[-74.31647475160644,45.296175361066915],[-74.31757689642514,45.295459566133495],[-74.31680827451186,45.295126814616154],[-74.31676490834151,45.29515481265697],[-74.31643814885187,45.295002274795344],[-74.31687175396142,45.29472079723621],[-74.31732934498736,45.29442374494117],[-74.3168146786015,45.294024354072654],[-74.31728918220931,45.29371631943292],[-74.31763146997699,45.293494112380266],[-74.31752178568078,45.29340992364581],[-74.31723577107748,45.29359556247666],[-74.31680674288431,45.293874018003685],[-74.31617552727685,45.29338951123031],[-74.31574649728707,45.29366796524129],[-74.31475639394384,45.29431055120933],[-74.31464602243646,45.29427877821027],[-74.31435588726093,45.294195254172294],[-74.31430559867302,45.29418077654191],[-74.31386536669162,45.29414606876199],[-74.31329604321064,45.29410118047363],[-74.31841681133433,45.29077466056085],[-74.31893996230802,45.290430725268315],[-74.31769818515818,45.29008726693152],[-74.31703171247247,45.28990292229339],[-74.31678736352868,45.2898498306636],[-74.31665402120116,45.289812945577154],[-74.30229645193265,45.29914664289312],[-74.30229047903434,45.29915052326638],[-74.3026271550264,45.29946408700316],[-74.30230068569259,45.29966183799719],[-74.30243795096294,45.299808025013576],[-74.30245385473673,45.29979839085501],[-74.30280515081006,45.30010034167925],[-74.30291099031683,45.30003832685312],[-74.3031573299273,45.30032540921265],[-74.30335581628258,45.30055671930123],[-74.30367364562,45.30035096125974],[-74.30390285705296,45.30053994078188],[-74.30391579458967,45.30055060664849],[-74.30412902409542,45.300724250213094],[-74.30412303682404,45.30072789858497],[-74.30412688161344,45.30073081841965],[-74.30427382802763,45.30084234701981],[-74.3042596499175,45.300851725097395],[-74.3043792444279,45.30094176707411],[-74.304071160913,45.30114556926834],[-74.30388513508902,45.301264226285745],[-74.30349870410832,45.301525531047055],[-74.30358472139002,45.3015945255846],[-74.3039806888858,45.30133348715241],[-74.30425472984469,45.30115282741439],[-74.30448977403879,45.30099843412078],[-74.30486496709528,45.30128193847382],[-74.30462276871827,45.30144011264269],[-74.30484390789009,45.30160869234645],[-74.30470959807701,45.30169605091226],[-74.30455247464897,45.30179824771485],[-74.30458550480365,45.30182343894375],[-74.30450007591845,45.30187942587125],[-74.30441750367585,45.30193354183959],[-74.3040889637253,45.30197627501233],[-74.30429262707158,45.30213490470087],[-74.30451837819406,45.30198806972123],[-74.30484148423544,45.30177790845419],[-74.30508323525146,45.30162066215485],[-74.30521227464875,45.30153736755202],[-74.30545248954562,45.30171681606993],[-74.30560692251937,45.30183218185002],[-74.30571139479028,45.301913420615364],[-74.30594643359449,45.30209624074158],[-74.306103116848,45.30221811123118],[-74.30634615514982,45.30206023240997],[-74.30668618275622,45.30232392187413],[-74.30644314445442,45.30248180122469],[-74.30666711062443,45.30260513359783],[-74.30676016081651,45.30265637463065],[-74.30722460688638,45.303039012220644],[-74.30819753444138,45.30384054023977],[-74.30855134849244,45.30361098424013],[-74.30886698504226,45.30385325766047],[-74.3092246007636,45.30362123125763],[-74.30935611591781,45.303722178623715],[-74.30898475148105,45.30396312157504],[-74.30929732028416,45.30420303363022],[-74.30960988998558,45.30444294530196],[-74.30998125262572,45.304202001862656],[-74.31011261506634,45.30430311689106],[-74.3100757607835,45.30432695996253],[-74.30971345405973,45.30456202821453],[-74.3100253563129,45.304801420909115],[-74.30965861460658,45.305044168157],[-74.30946639849198,45.30516406484503],[-74.30947557568092,45.30517162574663],[-74.30919115199397,45.305341982378984],[-74.30886442394538,45.305553343506105],[-74.3092275113051,45.3057481637944],[-74.30998147630622,45.30613134408392],[-74.31048736255848,45.30638844200771],[-74.3097180076199,45.30688390736944],[-74.31001882466246,45.30702588508863],[-74.31085700402653,45.306476597487354],[-74.31137377247013,45.30686925418112],[-74.31119847073401,45.30698413752745],[-74.31069651371283,45.3073467712909],[-74.31142555944794,45.30771964206147],[-74.31143619819585,45.307725069087276],[-74.31144685850333,45.3077304758955],[-74.31145753857373,45.307735863117856],[-74.3114682384071,45.30774123075444],[-74.31147895710507,45.307746578805215],[-74.31148969646428,45.307751906638394],[-74.31150045648477,45.30775721614932],[-74.31151123447155,45.30776250354736],[-74.31152203222125,45.30776777262315],[-74.31153285063222,45.30777302211317],[-74.31154368700948,45.30777824949027],[-74.3115545431497,45.30778345854519],[-74.31156541905285,45.307788648014345],[-74.31157631471893,45.30779381663415],[-74.311587227453,45.30779896503646],[-74.31159815995001,45.307804093852965],[-74.31160911220995,45.30780920182019],[-74.3116200833345,45.307814289569926],[-74.31163107242539,45.307819357733884],[-74.3116420812792,45.30782440441678],[-74.31165310809929,45.30782943277753],[-74.31166415288574,45.307834438393655],[-74.31167521743508,45.30783942568759],[-74.31168629905243,45.307844391500545],[-74.3116974004327,45.30784933772775],[-74.31170851888098,45.307854262473924],[-74.31171965619386,45.30785916763441],[-74.31173081147307,45.30786405194562],[-74.31174198561688,45.30786891477587],[-74.31175317593038,45.3078737573886],[-74.31176438510849,45.307878580415704],[-74.31177561225292,45.30788338132997],[-74.31178685736364,45.30788816265862],[-74.31179811954236,45.30789292250624],[-74.31180939878907,45.30789766276822],[-74.31182069690038,45.307902380285675],[-74.3118320120797,45.30790707884924],[-74.31184334432703,45.30791175530005],[-74.31185469454064,45.307916411533476],[-74.31186606092393,45.307921046285905],[-74.31187744437521,45.307925660820956],[-74.31188884489448,45.30793025324324],[-74.31190026338005,45.30793482544817],[-74.3119116980353,45.30793937617211],[-74.31192325126817,45.30794394648096],[-74.31193481977242,45.307948494677056],[-74.31194640714126,45.307953021392215],[-74.31195801067979,45.30795752662646],[-74.3119696312863,45.30796201037978],[-74.31198126806248,45.30796647265216],[-74.31199292190665,45.30797091218009],[-74.31200459192051,45.3079753314906],[-74.31201627900238,45.30797972868848],[-74.3120279822539,45.30798410314188],[-74.31203970077677,45.30798845611435],[-74.31205143726596,45.30799278823778],[-74.31206318812819,45.30799709824851],[-74.31207495605841,45.30800138614656],[-74.31208674015832,45.30800565256369],[-74.31209854042788,45.30800989623644],[-74.31211035507049,45.30801411842834],[-74.3121221858828,45.308018318507536],[-74.31213403286476,45.30802249647416],[-74.31214589511809,45.30802665232809],[-74.31215777264276,45.30803078606944],[-74.31216966723545,45.308034898329915],[-74.31218157530286,45.30803898847777],[-74.31219349864162,45.308043055249485],[-74.31220543815007,45.308047101172114],[-74.31221739203154,45.308051124350364],[-74.3122293611844,45.308055125416004],[-74.31224134471029,45.30805910436905],[-74.31225334350754,45.30806305994597],[-74.31226535667783,45.308066994042065],[-74.31227738511949,45.30807090602558],[-74.31228942793419,45.30807479526471],[-74.31230148512194,45.308078662391324],[-74.31231355668271,45.308082507405324],[-74.31232564171823,45.30808632904323],[-74.31233774292343,45.30809012793674],[-74.31234985670501,45.30809390534954],[-74.31236198485968,45.308097660017985],[-74.31237412738737,45.30810139194212],[-74.3123862833898,45.3081051011219],[-74.31239845376527,45.308108788189166],[-74.31241063671715,45.30811245188031],[-74.31242283494039,45.308116092827184],[-74.31243504574005,45.30811971229329],[-74.31244727001443,45.30812330775154],[-74.31245950776355,45.30812688109729],[-74.31247175898739,45.30813043233053],[-74.31248402278766,45.308133960187675],[-74.31249630096096,45.308137464037],[-74.31250859081237,45.30814094577383],[-74.31252089503681,45.30814440602995],[-74.31253321093935,45.30814784227823],[-74.31254553941831,45.30815125515048],[-74.31255788137202,45.3081546459102],[-74.31257023680041,45.308158012662176],[-74.31258260390695,45.30816135793343],[-74.31259498269155,45.30816467919684],[-74.3126073749509,45.30816797771604],[-74.31261977888835,45.30817125285919],[-74.31263219450388,45.30817450462637],[-74.31264462269583,45.30817773491284],[-74.3126570634642,45.30818094055974],[-74.31266951591067,45.308184124094254],[-74.31268198003525,45.30818728298916],[-74.3126944558379,45.30819041977163],[-74.31270694331867,45.3081935325463],[-74.31428201879513,45.30858456758539],[-74.3149178319802,45.30874240991571],[-74.31544516640815,45.30887331940161],[-74.31567755518226,45.30893100767483],[-74.31569475971658,45.30893529171159],[-74.31571195257281,45.30893959849178],[-74.31572913375093,45.308943927383666],[-74.31574630325096,45.30894828028243],[-74.3157634619712,45.30895265655638],[-74.31578060811503,45.30895705431022],[-74.31579774258076,45.30896147543919],[-74.3158148653684,45.308965920575076],[-74.31583197557961,45.30897038719084],[-74.31584907411273,45.30897487718171],[-74.31586616006942,45.308979389284225],[-74.31588323524636,45.30898392539358],[-74.31590029784685,45.30898848298279],[-74.31591734787095,45.30899306457893],[-74.31593438442032,45.308997668286594],[-74.3159514101899,45.309002295369375],[-74.31596842338307,45.309006943931955],[-74.31598564229043,45.30901167715132],[-74.3160028486214,45.30901643248223],[-74.3160200414776,45.30902121118823],[-74.31603722265572,45.30902601326928],[-74.3160543894608,45.30903083935715],[-74.31607154368947,45.309035688188324],[-74.3160886844434,45.309040559131056],[-74.31610581172262,45.30904545408053],[-74.31612292642541,45.30905037303687],[-74.31614002765346,45.30905531410468],[-74.31615711450848,45.309060277915776],[-74.31617418788876,45.30906526636544],[-74.31619124869268,45.30907027629482],[-74.31620829512347,45.30907531023094],[-74.31622532807958,45.30908036691034],[-74.31624234845927,45.309085446964716],[-74.3162593535676,45.309090549130545],[-74.31627634430289,45.30909567530311],[-74.31629332246175,45.30910082421895],[-74.31631028534927,45.309105995877964],[-74.31632723476204,45.3091111896484],[-74.3163441698018,45.30911640805733],[-74.3163610913668,45.309121647945936],[-74.31637799855876,45.309126911841254],[-74.31639489137767,45.30913219784797],[-74.31641176892524,45.30913750659787],[-74.31642863299807,45.309142838722664],[-74.31644548179953,45.309148192958894],[-74.31646231712627,45.30915357057002],[-74.31647913628333,45.30915897092429],[-74.31649594196567,45.30916439402165],[-74.31651273237665,45.30916983859864],[-74.31652950841458,45.30917530781411],[-74.31654626918115,45.30918079850909],[-74.31656301467636,45.30918631257897],[-74.31657974490021,45.309191848760186],[-74.31659646075101,45.3091974076845],[-74.31661316222878,45.309202988720145],[-74.31734677230386,45.309448775493486],[-74.3172369963795,45.309528578716424],[-74.31765712316654,45.30966933303695],[-74.31807520359135,45.309809400283825],[-74.31794943316335,45.309913562395614],[-74.3180078631827,45.30993274324933],[-74.31805793348002,45.30993380207829],[-74.31813422021057,45.30995331333524],[-74.31825932319029,45.31002204680794],[-74.31837846045823,45.31004825909436],[-74.31858889261015,45.31011132874609],[-74.31871349522828,45.31014867255247],[-74.31889747199509,45.310229701028724],[-74.31904227502899,45.31033330263318],[-74.3192390222459,45.31043840572719],[-74.3192919195414,45.3104313446137],[-74.31935914227074,45.31041029583163],[-74.31941302052654,45.31041736831933],[-74.31955025525417,45.310483027749164],[-74.31992086600442,45.3107667342133],[-74.32024319140983,45.31109533118493],[-74.32039678176385,45.31133700404912],[-74.32049419327663,45.311451659125744],[-74.32072831669755,45.311803927800796],[-74.32084648647991,45.311916751789624],[-74.3210881782071,45.312035999678244],[-74.32118546934565,45.3120609987323],[-74.32120915881801,45.31206708676977],[-74.32145531876543,45.312043616519496],[-74.32173083835126,45.3119321175362],[-74.32195945959107,45.31180847189675],[-74.32288640957319,45.31111379460662],[-74.32318976255979,45.3109632043986],[-74.3237144370762,45.31080387100566],[-74.3239334409526,45.310761145750604],[-74.32440094309106,45.31076134159321],[-74.32462306232486,45.31076143382875],[-74.32537207850706,45.3108403324336],[-74.32578478970142,45.31093951447453],[-74.32635893084728,45.3111367642673],[-74.32728441298222,45.31168360799284],[-74.32741901205281,45.31156189114938],[-74.32732767584629,45.311505913152445],[-74.32731255630175,45.31149666318568],[-74.32729741609596,45.31148743216969],[-74.32728225073733,45.31147821884102],[-74.32726706381914,45.31146902509481],[-74.32725185444306,45.31145984903592],[-74.3272366217108,45.31145069319132],[-74.32722136741893,45.311441555034],[-74.3272060897709,45.31143243519578],[-74.32719078966498,45.31142333494012],[-74.32717546799951,45.311414253003534],[-74.32716012387614,45.31140519001782],[-74.32714475639658,45.3113961459829],[-74.32712936735744,45.31138712089887],[-74.32711395675874,45.31137811413394],[-74.32709852280385,45.31136912695163],[-74.32708306818769,45.31136015808849],[-74.32706759021534,45.31135120880799],[-74.32705208978513,45.31134227784657],[-74.32703656869364,45.311333367099614],[-74.32702102514428,45.31132447404006],[-74.32700546003537,45.31131560119494],[-74.32698987157022,45.31130674666903],[-74.32697426244387,45.31129791172577],[-74.32695863175792,45.3112890957335],[-74.32694297951241,45.31128029869219],[-74.32692730570731,45.31127152123355],[-74.32691160944437,45.311262762725924],[-74.32689589162183,45.31125402380104],[-74.32688015403637,45.31124530382715],[-74.32686439309471,45.31123660406776],[-74.3268486114918,45.31122792325938],[-74.32683280922765,45.311219260770265],[-74.32681698360727,45.31121061912744],[-74.32680113822397,45.3112019958039],[-74.32678527128111,45.31119339269491],[-74.32676938277868,45.31118480916872],[-74.326753473615,45.31117624522536],[-74.32673754379007,45.31116770023307],[-74.32672159330389,45.3111591741919],[-74.32670562035982,45.311150668996994],[-74.3266896267545,45.31114218212152],[-74.32667361338625,45.311133716092336],[-74.32665757756011,45.3111252690143],[-74.32664152197104,45.3111168421509],[-74.3266254457207,45.31110843487035],[-74.32660934791082,45.31110004717274],[-74.3265932312363,45.31109167905799],[-74.3265770921039,45.31108333115794],[-74.32656093320858,45.31107500220903],[-74.32654475365199,45.31106669410655],[-74.32652855433248,45.31105840495527],[-74.32651233345341,45.31105013728215],[-74.32649609281138,45.311041887928525],[-74.32647983240642,45.31103365878962],[-74.3264635513402,45.311025449865404],[-74.32644724871443,45.31101726115593],[-74.32643092812235,45.311009092029444],[-74.3264145859707,45.31100094311772],[-74.3263982240561,45.31099281442071],[-74.3263818432769,45.31098470593849],[-74.32636544093815,45.31097661703929],[-74.32634901883644,45.31096854835487],[-74.32633257787012,45.31096049988522],[-74.32631611714083,45.31095247226214],[-74.32629963575032,45.3109444642221],[-74.32628313549519,45.31093647639691],[-74.32626661368049,45.31092850941826],[-74.32625007479778,45.310920562022744],[-74.32623351525382,45.31091263547374],[-74.32621693594695,45.310904727876135],[-74.32620033777543,45.31089684238863],[-74.326183719841,45.310888976484236],[-74.32616708214363,45.31088113142645],[-74.32615042647994,45.310873305951844],[-74.32613375015501,45.31086550132381],[-74.32611705496545,45.31085771691073],[-74.32610034091127,45.310849953976046],[-74.32608360709415,45.31084220999277],[-74.32607683918681,45.31083909925879],[-74.32607005151652,45.310836009372345],[-74.3260632440833,45.31083294033349],[-74.32605641778545,45.31082989214218],[-74.3260495735213,45.31082686606194],[-74.32604270949422,45.31082386019753],[-74.3260358266025,45.3108208764442],[-74.3260289248462,45.31081791290671],[-74.32602200602186,45.31081497211206],[-74.32601506833294,45.310812052164984],[-74.32600811357601,45.31080915432899],[-74.32600113905613,45.31080627734062],[-74.32599414746828,45.31080342246328],[-74.32598713791411,45.310800589065344],[-74.32598011129195,45.310797777146746],[-74.32597306760182,45.310794987339285],[-74.32596600504705,45.31079221901115],[-74.32595892632261,45.310789473425906],[-74.32595183053019,45.31078674931998],[-74.32594471856808,45.310784047956986],[-74.32593758863968,45.31078136807335],[-74.32593044254159,45.31077871030083],[-74.32592327937552,45.31077607400768],[-74.32591610093807,45.310773461089134],[-74.32590890543266,45.31077087028177],[-74.32590169465587,45.31076830095379],[-74.32589446681108,45.31076575500045],[-74.32588722459327,45.31076323115823],[-74.32587996620578,45.31076072942718],[-74.32587269254691,45.310758250439044],[-74.32586540182007,45.31075579419378],[-74.32585809761851,45.310753360059664],[-74.32585077814558,45.310750949300235],[-74.32584344340127,45.31074856128372],[-74.32583609338562,45.310746196010136],[-74.32582872899691,45.31074385347942],[-74.32582135113348,45.310741533059925],[-74.32581395710038,45.31073923601508],[-74.32580655049085,45.310736962344926],[-74.3257991295083,45.310734711417666],[-74.32579169325437,45.31073248323339],[-74.32578424442404,45.31073027842373],[-74.32577678211898,45.31072809635705],[-74.32576930544086,45.31072593703334],[-74.32576181618634,45.31072380234775],[-74.32575431345708,45.310721690405174],[-74.3257467972531,45.310719601205506],[-74.32573926847272,45.310717535380554],[-74.32573172621758,45.31071549356209],[-74.32572417228435,45.31071347448654],[-74.32571660487642,45.310711479417435],[-74.32570902668868,45.310709507091346],[-74.3257014341279,45.31070755940341],[-74.32569383168564,45.31070563445845],[-74.32568621487036,45.31070373225648],[-74.32567858817357,45.310701855324474],[-74.32567094890041,45.31070000113546],[-74.32566329974576,45.310698171584654],[-74.32565563801471,45.31069636414508],[-74.32564796550386,45.310694581343725],[-74.32564028131492,45.31069282318065],[-74.3256325863462,45.31069108712876],[-74.32562488149601,45.310689376346865],[-74.32561716496771,45.31068768957148],[-74.32560943945627,45.31068602617081],[-74.32560170226674,45.31068438614491],[-74.32559395519571,45.31068277138901],[-74.32558619824326,45.31068118063959],[-74.32557843230761,45.31067961263317],[-74.32557065559222,45.31067806926501],[-74.3255628689953,45.31067655053509],[-74.3255550743136,45.31067505517995],[-74.32554730208976,45.310673591412296],[-74.3255395217811,45.31067215038767],[-74.32553173159094,45.31067073336957],[-74.32552393241764,45.310669341621455],[-74.3255161251595,45.3106679726164],[-74.32550830981654,45.310666628249564],[-74.32550048549041,45.310665308521045],[-74.32549265307945,45.31066401216726],[-74.32548481348198,45.31066274045175],[-74.32547696669796,45.31066149211102],[-74.32546911003247,45.31066026967209],[-74.32546124707879,45.31065907060792],[-74.32545337783691,45.31065789555029],[-74.32544549961186,45.31065674513094],[-74.32543761509862,45.31065561871811],[-74.32542972339886,45.31065451757532],[-74.32542182541087,45.31065343917557],[-74.32541392023636,45.310652386677575],[-74.32540600877365,45.31065135818614],[-74.32539809102275,45.31065035370125],[-74.32539016698364,45.31064937448639],[-74.32538223755462,45.310648419278095],[-74.3253743018374,45.310647488708106],[-74.32536636073029,45.31064658214463],[-74.32535841333495,45.310645700219446],[-74.32535046144807,45.31064484356431],[-74.32534250327296,45.31064401028401],[-74.32533454150462,45.310643202273695],[-74.32532657344804,45.310642419533494],[-74.3253186017982,45.31064166016806],[-74.32531062475847,45.31064092670441],[-74.32530264322718,45.31064021661561],[-74.3252946572043,45.31063953116507],[-74.32528666758816,45.310638871616405],[-74.32527867348047,45.31063823670599],[-74.32527067577948,45.3106376251704],[-74.32526267358693,45.31063703953658],[-74.32525466869944,45.31063647727764],[-74.32524666021868,45.31063594155219],[-74.32523864814466,45.310635429201625],[-74.32523063337568,45.310634941489305],[-74.32522261591177,45.31063447967882],[-74.32521459575291,45.31063404124317],[-74.32520657289912,45.31063362870929],[-74.32519854645206,45.31063324018201],[-74.32519051820837,45.31063287755651],[-74.32518248816805,45.310632538305846],[-74.32517445543277,45.310632224325246],[-74.32516642179917,45.31063193561472],[-74.32515838636897,45.31063167154251],[-74.32515034824381,45.310631432740365],[-74.32514230922031,45.310631217313],[-74.32513426929853,45.31063102841924],[-74.32512622847842,45.31063086353207],[-74.32511818676,45.31063072328317],[-74.32511014324496,45.31063060767262],[-74.3251021006282,45.3106305173321],[-74.32509405621485,45.31063045162994],[-74.32508601269978,45.310630411829564],[-74.3250779673881,45.310630395404026],[-74.32506992297475,45.310630404248556],[-74.32506187856137,45.31063043836311],[-74.325053834148,45.310630496484315],[-74.32504579063296,45.31063058050726],[-74.32503774711788,45.3106306885368],[-74.32502970539947,45.31063082183646],[-74.32502166368104,45.31063097977437],[-74.32501362375925,45.31063116235061],[-74.32440460731911,45.310645951024824],[-74.3240542931044,45.31065445376842],[-74.32402919866695,45.31065505203707],[-74.32400410333116,45.31065562566736],[-74.32397900709707,45.31065617781815],[-74.32395390996466,45.31065670596235],[-74.32392881193394,45.310657210731726],[-74.3239037130049,45.31065769212632],[-74.32387861317754,45.310658150777854],[-74.32385351155355,45.31065858605461],[-74.32382841082789,45.31065899922002],[-74.32380330920391,45.310659387747116],[-74.3237782057833,45.31065975416293],[-74.32375310236266,45.31066009594048],[-74.32372799804375,45.310660416238406],[-74.32370289282649,45.310660713161596],[-74.32367778760924,45.310660986078155],[-74.32365268239201,45.310661236251704],[-74.32362757537814,45.31066146305049],[-74.32360181169578,45.310661672160194],[-74.32357604801344,45.310661855999854],[-74.32355028343278,45.31066201583294],[-74.3235245179538,45.310662152291236],[-74.32349875337313,45.310662262847714],[-74.32347298789415,45.31066235002942],[-74.3234472233135,45.31066241194107],[-74.32342145783451,45.310662449846134],[-74.32339569235553,45.31066246437642],[-74.32336992687655,45.310662453004895],[-74.32334416139756,45.310662418258545],[-74.3233183959186,45.31066235824219],[-74.32329263133792,45.31066227421925],[-74.32326686585894,45.310662166189765],[-74.32324110127827,45.31066203289022],[-74.32321533759594,45.31066187621587],[-74.32318957301527,45.3106616942715],[-74.32316380933293,45.31066148832055],[-74.32313804654889,45.310661258363005],[-74.32311228286653,45.31066100313545],[-74.32308652008251,45.31066072453308],[-74.3230607590951,45.310660421292454],[-74.32303499720939,45.31066009341343],[-74.3230092371203,45.3106597402644],[-74.32298347703123,45.31065936437235],[-74.32295771784044,45.31065896257843],[-74.32293195954799,45.31065853740973],[-74.32290620215383,45.31065808697097],[-74.322880445658,45.31065761315737],[-74.3228546891622,45.31065711407377],[-74.32282893536131,45.31065659161533],[-74.32280318156042,45.31065604325507],[-74.32277742865787,45.31065547215174],[-74.32275167755193,45.310654875146625],[-74.322725926446,45.31065425539845],[-74.32283852038539,45.3105514314364],[-74.33049189800983,45.30356100583573]]],[[[-74.32696973403651,45.31177944602753],[-74.32670680972926,45.311590141983785],[-74.32635961895677,45.31140499291398],[-74.32573528354611,45.31115724926229],[-74.32554027726422,45.31111985368549],[-74.3252888082735,45.311029999709504],[-74.32475689333589,45.31097259090994],[-74.32464464884113,45.31095434097311],[-74.32407783974462,45.310961652193676],[-74.32350878665655,45.311093151027535],[-74.32294064895171,45.31138398997899],[-74.3223437867174,45.3118306623425],[-74.32191588052002,45.3121176173922],[-74.32167649476814,45.31220132855587],[-74.32148480147305,45.312256394906065],[-74.32123315820913,45.31226143108618],[-74.3210293089116,45.312237909114224],[-74.32070453739367,45.31211514667593],[-74.32053430215575,45.31197923184697],[-74.320356277626,45.312097219923835],[-74.3203626772241,45.31210058517809],[-74.32036909658511,45.31210393021664],[-74.3203755375057,45.31210725377601],[-74.32038200088417,45.31211055901485],[-74.32038848402559,45.31211384214279],[-74.32039498782822,45.31211710631847],[-74.32040151139383,45.31212034838322],[-74.32040805651899,45.31212357023226],[-74.32041462320372,45.31212677186562],[-74.32042120785474,45.31212995201978],[-74.32042781406534,45.312133111958225],[-74.32043444003888,45.31213625104927],[-74.32044108487703,45.3121393692929],[-74.32044774947812,45.31214246605735],[-74.32045443474048,45.31214554197441],[-74.32046113886743,45.312148597044015],[-74.32046786275735,45.31215163000275],[-74.32047460551186,45.312154642745845],[-74.32048136713101,45.31215763400976],[-74.32048814761477,45.312160603162816],[-74.32049494696317,45.31216355210023],[-74.32050176517618,45.312166478295],[-74.32050860135548,45.31216938427414],[-74.32051545639942,45.31217226687893],[-74.32052232940964,45.31217512926811],[-74.32052922038619,45.312177968914696],[-74.32053612932906,45.312180787082134],[-74.32054305713652,45.31218358377048],[-74.32055000111366,45.312186358979716],[-74.32055696395543,45.31218911081468],[-74.32056394296686,45.31219184180222],[-74.32057093994463,45.312194551310704],[-74.32057795399037,45.31219723681314],[-74.32058498330746,45.31219990083648],[-74.32059203148918,45.312202544012465],[-74.32059909584056,45.312205163182476],[-74.32060617636164,45.31220776087333],[-74.3206132739507,45.312210335821675],[-74.32062038770944,45.312212889290954],[-74.32062751763785,45.31221541875419],[-74.32063466283762,45.31221792673838],[-74.32064182510537,45.31222041198002],[-74.32064900174618,45.31222287384742],[-74.32065619365834,45.312225314235725],[-74.32066340174018,45.3122277312498],[-74.3206706259917,45.312230124889595],[-74.32067786371795,45.31223249705035],[-74.32068511671554,45.312234845836834],[-74.32069238588281,45.31223717124911],[-74.3206996676265,45.312239473918844],[-74.32070696553987,45.312241753846074],[-74.3207142778263,45.31224400976735],[-74.32072160358743,45.31224624420955],[-74.32072894372162,45.312248454014046],[-74.32073629733053,45.31225064107609],[-74.32074366441418,45.312252804763844],[-74.32075104676919,45.312254945709135],[-74.3207584417006,45.31225706264849],[-74.32076585010677,45.31225915684534],[-74.32077327198763,45.31226122766797],[-74.32078070554661,45.3122632751164],[-74.32078815347865,45.3122652991906],[-74.32079561398706,45.31226729925887],[-74.32080308707191,45.31226927468943],[-74.32081057183487,45.31227122800929],[-74.32081807007253,45.31227315669144],[-74.32082557998832,45.312275062631166],[-74.3208331015822,45.31227694519662],[-74.32084063485416,45.31227880312447],[-74.32084818070254,45.31228063704641],[-74.32085573733072,45.31228244822584],[-74.32086330563699,45.312284234135916],[-74.32087088472304,45.312285996671775],[-74.32087847548719,45.31228773583349],[-74.32088607792943,45.312289449725775],[-74.32089368935483,45.31229114087564],[-74.32090131245833,45.31229280801956],[-74.32090894634163,45.312294451157655],[-74.32091659100469,45.3122960690263],[-74.32092424465091,45.31229766288903],[-74.32093190907692,45.312299234009345],[-74.32093958248606,45.31230077859686],[-74.3209472657767,45.31230230107362],[-74.32095495984711,45.3123037989128],[-74.32096266290068,45.312305272114315],[-74.32097037403906,45.312306720678215],[-74.32097809595724,45.31230814460449],[-74.32098582596026,45.312309545156594],[-74.32099356404814,45.312310921071074],[-74.32100131201744,45.31231227171621],[-74.3210090671733,45.31231359898721],[-74.3210168313123,45.31231490098886],[-74.32102460443446,45.312316178984595],[-74.32103238474313,45.31231743171104],[-74.32104017403496,45.31231866106331],[-74.321047969615,45.312319865146186],[-74.32105577238156,45.31232104395981],[-74.32106358323294,45.31232219876749],[-74.32107140216917,45.312323328937616],[-74.32107922739362,45.312324433838356],[-74.32108705980458,45.31232551473329],[-74.32109489850376,45.31232657099057],[-74.32110274438945,45.312327601978524],[-74.32111059656334,45.31232860769714],[-74.32111845592377,45.312329590041664],[-74.32112631977577,45.312330547116844],[-74.32113419081429,45.312331477659214],[-74.32114206634436,45.312332386090915],[-74.32114994816267,45.31233326798985],[-74.32115783626918,45.312334124619454],[-74.3211657297656,45.31233495661149],[-74.32117362775357,45.31233576459763],[-74.32118153113144,45.312336547946224],[-74.3211894398992,45.31233730476198],[-74.32119735136192,45.31233803757194],[-74.32120526911282,45.312338745112534],[-74.32121319135531,45.31233942801559],[-74.32122111719107,45.31234008564929],[-74.3212290475184,45.31234071801372],[-74.32123698143897,45.312341325740526],[-74.32124491985115,45.312341907566314],[-74.32125286095827,45.312342466017974],[-74.32126080565864,45.312342997936874],[-74.32126875395227,45.312343504586465],[-74.32127670583915,45.312343986598435],[-74.32128465952269,45.312344443972876],[-74.32129261679947,45.312344876077965],[-74.32130057677121,45.31234528291379],[-74.32130853853957,45.3123456644803],[-74.3213165039012,45.31234602204094],[-74.32132447016114,45.312346353068826],[-74.3213324382177,45.31234665882741],[-74.32134040986753,45.31234693994841],[-74.32134838241568,45.31234719580012],[-74.32135635676046,45.31234742701426],[-74.32136433110523,45.31234763295909],[-74.32137230814496,45.312347813002866],[-74.32138028518469,45.312347967777335],[-74.32138826491935,45.31234809791428],[-74.3213962437557,45.312348202781884],[-74.32140422349036,45.31234828301191],[-74.32141220322504,45.31234833670919],[-74.32142018475635,45.31234836703236],[-74.32142816449101,45.31234837082277],[-74.32143614512398,45.312348349975565],[-74.32144412575697,45.31234830259562],[-74.32145210549166,45.3123482318416],[-74.32146008522632,45.31234813455478],[-74.32146806406269,45.31234801263035],[-74.32147604289904,45.312347865436664],[-74.32148401814212,45.31234769360541],[-74.32149199428352,45.31234749650484],[-74.32149996952661,45.31234727350323],[-74.32150794207476,45.31234702586405],[-74.3215159137246,45.31234675295556],[-74.32185573022691,45.31231356234669],[-74.32299296683387,45.31213973001353],[-74.32362213787573,45.31207359933295],[-74.32371776892761,45.31206849427695],[-74.32453132457141,45.312025059903775],[-74.32515973563854,45.31201466089344],[-74.32541379537055,45.31202644466948],[-74.32578357697578,45.31204359125005],[-74.3262548493435,45.31211172709329],[-74.32641137539187,45.312149950220004],[-74.32696973403651,45.31177944602753]]],[[[-74.32516763362649,45.30959017567432],[-74.3250157779193,45.309509076157916],[-74.32455173968455,45.30983208049504],[-74.32414920280911,45.3102038899916],[-74.32446009805085,45.31053922660634],[-74.32513344464509,45.310525650238155],[-74.32485701776083,45.31033690237329],[-74.32483541058329,45.310283891786064],[-74.3250050744927,45.31002966771035],[-74.32511849578046,45.30992978535123],[-74.32516763362649,45.30959017567432]]]]}},{"type":"Feature","properties":{"zone_code":"A1-10","prefix":"A","kind":"agricultural","n_lots":451,"source":"t2-gcp3","confidence":"contour-manual-gcp"},"geometry":{"type":"MultiPolygon","coordinates":[[[[-74.32371776892761,45.31206849427695],[-74.32362213787573,45.31207359933295],[-74.32299296683387,45.31213973001353],[-74.32185573022691,45.31231356234669],[-74.3215159137246,45.31234675295556],[-74.32150794207476,45.31234702586405],[-74.32149996952661,45.31234727350323],[-74.32149199428352,45.31234749650484],[-74.32148401814212,45.31234769360541],[-74.32147604289904,45.312347865436664],[-74.32146806406269,45.31234801263035],[-74.32146008522632,45.31234813455478],[-74.32145210549166,45.3123482318416],[-74.32144412575697,45.31234830259562],[-74.32143614512398,45.312348349975565],[-74.32142816449101,45.31234837082277],[-74.32142018475635,45.31234836703236],[-74.32141220322504,45.31234833670919],[-74.32140422349036,45.31234828301191],[-74.3213962437557,45.312348202781884],[-74.32138826491935,45.31234809791428],[-74.32138028518469,45.312347967777335],[-74.32137230814496,45.312347813002866],[-74.32136433110523,45.31234763295909],[-74.32135635676046,45.31234742701426],[-74.32134838241568,45.31234719580012],[-74.32134040986753,45.31234693994841],[-74.3213324382177,45.31234665882741],[-74.32132447016114,45.312346353068826],[-74.3213165039012,45.31234602204094],[-74.32130853853957,45.3123456644803],[-74.32130057677121,45.31234528291379],[-74.32129261679947,45.312344876077965],[-74.32128465952269,45.312344443972876],[-74.32127670583915,45.312343986598435],[-74.32126875395227,45.312343504586465],[-74.32126080565864,45.312342997936874],[-74.32125286095827,45.312342466017974],[-74.32124491985115,45.312341907566314],[-74.32123698143897,45.312341325740526],[-74.3212290475184,45.31234071801372],[-74.32122111719107,45.31234008564929],[-74.32121319135531,45.31233942801559],[-74.32120526911282,45.312338745112534],[-74.32119735136192,45.31233803757194],[-74.3211894398992,45.31233730476198],[-74.32118153113144,45.312336547946224],[-74.32117362775357,45.31233576459763],[-74.3211657297656,45.31233495661149],[-74.32115783626918,45.312334124619454],[-74.32114994816267,45.31233326798985],[-74.32114206634436,45.312332386090915],[-74.32113419081429,45.312331477659214],[-74.32112631977577,45.312330547116844],[-74.32111845592377,45.312329590041664],[-74.32111059656334,45.31232860769714],[-74.32110274438945,45.312327601978524],[-74.32109489850376,45.31232657099057],[-74.32108705980458,45.31232551473329],[-74.32107922739362,45.312324433838356],[-74.32107140216917,45.312323328937616],[-74.32106358323294,45.31232219876749],[-74.32105577238156,45.31232104395981],[-74.321047969615,45.312319865146186],[-74.32104017403496,45.31231866106331],[-74.32103238474313,45.31231743171104],[-74.32102460443446,45.312316178984595],[-74.3210168313123,45.31231490098886],[-74.3210090671733,45.31231359898721],[-74.32100131201744,45.31231227171621],[-74.32099356404814,45.312310921071074],[-74.32098582596026,45.312309545156594],[-74.32097809595724,45.31230814460449],[-74.32097037403906,45.312306720678215],[-74.32096266290068,45.312305272114315],[-74.32095495984711,45.3123037989128],[-74.3209472657767,45.31230230107362],[-74.32093958248606,45.31230077859686],[-74.32093190907692,45.312299234009345],[-74.32092424465091,45.31229766288903],[-74.32091659100469,45.3122960690263],[-74.32090894634163,45.312294451157655],[-74.32090131245833,45.31229280801956],[-74.32089368935483,45.31229114087564],[-74.32088607792943,45.312289449725775],[-74.32087847548719,45.31228773583349],[-74.32087088472304,45.312285996671775],[-74.32086330563699,45.312284234135916],[-74.32085573733072,45.31228244822584],[-74.32084818070254,45.31228063704641],[-74.32084063485416,45.31227880312447],[-74.3208331015822,45.31227694519662],[-74.32082557998832,45.312275062631166],[-74.32081807007253,45.31227315669144],[-74.32081057183487,45.31227122800929],[-74.32080308707191,45.31226927468943],[-74.32079561398706,45.31226729925887],[-74.32078815347865,45.3122652991906],[-74.32078070554661,45.3122632751164],[-74.32077327198763,45.31226122766797],[-74.32076585010677,45.31225915684534],[-74.3207584417006,45.31225706264849],[-74.32075104676919,45.312254945709135],[-74.32074366441418,45.312252804763844],[-74.32073629733053,45.31225064107609],[-74.32072894372162,45.312248454014046],[-74.32072160358743,45.31224624420955],[-74.3207142778263,45.31224400976735],[-74.32070696553987,45.312241753846074],[-74.3206996676265,45.312239473918844],[-74.32069238588281,45.31223717124911],[-74.32068511671554,45.312234845836834],[-74.32067786371795,45.31223249705035],[-74.3206706259917,45.312230124889595],[-74.32066340174018,45.3122277312498],[-74.32065619365834,45.312225314235725],[-74.32064900174618,45.31222287384742],[-74.32064182510537,45.31222041198002],[-74.32063466283762,45.31221792673838],[-74.32062751763785,45.31221541875419],[-74.32062038770944,45.312212889290954],[-74.3206132739507,45.312210335821675],[-74.32060617636164,45.31220776087333],[-74.32059909584056,45.312205163182476],[-74.32059203148918,45.312202544012465],[-74.32058498330746,45.31219990083648],[-74.32057795399037,45.31219723681314],[-74.32057093994463,45.312194551310704],[-74.32056394296686,45.31219184180222],[-74.32055696395543,45.31218911081468],[-74.32055000111366,45.312186358979716],[-74.32054305713652,45.31218358377048],[-74.32053612932906,45.312180787082134],[-74.32052922038619,45.312177968914696],[-74.32052232940964,45.31217512926811],[-74.32051545639942,45.31217226687893],[-74.32050860135548,45.31216938427414],[-74.32050176517618,45.312166478295],[-74.32049494696317,45.31216355210023],[-74.32048814761477,45.312160603162816],[-74.32048136713101,45.31215763400976],[-74.32047460551186,45.312154642745845],[-74.32046786275735,45.31215163000275],[-74.32046113886743,45.312148597044015],[-74.32045443474048,45.31214554197441],[-74.32044774947812,45.31214246605735],[-74.32044108487703,45.3121393692929],[-74.32043444003888,45.31213625104927],[-74.32042781406534,45.312133111958225],[-74.32042120785474,45.31212995201978],[-74.32041462320372,45.31212677186562],[-74.32040805651899,45.31212357023226],[-74.32040151139383,45.31212034838322],[-74.32039498782822,45.31211710631847],[-74.32038848402559,45.31211384214279],[-74.32038200088417,45.31211055901485],[-74.3203755375057,45.31210725377601],[-74.32036909658511,45.31210393021664],[-74.3203626772241,45.31210058517809],[-74.320356277626,45.312097219923835],[-74.32053430215575,45.31197923184697],[-74.31981391707828,45.3110273280502],[-74.3197750388911,45.310994245329205],[-74.31951778564823,45.31077235236765],[-74.31920373372658,45.31060925066956],[-74.31862381102356,45.31032611199681],[-74.31781423311983,45.31010462516662],[-74.31709817343047,45.30985330322593],[-74.31644205652334,45.30961098279569],[-74.31567356217083,45.3093916645492],[-74.31481619389399,45.309178656815895],[-74.31447756496449,45.3091126092326],[-74.31365685513776,45.308983953191465],[-74.31289486279127,45.3088837107753],[-74.3120542786372,45.30865909924197],[-74.31190907495468,45.30887242734052],[-74.31161729137061,45.3088204622297],[-74.31141489824215,45.30877921698571],[-74.31144210012727,45.30839652969119],[-74.3112094786895,45.30827729183495],[-74.31102282314652,45.30813468041636],[-74.31081589083092,45.307976577995156],[-74.31048758623898,45.307742317422786],[-74.3102697349011,45.307646437813446],[-74.30994071075862,45.30748308577758],[-74.30957073152403,45.30731731920654],[-74.30953022558955,45.3072659155942],[-74.30848944828115,45.30678581818607],[-74.30753142737,45.30630800003665],[-74.30738379374462,45.306238500108535],[-74.30693897047381,45.30599985458793],[-74.30660431928439,45.305843970798016],[-74.30623682658648,45.30567673364153],[-74.30617030184811,45.3056332425619],[-74.3059944126138,45.305518255388336],[-74.30573695006349,45.305328519123705],[-74.3056202068058,45.30519522710047],[-74.3055561901637,45.30511414214573],[-74.30548116017621,45.305007136894815],[-74.30537454452504,45.304798642179186],[-74.30534051724041,45.304688204297655],[-74.30534059090225,45.3045439973505],[-74.3053353393511,45.30447096148834],[-74.30530343568378,45.30426961324245],[-74.30533951292392,45.30413973626595],[-74.30536774248172,45.30388435176734],[-74.30534051544376,45.303757501629676],[-74.30525116541234,45.303553403018505],[-74.30516989123532,45.303393861141934],[-74.30499032070499,45.30321415635272],[-74.30495176141973,45.30318261517113],[-74.30477341529311,45.3030364204279],[-74.30475473572508,45.303022346270964],[-74.30461188203535,45.302956596691715],[-74.30460670594269,45.302953640325086],[-74.30445020594546,45.302864251705124],[-74.30440248204768,45.30283560351794],[-74.30442792592977,45.302819105577555],[-74.30423541696439,45.30273923351561],[-74.30410119249127,45.30265243510429],[-74.3039774154249,45.30255617915397],[-74.30390446863058,45.30251250181424],[-74.30380638068638,45.30243964909677],[-74.30372020260624,45.302344567383294],[-74.30354019369803,45.30218098081863],[-74.30370761451417,45.30207604438524],[-74.30392515323831,45.30221514408467],[-74.30398463069325,45.30226915926922],[-74.30402528035818,45.30229568284919],[-74.30413891724163,45.30237429627146],[-74.30437370900911,45.302543742611924],[-74.30444919803571,45.302575805418236],[-74.30452457477288,45.302620767873805],[-74.3047140231781,45.30272176314563],[-74.3047209177479,45.30271736743543],[-74.30487773485042,45.302808474257],[-74.30495306218026,45.30285223729873],[-74.30505434633024,45.30295507017288],[-74.3050904792659,45.302975956182145],[-74.30525962125412,45.30307371898039],[-74.30538134746669,45.303205530548965],[-74.3054430913711,45.30327238870768],[-74.30555325267271,45.30343695651734],[-74.30560162964572,45.30350922730047],[-74.30566269262715,45.30367616251865],[-74.30572572651232,45.30389068520003],[-74.30570374294071,45.30402390131246],[-74.30567502020781,45.30422840006922],[-74.30562271041049,45.30433957807806],[-74.30569877256222,45.30468018020898],[-74.30585139722731,45.30500576585753],[-74.30604398973604,45.30519296142144],[-74.3065402792861,45.30552117434455],[-74.30676260782734,45.30562794991084],[-74.30702941914483,45.30577330272372],[-74.30750348078149,45.306010469514945],[-74.3078885651876,45.3062125710025],[-74.30812574288049,45.306330659535924],[-74.30823124462071,45.3063897365639],[-74.30868726269661,45.30664508892665],[-74.30880959167875,45.306702222223976],[-74.30956100546445,45.307053168383824],[-74.30970626484252,45.30710830860111],[-74.30980939233545,45.307163130342396],[-74.30988872525313,45.307205302334545],[-74.31028333449619,45.30738221207811],[-74.31039966542717,45.307400245830095],[-74.31047490651875,45.30743838684291],[-74.3108939723954,45.30774104058746],[-74.31097753278483,45.30782194235836],[-74.31126769760475,45.30804756300368],[-74.31147946105995,45.30818661583053],[-74.31151190191979,45.308201378607876],[-74.31186720807254,45.30836305057403],[-74.31243439535977,45.308558124655995],[-74.31283864262753,45.308658657632115],[-74.31322248286696,45.30871138607324],[-74.31340800114282,45.30875957202058],[-74.31362222508358,45.3087852940038],[-74.31381555061755,45.30879543773892],[-74.31393364404312,45.30880914908901],[-74.314348137495,45.30885727051259],[-74.31464793405138,45.308922375159646],[-74.31500152262532,45.30902355821251],[-74.31517680909008,45.309052257604776],[-74.31540368490327,45.30908940436531],[-74.31550377968381,45.309118802460304],[-74.31568166317807,45.30919815632924],[-74.31573594657405,45.3092223713481],[-74.31580938025527,45.30923900262317],[-74.3159670732152,45.30924751000024],[-74.316344740232,45.30933040979287],[-74.31710222752734,45.30962654943624],[-74.31731296241152,45.30968132262336],[-74.31753281070426,45.30977228811031],[-74.31764681499867,45.309819460443244],[-74.31779283345315,45.309847443016224],[-74.31786448757178,45.309885675882825],[-74.31794943316335,45.309913562395614],[-74.31807520359135,45.309809400283825],[-74.31765712316654,45.30966933303695],[-74.3172369963795,45.309528578716424],[-74.31734677230386,45.309448775493486],[-74.31661316222878,45.309202988720145],[-74.31659646075101,45.3091974076845],[-74.31657974490021,45.309191848760186],[-74.31656301467636,45.30918631257897],[-74.31654626918115,45.30918079850909],[-74.31652950841458,45.30917530781411],[-74.31651273237665,45.30916983859864],[-74.31649594196567,45.30916439402165],[-74.31647913628333,45.30915897092429],[-74.31646231712627,45.30915357057002],[-74.31644548179953,45.309148192958894],[-74.31642863299807,45.309142838722664],[-74.31641176892524,45.30913750659787],[-74.31639489137767,45.30913219784797],[-74.31637799855876,45.309126911841254],[-74.3163610913668,45.309121647945936],[-74.3163441698018,45.30911640805733],[-74.31632723476204,45.3091111896484],[-74.31631028534927,45.309105995877964],[-74.31629332246175,45.30910082421895],[-74.31627634430289,45.30909567530311],[-74.3162593535676,45.309090549130545],[-74.31624234845927,45.309085446964716],[-74.31622532807958,45.30908036691034],[-74.31620829512347,45.30907531023094],[-74.31619124869268,45.30907027629482],[-74.31617418788876,45.30906526636544],[-74.31615711450848,45.309060277915776],[-74.31614002765346,45.30905531410468],[-74.31612292642541,45.30905037303687],[-74.31610581172262,45.30904545408053],[-74.3160886844434,45.309040559131056],[-74.31607154368947,45.309035688188324],[-74.3160543894608,45.30903083935715],[-74.31603722265572,45.30902601326928],[-74.3160200414776,45.30902121118823],[-74.3160028486214,45.30901643248223],[-74.31598564229043,45.30901167715132],[-74.31596842338307,45.309006943931955],[-74.3159514101899,45.309002295369375],[-74.31593438442032,45.308997668286594],[-74.31591734787095,45.30899306457893],[-74.31590029784685,45.30898848298279],[-74.31588323524636,45.30898392539358],[-74.31586616006942,45.308979389284225],[-74.31584907411273,45.30897487718171],[-74.31583197557961,45.30897038719084],[-74.3158148653684,45.308965920575076],[-74.31579774258076,45.30896147543919],[-74.31578060811503,45.30895705431022],[-74.3157634619712,45.30895265655638],[-74.31574630325096,45.30894828028243],[-74.31572913375093,45.308943927383666],[-74.31571195257281,45.30893959849178],[-74.31569475971658,45.30893529171159],[-74.31567755518226,45.30893100767483],[-74.31544516640815,45.30887331940161],[-74.3149178319802,45.30874240991571],[-74.31428201879513,45.30858456758539],[-74.31270694331867,45.3081935325463],[-74.3126944558379,45.30819041977163],[-74.31268198003525,45.30818728298916],[-74.31266951591067,45.308184124094254],[-74.3126570634642,45.30818094055974],[-74.31264462269583,45.30817773491284],[-74.31263219450388,45.30817450462637],[-74.31261977888835,45.30817125285919],[-74.3126073749509,45.30816797771604],[-74.31259498269155,45.30816467919684],[-74.31258260390695,45.30816135793343],[-74.31257023680041,45.308158012662176],[-74.31255788137202,45.3081546459102],[-74.31254553941831,45.30815125515048],[-74.31253321093935,45.30814784227823],[-74.31252089503681,45.30814440602995],[-74.31250859081237,45.30814094577383],[-74.31249630096096,45.308137464037],[-74.31248402278766,45.308133960187675],[-74.31247175898739,45.30813043233053],[-74.31245950776355,45.30812688109729],[-74.31244727001443,45.30812330775154],[-74.31243504574005,45.30811971229329],[-74.31242283494039,45.308116092827184],[-74.31241063671715,45.30811245188031],[-74.31239845376527,45.308108788189166],[-74.3123862833898,45.3081051011219],[-74.31237412738737,45.30810139194212],[-74.31236198485968,45.308097660017985],[-74.31234985670501,45.30809390534954],[-74.31233774292343,45.30809012793674],[-74.31232564171823,45.30808632904323],[-74.31231355668271,45.308082507405324],[-74.31230148512194,45.308078662391324],[-74.31228942793419,45.30807479526471],[-74.31227738511949,45.30807090602558],[-74.31226535667783,45.308066994042065],[-74.31225334350754,45.30806305994597],[-74.31224134471029,45.30805910436905],[-74.3122293611844,45.308055125416004],[-74.31221739203154,45.308051124350364],[-74.31220543815007,45.308047101172114],[-74.31219349864162,45.308043055249485],[-74.31218157530286,45.30803898847777],[-74.31216966723545,45.308034898329915],[-74.31215777264276,45.30803078606944],[-74.31214589511809,45.30802665232809],[-74.31213403286476,45.30802249647416],[-74.3121221858828,45.308018318507536],[-74.31211035507049,45.30801411842834],[-74.31209854042788,45.30800989623644],[-74.31208674015832,45.30800565256369],[-74.31207495605841,45.30800138614656],[-74.31206318812819,45.30799709824851],[-74.31205143726596,45.30799278823778],[-74.31203970077677,45.30798845611435],[-74.3120279822539,45.30798410314188],[-74.31201627900238,45.30797972868848],[-74.31200459192051,45.3079753314906],[-74.31199292190665,45.30797091218009],[-74.31198126806248,45.30796647265216],[-74.3119696312863,45.30796201037978],[-74.31195801067979,45.30795752662646],[-74.31194640714126,45.307953021392215],[-74.31193481977242,45.307948494677056],[-74.31192325126817,45.30794394648096],[-74.3119116980353,45.30793937617211],[-74.31190026338005,45.30793482544817],[-74.31188884489448,45.30793025324324],[-74.31187744437521,45.307925660820956],[-74.31186606092393,45.307921046285905],[-74.31185469454064,45.307916411533476],[-74.31184334432703,45.30791175530005],[-74.3118320120797,45.30790707884924],[-74.31182069690038,45.307902380285675],[-74.31180939878907,45.30789766276822],[-74.31179811954236,45.30789292250624],[-74.31178685736364,45.30788816265862],[-74.31177561225292,45.30788338132997],[-74.31176438510849,45.307878580415704],[-74.31175317593038,45.3078737573886],[-74.31174198561688,45.30786891477587],[-74.31173081147307,45.30786405194562],[-74.31171965619386,45.30785916763441],[-74.31170851888098,45.307854262473924],[-74.3116974004327,45.30784933772775],[-74.31168629905243,45.307844391500545],[-74.31167521743508,45.30783942568759],[-74.31166415288574,45.307834438393655],[-74.31165310809929,45.30782943277753],[-74.3116420812792,45.30782440441678],[-74.31163107242539,45.307819357733884],[-74.3116200833345,45.307814289569926],[-74.31160911220995,45.30780920182019],[-74.31159815995001,45.307804093852965],[-74.311587227453,45.30779896503646],[-74.31157631471893,45.30779381663415],[-74.31156541905285,45.307788648014345],[-74.3115545431497,45.30778345854519],[-74.31154368700948,45.30777824949027],[-74.31153285063222,45.30777302211317],[-74.31152203222125,45.30776777262315],[-74.31151123447155,45.30776250354736],[-74.31150045648477,45.30775721614932],[-74.31148969646428,45.307751906638394],[-74.31147895710507,45.307746578805215],[-74.3114682384071,45.30774123075444],[-74.31145753857373,45.307735863117856],[-74.31144685850333,45.3077304758955],[-74.31143619819585,45.307725069087276],[-74.31142555944794,45.30771964206147],[-74.31069651371283,45.3073467712909],[-74.31119847073401,45.30698413752745],[-74.31137377247013,45.30686925418112],[-74.31085700402653,45.306476597487354],[-74.31001882466246,45.30702588508863],[-74.3097180076199,45.30688390736944],[-74.31048736255848,45.30638844200771],[-74.30998147630622,45.30613134408392],[-74.3092275113051,45.3057481637944],[-74.30886442394538,45.305553343506105],[-74.30919115199397,45.305341982378984],[-74.30947557568092,45.30517162574663],[-74.30946639849198,45.30516406484503],[-74.30965861460658,45.305044168157],[-74.3100253563129,45.304801420909115],[-74.30971345405973,45.30456202821453],[-74.3100757607835,45.30432695996253],[-74.31011261506634,45.30430311689106],[-74.30998125262572,45.304202001862656],[-74.30960988998558,45.30444294530196],[-74.30929732028416,45.30420303363022],[-74.30898475148105,45.30396312157504],[-74.30935611591781,45.303722178623715],[-74.3092246007636,45.30362123125763],[-74.30886698504226,45.30385325766047],[-74.30855134849244,45.30361098424013],[-74.30819753444138,45.30384054023977],[-74.30722460688638,45.303039012220644],[-74.30676016081651,45.30265637463065],[-74.30666711062443,45.30260513359783],[-74.30644314445442,45.30248180122469],[-74.30668618275622,45.30232392187413],[-74.30634615514982,45.30206023240997],[-74.306103116848,45.30221811123118],[-74.30594643359449,45.30209624074158],[-74.30571139479028,45.301913420615364],[-74.30560692251937,45.30183218185002],[-74.30545248954562,45.30171681606993],[-74.30521227464875,45.30153736755202],[-74.30508323525146,45.30162066215485],[-74.30484148423544,45.30177790845419],[-74.30451837819406,45.30198806972123],[-74.30429262707158,45.30213490470087],[-74.3040889637253,45.30197627501233],[-74.30441750367585,45.30193354183959],[-74.30450007591845,45.30187942587125],[-74.30458550480365,45.30182343894375],[-74.30455247464897,45.30179824771485],[-74.30470959807701,45.30169605091226],[-74.30484390789009,45.30160869234645],[-74.30462276871827,45.30144011264269],[-74.30486496709528,45.30128193847382],[-74.30448977403879,45.30099843412078],[-74.30425472984469,45.30115282741439],[-74.3039806888858,45.30133348715241],[-74.30358472139002,45.3015945255846],[-74.30349870410832,45.301525531047055],[-74.30388513508902,45.301264226285745],[-74.304071160913,45.30114556926834],[-74.3043792444279,45.30094176707411],[-74.3042596499175,45.300851725097395],[-74.30427382802763,45.30084234701981],[-74.30412688161344,45.30073081841965],[-74.30412303682404,45.30072789858497],[-74.30412902409542,45.300724250213094],[-74.30391579458967,45.30055060664849],[-74.30390285705296,45.30053994078188],[-74.30367364562,45.30035096125974],[-74.30335581628258,45.30055671930123],[-74.3031573299273,45.30032540921265],[-74.30291026896967,45.300452814856676],[-74.30281248196108,45.300358368627926],[-74.30243872710734,45.300530177847335],[-74.30231588159393,45.300387014275714],[-74.30201367845089,45.300065013235326],[-74.30187641497714,45.299918825617816],[-74.30156255619329,45.299623377078674],[-74.301452213432,45.29969505560264],[-74.30180297770268,45.30001861188053],[-74.30206058039018,45.30029296032673],[-74.30220487946922,45.300455701848556],[-74.3019348629628,45.30057962626247],[-74.30207049958754,45.300687334919175],[-74.30237043538283,45.30096012701897],[-74.3025260208951,45.301092761757765],[-74.3027240338382,45.301253668600836],[-74.30292427011167,45.30139367955678],[-74.30305668897108,45.30148653115792],[-74.30307972716486,45.30152533201331],[-74.30336779441858,45.3017375957526],[-74.30334782576814,45.3017506959147],[-74.30348791713838,45.30184687741062],[-74.30362326809887,45.30198806150721],[-74.30341376749989,45.30211936949081],[-74.30332635513453,45.30207947847398],[-74.30327620398886,45.30205232863214],[-74.30317041029616,45.30198663984905],[-74.30312632547358,45.30195599584112],[-74.30307100901503,45.30189671073717],[-74.302992985841,45.30180062978997],[-74.30295217447934,45.301768412373775],[-74.30286846047802,45.30172008526734],[-74.30284469554717,45.30170506553423],[-74.30283973235525,45.30170150315699],[-74.30276577854949,45.301632629433335],[-74.30267233040372,45.3015423933112],[-74.30243442507545,45.30136077950588],[-74.30211672779039,45.30112471670513],[-74.30210362586197,45.30111362507435],[-74.30204665650328,45.30106265181884],[-74.30182161235494,45.30086332605906],[-74.30174928988973,45.30077991913597],[-74.30164616060016,45.30069110461106],[-74.30155576672638,45.30074509976433],[-74.3016508183649,45.300838737198795],[-74.30187470099158,45.301059360468514],[-74.30195137489605,45.30112315601663],[-74.3022868812816,45.3014023189052],[-74.30216098419119,45.30147598299218],[-74.30215980470321,45.30147669003651],[-74.30198777732629,45.30133303411213],[-74.30202720618075,45.30134835281128],[-74.30183255563173,45.30119861051681],[-74.30153654098267,45.30090699835068],[-74.30144148934413,45.300813360397065],[-74.30100207033809,45.301075833014785],[-74.3010194042298,45.30109290771695],[-74.30074118071495,45.3012607119019],[-74.30056843827907,45.30136489730505],[-74.30078680794487,45.301530666749755],[-74.30053076383437,45.301693369335226],[-74.30012118865868,45.30137287763318],[-74.29987412231114,45.301548086938524],[-74.29979137220212,45.30160676961994],[-74.29962507966997,45.3017217552496],[-74.29954705380102,45.30166071019376],[-74.29949812975403,45.30169330804565],[-74.29931881793847,45.3018127821625],[-74.29928237867729,45.301837060993925],[-74.29920577933301,45.30188809926551],[-74.29909273893092,45.301963416268414],[-74.29882692833665,45.30175954056015],[-74.29870537999051,45.30183846622775],[-74.29858383074605,45.30191739115362],[-74.29846228150159,45.30199631596962],[-74.29834073225713,45.302075241307605],[-74.29821918211435,45.30215416527206],[-74.29809763197157,45.3022330903903],[-74.29797608182878,45.30231201476681],[-74.29785453078769,45.30239093840161],[-74.29773297974661,45.30246986255838],[-74.29761142690887,45.30254878723714],[-74.29748987586778,45.30262771117422],[-74.29736832392838,45.302706635001385],[-74.29724677019233,45.302785558086825],[-74.29712521825293,45.30286448232609],[-74.29700366541519,45.30294340519184],[-74.29688211078086,45.30302232857952],[-74.29676055794312,45.30310125185734],[-74.29663900241046,45.303180175025275],[-74.2965174477761,45.30325909808339],[-74.29628988295507,45.30340685035073],[-74.29628880497671,45.30340771216991],[-74.29628775304951,45.303408589153],[-74.29628672807176,45.303409483195615],[-74.2962857300435,45.30341039177032],[-74.29628475896469,45.30341131487717],[-74.29628381663194,45.30341225314798],[-74.2962829030453,45.30341320531905],[-74.29628201730642,45.30341417012677],[-74.29628116211028,45.30341514820298],[-74.29628033566021,45.3034161389158],[-74.29627953975287,45.30341714289706],[-74.29627877438826,45.30341815825124],[-74.29627803956635,45.303419184346595],[-74.29627733708381,45.3034202211831],[-74.29627666514398,45.30342126812885],[-74.29627602464518,45.303422325183924],[-74.2962754155874,45.30342339234827],[-74.29627484066563,45.30342446835826],[-74.29627429718487,45.3034255513184],[-74.2962737869418,45.303426643124126],[-74.29627330903807,45.30342774314369],[-74.296272864372,45.303428848849684],[-74.29627245474022,45.303429960873984],[-74.29627207744781,45.30343107984844],[-74.29627173429137,45.30343220387751],[-74.2962714243726,45.30343333296122],[-74.29627114948812,45.30343446583586],[-74.29627090963793,45.30343560313334],[-74.29627070302543,45.303436742958155],[-74.2962705305489,45.30343788720571],[-74.29627039400496,45.30343903208509],[-74.29627029069871,45.30344018012365],[-74.29627022242676,45.30344132879399],[-74.29627018829076,45.30344247809609],[-74.29627019098572,45.30344362803006],[-74.29627022602001,45.303444777332125],[-74.29627029698692,45.30344592600237],[-74.29627040208982,45.30344707277711],[-74.29627054132867,45.303448218919975],[-74.29627071560185,45.30344936190366],[-74.2962709249093,45.30345050236],[-74.29627116745444,45.30345163902531],[-74.29627144593218,45.303452771899636],[-74.29627175674925,45.30345390035109],[-74.29627210260065,45.30345502374787],[-74.29627248168968,45.30345614208999],[-74.29627289491472,45.30345725411375],[-74.29627334137741,45.303458359819174],[-74.29627382107778,45.30345945920628],[-74.2962743340158,45.30346054974772],[-74.2962748792932,45.30346163333896],[-74.29627545780822,45.30346270808459],[-74.2962760677643,45.30346377398449],[-74.29627671095804,45.30346483103877],[-74.2962773846945,45.3034658773519],[-74.29627809077033,45.30346691418751],[-74.29627882649054,45.30346793901834],[-74.29627959455011,45.30346895310797],[-74.29628039315239,45.303469955192824],[-74.29628122050077,45.303470945904685],[-74.29628207749356,45.30347192334803],[-74.29628296502904,45.303472888154744],[-74.29628388041232,45.30347383779751],[-74.29628482544,45.30347477480362],[-74.29628581897671,45.30347570233221],[-74.29628683946288,45.30347661406501],[-74.29628788779681,45.30347751000204],[-74.29628896038527,45.30347839203875],[-74.29629006082149,45.303479257015994],[-74.29629118551222,45.303480104933776],[-74.29629233445748,45.3034809383194],[-74.29629350855555,45.3034817521183],[-74.29629470690813,45.30348255012136],[-74.29629592771859,45.30348332980127],[-74.29629717098696,45.30348409115813],[-74.29629843671319,45.303484834823635],[-74.29629972489731,45.30348555890241],[-74.29630103284437,45.30348626402619],[-74.296302362351,45.30348695019507],[-74.29630371162054,45.30348761614529],[-74.29630507975473,45.303488263140565],[-74.29630646765182,45.303488889285426],[-74.29630787261694,45.30348949394802],[-74.29630929554835,45.303490079023796],[-74.29631073554776,45.3034906432492],[-74.29631219261515,45.30349118472862],[-74.29631366495389,45.30349170598942],[-74.29631515166568,45.30349220513616],[-74.29631665275052,45.30349268216876],[-74.29631816731009,45.30349313708732],[-74.2963196962427,45.30349356989173],[-74.29632123685342,45.30349397995025],[-74.29632279004055,45.30349436726278],[-74.29632435400745,45.303494731829424],[-74.29632592785583,45.30349507301834],[-74.29632751068736,45.303495390829426],[-74.29632910340038,45.30349568589463],[-74.2963307041982,45.303495956950265],[-74.29633231397918,45.30349620525996],[-74.2966564854225,45.30354059075592],[-74.29649931977364,45.30364194895484],[-74.29648138311238,45.30365351459491],[-74.29626140546225,45.303623354205925],[-74.29582781562405,45.30353799961795],[-74.29626513347067,45.30379295792932],[-74.29621022394892,45.30382836492425],[-74.29602290634756,45.30393633088073],[-74.29782585386889,45.304987418595516],[-74.29870464606694,45.30549971559045],[-74.29957907335101,45.306009450416305],[-74.28144467401435,45.31774936449269],[-74.28149002366484,45.317781292363996],[-74.28309079006009,45.31890825352742],[-74.28312084679119,45.318929413483666],[-74.28392396041814,45.3194947924099],[-74.28471653590846,45.32005273310832],[-74.28472971868527,45.320062013260866],[-74.28550908894093,45.320610643047],[-74.28630165814306,45.32116854749203],[-74.28714708691146,45.32176364237485],[-74.28814369944723,45.32246513125289],[-74.28968558217395,45.32355036937648],[-74.28969357268839,45.32355599384283],[-74.29124671400055,45.324649090855566],[-74.29125145081704,45.3246524250479],[-74.29283882872132,45.32576955285234],[-74.2928419952827,45.32577178044542],[-74.29296946711983,45.32586148725724],[-74.29297212703139,45.32586335926606],[-74.29384172317586,45.32647531273427],[-74.2953673149549,45.32759715836266],[-74.29537075909569,45.32759969092859],[-74.29693656845,45.328751041140876],[-74.30755127384955,45.321257715230374],[-74.30781634423202,45.321445044083134],[-74.30692746664828,45.32207101175592],[-74.30729977880767,45.32233412936411],[-74.30765785895802,45.3220819622236],[-74.30795474317628,45.32210323468689],[-74.30835191441452,45.321823532643045],[-74.30845746825703,45.32174906251246],[-74.30875387996146,45.32195701673739],[-74.31120702808542,45.320336283023856],[-74.31727907885733,45.31632400248115],[-74.31551040386073,45.315293613533456],[-74.31433915254553,45.31461123408616],[-74.3131637043013,45.3139263814702],[-74.3119983782737,45.31324739622976],[-74.3102552163295,45.31223167895497],[-74.30850336677817,45.311210837079585],[-74.30873169157393,45.31105969435079],[-74.31048221970347,45.312079740434804],[-74.31222722319401,45.31309650340938],[-74.31339272618972,45.313775573212524],[-74.31456791661745,45.31446025835293],[-74.31573933322268,45.31514271605405],[-74.31750771536849,45.31617290749976],[-74.32257554487418,45.31282349553895],[-74.32245905673803,45.31273992743311],[-74.32222483809568,45.312663381504876],[-74.32185517057648,45.31249635082858],[-74.32190053909159,45.312491918604174],[-74.32303907196751,45.312317889085655],[-74.32339745754506,45.31228022010241],[-74.32371776892761,45.31206849427695]],[[-74.32154042156218,45.31252709274269],[-74.3214478232227,45.31265949573919],[-74.32098405987242,45.313144246580755],[-74.32007394342043,45.312611971369634],[-74.32042682232526,45.31234516604325],[-74.32043425947751,45.31234809728253],[-74.32044171459604,45.312351005147555],[-74.3204491867826,45.31235389216526],[-74.32045667603711,45.31235675707215],[-74.3204641814613,45.31235959923656],[-74.32047170485181,45.31236241992194],[-74.32047924351366,45.3123652178648],[-74.32048680014184,45.31236799432859],[-74.32049437204138,45.312370748049915],[-74.32050196011059,45.31237347902869],[-74.32050956434946,45.31237618789675],[-74.32051718475802,45.31237887528581],[-74.32052482133625,45.31238153930062],[-74.32053247228752,45.312384181204635],[-74.32054014030679,45.31238679973452],[-74.32054782359741,45.312389396153606],[-74.32055552215938,45.31239196983021],[-74.32056323599274,45.312394520764386],[-74.32057096330081,45.312397050219516],[-74.32057870677856,45.312399555037004],[-74.32058646462937,45.31240203774375],[-74.32059423775152,45.31240449770807],[-74.32060202434839,45.3124069349299],[-74.32060982711496,45.312409348777564],[-74.32061764245793,45.31241173988277],[-74.32062547127562,45.31241410824552],[-74.32063331536469,45.312416453234114],[-74.32064117382679,45.31241877484852],[-74.3206490448653,45.312421073088736],[-74.32065692937857,45.3124233492183],[-74.32066482736653,45.312425600710185],[-74.32067273882924,45.31242783009139],[-74.32068066376667,45.31243003609845],[-74.32068860128054,45.312432218099595],[-74.32069655137079,45.31243437672662],[-74.32070451493578,45.312436511979456],[-74.32071248928057,45.31243862385814],[-74.32072047889669,45.312440711730964],[-74.3207284783943,45.31244277686142],[-74.32073649046833,45.312444817985956],[-74.32074451601709,45.312446835736345],[-74.32075255144728,45.31244883011262],[-74.3207605994539,45.31245079985126],[-74.32076866003696,45.31245274684754],[-74.32077673050148,45.312454669837976],[-74.3207848135424,45.31245656882253],[-74.3207929064648,45.312458443801205],[-74.3208010119636,45.31246029477408],[-74.32080912644557,45.312462123004515],[-74.32081725350395,45.31246392596567],[-74.32082538954548,45.312465706184405],[-74.32083353726509,45.312467461765614],[-74.3208416948662,45.3124691927092],[-74.32084986234875,45.312470900910455],[-74.3208580406111,45.31247258384241],[-74.32086622875491,45.31247424403198],[-74.3208744258819,45.31247587895225],[-74.32088263289033,45.312477489866666],[-74.32089084978023,45.312479076775304],[-74.32089907565329,45.31248063967809],[-74.3209073105095,45.31248217794329],[-74.32091555434886,45.31248369283443],[-74.32092380627306,45.31248518182456],[-74.32093206897704,45.31248664807235],[-74.32094033886754,45.31248808905081],[-74.32094861774121,45.31248950602351],[-74.3209569046997,45.312490898990376],[-74.32096519974303,45.31249226668795],[-74.32097350376952,45.312493609747996],[-74.32098181498253,45.31249492880221],[-74.32099013248373,45.31249622385068],[-74.32099845986642,45.31249749362983],[-74.32100679353731,45.31249874003493],[-74.32101513439473,45.31249996117077],[-74.32102348243866,45.31250115703735],[-74.32103183856745,45.31250232889809],[-74.32104020098443,45.312503476121314],[-74.32104856968961,45.312504598707065],[-74.321056944683,45.31250569665526],[-74.32106532686291,45.31250676996593],[-74.32107371443271,45.312507818639084],[-74.32108210829074,45.31250884267468],[-74.32109050933528,45.31250984207281],[-74.3210989157697,45.312510815569944],[-74.32110732759402,45.312511765692996],[-74.32111574480824,45.31251269054686],[-74.32112416741234,45.31251359076316],[-74.32113259540634,45.312514465710215],[-74.32114102879024,45.31251531601977],[-74.3211494666657,45.31251614169181],[-74.32115790993105,45.31251694209461],[-74.32116635678965,45.31251771785991],[-74.32117480813984,45.31251846898771],[-74.32118326577826,45.312519194846274],[-74.32119172521328,45.31251989606733],[-74.32120019093651,45.31252057201915],[-74.32120865935471,45.31252122270173],[-74.32121713136614,45.312521850010256],[-74.32122560786918,45.3125224507861],[-74.32123408706715,45.31252302692446],[-74.32124257075668,45.31252357905705],[-74.32125105624284,45.312524104656895],[-74.32125954532228,45.31252460688276],[-74.32126803709666,45.312525082575924],[-74.321276531566,45.31252553363159],[-74.32128502962858,45.312525960681455],[-74.32129352948779,45.3125263618304],[-74.32130203114363,45.31252673771012],[-74.32131053549445,45.312527088952294],[-74.32131904164186,45.31252741492529],[-74.32132754958593,45.3125277168925],[-74.32133605932661,45.31252799295878],[-74.32134457086391,45.31252824375582],[-74.32135308329956,45.3125284686519],[-74.32136159753183,45.31252866954224],[-74.32137011266241,45.312528845795036],[-74.32137862869129,45.31252899677865],[-74.32138714561852,45.3125291218613],[-74.32139566344402,45.31252922293821],[-74.32140418126956,45.31252929748241],[-74.3214127008917,45.3125293486526],[-74.32142121871723,45.31252937392179],[-74.32142973744108,45.31252937392179],[-74.32143825616491,45.3125293486526],[-74.32144677399043,45.31252929874585],[-74.32145529271426,45.31252922356991],[-74.3214638105398,45.312529123756484],[-74.321472327467,45.31252899804215],[-74.32148084349589,45.31252884769026],[-74.3214893586265,45.31252867143741],[-74.32149787285874,45.31252847181056],[-74.32150638529437,45.312528245650995],[-74.32151489683169,45.312527994853944],[-74.32152340657238,45.312527719419414],[-74.32153191451643,45.312527418715696],[-74.32154042156218,45.31252709274269]],[[-74.31177830270718,45.30903582149168],[-74.31155842387173,45.309310548322884],[-74.31117623114253,45.30958167592989],[-74.311361335295,45.30921129330518],[-74.31139324525054,45.30896320838521],[-74.31155029591503,45.30899521449215],[-74.31177830270718,45.30903582149168]]]]}},{"type":"Feature","properties":{"zone_code":"A1-11","prefix":"A","kind":"agricultural","n_lots":8,"source":"t2-gcp3","confidence":"contour-manual-gcp"},"geometry":{"type":"MultiPolygon","coordinates":[[[[-74.34392191362834,45.3068756915263],[-74.3429350002027,45.30650751262019],[-74.34274085271024,45.30643508265533],[-74.34200858831144,45.30612085174914],[-74.34167668866172,45.3059177270435],[-74.34111293653213,45.30552729404307],[-74.34053811985318,45.305046351706146],[-74.34042528786024,45.304985406897686],[-74.340287735129,45.30491111176417],[-74.33931977974909,45.30461839595155],[-74.33925952794637,45.30460017682341],[-74.33879692881271,45.30446027930009],[-74.3383323695551,45.304229580314754],[-74.33810595188268,45.30411714033699],[-74.33745764762361,45.30373349404331],[-74.33662140772225,45.303238618447764],[-74.33642983030983,45.30312524202008],[-74.33594439510333,45.30283795901223],[-74.33536436999236,45.30256781514997],[-74.33469872285839,45.302415137373224],[-74.33468262774345,45.30241144740825],[-74.33442552272263,45.30242063251409],[-74.33438677029956,45.302430517700635],[-74.33217757765733,45.302994045673884],[-74.33156513144944,45.30317898148941],[-74.33131668169636,45.3032540036065],[-74.33051156931792,45.303577907931604],[-74.33049189800983,45.30356100583573],[-74.32283852038539,45.3105514314364],[-74.32286427328796,45.31055194947355],[-74.32289002619052,45.31055244224059],[-74.32291577999142,45.31055291100101],[-74.3229415355889,45.31055335512306],[-74.32296729118642,45.31055377523854],[-74.32299304768225,45.310554170083904],[-74.3230188050764,45.31055454029092],[-74.32304456336885,45.31055488649137],[-74.32307032166129,45.3105552080534],[-74.32309608085208,45.31055550434534],[-74.32312184094117,45.31055577726245],[-74.32314760103026,45.3105560242777],[-74.32317336201766,45.310556247286364],[-74.32319912300507,45.310556446288444],[-74.32322488399245,45.310556619388606],[-74.32325064587818,45.31055676911396],[-74.3232764077639,45.310556894200964],[-74.32330217144624,45.31055699401791],[-74.32332793333197,45.31055706919646],[-74.32335369611599,45.310557120368394],[-74.32337945800171,45.31055714627026],[-74.32340522078574,45.3105571481655],[-74.3234309844681,45.31055712479069],[-74.3234567463538,45.31055707804096],[-74.32348250913785,45.31055700602117],[-74.32350827102356,45.310556909363044],[-74.3235340338076,45.31055678806657],[-74.323559794795,45.31055664213171],[-74.32358555668073,45.31055647219027],[-74.32361131766812,45.31055627697872],[-74.32363707865552,45.310556057760586],[-74.32366283874462,45.31055581390411],[-74.3236885988337,45.31055554477753],[-74.32371435892279,45.31055525227608],[-74.32374011811356,45.31055493387276],[-74.32376587640601,45.31055459209462],[-74.32379163290184,45.31055422504637],[-74.32381739029597,45.31055383272801],[-74.32384314589349,45.31055341703483],[-74.32386890059269,45.31055297607154],[-74.32389465529188,45.31055251110162],[-74.32392040909276,45.310552020861586],[-74.32394616109701,45.310551506614964],[-74.32397191220295,45.31055096772999],[-74.32399766330889,45.31055040420666],[-74.32402341171988,45.31054981604495],[-74.32404916013087,45.31054920261315],[-74.32446009805085,45.31053922660634],[-74.32414920280911,45.3102038899916],[-74.32455173968455,45.30983208049504],[-74.3250157779193,45.309509076157916],[-74.32516763362649,45.30959017567432],[-74.32511849578046,45.30992978535123],[-74.3250050744927,45.31002966771035],[-74.32483541058329,45.310283891786064],[-74.32485701776083,45.31033690237329],[-74.32513344464509,45.310525650238155],[-74.32514184029975,45.310525831551246],[-74.32515023415777,45.31052603876618],[-74.32515862711746,45.310526269355975],[-74.32516701917883,45.310526525215906],[-74.3251754094436,45.31052680760946],[-74.32518379791173,45.310527113377866],[-74.32519218368489,45.31052744441638],[-74.32520056855975,45.31052780135672],[-74.32520895073968,45.3105281823037],[-74.32521732932634,45.31052858915257],[-74.32522570791298,45.310529020639784],[-74.32523408110974,45.310529476765346],[-74.3252424534082,45.310529958161034],[-74.32525082211339,45.31053046419506],[-74.32525918722531,45.31053099549921],[-74.3252675505406,45.310531552705186],[-74.32527590846601,45.310532133286024],[-74.32528426459479,45.310532739136974],[-74.32529261623198,45.31053337025804],[-74.32530096427593,45.310534025385735],[-74.32530930872659,45.31053470641526],[-74.32531764778736,45.310535412714884],[-74.3253259832549,45.31053614238937],[-74.32533431423083,45.31053689859745],[-74.3253426407152,45.31053767818033],[-74.325350962708,45.31053848366514],[-74.32535927841259,45.31053931315647],[-74.32536759052391,45.310540167286184],[-74.32537589724534,45.310541046686005],[-74.32538419857688,45.31054195135588],[-74.32539249362021,45.31054288066413],[-74.32540078327366,45.31054383334723],[-74.32540906843553,45.31054481130038],[-74.32541734641086,45.310545814523635],[-74.325425618098,45.31054684238521],[-74.32543388439524,45.3105478942534],[-74.32544214440429,45.31054897139168],[-74.3254503972268,45.31055007316829],[-74.32545864376111,45.310551199583166],[-74.32546688310889,45.31055235063647],[-74.32547511616846,45.31055352506451],[-74.32548334114321,45.31055472539441],[-74.32549155982976,45.31055594909915],[-74.32549977043145,45.31055719807395],[-74.32550797474494,45.310558472318846],[-74.32551616917696,45.31055976930676],[-74.32552435732077,45.31056109219655],[-74.32553253737974,45.31056243846113],[-74.32554070845558,45.31056380936403],[-74.32554887234488,45.31056520553693],[-74.32555702725102,45.31056662445295],[-74.32556517317401,45.31056806863904],[-74.32557331101218,45.31056953746343],[-74.32558143896885,45.310571029030825],[-74.32558955973904,45.31057254650004],[-74.32559767062773,45.31057408734407],[-74.32560577163498,45.31057565219464],[-74.32561386365904,45.31057724105178],[-74.32562194490335,45.31057885517897],[-74.3256300180628,45.31058049204916],[-74.32563808044249,45.310582154189404],[-74.32564613294068,45.31058383907268],[-74.32565417555743,45.310585549226],[-74.32566213732578,45.31058726759205],[-74.32567008831435,45.310589009332894],[-74.32567802942148,45.310590774448485],[-74.32568595974882,45.31059256230711],[-74.32569387929637,45.31059437543577],[-74.32570178806412,45.31059621004392],[-74.32570968515377,45.31059806929034],[-74.32571757236197,45.31059995127984],[-74.32572544789207,45.31060185601231],[-74.32573331264237,45.310603785383044],[-74.32574116391797,45.31060573749677],[-74.32574900531208,45.31060771235354],[-74.32575683412978,45.310609710585005],[-74.32576465126938,45.310611732191255],[-74.32577245673087,45.31061377654051],[-74.32578024961597,45.31061584426449],[-74.32578802992465,45.31061793409969],[-74.32579579855523,45.31062004857319],[-74.3258035546094,45.31062218452615],[-74.32581129629051,45.31062434448559],[-74.32581902629353,45.310626526556256],[-74.32582674372014,45.31062873136992],[-74.32583444587537,45.31063095955831],[-74.32584213725083,45.31063320922617],[-74.32584981425326,45.31063548226872],[-74.32585747688263,45.3106377780543],[-74.32586512693558,45.31064009721456],[-74.32587276351384,45.310642438486035],[-74.32588038482069,45.31064480250047],[-74.32588799265284,45.310647187994356],[-74.32589558611194,45.31064959749468],[-74.32590316519799,45.310652028474486],[-74.32591072991099,45.31065448219721],[-74.32591828025096,45.31065695739939],[-74.32592581531956,45.3106594559763],[-74.3259333351168,45.31066197603258],[-74.3259408414393,45.310664519463614],[-74.32594833159216,45.31066708311055],[-74.32595580647363,45.31066967013213],[-74.32596326518545,45.310672279264935],[-74.3259707095242,45.310674910508915],[-74.32597813859161,45.3106775632323],[-74.32598555059101,45.310680238066844],[-74.32599294642074,45.31068293501255],[-74.32600032697911,45.31068565343765],[-74.3260076913678,45.310688393973955],[-74.32601503958684,45.310691155989616],[-74.32602236983956,45.31069394011646],[-74.32602968482092,45.31069674509093],[-74.32603698363259,45.31069957217654],[-74.3260442653763,45.31070242137334],[-74.32605152915369,45.31070529141775],[-74.32605877586307,45.31070818294153],[-74.3260660064028,45.31071109531292],[-74.32607321897623,45.31071403042724],[-74.32608041448164,45.310716985125644],[-74.32608759112246,45.31071996193521],[-74.32609475159357,45.31072296022408],[-74.32610189320009,45.31072597936064],[-74.32610901684029,45.310729019976506],[-74.3261161234125,45.310732081439994],[-74.32612321022178,45.31073516311935],[-74.32613027906474,45.31073826627803],[-74.3261373299414,45.3107413902843],[-74.32614436195345,45.31074453513818],[-74.32615137599919,45.310747701471385],[-74.32615837028199,45.31075088738873],[-74.32616534570018,45.31075409415359],[-74.32618229601127,45.31076193733372],[-74.32619922745774,45.31076980199222],[-74.32621613914128,45.310777686865684],[-74.32623303106189,45.3107855932175],[-74.32624990411787,45.310793519152504],[-74.32626675741092,45.31080146593413],[-74.3262835900427,45.310809434194105],[-74.32630040380988,45.310817423300726],[-74.3263171978141,45.310825431990466],[-74.32633397205542,45.310833460895026],[-74.32635072743209,45.31084151190971],[-74.32636746214753,45.310849583139195],[-74.32638417620171,45.31085767395176],[-74.32640087139126,45.31086578624267],[-74.32641754591957,45.310873918116606],[-74.32643420068494,45.3108820708371],[-74.32645083478904,45.310890243772405],[-74.32646745002855,45.31089843818597],[-74.32648404370848,45.310906650919094],[-74.32650061762546,45.31091488576217],[-74.32651717177951,45.31092314018827],[-74.32653370527233,45.31093141482916],[-74.32655021810388,45.31093971031648],[-74.32656671027416,45.31094802601857],[-74.32658318178323,45.31095636193536],[-74.32659963442765,45.31096471680335],[-74.32661606371589,45.310973093149514],[-74.32663247413949,45.31098148907868],[-74.32664886390185,45.31098990585426],[-74.32666523210466,45.31099834221276],[-74.32668157964618,45.31100679878595],[-74.32669790652648,45.31101527494199],[-74.32671421274551,45.311023771944456],[-74.3267304983033,45.3110322878981],[-74.32674676230152,45.3110408246981],[-74.32676300474017,45.31104938108092],[-74.32677922651757,45.311057957046664],[-74.32679542763373,45.31106655322702],[-74.3268116071903,45.31107517025369],[-74.32682776608564,45.31108380496793],[-74.32684390252308,45.31109246116027],[-74.32686001829927,45.31110113693543],[-74.3268761116176,45.311109831661646],[-74.32689218517298,45.31111854723418],[-74.32690823627047,45.311127281757706],[-74.3269242658084,45.31113603586406],[-74.32694027378676,45.31114481018494],[-74.32695626110387,45.31115360408855],[-74.3269722250648,45.31116241694317],[-74.32698816926276,45.31117125001232],[-74.32700409010455,45.311180102032424],[-74.32701998848844,45.311188973635296],[-74.3270358671094,45.31119786608435],[-74.32705172147585,45.31120677622086],[-74.32706755607936,45.31121570720358],[-74.32708336822499,45.311224655873765],[-74.32709915701443,45.31123362602186],[-74.3271149242443,45.31124261385741],[-74.32713066991461,45.31125162190734],[-74.32714639312702,45.31126064890816],[-74.32716209298324,45.31126969485992],[-74.32717777217822,45.31127876102608],[-74.32719342801698,45.31128784614306],[-74.32720906139788,45.31129694957921],[-74.32722467321919,45.311306072597944],[-74.32724026078601,45.31131521456759],[-74.32725582769156,45.31132437675149],[-74.32727137034261,45.3113335566228],[-74.32728689143408,45.31134275670838],[-74.32730239006767,45.31135197574483],[-74.32731786534507,45.31136121310031],[-74.32733331816459,45.3113704700383],[-74.32734874762792,45.31137974466364],[-74.32736415463337,45.31138904013499],[-74.3273795382826,45.31139835266187],[-74.32739489947396,45.31140768477127],[-74.32741023730912,45.311417035831404],[-74.3274255526864,45.31142640584227],[-74.32751095462214,45.31147874697757],[-74.32764968055315,45.31156376994811],[-74.3276613793131,45.311570956637],[-74.32767305651348,45.31157816164549],[-74.32768470945933,45.31158538497355],[-74.32769633994732,45.3115926266212],[-74.32770794618081,45.3115998878519],[-74.32771953085471,45.31160716550687],[-74.32773109127409,45.31161446400838],[-74.32774262833729,45.31162177893425],[-74.32775414294261,45.311629112811346],[-74.3277656332934,45.311636465007986],[-74.327777100288,45.31164383489237],[-74.3277885439264,45.31165122372806],[-74.32779996420862,45.31165862961978],[-74.32781136023631,45.31166605446266],[-74.3278227338061,45.31167349762507],[-74.32783408222309,45.31168095847525],[-74.32784540728389,45.311688437013174],[-74.32785670898846,45.3116959338705],[-74.32786798643855,45.31170344904737],[-74.32787923963413,45.311710980648414],[-74.32789046947347,45.3117185318324],[-74.32790167416002,45.31172609944064],[-74.32791285549038,45.311733686],[-74.32792401256619,45.311741288983605],[-74.32793514538751,45.31174891091836],[-74.32794625395431,45.31175654990902],[-74.3279573373683,45.31176420595565],[-74.32796839742606,45.31177187968991],[-74.32797943233102,45.31177957174358],[-74.32799044208315,45.311787280853125],[-74.32800142847906,45.31179500765031],[-74.32801239062049,45.3118027515034],[-74.32802332671075,45.311810512412386],[-74.32803423854651,45.31181829164069],[-74.32804512522942,45.311826087924935],[-74.32805598765785,45.311833900633246],[-74.32806682583174,45.31184173166086],[-74.3280776370562,45.31184957848089],[-74.32808842492443,45.311857443620255],[-74.32809918674154,45.311865325815425],[-74.32810992340582,45.31187322443466],[-74.32812063581558,45.31188114074149],[-74.32813132127589,45.31188907347238],[-74.32814198338,45.31189702389083],[-74.32815261853463,45.31190499073334],[-74.32816322943478,45.311912973368145],[-74.32817381428377,45.31192097495394],[-74.32818437308163,45.31192899170032],[-74.32819490762496,45.31193702550247],[-74.32820541521883,45.31194507636036],[-74.32821589855821,45.3119531436423],[-74.32822635584643,45.31196122797994],[-74.32823678618519,45.311969327478145],[-74.32824719137113,45.31197744466383],[-74.32825757050591,45.31198557890525],[-74.32826792448788,45.3119937289389],[-74.32827825152039,45.31200189476477],[-74.32828855250176,45.31201007764636],[-74.32829882743196,45.3120182769519],[-74.32830907720935,45.31202649141795],[-74.32831929913898,45.31203472357138],[-74.32832949681408,45.31204297151705],[-74.32833966664141,45.31205123588665],[-74.32834981041762,45.312059515416685],[-74.32835992814266,45.312067811370625],[-74.32836905951751,45.31205929051875],[-74.3289266339329,45.3115389342958],[-74.32952005472139,45.31199782448672],[-74.32896101964535,45.31251954672029],[-74.32895185862608,45.3125280965626],[-74.32895841363269,45.31253178965946],[-74.32896498930059,45.31253546443587],[-74.32897158652804,45.31253912026013],[-74.32897820441671,45.312542757764],[-74.32898484206837,45.31254637631573],[-74.32899150127956,45.312549976547025],[-74.32899818025369,45.312553557826185],[-74.32900487988908,45.31255711952148],[-74.32901160018574,45.31256066226466],[-74.329018339347,45.31256418668741],[-74.3290250991695,45.31256769152635],[-74.32903187785665,45.31257117741314],[-74.32903867810333,45.31257464434781],[-74.32904549721466,45.31257809169865],[-74.3290523351906,45.31258151946563],[-74.32905919292949,45.31258492828053],[-74.3290660704313,45.31258831751163],[-74.32907296589941,45.31259168779056],[-74.3290798820288,45.31259503785401],[-74.32908681612447,45.31259836833359],[-74.32909376998309,45.31260167922934],[-74.329100741808,45.31260497180477],[-74.32910773249756,45.312608242269455],[-74.32911474115339,45.31261149441377],[-74.32912176957218,45.31261472634259],[-74.32912881505895,45.312617939319296],[-74.32913587941033,45.31262113144877],[-74.32914296082973,45.3126243033627],[-74.32915015453851,45.3126274967553],[-74.32915736441699,45.31263066866888],[-74.32916459316009,45.312633820366976],[-74.32917183986947,45.312636951217804],[-74.32917910544352,45.31264006122137],[-74.32918638808552,45.31264315037772],[-74.32919368779551,45.31264621931855],[-74.32920100637013,45.31264926678044],[-74.32920834201275,45.31265229276338],[-74.32921569382502,45.312655298530814],[-74.32922306540026,45.31265828281932],[-74.32923045224683,45.31266124562883],[-74.3292378561614,45.31266418759116],[-74.32924527714397,45.31266710870625],[-74.32925271519451,45.312670008342465],[-74.32926016941474,45.31267288649967],[-74.32926763980464,45.31267574380974],[-74.32927512726253,45.31267857837737],[-74.3292826308901,45.31268139272957],[-74.3297193720183,45.312844374121944],[-74.32973312073372,45.312849491110875],[-74.32974688561883,45.312854586620595],[-74.32976066847023,45.312859659387726],[-74.32977446479637,45.312864711307384],[-74.32978827819049,45.31286974111617],[-74.32980210775429,45.31287474818233],[-74.32981595258943,45.31287973440109],[-74.32982981359429,45.31288469914068],[-74.3298436907688,45.312889641137716],[-74.32985758321466,45.31289456165559],[-74.3298714909319,45.312899459430916],[-74.3298854148188,45.31290433635883],[-74.32989935397705,45.31290919054416],[-74.32991330840667,45.31291402261866],[-74.32992727720936,45.31291883258234],[-74.32994126218169,45.31292362043519],[-74.3299552624254,45.31292838617723],[-74.32996927704215,45.31293313044019],[-74.32998330782856,45.312937852592356],[-74.32999735298803,45.312942551370234],[-74.33001141341886,45.31294722803733],[-74.33002548822273,45.31295188448878],[-74.33003957739965,45.31295651630257],[-74.33005368094959,45.31296112726905],[-74.33006779977093,45.312965715493014],[-74.33008193386361,45.31297028160621],[-74.33009608232932,45.312974824345176],[-74.33011024426979,45.31297934560512],[-74.33012441968496,45.312983844122584],[-74.33013861126983,45.31298832052931],[-74.33015281632942,45.31299277419353],[-74.3301666036724,45.312997071189564],[-74.3301804035918,45.31300134860174],[-74.33019421788423,45.31300560327151],[-74.33020804475308,45.313009836462335],[-74.33022188509666,45.31301404943761],[-74.33023573801667,45.313018240302156],[-74.33024960351307,45.31302241031954],[-74.33026348248421,45.31302655948961],[-74.33027737403178,45.313030687180785],[-74.33029127815573,45.31303479339298],[-74.33030519485611,45.31303887812625],[-74.33031912413291,45.31304294201228],[-74.3303330650878,45.313046984419444],[-74.33034701861911,45.313051005347575],[-74.33036098562515,45.313055005428595],[-74.3303749652076,45.31305898339892],[-74.33038895467153,45.31306294052207],[-74.33040295850847,45.313066875534595],[-74.33041697402355,45.31307078843644],[-74.33043100121671,45.31307468112287],[-74.33044504008798,45.31307855233041],[-74.33045909063732,45.31308240142733],[-74.33047315376311,45.3130862284136],[-74.33117945505356,45.31327784903944],[-74.33130014371199,45.31331936201839],[-74.33174050684741,45.31291826087012],[-74.33272934715933,45.313299460884274],[-74.33228898851547,45.31370056565175],[-74.33230643559494,45.313708067928424],[-74.33232386470807,45.31371559168249],[-74.33234127675323,45.313723135650505],[-74.33235867083208,45.31373069983248],[-74.33237604514798,45.3137382861235],[-74.33239340239591,45.31374589199679],[-74.3324107416775,45.31375351871568],[-74.33242806209452,45.31376116564845],[-74.3324453654435,45.3137688340586],[-74.33246264902958,45.31377652205093],[-74.33247991554765,45.31378423088887],[-74.33249716320111,45.31379195994068],[-74.33251439198995,45.31379970983809],[-74.33253160281247,45.31380748121278],[-74.33254879477037,45.31381527090615],[-74.33256596696535,45.313823082708566],[-74.33258312209233,45.31383091409306],[-74.3326002583547,45.313838765691386],[-74.33261737575242,45.31384663876701],[-74.33263447428556,45.31385453079295],[-74.33265155305573,45.31386244366444],[-74.33266861475792,45.31387037674974],[-74.3326856566972,45.31387833068051],[-74.33270267797519,45.31388630482507],[-74.3327196821852,45.31389429918341],[-74.33273666663226,45.31390231312381],[-74.33275363221473,45.313910346646246],[-74.33277057803424,45.31391840101411],[-74.33278750498916,45.31392647559572],[-74.3328044121811,45.313934571022756],[-74.33282130140677,45.313942684768385],[-74.33283816997117,45.31395081999115],[-74.33285501967096,45.313958974795895],[-74.33287184960778,45.313967149814346],[-74.3328886588834,45.3139753450465],[-74.3329054501927,45.31398355986056],[-74.33292222263738,45.31399179362489],[-74.33293897352246,45.3140000488663],[-74.33322689704576,45.31414173712437],[-74.33398808899334,45.31344838030176],[-74.33498286627098,45.31399204567887],[-74.33450986823959,45.31443013782607],[-74.33470344440353,45.3145268404469],[-74.33446099988812,45.3147513908247],[-74.33467095772959,45.31485849580974],[-74.3346817303265,45.314863975846905],[-74.33469252448295,45.31486943693237],[-74.33470333840232,45.31487487653942],[-74.33471417388128,45.3148802965631],[-74.33472502732654,45.3148856970034],[-74.33473590233136,45.314891075965285],[-74.33474679709913,45.31489643471207],[-74.33475771252816,45.31490177387556],[-74.33476864772013,45.314907091560585],[-74.33477960267501,45.31491239092571],[-74.33479057739282,45.31491766754903],[-74.33480157187358,45.314922924589006],[-74.33481258521898,45.31492816204565],[-74.33482361922562,45.314933378023916],[-74.33483467299517,45.3149385737872],[-74.33484574562937,45.31494374870373],[-74.33485683712819,45.31494890277364],[-74.33486794838993,45.314954035996784],[-74.33487907851631,45.31495914900499],[-74.33489022750729,45.314964240534835],[-74.33490139626122,45.3149693118497],[-74.33491258387978,45.314974362949584],[-74.33492379036294,45.31497939193947],[-74.33493501571074,45.31498440071433],[-74.33494625992316,45.31498938864257],[-74.33495752120355,45.31499435509249],[-74.33496880224689,45.314999300695746],[-74.33498010215484,45.31500422608411],[-74.3349914200291,45.31500912873073],[-74.33500275676799,45.315014011794084],[-74.33501411057487,45.31501887274748],[-74.33502548324637,45.315023712854234],[-74.33503687478247,45.31502853211441],[-74.33504828248827,45.31503332989626],[-74.33505970995701,45.315038105568156],[-74.33507115449372,45.3150428610251],[-74.33508261699674,45.31504759500383],[-74.33509409656776,45.31505230687254],[-74.34392191362834,45.3068756915263]]]]}},{"type":"Feature","properties":{"zone_code":"P3-7","prefix":"P","kind":"institutional","n_lots":53,"source":"t2-gcp3","confidence":"contour-manual-gcp"},"geometry":{"type":"MultiPolygon","coordinates":[[[[-74.3404818323158,45.31852523857206],[-74.3403981901797,45.318501066059326],[-74.33993642827588,45.3184118036545],[-74.33927503556312,45.318337540647654],[-74.33894141653795,45.318269279639615],[-74.33872682338962,45.318201034972674],[-74.33836738498657,45.31805029494094],[-74.33806900776831,45.31789201299112],[-74.33708481803461,45.317369913203315],[-74.33624584276322,45.316965151074506],[-74.33558752318703,45.316647539022384],[-74.33563023089226,45.31662506936289],[-74.3353759690393,45.31650034051322],[-74.3348890228665,45.31627550901555],[-74.33433139185726,45.31603401829171],[-74.33448474775098,45.315932894499475],[-74.33476820574899,45.31574598139648],[-74.33440877093919,45.31561227105113],[-74.3338792491135,45.315519858875135],[-74.33337577843106,45.31534302696166],[-74.33304337482646,45.31524059115817],[-74.33287613547003,45.315160773236705],[-74.33258874644433,45.31497866611242],[-74.33212241301403,45.314558447331166],[-74.33164224642668,45.314069472316184],[-74.33137702243232,45.31390105032498],[-74.33104076056358,45.31376928636782],[-74.33082896117578,45.31370144310739],[-74.3297488241832,45.313466907392346],[-74.32937606376449,45.31334701436822],[-74.32878665844532,45.313087619470636],[-74.32833719268113,45.31283437704045],[-74.32746545944457,45.31211467413801],[-74.32719028391348,45.311934278077466],[-74.32696973403651,45.31177944602753],[-74.32641137539187,45.312149950220004],[-74.3262548493435,45.31211172709329],[-74.32578357697578,45.31204359125005],[-74.32541379537055,45.31202644466948],[-74.32515973563854,45.31201466089344],[-74.32453132457141,45.312025059903775],[-74.32371776892761,45.31206849427695],[-74.32339745754506,45.31228022010241],[-74.32303907196751,45.312317889085655],[-74.32190053909159,45.312491918604174],[-74.32185517057648,45.31249635082858],[-74.32222483809568,45.312663381504876],[-74.32245905673803,45.31273992743311],[-74.32257554487418,45.31282349553895],[-74.31750771536849,45.31617290749976],[-74.31573933322268,45.31514271605405],[-74.31456791661745,45.31446025835293],[-74.31339272618972,45.313775573212524],[-74.31222722319401,45.31309650340938],[-74.31048221970347,45.312079740434804],[-74.30873169157393,45.31105969435079],[-74.30850336677817,45.311210837079585],[-74.3102552163295,45.31223167895497],[-74.3119983782737,45.31324739622976],[-74.3131637043013,45.3139263814702],[-74.31433915254553,45.31461123408616],[-74.31551040386073,45.315293613533456],[-74.31727907885733,45.31632400248115],[-74.31120702808542,45.320336283023856],[-74.30875387996146,45.32195701673739],[-74.30845746825703,45.32174906251246],[-74.30835191441452,45.321823532643045],[-74.30913470186152,45.322372713199236],[-74.31073720110697,45.32349692902322],[-74.31231982961835,45.32461254483589],[-74.31183578859716,45.32495517192411],[-74.31267494353162,45.325546681312176],[-74.31315898814606,45.32520405148562],[-74.31391930872782,45.325739972024934],[-74.30448704316031,45.33240811825734],[-74.30918248504811,45.33132351083555],[-74.31387774727287,45.33023871086594],[-74.31709104260374,45.32796671537379],[-74.3171136217584,45.32798253780586],[-74.3172187578843,45.32790788125109],[-74.3172757505992,45.32786741155958],[-74.31897624526236,45.32905903826132],[-74.32348929950308,45.328015871442624],[-74.32503209940971,45.32695909150759],[-74.32523609064104,45.32708570530206],[-74.32806135329504,45.326869080753724],[-74.33146202731271,45.32458429101948],[-74.33168882137922,45.324431904972755],[-74.34047406638017,45.3185304460076],[-74.3404818323158,45.31852523857206]]],[[[-74.33499357778241,45.31513284761334],[-74.33498216827999,45.31512810290287],[-74.33497077674389,45.315123337977525],[-74.33495940137743,45.31511855157389],[-74.33494804487562,45.315113745587134],[-74.33493670544179,45.31510891875379],[-74.33492538397425,45.31510407107386],[-74.33491407957473,45.315099203810796],[-74.33490279224318,45.315094315701124],[-74.33489152377626,45.31508940674489],[-74.3348802723773,45.31508447883712],[-74.33486903984301,45.31507952881935],[-74.33485782437668,45.3150745598501],[-74.33484662687667,45.31506957066597],[-74.33483544734295,45.315064560635214],[-74.33482428757219,45.31505953102123],[-74.3348131448694,45.31505448056059],[-74.33480202013293,45.31504941114844],[-74.33479091426105,45.315044320889676],[-74.33477982725383,45.315039209784295],[-74.33476875821289,45.31503407972733],[-74.33475770893489,45.315028930087124],[-74.3347466776232,45.31502375960023],[-74.33473566517613,45.31501857016183],[-74.33472467159369,45.315013359876744],[-74.33471369687587,45.31500813000839],[-74.33470274192098,45.315002880556754],[-74.33469180493239,45.31499761089012],[-74.33468088680843,45.31499232164019],[-74.33466998844742,45.314987014070404],[-74.33465910984931,45.314981685022225],[-74.33464824921754,45.3149763370224],[-74.334637409247,45.31497097007103],[-74.33462658993771,45.314965581641204],[-74.33461578769642,45.31496017615486],[-74.33460500611638,45.31495474982181],[-74.33459424429928,45.31494930390538],[-74.33458350224511,45.314943839037376],[-74.33437448224481,45.31483721304592],[-74.33446099988812,45.3147513908247],[-74.33470344440353,45.3145268404469],[-74.33450986823959,45.31443013782607],[-74.33498286627098,45.31399204567887],[-74.33398808899334,45.31344838030176],[-74.33322689704576,45.31414173712437],[-74.33293897352246,45.3140000488663],[-74.33292222263738,45.31399179362489],[-74.3329054501927,45.31398355986056],[-74.3328886588834,45.3139753450465],[-74.33287184960778,45.313967149814346],[-74.33285501967096,45.313958974795895],[-74.33283816997117,45.31395081999115],[-74.33282130140677,45.313942684768385],[-74.3328044121811,45.313934571022756],[-74.33278750498916,45.31392647559572],[-74.33277057803424,45.31391840101411],[-74.33275363221473,45.313910346646246],[-74.33273666663226,45.31390231312381],[-74.3327196821852,45.31389429918341],[-74.33270267797519,45.31388630482507],[-74.3326856566972,45.31387833068051],[-74.33266861475792,45.31387037674974],[-74.33265155305573,45.31386244366444],[-74.33263447428556,45.31385453079295],[-74.33261737575242,45.31384663876701],[-74.3326002583547,45.313838765691386],[-74.33258312209233,45.31383091409306],[-74.33256596696535,45.313823082708566],[-74.33254879477037,45.31381527090615],[-74.33253160281247,45.31380748121278],[-74.33251439198995,45.31379970983809],[-74.33249716320111,45.31379195994068],[-74.33247991554765,45.31378423088887],[-74.33246264902958,45.31377652205093],[-74.3324453654435,45.3137688340586],[-74.33242806209452,45.31376116564845],[-74.3324107416775,45.31375351871568],[-74.33239340239591,45.31374589199679],[-74.33237604514798,45.3137382861235],[-74.33235867083208,45.31373069983248],[-74.33234127675323,45.313723135650505],[-74.33232386470807,45.31371559168249],[-74.33230643559494,45.313708067928424],[-74.33228898851547,45.31370056565175],[-74.33272934715933,45.313299460884274],[-74.33174050684741,45.31291826087012],[-74.33130014371199,45.31331936201839],[-74.33117945505356,45.31327784903944],[-74.33047315376311,45.3130862284136],[-74.33045909063732,45.31308240142733],[-74.33044504008798,45.31307855233041],[-74.33043100121671,45.31307468112287],[-74.33041697402355,45.31307078843644],[-74.33040295850847,45.313066875534595],[-74.33038895467153,45.31306294052207],[-74.3303749652076,45.31305898339892],[-74.33036098562515,45.313055005428595],[-74.33034701861911,45.313051005347575],[-74.3303330650878,45.313046984419444],[-74.33031912413291,45.31304294201228],[-74.33030519485611,45.31303887812625],[-74.33029127815573,45.31303479339298],[-74.33027737403178,45.313030687180785],[-74.33026348248421,45.31302655948961],[-74.33024960351307,45.31302241031954],[-74.33023573801667,45.313018240302156],[-74.33022188509666,45.31301404943761],[-74.33020804475308,45.313009836462335],[-74.33019421788423,45.31300560327151],[-74.3301804035918,45.31300134860174],[-74.3301666036724,45.312997071189564],[-74.33015281632942,45.31299277419353],[-74.33013861126983,45.31298832052931],[-74.33012441968496,45.312983844122584],[-74.33011024426979,45.31297934560512],[-74.33009608232932,45.312974824345176],[-74.33008193386361,45.31297028160621],[-74.33006779977093,45.312965715493014],[-74.33005368094959,45.31296112726905],[-74.33003957739965,45.31295651630257],[-74.33002548822273,45.31295188448878],[-74.33001141341886,45.31294722803733],[-74.32999735298803,45.312942551370234],[-74.32998330782856,45.312937852592356],[-74.32996927704215,45.31293313044019],[-74.3299552624254,45.31292838617723],[-74.32994126218169,45.31292362043519],[-74.32992727720936,45.31291883258234],[-74.32991330840667,45.31291402261866],[-74.32989935397705,45.31290919054416],[-74.3298854148188,45.31290433635883],[-74.3298714909319,45.312899459430916],[-74.32985758321466,45.31289456165559],[-74.3298436907688,45.312889641137716],[-74.32982981359429,45.31288469914068],[-74.32981595258943,45.31287973440109],[-74.32980210775429,45.31287474818233],[-74.32978827819049,45.31286974111617],[-74.32977446479637,45.312864711307384],[-74.32976066847023,45.312859659387726],[-74.32974688561883,45.312854586620595],[-74.32973312073372,45.312849491110875],[-74.3297193720183,45.312844374121944],[-74.3292826308901,45.31268139272957],[-74.32927512726253,45.31267857837737],[-74.32926763980464,45.31267574380974],[-74.32926016941474,45.31267288649967],[-74.32925271519451,45.312670008342465],[-74.32924527714397,45.31266710870625],[-74.3292378561614,45.31266418759116],[-74.32923045224683,45.31266124562883],[-74.32922306540026,45.31265828281932],[-74.32921569382502,45.312655298530814],[-74.32920834201275,45.31265229276338],[-74.32920100637013,45.31264926678044],[-74.32919368779551,45.31264621931855],[-74.32918638808552,45.31264315037772],[-74.32917910544352,45.31264006122137],[-74.32917183986947,45.312636951217804],[-74.32916459316009,45.312633820366976],[-74.32915736441699,45.31263066866888],[-74.32915015453851,45.3126274967553],[-74.32914296082973,45.3126243033627],[-74.32913587941033,45.31262113144877],[-74.32912881505895,45.312617939319296],[-74.32912176957218,45.31261472634259],[-74.32911474115339,45.31261149441377],[-74.32910773249756,45.312608242269455],[-74.329100741808,45.31260497180477],[-74.32909376998309,45.31260167922934],[-74.32908681612447,45.31259836833359],[-74.3290798820288,45.31259503785401],[-74.32907296589941,45.31259168779056],[-74.3290660704313,45.31258831751163],[-74.32905919292949,45.31258492828053],[-74.3290523351906,45.31258151946563],[-74.32904549721466,45.31257809169865],[-74.32903867810333,45.31257464434781],[-74.32903187785665,45.31257117741314],[-74.3290250991695,45.31256769152635],[-74.329018339347,45.31256418668741],[-74.32901160018574,45.31256066226466],[-74.32900487988908,45.31255711952148],[-74.32899818025369,45.312553557826185],[-74.32899150127956,45.312549976547025],[-74.32898484206837,45.31254637631573],[-74.32897820441671,45.312542757764],[-74.32897158652804,45.31253912026013],[-74.32896498930059,45.31253546443587],[-74.32895841363269,45.31253178965946],[-74.32895185862608,45.3125280965626],[-74.32896101964535,45.31251954672029],[-74.32952005472139,45.31199782448672],[-74.3289266339329,45.3115389342958],[-74.32836905951751,45.31205929051875],[-74.32835992814266,45.312067811370625],[-74.32834981041762,45.312059515416685],[-74.32833966664141,45.31205123588665],[-74.32832949681408,45.31204297151705],[-74.32831929913898,45.31203472357138],[-74.32830907720935,45.31202649141795],[-74.32829882743196,45.3120182769519],[-74.32828855250176,45.31201007764636],[-74.32827825152039,45.31200189476477],[-74.32826792448788,45.3119937289389],[-74.32825757050591,45.31198557890525],[-74.32824719137113,45.31197744466383],[-74.32823678618519,45.311969327478145],[-74.32822635584643,45.31196122797994],[-74.32821589855821,45.3119531436423],[-74.32820541521883,45.31194507636036],[-74.32819490762496,45.31193702550247],[-74.32818437308163,45.31192899170032],[-74.32817381428377,45.31192097495394],[-74.32816322943478,45.311912973368145],[-74.32815261853463,45.31190499073334],[-74.32814198338,45.31189702389083],[-74.32813132127589,45.31188907347238],[-74.32812063581558,45.31188114074149],[-74.32810992340582,45.31187322443466],[-74.32809918674154,45.311865325815425],[-74.32808842492443,45.311857443620255],[-74.3280776370562,45.31184957848089],[-74.32806682583174,45.31184173166086],[-74.32805598765785,45.311833900633246],[-74.32804512522942,45.311826087924935],[-74.32803423854651,45.31181829164069],[-74.32802332671075,45.311810512412386],[-74.32801239062049,45.3118027515034],[-74.32800142847906,45.31179500765031],[-74.32799044208315,45.311787280853125],[-74.32797943233102,45.31177957174358],[-74.32796839742606,45.31177187968991],[-74.3279573373683,45.31176420595565],[-74.32794625395431,45.31175654990902],[-74.32793514538751,45.31174891091836],[-74.32792401256619,45.311741288983605],[-74.32791285549038,45.311733686],[-74.32790167416002,45.31172609944064],[-74.32789046947347,45.3117185318324],[-74.32787923963413,45.311710980648414],[-74.32786798643855,45.31170344904737],[-74.32785670898846,45.3116959338705],[-74.32784540728389,45.311688437013174],[-74.32783408222309,45.31168095847525],[-74.3278227338061,45.31167349762507],[-74.32781136023631,45.31166605446266],[-74.32779996420862,45.31165862961978],[-74.3277885439264,45.31165122372806],[-74.327777100288,45.31164383489237],[-74.3277656332934,45.311636465007986],[-74.32775414294261,45.311629112811346],[-74.32774262833729,45.31162177893425],[-74.32773109127409,45.31161446400838],[-74.32771953085471,45.31160716550687],[-74.32770794618081,45.3115998878519],[-74.32769633994732,45.3115926266212],[-74.32768470945933,45.31158538497355],[-74.32767305651348,45.31157816164549],[-74.3276613793131,45.311570956637],[-74.32764968055315,45.31156376994811],[-74.32751095462214,45.31147874697757],[-74.3274255526864,45.31142640584227],[-74.32741023730912,45.311417035831404],[-74.32739489947396,45.31140768477127],[-74.3273795382826,45.31139835266187],[-74.32736415463337,45.31138904013499],[-74.32734874762792,45.31137974466364],[-74.32733331816459,45.3113704700383],[-74.32731786534507,45.31136121310031],[-74.32730239006767,45.31135197574483],[-74.32728689143408,45.31134275670838],[-74.32727137034261,45.3113335566228],[-74.32725582769156,45.31132437675149],[-74.32724026078601,45.31131521456759],[-74.32722467321919,45.311306072597944],[-74.32720906139788,45.31129694957921],[-74.32719342801698,45.31128784614306],[-74.32717777217822,45.31127876102608],[-74.32716209298324,45.31126969485992],[-74.32714639312702,45.31126064890816],[-74.32713066991461,45.31125162190734],[-74.3271149242443,45.31124261385741],[-74.32709915701443,45.31123362602186],[-74.32708336822499,45.311224655873765],[-74.32706755607936,45.31121570720358],[-74.32705172147585,45.31120677622086],[-74.3270358671094,45.31119786608435],[-74.32701998848844,45.311188973635296],[-74.32700409010455,45.311180102032424],[-74.32698816926276,45.31117125001232],[-74.3269722250648,45.31116241694317],[-74.32695626110387,45.31115360408855],[-74.32694027378676,45.31114481018494],[-74.3269242658084,45.31113603586406],[-74.32690823627047,45.311127281757706],[-74.32689218517298,45.31111854723418],[-74.3268761116176,45.311109831661646],[-74.32686001829927,45.31110113693543],[-74.32684390252308,45.31109246116027],[-74.32682776608564,45.31108380496793],[-74.3268116071903,45.31107517025369],[-74.32679542763373,45.31106655322702],[-74.32677922651757,45.311057957046664],[-74.32676300474017,45.31104938108092],[-74.32674676230152,45.3110408246981],[-74.3267304983033,45.3110322878981],[-74.32671421274551,45.311023771944456],[-74.32669790652648,45.31101527494199],[-74.32668157964618,45.31100679878595],[-74.32666523210466,45.31099834221276],[-74.32664886390185,45.31098990585426],[-74.32663247413949,45.31098148907868],[-74.32661606371589,45.310973093149514],[-74.32659963442765,45.31096471680335],[-74.32658318178323,45.31095636193536],[-74.32656671027416,45.31094802601857],[-74.32655021810388,45.31093971031648],[-74.32653370527233,45.31093141482916],[-74.32651717177951,45.31092314018827],[-74.32650061762546,45.31091488576217],[-74.32648404370848,45.310906650919094],[-74.32646745002855,45.31089843818597],[-74.32645083478904,45.310890243772405],[-74.32643420068494,45.3108820708371],[-74.32641754591957,45.310873918116606],[-74.32640087139126,45.31086578624267],[-74.32638417620171,45.31085767395176],[-74.32636746214753,45.310849583139195],[-74.32635072743209,45.31084151190971],[-74.32633397205542,45.310833460895026],[-74.3263171978141,45.310825431990466],[-74.32630040380988,45.310817423300726],[-74.3262835900427,45.310809434194105],[-74.32626675741092,45.31080146593413],[-74.32624990411787,45.310793519152504],[-74.32623303106189,45.3107855932175],[-74.32621613914128,45.310777686865684],[-74.32619922745774,45.31076980199222],[-74.32618229601127,45.31076193733372],[-74.32616534570018,45.31075409415359],[-74.32615837028199,45.31075088738873],[-74.32615137599919,45.310747701471385],[-74.32614436195345,45.31074453513818],[-74.3261373299414,45.3107413902843],[-74.32613027906474,45.31073826627803],[-74.32612321022178,45.31073516311935],[-74.3261161234125,45.310732081439994],[-74.32610901684029,45.310729019976506],[-74.32610189320009,45.31072597936064],[-74.32609475159357,45.31072296022408],[-74.32608759112246,45.31071996193521],[-74.32608041448164,45.310716985125644],[-74.32607321897623,45.31071403042724],[-74.3260660064028,45.31071109531292],[-74.32605877586307,45.31070818294153],[-74.32605152915369,45.31070529141775],[-74.3260442653763,45.31070242137334],[-74.32603698363259,45.31069957217654],[-74.32602968482092,45.31069674509093],[-74.32602236983956,45.31069394011646],[-74.32601503958684,45.310691155989616],[-74.3260076913678,45.310688393973955],[-74.32600032697911,45.31068565343765],[-74.32599294642074,45.31068293501255],[-74.32598555059101,45.310680238066844],[-74.32597813859161,45.3106775632323],[-74.3259707095242,45.310674910508915],[-74.32596326518545,45.310672279264935],[-74.32595580647363,45.31066967013213],[-74.32594833159216,45.31066708311055],[-74.3259408414393,45.310664519463614],[-74.3259333351168,45.31066197603258],[-74.32592581531956,45.3106594559763],[-74.32591828025096,45.31065695739939],[-74.32591072991099,45.31065448219721],[-74.32590316519799,45.310652028474486],[-74.32589558611194,45.31064959749468],[-74.32588799265284,45.310647187994356],[-74.32588038482069,45.31064480250047],[-74.32587276351384,45.310642438486035],[-74.32586512693558,45.31064009721456],[-74.32585747688263,45.3106377780543],[-74.32584981425326,45.31063548226872],[-74.32584213725083,45.31063320922617],[-74.32583444587537,45.31063095955831],[-74.32582674372014,45.31062873136992],[-74.32581902629353,45.310626526556256],[-74.32581129629051,45.31062434448559],[-74.3258035546094,45.31062218452615],[-74.32579579855523,45.31062004857319],[-74.32578802992465,45.31061793409969],[-74.32578024961597,45.31061584426449],[-74.32577245673087,45.31061377654051],[-74.32576465126938,45.310611732191255],[-74.32575683412978,45.310609710585005],[-74.32574900531208,45.31060771235354],[-74.32574116391797,45.31060573749677],[-74.32573331264237,45.310603785383044],[-74.32572544789207,45.31060185601231],[-74.32571757236197,45.31059995127984],[-74.32570968515377,45.31059806929034],[-74.32570178806412,45.31059621004392],[-74.32569387929637,45.31059437543577],[-74.32568595974882,45.31059256230711],[-74.32567802942148,45.310590774448485],[-74.32567008831435,45.310589009332894],[-74.32566213732578,45.31058726759205],[-74.32565417555743,45.310585549226],[-74.32564613294068,45.31058383907268],[-74.32563808044249,45.310582154189404],[-74.3256300180628,45.31058049204916],[-74.32562194490335,45.31057885517897],[-74.32561386365904,45.31057724105178],[-74.32560577163498,45.31057565219464],[-74.32559767062773,45.31057408734407],[-74.32558955973904,45.31057254650004],[-74.32558143896885,45.310571029030825],[-74.32557331101218,45.31056953746343],[-74.32556517317401,45.31056806863904],[-74.32555702725102,45.31056662445295],[-74.32554887234488,45.31056520553693],[-74.32554070845558,45.31056380936403],[-74.32553253737974,45.31056243846113],[-74.32552435732077,45.31056109219655],[-74.32551616917696,45.31055976930676],[-74.32550797474494,45.310558472318846],[-74.32549977043145,45.31055719807395],[-74.32549155982976,45.31055594909915],[-74.32548334114321,45.31055472539441],[-74.32547511616846,45.31055352506451],[-74.32546688310889,45.31055235063647],[-74.32545864376111,45.310551199583166],[-74.3254503972268,45.31055007316829],[-74.32544214440429,45.31054897139168],[-74.32543388439524,45.3105478942534],[-74.325425618098,45.31054684238521],[-74.32541734641086,45.310545814523635],[-74.32540906843553,45.31054481130038],[-74.32540078327366,45.31054383334723],[-74.32539249362021,45.31054288066413],[-74.32538419857688,45.31054195135588],[-74.32537589724534,45.310541046686005],[-74.32536759052391,45.310540167286184],[-74.32535927841259,45.31053931315647],[-74.325350962708,45.31053848366514],[-74.3253426407152,45.31053767818033],[-74.32533431423083,45.31053689859745],[-74.3253259832549,45.31053614238937],[-74.32531764778736,45.310535412714884],[-74.32530930872659,45.31053470641526],[-74.32530096427593,45.310534025385735],[-74.32529261623198,45.31053337025804],[-74.32528426459479,45.310532739136974],[-74.32527590846601,45.310532133286024],[-74.3252675505406,45.310531552705186],[-74.32525918722531,45.31053099549921],[-74.32525082211339,45.31053046419506],[-74.3252424534082,45.310529958161034],[-74.32523408110974,45.310529476765346],[-74.32522570791298,45.310529020639784],[-74.32521732932634,45.31052858915257],[-74.32520895073968,45.3105281823037],[-74.32520056855975,45.31052780135672],[-74.32519218368489,45.31052744441638],[-74.32518379791173,45.310527113377866],[-74.3251754094436,45.31052680760946],[-74.32516701917883,45.310526525215906],[-74.32515862711746,45.310526269355975],[-74.32515023415777,45.31052603876618],[-74.32514184029975,45.310525831551246],[-74.32513344464509,45.310525650238155],[-74.32446009805085,45.31053922660634],[-74.32404916013087,45.31054920261315],[-74.32402341171988,45.31054981604495],[-74.32399766330889,45.31055040420666],[-74.32397191220295,45.31055096772999],[-74.32394616109701,45.310551506614964],[-74.32392040909276,45.310552020861586],[-74.32389465529188,45.31055251110162],[-74.32386890059269,45.31055297607154],[-74.32384314589349,45.31055341703483],[-74.32381739029597,45.31055383272801],[-74.32379163290184,45.31055422504637],[-74.32376587640601,45.31055459209462],[-74.32374011811356,45.31055493387276],[-74.32371435892279,45.31055525227608],[-74.3236885988337,45.31055554477753],[-74.32366283874462,45.31055581390411],[-74.32363707865552,45.310556057760586],[-74.32361131766812,45.31055627697872],[-74.32358555668073,45.31055647219027],[-74.323559794795,45.31055664213171],[-74.3235340338076,45.31055678806657],[-74.32350827102356,45.310556909363044],[-74.32348250913785,45.31055700602117],[-74.3234567463538,45.31055707804096],[-74.3234309844681,45.31055712479069],[-74.32340522078574,45.3105571481655],[-74.32337945800171,45.31055714627026],[-74.32335369611599,45.310557120368394],[-74.32332793333197,45.31055706919646],[-74.32330217144624,45.31055699401791],[-74.3232764077639,45.310556894200964],[-74.32325064587818,45.31055676911396],[-74.32322488399245,45.310556619388606],[-74.32319912300507,45.310556446288444],[-74.32317336201766,45.310556247286364],[-74.32314760103026,45.3105560242777],[-74.32312184094117,45.31055577726245],[-74.32309608085208,45.31055550434534],[-74.32307032166129,45.3105552080534],[-74.32304456336885,45.31055488649137],[-74.3230188050764,45.31055454029092],[-74.32299304768225,45.310554170083904],[-74.32296729118642,45.31055377523854],[-74.3229415355889,45.31055335512306],[-74.32291577999142,45.31055291100101],[-74.32289002619052,45.31055244224059],[-74.32286427328796,45.31055194947355],[-74.32283852038539,45.3105514314364],[-74.322725926446,45.31065425539845],[-74.32275167755193,45.310654875146625],[-74.32277742865787,45.31065547215174],[-74.32280318156042,45.31065604325507],[-74.32282893536131,45.31065659161533],[-74.3228546891622,45.31065711407377],[-74.322880445658,45.31065761315737],[-74.32290620215383,45.31065808697097],[-74.32293195954799,45.31065853740973],[-74.32295771784044,45.31065896257843],[-74.32298347703123,45.31065936437235],[-74.3230092371203,45.3106597402644],[-74.32303499720939,45.31066009341343],[-74.3230607590951,45.310660421292454],[-74.32308652008251,45.31066072453308],[-74.32311228286653,45.31066100313545],[-74.32313804654889,45.310661258363005],[-74.32316380933293,45.31066148832055],[-74.32318957301527,45.3106616942715],[-74.32321533759594,45.31066187621587],[-74.32324110127827,45.31066203289022],[-74.32326686585894,45.310662166189765],[-74.32329263133792,45.31066227421925],[-74.3233183959186,45.31066235824219],[-74.32334416139756,45.310662418258545],[-74.32336992687655,45.310662453004895],[-74.32339569235553,45.31066246437642],[-74.32342145783451,45.310662449846134],[-74.3234472233135,45.31066241194107],[-74.32347298789415,45.31066235002942],[-74.32349875337313,45.310662262847714],[-74.3235245179538,45.310662152291236],[-74.32355028343278,45.31066201583294],[-74.32357604801344,45.310661855999854],[-74.32360181169578,45.310661672160194],[-74.32362757537814,45.31066146305049],[-74.32365268239201,45.310661236251704],[-74.32367778760924,45.310660986078155],[-74.32370289282649,45.310660713161596],[-74.32372799804375,45.310660416238406],[-74.32375310236266,45.31066009594048],[-74.3237782057833,45.31065975416293],[-74.32380330920391,45.310659387747116],[-74.32382841082789,45.31065899922002],[-74.32385351155355,45.31065858605461],[-74.32387861317754,45.310658150777854],[-74.3239037130049,45.31065769212632],[-74.32392881193394,45.310657210731726],[-74.32395390996466,45.31065670596235],[-74.32397900709707,45.31065617781815],[-74.32400410333116,45.31065562566736],[-74.32402919866695,45.31065505203707],[-74.3240542931044,45.31065445376842],[-74.32440460731911,45.310645951024824],[-74.32501362375925,45.31063116235061],[-74.32502166368104,45.31063097977437],[-74.32502970539947,45.31063082183646],[-74.32503774711788,45.3106306885368],[-74.32504579063296,45.31063058050726],[-74.325053834148,45.310630496484315],[-74.32506187856137,45.31063043836311],[-74.32506992297475,45.310630404248556],[-74.3250779673881,45.310630395404026],[-74.32508601269978,45.310630411829564],[-74.32509405621485,45.31063045162994],[-74.3251021006282,45.3106305173321],[-74.32511014324496,45.31063060767262],[-74.32511818676,45.31063072328317],[-74.32512622847842,45.31063086353207],[-74.32513426929853,45.31063102841924],[-74.32514230922031,45.310631217313],[-74.32515034824381,45.310631432740365],[-74.32515838636897,45.31063167154251],[-74.32516642179917,45.31063193561472],[-74.32517445543277,45.310632224325246],[-74.32518248816805,45.310632538305846],[-74.32519051820837,45.31063287755651],[-74.32519854645206,45.31063324018201],[-74.32520657289912,45.31063362870929],[-74.32521459575291,45.31063404124317],[-74.32522261591177,45.31063447967882],[-74.32523063337568,45.310634941489305],[-74.32523864814466,45.310635429201625],[-74.32524666021868,45.31063594155219],[-74.32525466869944,45.31063647727764],[-74.32526267358693,45.31063703953658],[-74.32527067577948,45.3106376251704],[-74.32527867348047,45.31063823670599],[-74.32528666758816,45.310638871616405],[-74.3252946572043,45.31063953116507],[-74.32530264322718,45.31064021661561],[-74.32531062475847,45.31064092670441],[-74.3253186017982,45.31064166016806],[-74.32532657344804,45.310642419533494],[-74.32533454150462,45.310643202273695],[-74.32534250327296,45.31064401028401],[-74.32535046144807,45.31064484356431],[-74.32535841333495,45.310645700219446],[-74.32536636073029,45.31064658214463],[-74.3253743018374,45.310647488708106],[-74.32538223755462,45.310648419278095],[-74.32539016698364,45.31064937448639],[-74.32539809102275,45.31065035370125],[-74.32540600877365,45.31065135818614],[-74.32541392023636,45.310652386677575],[-74.32542182541087,45.31065343917557],[-74.32542972339886,45.31065451757532],[-74.32543761509862,45.31065561871811],[-74.32544549961186,45.31065674513094],[-74.32545337783691,45.31065789555029],[-74.32546124707879,45.31065907060792],[-74.32546911003247,45.31066026967209],[-74.32547696669796,45.31066149211102],[-74.32548481348198,45.31066274045175],[-74.32549265307945,45.31066401216726],[-74.32550048549041,45.310665308521045],[-74.32550830981654,45.310666628249564],[-74.3255161251595,45.3106679726164],[-74.32552393241764,45.310669341621455],[-74.32553173159094,45.31067073336957],[-74.3255395217811,45.31067215038767],[-74.32554730208976,45.310673591412296],[-74.3255550743136,45.31067505517995],[-74.3255628689953,45.31067655053509],[-74.32557065559222,45.31067806926501],[-74.32557843230761,45.31067961263317],[-74.32558619824326,45.31068118063959],[-74.32559395519571,45.31068277138901],[-74.32560170226674,45.31068438614491],[-74.32560943945627,45.31068602617081],[-74.32561716496771,45.31068768957148],[-74.32562488149601,45.310689376346865],[-74.3256325863462,45.31069108712876],[-74.32564028131492,45.31069282318065],[-74.32564796550386,45.310694581343725],[-74.32565563801471,45.31069636414508],[-74.32566329974576,45.310698171584654],[-74.32567094890041,45.31070000113546],[-74.32567858817357,45.310701855324474],[-74.32568621487036,45.31070373225648],[-74.32569383168564,45.31070563445845],[-74.3257014341279,45.31070755940341],[-74.32570902668868,45.310709507091346],[-74.32571660487642,45.310711479417435],[-74.32572417228435,45.31071347448654],[-74.32573172621758,45.31071549356209],[-74.32573926847272,45.310717535380554],[-74.3257467972531,45.310719601205506],[-74.32575431345708,45.310721690405174],[-74.32576181618634,45.31072380234775],[-74.32576930544086,45.31072593703334],[-74.32577678211898,45.31072809635705],[-74.32578424442404,45.31073027842373],[-74.32579169325437,45.31073248323339],[-74.3257991295083,45.310734711417666],[-74.32580655049085,45.310736962344926],[-74.32581395710038,45.31073923601508],[-74.32582135113348,45.310741533059925],[-74.32582872899691,45.31074385347942],[-74.32583609338562,45.310746196010136],[-74.32584344340127,45.31074856128372],[-74.32585077814558,45.310750949300235],[-74.32585809761851,45.310753360059664],[-74.32586540182007,45.31075579419378],[-74.32587269254691,45.310758250439044],[-74.32587996620578,45.31076072942718],[-74.32588722459327,45.31076323115823],[-74.32589446681108,45.31076575500045],[-74.32590169465587,45.31076830095379],[-74.32590890543266,45.31077087028177],[-74.32591610093807,45.310773461089134],[-74.32592327937552,45.31077607400768],[-74.32593044254159,45.31077871030083],[-74.32593758863968,45.31078136807335],[-74.32594471856808,45.310784047956986],[-74.32595183053019,45.31078674931998],[-74.32595892632261,45.310789473425906],[-74.32596600504705,45.31079221901115],[-74.32597306760182,45.310794987339285],[-74.32598011129195,45.310797777146746],[-74.32598713791411,45.310800589065344],[-74.32599414746828,45.31080342246328],[-74.32600113905613,45.31080627734062],[-74.32600811357601,45.31080915432899],[-74.32601506833294,45.310812052164984],[-74.32602200602186,45.31081497211206],[-74.3260289248462,45.31081791290671],[-74.3260358266025,45.3108208764442],[-74.32604270949422,45.31082386019753],[-74.3260495735213,45.31082686606194],[-74.32605641778545,45.31082989214218],[-74.3260632440833,45.31083294033349],[-74.32607005151652,45.310836009372345],[-74.32607683918681,45.31083909925879],[-74.32608360709415,45.31084220999277],[-74.32610034091127,45.310849953976046],[-74.32611705496545,45.31085771691073],[-74.32613375015501,45.31086550132381],[-74.32615042647994,45.310873305951844],[-74.32616708214363,45.31088113142645],[-74.326183719841,45.310888976484236],[-74.32620033777543,45.31089684238863],[-74.32621693594695,45.310904727876135],[-74.32623351525382,45.31091263547374],[-74.32625007479778,45.310920562022744],[-74.32626661368049,45.31092850941826],[-74.32628313549519,45.31093647639691],[-74.32629963575032,45.3109444642221],[-74.32631611714083,45.31095247226214],[-74.32633257787012,45.31096049988522],[-74.32634901883644,45.31096854835487],[-74.32636544093815,45.31097661703929],[-74.3263818432769,45.31098470593849],[-74.3263982240561,45.31099281442071],[-74.3264145859707,45.31100094311772],[-74.32643092812235,45.311009092029444],[-74.32644724871443,45.31101726115593],[-74.3264635513402,45.311025449865404],[-74.32647983240642,45.31103365878962],[-74.32649609281138,45.311041887928525],[-74.32651233345341,45.31105013728215],[-74.32652855433248,45.31105840495527],[-74.32654475365199,45.31106669410655],[-74.32656093320858,45.31107500220903],[-74.3265770921039,45.31108333115794],[-74.3265932312363,45.31109167905799],[-74.32660934791082,45.31110004717274],[-74.3266254457207,45.31110843487035],[-74.32664152197104,45.3111168421509],[-74.32665757756011,45.3111252690143],[-74.32667361338625,45.311133716092336],[-74.3266896267545,45.31114218212152],[-74.32670562035982,45.311150668996994],[-74.32672159330389,45.3111591741919],[-74.32673754379007,45.31116770023307],[-74.326753473615,45.31117624522536],[-74.32676938277868,45.31118480916872],[-74.32678527128111,45.31119339269491],[-74.32680113822397,45.3112019958039],[-74.32681698360727,45.31121061912744],[-74.32683280922765,45.311219260770265],[-74.3268486114918,45.31122792325938],[-74.32686439309471,45.31123660406776],[-74.32688015403637,45.31124530382715],[-74.32689589162183,45.31125402380104],[-74.32691160944437,45.311262762725924],[-74.32692730570731,45.31127152123355],[-74.32694297951241,45.31128029869219],[-74.32695863175792,45.3112890957335],[-74.32697426244387,45.31129791172577],[-74.32698987157022,45.31130674666903],[-74.32700546003537,45.31131560119494],[-74.32702102514428,45.31132447404006],[-74.32703656869364,45.311333367099614],[-74.32705208978513,45.31134227784657],[-74.32706759021534,45.31135120880799],[-74.32708306818769,45.31136015808849],[-74.32709852280385,45.31136912695163],[-74.32711395675874,45.31137811413394],[-74.32712936735744,45.31138712089887],[-74.32714475639658,45.3113961459829],[-74.32716012387614,45.31140519001782],[-74.32717546799951,45.311414253003534],[-74.32719078966498,45.31142333494012],[-74.3272060897709,45.31143243519578],[-74.32722136741893,45.311441555034],[-74.3272366217108,45.31145069319132],[-74.32725185444306,45.31145984903592],[-74.32726706381914,45.31146902509481],[-74.32728225073733,45.31147821884102],[-74.32729741609596,45.31148743216969],[-74.32731255630175,45.31149666318568],[-74.32732767584629,45.311505913152445],[-74.32741901205281,45.31156189114938],[-74.32728441298222,45.31168360799284],[-74.32752798308667,45.31183637767913],[-74.32810924248284,45.31230175904662],[-74.32855308299673,45.312678182915114],[-74.32888009670961,45.312864389758445],[-74.32911285289467,45.31299280957014],[-74.32986567613706,45.3132550362819],[-74.33038377768054,45.313408305213805],[-74.33087682521075,45.313484328335264],[-74.33104537251424,45.31355141505603],[-74.331498925613,45.313770744370025],[-74.33182788417847,45.31391129295554],[-74.33261299107552,45.31470091624563],[-74.33280613245488,45.314862880471225],[-74.3330987308109,45.31502636726916],[-74.33331788740088,45.31510392199224],[-74.33344240378074,45.315150396911285],[-74.33365025417454,45.315213172829786],[-74.33374648619936,45.31520423110639],[-74.33378933404178,45.315207565854564],[-74.3337872256958,45.31523478709509],[-74.33376500856218,45.31528294222852],[-74.33376382548096,45.31529684720441],[-74.33379780784985,45.31529323198679],[-74.33390583295771,45.3152918833078],[-74.33402986065404,45.315319455101026],[-74.33420389756223,45.315337407996985],[-74.33446083998801,45.315405877207226],[-74.33464874868082,45.315451941274965],[-74.33499357778241,45.31513284761334]]],[[[-74.32154042156218,45.31252709274269],[-74.32153191451643,45.312527418715696],[-74.32152340657238,45.312527719419414],[-74.32151489683169,45.312527994853944],[-74.32150638529437,45.312528245650995],[-74.32149787285874,45.31252847181056],[-74.3214893586265,45.31252867143741],[-74.32148084349589,45.31252884769026],[-74.321472327467,45.31252899804215],[-74.3214638105398,45.312529123756484],[-74.32145529271426,45.31252922356991],[-74.32144677399043,45.31252929874585],[-74.32143825616491,45.3125293486526],[-74.32142973744108,45.31252937392179],[-74.32142121871723,45.31252937392179],[-74.3214127008917,45.3125293486526],[-74.32140418126956,45.31252929748241],[-74.32139566344402,45.31252922293821],[-74.32138714561852,45.3125291218613],[-74.32137862869129,45.31252899677865],[-74.32137011266241,45.312528845795036],[-74.32136159753183,45.31252866954224],[-74.32135308329956,45.3125284686519],[-74.32134457086391,45.31252824375582],[-74.32133605932661,45.31252799295878],[-74.32132754958593,45.3125277168925],[-74.32131904164186,45.31252741492529],[-74.32131053549445,45.312527088952294],[-74.32130203114363,45.31252673771012],[-74.32129352948779,45.3125263618304],[-74.32128502962858,45.312525960681455],[-74.321276531566,45.31252553363159],[-74.32126803709666,45.312525082575924],[-74.32125954532228,45.31252460688276],[-74.32125105624284,45.312524104656895],[-74.32124257075668,45.31252357905705],[-74.32123408706715,45.31252302692446],[-74.32122560786918,45.3125224507861],[-74.32121713136614,45.312521850010256],[-74.32120865935471,45.31252122270173],[-74.32120019093651,45.31252057201915],[-74.32119172521328,45.31251989606733],[-74.32118326577826,45.312519194846274],[-74.32117480813984,45.31251846898771],[-74.32116635678965,45.31251771785991],[-74.32115790993105,45.31251694209461],[-74.3211494666657,45.31251614169181],[-74.32114102879024,45.31251531601977],[-74.32113259540634,45.312514465710215],[-74.32112416741234,45.31251359076316],[-74.32111574480824,45.31251269054686],[-74.32110732759402,45.312511765692996],[-74.3210989157697,45.312510815569944],[-74.32109050933528,45.31250984207281],[-74.32108210829074,45.31250884267468],[-74.32107371443271,45.312507818639084],[-74.32106532686291,45.31250676996593],[-74.321056944683,45.31250569665526],[-74.32104856968961,45.312504598707065],[-74.32104020098443,45.312503476121314],[-74.32103183856745,45.31250232889809],[-74.32102348243866,45.31250115703735],[-74.32101513439473,45.31249996117077],[-74.32100679353731,45.31249874003493],[-74.32099845986642,45.31249749362983],[-74.32099013248373,45.31249622385068],[-74.32098181498253,45.31249492880221],[-74.32097350376952,45.312493609747996],[-74.32096519974303,45.31249226668795],[-74.3209569046997,45.312490898990376],[-74.32094861774121,45.31248950602351],[-74.32094033886754,45.31248808905081],[-74.32093206897704,45.31248664807235],[-74.32092380627306,45.31248518182456],[-74.32091555434886,45.31248369283443],[-74.3209073105095,45.31248217794329],[-74.32089907565329,45.31248063967809],[-74.32089084978023,45.312479076775304],[-74.32088263289033,45.312477489866666],[-74.3208744258819,45.31247587895225],[-74.32086622875491,45.31247424403198],[-74.3208580406111,45.31247258384241],[-74.32084986234875,45.312470900910455],[-74.3208416948662,45.3124691927092],[-74.32083353726509,45.312467461765614],[-74.32082538954548,45.312465706184405],[-74.32081725350395,45.31246392596567],[-74.32080912644557,45.312462123004515],[-74.3208010119636,45.31246029477408],[-74.3207929064648,45.312458443801205],[-74.3207848135424,45.31245656882253],[-74.32077673050148,45.312454669837976],[-74.32076866003696,45.31245274684754],[-74.3207605994539,45.31245079985126],[-74.32075255144728,45.31244883011262],[-74.32074451601709,45.312446835736345],[-74.32073649046833,45.312444817985956],[-74.3207284783943,45.31244277686142],[-74.32072047889669,45.312440711730964],[-74.32071248928057,45.31243862385814],[-74.32070451493578,45.312436511979456],[-74.32069655137079,45.31243437672662],[-74.32068860128054,45.312432218099595],[-74.32068066376667,45.31243003609845],[-74.32067273882924,45.31242783009139],[-74.32066482736653,45.312425600710185],[-74.32065692937857,45.3124233492183],[-74.3206490448653,45.312421073088736],[-74.32064117382679,45.31241877484852],[-74.32063331536469,45.312416453234114],[-74.32062547127562,45.31241410824552],[-74.32061764245793,45.31241173988277],[-74.32060982711496,45.312409348777564],[-74.32060202434839,45.3124069349299],[-74.32059423775152,45.31240449770807],[-74.32058646462937,45.31240203774375],[-74.32057870677856,45.312399555037004],[-74.32057096330081,45.312397050219516],[-74.32056323599274,45.312394520764386],[-74.32055552215938,45.31239196983021],[-74.32054782359741,45.312389396153606],[-74.32054014030679,45.31238679973452],[-74.32053247228752,45.312384181204635],[-74.32052482133625,45.31238153930062],[-74.32051718475802,45.31237887528581],[-74.32050956434946,45.31237618789675],[-74.32050196011059,45.31237347902869],[-74.32049437204138,45.312370748049915],[-74.32048680014184,45.31236799432859],[-74.32047924351366,45.3123652178648],[-74.32047170485181,45.31236241992194],[-74.3204641814613,45.31235959923656],[-74.32045667603711,45.31235675707215],[-74.3204491867826,45.31235389216526],[-74.32044171459604,45.312351005147555],[-74.32043425947751,45.31234809728253],[-74.32042682232526,45.31234516604325],[-74.32007394342043,45.312611971369634],[-74.32098405987242,45.313144246580755],[-74.3214478232227,45.31265949573919],[-74.32154042156218,45.31252709274269]]]]}},{"type":"Feature","properties":{"zone_code":"A1-13","prefix":"A","kind":"agricultural","n_lots":3,"source":"t2-gcp3","confidence":"contour-manual-gcp"},"geometry":{"type":"MultiPolygon","coordinates":[[[[-74.35113930650604,45.29852021599187],[-74.35057053728559,45.29836321530856],[-74.35028510479059,45.29828442381885],[-74.35018712194928,45.29846122617803],[-74.3494633340535,45.29826142620199],[-74.34928984062604,45.298567017925],[-74.3502996530066,45.29884456882781],[-74.35086026103271,45.29899864888646],[-74.35087816984621,45.29900364201284],[-74.35113930650604,45.29852021599187]]],[[[-74.34906703238445,45.297843920049324],[-74.34852416878016,45.2976944231535],[-74.34820991294093,45.29827018482289],[-74.34875306670106,45.29841947862849],[-74.34906703238445,45.297843920049324]]]]}},{"type":"Feature","properties":{"zone_code":"A1-9","prefix":"A","kind":"agricultural","n_lots":12,"source":"t2-gcp3","confidence":"contour-manual-gcp"},"geometry":{"type":"MultiPolygon","coordinates":[[[[-74.37618994660625,45.30927689095557],[-74.37601154837733,45.309146823285275],[-74.37514078891456,45.30973507419885],[-74.37463214663103,45.309519198283546],[-74.37405693020176,45.31006349015129],[-74.37239676450497,45.309860093386284],[-74.37072039859035,45.309654686254504],[-74.36930298822604,45.3092377466699],[-74.35754295599203,45.320139321698356],[-74.36006671888386,45.319555341994736],[-74.3626130294893,45.31896607686808],[-74.36518536608517,45.31837072014851],[-74.37033740815714,45.31354894061197],[-74.37036075716803,45.31352711155079],[-74.37038413312834,45.31350529764244],[-74.37040753693644,45.31348349762358],[-74.37043096679568,45.313461712757594],[-74.37045442360439,45.31343994178107],[-74.37047790646422,45.31341818469405],[-74.37050141717184,45.313396442759945],[-74.37052495572723,45.313374714715415],[-74.37054851943545,45.31335300182384],[-74.37057211009312,45.31333130345356],[-74.37058921581276,45.31331560580068],[-74.37060634938017,45.31329992267304],[-74.37062351079537,45.31328425470241],[-74.37064070005833,45.31326860252048],[-74.37065791806738,45.3132529654956],[-74.37067516482253,45.31323734489118],[-74.37069243852712,45.313221738812096],[-74.3707097400795,45.31320614725831],[-74.37072707037794,45.31319057275681],[-74.37074442762587,45.31317501341237],[-74.3707618136199,45.31315946985673],[-74.37077922746165,45.31314394082647],[-74.37079666825291,45.313128427585056],[-74.37081413868856,45.31311293076426],[-74.37083163517534,45.31309744973231],[-74.37084916040821,45.31308198322576],[-74.37086671348887,45.31306653250814],[-74.37088429351898,45.31305109821113],[-74.37090190229519,45.31303567970305],[-74.37091953712252,45.313020276352184],[-74.37093720159426,45.313004888790246],[-74.37095489211717,45.312989517648994],[-74.37097261138614,45.312974161665004],[-74.37099035760457,45.31295882273346],[-74.37100813077247,45.312943498327414],[-74.37102593178815,45.312928190342156],[-74.37104376154991,45.31291289751417],[-74.37106161736281,45.31289762173868],[-74.37107950102347,45.312882361752216],[-74.37109741253194,45.312867117554845],[-74.37111535009153,45.312851889146486],[-74.3711333163972,45.312836677158984],[-74.37115130875402,45.31282148159235],[-74.37116932895863,45.31280630118303],[-74.371187377011,45.31279113719461],[-74.37120545201283,45.31277599025874],[-74.37122355396413,45.31276085848036],[-74.37124168286486,45.312745743122825],[-74.37125983871509,45.31273064418618],[-74.37127802241307,45.312715561670466],[-74.37129623216217,45.31270049431224],[-74.37131446975908,45.31268544463842],[-74.37133273430544,45.31267041012208],[-74.37135102580125,45.31265539329019],[-74.37136934424653,45.3126403916158],[-74.37138768874294,45.31262540762588],[-74.37140606198545,45.31261043816179],[-74.37142446127912,45.31259548638215],[-74.3714428866239,45.31258055165529],[-74.37146133891815,45.31256563208603],[-74.37147981906017,45.31255072956957],[-74.37149832525334,45.31253584347418],[-74.37151685749765,45.31252097443157],[-74.37153541758974,45.31250612117836],[-74.37155400373295,45.31249128560973],[-74.37157261682566,45.31247646519876],[-74.37159125596948,45.3124616624724],[-74.37160992206277,45.31244687616714],[-74.37162861510551,45.31243210754657],[-74.37164733419942,45.31241735408369],[-74.37166608024276,45.312402618305484],[-74.37168485143893,45.312387898316736],[-74.37170364958457,45.312373196012636],[-74.37172247467966,45.312358510129805],[-74.3717413258259,45.31234384129996],[-74.37176020392158,45.31232918952307],[-74.37177910806844,45.312314554167486],[-74.3717980373681,45.312299936496615],[-74.37181699361723,45.31228533524704],[-74.3718359759175,45.31227075105051],[-74.37185498516723,45.312256183275295],[-74.37187401956977,45.312241633184904],[-74.37189308092181,45.3122271001476],[-74.37191216742663,45.3122125841634],[-74.37193128088093,45.312198085232254],[-74.37195041948807,45.31218360335424],[-74.37196958504465,45.312169137897676],[-74.37198877575408,45.31215469012595],[-74.37200799251463,45.31214025940739],[-74.37202723532631,45.31212584637372],[-74.37204650418917,45.31211145039328],[-74.37206579820483,45.312097071466],[-74.37208511827167,45.31208270896019],[-74.37210446528793,45.31206836540285],[-74.37212383655871,45.31205403826701],[-74.37214323477896,45.312039728184374],[-74.37216265725372,45.31202543641851],[-74.37218210667794,45.31201116107418],[-74.37220158125498,45.311996903414894],[-74.37222108188315,45.31198266344062],[-74.37224060766418,45.311968439887956],[-74.37226015859804,45.311954235283785],[-74.37227973468471,45.31194004710127],[-74.37229933772082,45.31192587723555],[-74.37231896411316,45.31191172442321],[-74.37233861745494,45.31189758929601],[-74.37235829505124,45.31188347185391],[-74.37237799959699,45.31186937209697],[-74.37239772839726,45.31185528939341],[-74.37241748235037,45.31184122500684],[-74.37243726235461,45.31182717830537],[-74.37245706751168,45.311813148025664],[-74.37247689602493,45.31179913732639],[-74.37249675148767,45.31178514304886],[-74.37251663210323,45.31177116708828],[-74.37253653697329,45.311757208812985],[-74.37255646699619,45.31174326822295],[-74.3725764221719,45.31172934594992],[-74.37259640339876,45.311715441362196],[-74.37261640798182,45.31170155382799],[-74.37263643861604,45.311687685242624],[-74.37265649350476,45.311673834342564],[-74.3726842191077,45.311654724833],[-74.37271196986343,45.31163563300571],[-74.3727397439754,45.311616558860734],[-74.37276754144355,45.311597501134614],[-74.3727953622679,45.31157846109079],[-74.37282320734676,45.31155943809765],[-74.3728510748835,45.311540430891654],[-74.37287896667476,45.31152144199977],[-74.37290688092389,45.31150247079032],[-74.37293482032585,45.31148351599982],[-74.37618994660625,45.30927689095557]]],[[[-74.36642979416342,45.307158564393134],[-74.36443989375675,45.30638672351437],[-74.36236589127654,45.305582201343846],[-74.36139324938581,45.305205391064234],[-74.3605067415578,45.304886765381276],[-74.36049280509447,45.30488175571399],[-74.3603038768138,45.30489761176124],[-74.35991420830482,45.30524610250047],[-74.35989785088181,45.3052394596314],[-74.35883598652042,45.30509879224157],[-74.35774551710546,45.304661336232414],[-74.35658421553033,45.30574971677391],[-74.35249405309108,45.30958262483851],[-74.34428090017883,45.317277208268564],[-74.34547112930272,45.31753515577285],[-74.3455194056644,45.317488968958514],[-74.34639525318495,45.31767914269429],[-74.34684656768201,45.317841256957294],[-74.34755894787199,45.31813352990695],[-74.34769435452802,45.318169374533305],[-74.34788133166789,45.318201344489694],[-74.3481209491851,45.318240398572804],[-74.34834279622935,45.31826666074991],[-74.3485152260515,45.31816378237895],[-74.34878894810846,45.3181863948168],[-74.34890133543534,45.318195678433376],[-74.34922014213977,45.31836384825962],[-74.34923310842261,45.318364830499526],[-74.34924607111215,45.31836583737435],[-74.34925902931012,45.31836686951579],[-74.34927198391483,45.31836792629211],[-74.34928493402796,45.31836900833508],[-74.34929787964951,45.318370115644655],[-74.34931082167782,45.31837124758915],[-74.34932375921454,45.31837240480024],[-74.3493366922597,45.31837358664621],[-74.34934961991495,45.31837479375882],[-74.34936254307861,45.318376025506346],[-74.34937546175072,45.31837728252047],[-74.34938837503293,45.318378563537834],[-74.34940128382357,45.318379870453455],[-74.34941418812264,45.31838120263566],[-74.34942708613347,45.31838255882111],[-74.34943997875443,45.318383939641514],[-74.34945286688381,45.31838534572846],[-74.349465748725,45.318386776450296],[-74.34947862517626,45.31838823243876],[-74.34949149623766,45.31838971369375],[-74.34950436101084,45.318391219583646],[-74.34951722039415,45.31839274947681],[-74.34953007348922,45.31839430463654],[-74.3495429202961,45.31839588443111],[-74.34955576081477,45.318397489492305],[-74.34956859594357,45.318399118556705],[-74.34958142388581,45.31840077351935],[-74.34959424643819,45.318402452485195],[-74.3496070609057,45.318404155454246],[-74.34961986998334,45.31840588432158],[-74.34963267187446,45.318407637823746],[-74.34964546747737,45.31840941532911],[-74.34965825499543,45.31841121746939],[-74.3496710362253,45.31841304550789],[-74.34968381026862,45.31841489754959],[-74.34969657622715,45.31841677359447],[-74.34970933589743,45.31841867427422],[-74.34972208838121,45.3184206002205],[-74.34973483188182,45.31842255080169],[-74.34974756909423,45.31842452538606],[-74.34976029822182,45.31842652523691],[-74.34977302016286,45.31842854972266],[-74.34978573312077,45.31843059757995],[-74.34979843889215,45.31843267070372],[-74.3498111365787,45.318434768462325],[-74.34982382528207,45.31843689022414],[-74.34983650590064,45.318439037252475],[-74.34984917933265,45.318441208283964],[-74.34986184288321,45.31844340331866],[-74.34987449834894,45.3184456236198],[-74.34988714572982,45.31844786729248],[-74.34989978322925,45.31845013623165],[-74.34991241264382,45.31845242980563],[-74.34992503307524,45.318454747382766],[-74.34993764452352,45.31845708833141],[-74.34995024609033,45.31845945517821],[-74.34996283957229,45.31846184539646],[-74.3499754231728,45.31846426024957],[-74.34998799779015,45.31846669973744],[-74.350000562526,45.3184691625968],[-74.35001311738044,45.31847164945933],[-74.3500256632517,45.31847416158828],[-74.35003819834316,45.31847669772039],[-74.35005072445149,45.318479257223935],[-74.35006324067835,45.318481841362306],[-74.3500757461254,45.318484449503785],[-74.35008824169103,45.318487082280036],[-74.35010072737514,45.31848973842771],[-74.35011320227949,45.318492419210195],[-74.35012566640405,45.318495124627454],[-74.35013812064717,45.31849785341617],[-74.35015056411048,45.31850060557629],[-74.35016299769232,45.31850338237116],[-74.35017541959607,45.31850618380079],[-74.35018783072003,45.318509008601865],[-74.3502002301659,45.318511856774386],[-74.35021261973031,45.318514729581636],[-74.3502249967183,45.318517625760286],[-74.3502373638248,45.31852054531036],[-74.3502497183549,45.318523490758466],[-74.35026206120689,45.318526458314686],[-74.35027439417746,45.31852944987397],[-74.35028671457155,45.318532465436284],[-74.35029902328759,45.31853550437002],[-74.3503113203255,45.31853856730679],[-74.35032360568535,45.3185416548783],[-74.35033587846877,45.31854476582117],[-74.35034813867574,45.31854789950377],[-74.35036038720465,45.31855105655771],[-74.35037262495376,45.31855423887806],[-74.35038484743151,45.3185574433064],[-74.35039706002782,45.31856067236948],[-74.35040925825105,45.31856392480388],[-74.3504214447962,45.31856719934631],[-74.35043361876492,45.31857049852341],[-74.35044577925892,45.318573821703545],[-74.3504579262782,45.31857716762337],[-74.35047006161938,45.318580537546126],[-74.35048218348582,45.31858393084029],[-74.35049429277585,45.318587346874075],[-74.35050638769283,45.31859078564754],[-74.3505184700334,45.318594248424006],[-74.35053053800092,45.31859773583506],[-74.35054259249372,45.31860124472248],[-74.35055463351179,45.3186047776129],[-74.35056666105513,45.31860833387454],[-74.35057867512374,45.31861191287587],[-74.3505906748193,45.31861551461685],[-74.35060266014183,45.31861914036077],[-74.35061463198963,45.31862278947594],[-74.35099000291257,45.318737620574375],[-74.35271208049875,45.31926440854048],[-74.35272237609021,45.3192675712394],[-74.35273265820696,45.319270755414465],[-74.35274292505233,45.31927396359223],[-74.35275317752468,45.31927719198276],[-74.3527634174206,45.31928044437608],[-74.35277364294349,45.31928371824544],[-74.35278385319499,45.319287014222525],[-74.35279404997179,45.31929033230741],[-74.3528042305789,45.31929367313164],[-74.35281439771127,45.31929703543199],[-74.35282455047063,45.31930042047167],[-74.35283468795859,45.31930382635581],[-74.35284481107355,45.31930725561098],[-74.35285491891712,45.31931070634221],[-74.35286501059103,45.319314178549476],[-74.3528750887902,45.319317673496116],[-74.35288515081969,45.31932118928713],[-74.35289519667951,45.31932472718589],[-74.3529052290646,45.31932828719229],[-74.35291524438172,45.31933186930644],[-74.35292524352914,45.31933547226494],[-74.35293522830352,45.31933909733112],[-74.35294519690822,45.319342744504965],[-74.35295514934326,45.31934641252317],[-74.3529650847103,45.31935010328075],[-74.352975004806,45.319353814250995],[-74.35298490873198,45.3193575473289],[-74.35299479738664,45.31936130251451],[-74.35300466807497,45.31936507854444],[-74.35301452349198,45.319368875418704],[-74.35302436094263,45.3193726944006],[-74.35303418222365,45.31937653422685],[-74.35304398643666,45.31938039616073],[-74.35305377447999,45.31938427957058],[-74.35306354545534,45.319388183193105],[-74.35307329846438,45.31939210829159],[-74.35308303440542,45.31939605423441],[-74.3530927541768,45.31940002228484],[-74.35310245508356,45.319404010547885],[-74.35311213982062,45.319408020286915],[-74.35312180748973,45.31941205150188],[-74.3531314562942,45.31941610229782],[-74.35314108713234,45.31942017520135],[-74.35315069910588,45.31942426831753],[-74.35316029311312,45.31942838164629],[-74.35316986915404,45.319432516451016],[-74.35317942722867,45.31943667146831],[-74.35318896733699,45.31944084732989],[-74.35319848947901,45.31944504466737],[-74.35320799185808,45.319449261585845],[-74.35321747716915,45.3194534993485],[-74.35322694361561,45.31945775732379],[-74.35323639119747,45.31946203614331],[-74.35324581991469,45.3194663364387],[-74.35325523066561,45.31947065631502],[-74.3532646216536,45.31947499640391],[-74.35327399467525,45.31947935733701],[-74.35328334703568,45.319483738482724],[-74.3532926814298,45.31948814047258],[-74.35330199606098,45.31949256141172],[-74.35331129182755,45.31949700319503],[-74.35332056872947,45.31950146519091],[-74.35332982407186,45.31950594739933],[-74.35333906144793,45.31951045045196],[-74.35334827816274,45.31951497245376],[-74.35335747691126,45.3195195146681],[-74.35336665410018,45.3195240764633],[-74.35337581152619,45.319528658471036],[-74.35338494918928,45.31953326069129],[-74.35339406708938,45.31953788249235],[-74.35340316432828,45.31954252450597],[-74.35341224180422,45.31954718546872],[-74.35342129861893,45.31955186664402],[-74.35343033477236,45.31955656676845],[-74.35343935026457,45.31956128773703],[-74.35344834599381,45.31956602639145],[-74.35345731926519,45.31957078652168],[-74.35346627367194,45.319575564337775],[-74.35347520562081,45.31958036362958],[-74.35348411780674,45.31958518060729],[-74.3534930084331,45.31959001779743],[-74.35350187749992,45.31959487330503],[-74.35351072590545,45.31959974839347],[-74.35351955275144,45.31960464369431],[-74.35352835893616,45.319609557312646],[-74.35353714266301,45.31961448988005],[-74.35354590483028,45.31961944139661],[-74.35355464543801,45.319624412493944],[-74.35356336448616,45.319629402540365],[-74.35357206287306,45.31963441153594],[-74.35358073790377,45.319639438848924],[-74.35358939137488,45.31964448447933],[-74.35359802238813,45.3196495503221],[-74.35360663184183,45.3196546338507],[-74.35361521883762,45.31965973632838],[-74.35362378427385,45.31966485775512],[-74.3536323272522,45.31966999749926],[-74.35364084597605,45.31967515556078],[-74.35364934403863,45.3196803325714],[-74.35365781874502,45.319685527899445],[-74.35366627099353,45.3196907409132],[-74.35367469988584,45.319695972876],[-74.35368310632028,45.3197012225245],[-74.35482014799283,45.32041354308222],[-74.3633505957449,45.31251353074871],[-74.36164219950052,45.31158560039729],[-74.36554508296595,45.30797671382813],[-74.36642979416342,45.307158564393134]]],[[[-74.35073990385263,45.308669253108036],[-74.35068157713954,45.30866045818719],[-74.35005112150684,45.30867172207917],[-74.34937273716046,45.30864176400062],[-74.34865669543738,45.30858614323105],[-74.34807463025241,45.30850464110068],[-74.34790836017817,45.3084546354218],[-74.34757532326131,45.30835447356874],[-74.34751840780153,45.3083289794617],[-74.34626013668476,45.30776533520184],[-74.34602796620126,45.3076613315109],[-74.34588498045916,45.30760799368361],[-74.33726022577193,45.31569121849221],[-74.33751125009661,45.315755663380486],[-74.338874556728,45.316218761854785],[-74.3388848675908,45.316222250675445],[-74.33889519462333,45.31622571738677],[-74.33890553602888,45.31622916262045],[-74.33891589270578,45.31623258448141],[-74.33892626375574,45.31623598486474],[-74.33893664917873,45.316239362507034],[-74.33894705077141,45.316242717408365],[-74.3389574640422,45.31624605083203],[-74.33896789438096,45.316249361514686],[-74.33897833729613,45.31625264945637],[-74.33898879548266,45.31625591465701],[-74.33899926624561,45.3162591583801],[-74.33900975227992,45.31626237873045],[-74.33902025268728,45.316265576339845],[-74.33903076567104,45.31626875247166],[-74.33904129212955,45.316271904599084],[-74.33905183206278,45.31627503524892],[-74.33906238726738,45.31627814252608],[-74.33907295415007,45.31628122769403],[-74.3390835354058,45.31628428948929],[-74.33909412833961,45.316287328543595],[-74.3391047356465,45.31629034485694],[-74.33911535552978,45.31629333842932],[-74.33912598888782,45.31629630926075],[-74.33913663482224,45.31629925735126],[-74.33914729243477,45.31630218270084],[-74.33915796352203,45.31630508467777],[-74.3391686462874,45.316307963282114],[-74.33917934252746,45.31631081977716],[-74.33919005044567,45.31631365226797],[-74.33920077094025,45.3163164626495],[-74.33921150311295,45.31631924965841],[-74.33922224786207,45.316322013294744],[-74.33923300339097,45.316324753558504],[-74.33924377149627,45.316327471712995],[-74.3392545512797,45.316330165863235],[-74.33926534274119,45.316332836640896],[-74.3392761458808,45.31633548467761],[-74.33928695980019,45.31633810934176],[-74.33929778539769,45.31634071063337],[-74.33930862177495,45.31634328981573],[-74.33931946983034,45.316345843730446],[-74.33933032866548,45.316348375536016],[-74.33934119828044,45.31635088333729],[-74.33935207867515,45.3163533683977],[-74.33936296984965,45.31635582945387],[-74.33937387180394,45.316358267769154],[-74.3393847836397,45.316360681448515],[-74.33939570625523,45.316363072387006],[-74.33940663965055,45.316365440584626],[-74.33941758292734,45.31636778477803],[-74.3394285351873,45.31637010433547],[-74.33943962938105,45.31637242831471],[-74.33945073345627,45.31637472828964],[-74.33946184831129,45.31637700426041],[-74.33947297214945,45.31637925559523],[-74.33948410676739,45.31638148355755],[-74.33949525036849,45.316383686252216],[-74.33950640474939,45.316385865574446],[-74.3395175672151,45.316388019629024],[-74.33952873956228,45.31639015031107],[-74.33953992089263,45.31639225635728],[-74.33955111120613,45.31639433776756],[-74.3395623114011,45.316396394542004],[-74.33957352057921,45.31639842731217],[-74.33958473784216,45.31640043670991],[-74.33959596318994,45.31640242020832],[-74.3396071984192,45.316404379702625],[-74.3396184426316,45.316406314561],[-74.33962969403056,45.31640822541517],[-74.33964095351432,45.316410111633516],[-74.33965222287956,45.316411972584305],[-74.33966349853301,45.31641380953089],[-74.33967478406791,45.316415622473315],[-74.33968607589105,45.31641741077989],[-74.339697375799,45.316419173818915],[-74.33970868289349,45.31642091222205],[-74.33971999897112,45.316422626621076],[-74.33973132043864,45.316424316384214],[-74.3397426508893,45.31642598024811],[-74.3397539876282,45.31642762137126],[-74.33976533245192,45.31642923659518],[-74.33977668356387,45.31643082781496],[-74.33978804186232,45.316432393767215],[-74.33979940644896,45.316433934451936],[-74.34111565393587,45.31661095120339],[-74.34113163406646,45.31661311219792],[-74.34114760790884,45.31661529909153],[-74.34116357636134,45.31661750935737],[-74.34117953583068,45.31661974425884],[-74.34119548991012,45.31662200316421],[-74.34121143680305,45.31662428607356],[-74.34122737561113,45.31662659361852],[-74.34124330902932,45.31662892516745],[-74.34125923436268,45.31663128135193],[-74.3412751516112,45.31663366217206],[-74.3412910625715,45.3166360663644],[-74.34130696724361,45.31663849519239],[-74.34132286293257,45.31664094802427],[-74.341338751435,45.316643425491705],[-74.34135463185258,45.31664592759477],[-74.34137050508366,45.31664845307007],[-74.34138637022988,45.31665100254926],[-74.3414022281896,45.31665357603238],[-74.34141807716617,45.31665617541441],[-74.3414339189562,45.31665879753699],[-74.34144975266139,45.316661443031734],[-74.34146557828176,45.31666411442543],[-74.34148139491897,45.31666680855965],[-74.34149720436966,45.31666952732944],[-74.34151300483718,45.31667227010313],[-74.34152879721988,45.31667503751232],[-74.34154457972109,45.31667782829376],[-74.34156035503581,45.316680643079],[-74.34157612226568,45.316683481236446],[-74.34159187871576,45.31668634402946],[-74.34160762797931,45.31668923145798],[-74.34162336825972,45.31669214225867],[-74.34163909955699,45.316695077063244],[-74.34165482097276,45.31669803650329],[-74.34167053430373,45.316701019315516],[-74.3416862377532,45.316704026131596],[-74.34170193311783,45.31670705631981],[-74.34171761860102,45.31671011114353],[-74.34173329420273,45.316713189339396],[-74.34174895992298,45.31671629217077],[-74.34176461755837,45.31671941837429],[-74.341780264414,45.31672256858162],[-74.34179590228645,45.31672574216103],[-74.34181153027745,45.316728939112586],[-74.34182714838698,45.31673216133136],[-74.34184275661504,45.31673540629048],[-74.34185835406333,45.31673867525347],[-74.34187394252844,45.31674196822018],[-74.3418895202138,45.31674528455901],[-74.34259533461736,45.31609932757481],[-74.35073990385263,45.308669253108036]]]]}},{"type":"Feature","properties":{"zone_code":"C3-16","prefix":"C","kind":"commercial","n_lots":3,"source":"t2-gcp3","confidence":"contour-manual-gcp"},"geometry":{"type":"MultiPolygon","coordinates":[[[[-74.35630381899081,45.28895765785126],[-74.3553756643679,45.28870173981927],[-74.3542220640497,45.28839198124736],[-74.35284677748571,45.288022677420656],[-74.35222232349741,45.287635178842294],[-74.35173648494737,45.28733369063525],[-74.35132089734746,45.287181995699186],[-74.35025825684168,45.28687442950944],[-74.3502259255763,45.286865669760466],[-74.34874135626302,45.289678756945],[-74.34480278542627,45.296768808788876],[-74.34453057433564,45.29725876337519],[-74.3466478037473,45.29784079217272],[-74.34820991294093,45.29827018482289],[-74.34852416878016,45.2976944231535],[-74.34906703238445,45.297843920049324],[-74.34875306670106,45.29841947862849],[-74.34928984062604,45.298567017925],[-74.3494633340535,45.29826142620199],[-74.35018712194928,45.29846122617803],[-74.35028510479059,45.29828442381885],[-74.35057053728559,45.29836321530856],[-74.35113930650604,45.29852021599187],[-74.35630381899081,45.28895765785126]]]]}},{"type":"Feature","properties":{"zone_code":"A1-8","prefix":"A","kind":"agricultural","n_lots":67,"source":"t2-gcp3","confidence":"contour-manual-gcp"},"geometry":{"type":"MultiPolygon","coordinates":[[[[-74.36930298822604,45.3092377466699],[-74.365650826353,45.30797527652564],[-74.36554508296595,45.30797671382813],[-74.36164219950052,45.31158560039729],[-74.3633505957449,45.31251353074871],[-74.35482014799283,45.32041354308222],[-74.35368310632028,45.3197012225245],[-74.35367469988584,45.319695972876],[-74.35366627099353,45.3196907409132],[-74.35365781874502,45.319685527899445],[-74.35364934403863,45.3196803325714],[-74.35364084597605,45.31967515556078],[-74.3536323272522,45.31966999749926],[-74.35362378427385,45.31966485775512],[-74.35361521883762,45.31965973632838],[-74.35360663184183,45.3196546338507],[-74.35359802238813,45.3196495503221],[-74.35358939137488,45.31964448447933],[-74.35358073790377,45.319639438848924],[-74.35357206287306,45.31963441153594],[-74.35356336448616,45.319629402540365],[-74.35355464543801,45.319624412493944],[-74.35354590483028,45.31961944139661],[-74.35353714266301,45.31961448988005],[-74.35352835893616,45.319609557312646],[-74.35351955275144,45.31960464369431],[-74.35351072590545,45.31959974839347],[-74.35350187749992,45.31959487330503],[-74.3534930084331,45.31959001779743],[-74.35348411780674,45.31958518060729],[-74.35347520562081,45.31958036362958],[-74.35346627367194,45.319575564337775],[-74.35345731926519,45.31957078652168],[-74.35344834599381,45.31956602639145],[-74.35343935026457,45.31956128773703],[-74.35343033477236,45.31955656676845],[-74.35342129861893,45.31955186664402],[-74.35341224180422,45.31954718546872],[-74.35340316432828,45.31954252450597],[-74.35339406708938,45.31953788249235],[-74.35338494918928,45.31953326069129],[-74.35337581152619,45.319528658471036],[-74.35336665410018,45.3195240764633],[-74.35335747691126,45.3195195146681],[-74.35334827816274,45.31951497245376],[-74.35333906144793,45.31951045045196],[-74.35332982407186,45.31950594739933],[-74.35332056872947,45.31950146519091],[-74.35331129182755,45.31949700319503],[-74.35330199606098,45.31949256141172],[-74.3532926814298,45.31948814047258],[-74.35328334703568,45.319483738482724],[-74.35327399467525,45.31947935733701],[-74.3532646216536,45.31947499640391],[-74.35325523066561,45.31947065631502],[-74.35324581991469,45.3194663364387],[-74.35323639119747,45.31946203614331],[-74.35322694361561,45.31945775732379],[-74.35321747716915,45.3194534993485],[-74.35320799185808,45.319449261585845],[-74.35319848947901,45.31944504466737],[-74.35318896733699,45.31944084732989],[-74.35317942722867,45.31943667146831],[-74.35316986915404,45.319432516451016],[-74.35316029311312,45.31942838164629],[-74.35315069910588,45.31942426831753],[-74.35314108713234,45.31942017520135],[-74.3531314562942,45.31941610229782],[-74.35312180748973,45.31941205150188],[-74.35311213982062,45.319408020286915],[-74.35310245508356,45.319404010547885],[-74.3530927541768,45.31940002228484],[-74.35308303440542,45.31939605423441],[-74.35307329846438,45.31939210829159],[-74.35306354545534,45.319388183193105],[-74.35305377447999,45.31938427957058],[-74.35304398643666,45.31938039616073],[-74.35303418222365,45.31937653422685],[-74.35302436094263,45.3193726944006],[-74.35301452349198,45.319368875418704],[-74.35300466807497,45.31936507854444],[-74.35299479738664,45.31936130251451],[-74.35298490873198,45.3193575473289],[-74.352975004806,45.319353814250995],[-74.3529650847103,45.31935010328075],[-74.35295514934326,45.31934641252317],[-74.35294519690822,45.319342744504965],[-74.35293522830352,45.31933909733112],[-74.35292524352914,45.31933547226494],[-74.35291524438172,45.31933186930644],[-74.3529052290646,45.31932828719229],[-74.35289519667951,45.31932472718589],[-74.35288515081969,45.31932118928713],[-74.3528750887902,45.319317673496116],[-74.35286501059103,45.319314178549476],[-74.35285491891712,45.31931070634221],[-74.35284481107355,45.31930725561098],[-74.35283468795859,45.31930382635581],[-74.35282455047063,45.31930042047167],[-74.35281439771127,45.31929703543199],[-74.3528042305789,45.31929367313164],[-74.35279404997179,45.31929033230741],[-74.35278385319499,45.319287014222525],[-74.35277364294349,45.31928371824544],[-74.3527634174206,45.31928044437608],[-74.35275317752468,45.31927719198276],[-74.35274292505233,45.31927396359223],[-74.35273265820696,45.319270755414465],[-74.35272237609021,45.3192675712394],[-74.35271208049875,45.31926440854048],[-74.35099000291257,45.318737620574375],[-74.35061463198963,45.31862278947594],[-74.35060266014183,45.31861914036077],[-74.3505906748193,45.31861551461685],[-74.35057867512374,45.31861191287587],[-74.35056666105513,45.31860833387454],[-74.35055463351179,45.3186047776129],[-74.35054259249372,45.31860124472248],[-74.35053053800092,45.31859773583506],[-74.3505184700334,45.318594248424006],[-74.35050638769283,45.31859078564754],[-74.35049429277585,45.318587346874075],[-74.35048218348582,45.31858393084029],[-74.35047006161938,45.318580537546126],[-74.3504579262782,45.31857716762337],[-74.35044577925892,45.318573821703545],[-74.35043361876492,45.31857049852341],[-74.3504214447962,45.31856719934631],[-74.35040925825105,45.31856392480388],[-74.35039706002782,45.31856067236948],[-74.35038484743151,45.3185574433064],[-74.35037262495376,45.31855423887806],[-74.35036038720465,45.31855105655771],[-74.35034813867574,45.31854789950377],[-74.35033587846877,45.31854476582117],[-74.35032360568535,45.3185416548783],[-74.3503113203255,45.31853856730679],[-74.35029902328759,45.31853550437002],[-74.35028671457155,45.318532465436284],[-74.35027439417746,45.31852944987397],[-74.35026206120689,45.318526458314686],[-74.3502497183549,45.318523490758466],[-74.3502373638248,45.31852054531036],[-74.3502249967183,45.318517625760286],[-74.35021261973031,45.318514729581636],[-74.3502002301659,45.318511856774386],[-74.35018783072003,45.318509008601865],[-74.35017541959607,45.31850618380079],[-74.35016299769232,45.31850338237116],[-74.35015056411048,45.31850060557629],[-74.35013812064717,45.31849785341617],[-74.35012566640405,45.318495124627454],[-74.35011320227949,45.318492419210195],[-74.35010072737514,45.31848973842771],[-74.35008824169103,45.318487082280036],[-74.3500757461254,45.318484449503785],[-74.35006324067835,45.318481841362306],[-74.35005072445149,45.318479257223935],[-74.35003819834316,45.31847669772039],[-74.3500256632517,45.31847416158828],[-74.35001311738044,45.31847164945933],[-74.350000562526,45.3184691625968],[-74.34998799779015,45.31846669973744],[-74.3499754231728,45.31846426024957],[-74.34996283957229,45.31846184539646],[-74.34995024609033,45.31845945517821],[-74.34993764452352,45.31845708833141],[-74.34992503307524,45.318454747382766],[-74.34991241264382,45.31845242980563],[-74.34989978322925,45.31845013623165],[-74.34988714572982,45.31844786729248],[-74.34987449834894,45.3184456236198],[-74.34986184288321,45.31844340331866],[-74.34984917933265,45.318441208283964],[-74.34983650590064,45.318439037252475],[-74.34982382528207,45.31843689022414],[-74.3498111365787,45.318434768462325],[-74.34979843889215,45.31843267070372],[-74.34978573312077,45.31843059757995],[-74.34977302016286,45.31842854972266],[-74.34976029822182,45.31842652523691],[-74.34974756909423,45.31842452538606],[-74.34973483188182,45.31842255080169],[-74.34972208838121,45.3184206002205],[-74.34970933589743,45.31841867427422],[-74.34969657622715,45.31841677359447],[-74.34968381026862,45.31841489754959],[-74.3496710362253,45.31841304550789],[-74.34965825499543,45.31841121746939],[-74.34964546747737,45.31840941532911],[-74.34963267187446,45.318407637823746],[-74.34961986998334,45.31840588432158],[-74.3496070609057,45.318404155454246],[-74.34959424643819,45.318402452485195],[-74.34958142388581,45.31840077351935],[-74.34956859594357,45.318399118556705],[-74.34955576081477,45.318397489492305],[-74.3495429202961,45.31839588443111],[-74.34953007348922,45.31839430463654],[-74.34951722039415,45.31839274947681],[-74.34950436101084,45.318391219583646],[-74.34949149623766,45.31838971369375],[-74.34947862517626,45.31838823243876],[-74.349465748725,45.318386776450296],[-74.34945286688381,45.31838534572846],[-74.34943997875443,45.318383939641514],[-74.34942708613347,45.31838255882111],[-74.34941418812264,45.31838120263566],[-74.34940128382357,45.318379870453455],[-74.34938837503293,45.318378563537834],[-74.34937546175072,45.31837728252047],[-74.34936254307861,45.318376025506346],[-74.34934961991495,45.31837479375882],[-74.3493366922597,45.31837358664621],[-74.34932375921454,45.31837240480024],[-74.34931082167782,45.31837124758915],[-74.34929787964951,45.318370115644655],[-74.34928493402796,45.31836900833508],[-74.34927198391483,45.31836792629211],[-74.34925902931012,45.31836686951579],[-74.34924607111215,45.31836583737435],[-74.34923310842261,45.318364830499526],[-74.34922014213977,45.31836384825962],[-74.34890133543534,45.318195678433376],[-74.34878894810846,45.3181863948168],[-74.3485152260515,45.31816378237895],[-74.34834279622935,45.31826666074991],[-74.3481209491851,45.318240398572804],[-74.34788133166789,45.318201344489694],[-74.34769435452802,45.318169374533305],[-74.34755894787199,45.31813352990695],[-74.34684656768201,45.317841256957294],[-74.34639525318495,45.31767914269429],[-74.3455194056644,45.317488968958514],[-74.34547112930272,45.31753515577285],[-74.34428090017883,45.317277208268564],[-74.35249405309108,45.30958262483851],[-74.35073990385263,45.308669253108036],[-74.34259533461736,45.31609932757481],[-74.3418895202138,45.31674528455901],[-74.34187394252844,45.31674196822018],[-74.34185835406333,45.31673867525347],[-74.34184275661504,45.31673540629048],[-74.34182714838698,45.31673216133136],[-74.34181153027745,45.316728939112586],[-74.34179590228645,45.31672574216103],[-74.341780264414,45.31672256858162],[-74.34176461755837,45.31671941837429],[-74.34174895992298,45.31671629217077],[-74.34173329420273,45.316713189339396],[-74.34171761860102,45.31671011114353],[-74.34170193311783,45.31670705631981],[-74.3416862377532,45.316704026131596],[-74.34167053430373,45.316701019315516],[-74.34165482097276,45.31669803650329],[-74.34163909955699,45.316695077063244],[-74.34162336825972,45.31669214225867],[-74.34160762797931,45.31668923145798],[-74.34159187871576,45.31668634402946],[-74.34157612226568,45.316683481236446],[-74.34156035503581,45.316680643079],[-74.34154457972109,45.31667782829376],[-74.34152879721988,45.31667503751232],[-74.34151300483718,45.31667227010313],[-74.34149720436966,45.31666952732944],[-74.34148139491897,45.31666680855965],[-74.34146557828176,45.31666411442543],[-74.34144975266139,45.316661443031734],[-74.3414339189562,45.31665879753699],[-74.34141807716617,45.31665617541441],[-74.3414022281896,45.31665357603238],[-74.34138637022988,45.31665100254926],[-74.34137050508366,45.31664845307007],[-74.34135463185258,45.31664592759477],[-74.341338751435,45.316643425491705],[-74.34132286293257,45.31664094802427],[-74.34130696724361,45.31663849519239],[-74.3412910625715,45.3166360663644],[-74.3412751516112,45.31663366217206],[-74.34125923436268,45.31663128135193],[-74.34124330902932,45.31662892516745],[-74.34122737561113,45.31662659361852],[-74.34121143680305,45.31662428607356],[-74.34119548991012,45.31662200316421],[-74.34117953583068,45.31661974425884],[-74.34116357636134,45.31661750935737],[-74.34114760790884,45.31661529909153],[-74.34113163406646,45.31661311219792],[-74.34111565393587,45.31661095120339],[-74.33979940644896,45.316433934451936],[-74.33978804186232,45.316432393767215],[-74.33977668356387,45.31643082781496],[-74.33976533245192,45.31642923659518],[-74.3397539876282,45.31642762137126],[-74.3397426508893,45.31642598024811],[-74.33973132043864,45.316424316384214],[-74.33971999897112,45.316422626621076],[-74.33970868289349,45.31642091222205],[-74.339697375799,45.316419173818915],[-74.33968607589105,45.31641741077989],[-74.33967478406791,45.316415622473315],[-74.33966349853301,45.31641380953089],[-74.33965222287956,45.316411972584305],[-74.33964095351432,45.316410111633516],[-74.33962969403056,45.31640822541517],[-74.3396184426316,45.316406314561],[-74.3396071984192,45.316404379702625],[-74.33959596318994,45.31640242020832],[-74.33958473784216,45.31640043670991],[-74.33957352057921,45.31639842731217],[-74.3395623114011,45.316396394542004],[-74.33955111120613,45.31639433776756],[-74.33953992089263,45.31639225635728],[-74.33952873956228,45.31639015031107],[-74.3395175672151,45.316388019629024],[-74.33950640474939,45.316385865574446],[-74.33949525036849,45.316383686252216],[-74.33948410676739,45.31638148355755],[-74.33947297214945,45.31637925559523],[-74.33946184831129,45.31637700426041],[-74.33945073345627,45.31637472828964],[-74.33943962938105,45.31637242831471],[-74.3394285351873,45.31637010433547],[-74.33941758292734,45.31636778477803],[-74.33940663965055,45.316365440584626],[-74.33939570625523,45.316363072387006],[-74.3393847836397,45.316360681448515],[-74.33937387180394,45.316358267769154],[-74.33936296984965,45.31635582945387],[-74.33935207867515,45.3163533683977],[-74.33934119828044,45.31635088333729],[-74.33933032866548,45.316348375536016],[-74.33931946983034,45.316345843730446],[-74.33930862177495,45.31634328981573],[-74.33929778539769,45.31634071063337],[-74.33928695980019,45.31633810934176],[-74.3392761458808,45.31633548467761],[-74.33926534274119,45.316332836640896],[-74.3392545512797,45.316330165863235],[-74.33924377149627,45.316327471712995],[-74.33923300339097,45.316324753558504],[-74.33922224786207,45.316322013294744],[-74.33921150311295,45.31631924965841],[-74.33920077094025,45.3163164626495],[-74.33919005044567,45.31631365226797],[-74.33917934252746,45.31631081977716],[-74.3391686462874,45.316307963282114],[-74.33915796352203,45.31630508467777],[-74.33914729243477,45.31630218270084],[-74.33913663482224,45.31629925735126],[-74.33912598888782,45.31629630926075],[-74.33911535552978,45.31629333842932],[-74.3391047356465,45.31629034485694],[-74.33909412833961,45.316287328543595],[-74.3390835354058,45.31628428948929],[-74.33907295415007,45.31628122769403],[-74.33906238726738,45.31627814252608],[-74.33905183206278,45.31627503524892],[-74.33904129212955,45.316271904599084],[-74.33903076567104,45.31626875247166],[-74.33902025268728,45.316265576339845],[-74.33900975227992,45.31626237873045],[-74.33899926624561,45.3162591583801],[-74.33898879548266,45.31625591465701],[-74.33897833729613,45.31625264945637],[-74.33896789438096,45.316249361514686],[-74.3389574640422,45.31624605083203],[-74.33894705077141,45.316242717408365],[-74.33893664917873,45.316239362507034],[-74.33892626375574,45.31623598486474],[-74.33891589270578,45.31623258448141],[-74.33890553602888,45.31622916262045],[-74.33889519462333,45.31622571738677],[-74.3388848675908,45.316222250675445],[-74.338874556728,45.316218761854785],[-74.33751125009661,45.315755663380486],[-74.33726022577193,45.31569121849221],[-74.34588498045916,45.30760799368361],[-74.34392191362834,45.3068756915263],[-74.33509409656776,45.31505230687254],[-74.33508261699674,45.31504759500383],[-74.33507115449372,45.3150428610251],[-74.33505970995701,45.315038105568156],[-74.33504828248827,45.31503332989626],[-74.33503687478247,45.31502853211441],[-74.33502548324637,45.315023712854234],[-74.33501411057487,45.31501887274748],[-74.33500275676799,45.315014011794084],[-74.3349914200291,45.31500912873073],[-74.33498010215484,45.31500422608411],[-74.33496880224689,45.314999300695746],[-74.33495752120355,45.31499435509249],[-74.33494625992316,45.31498938864257],[-74.33493501571074,45.31498440071433],[-74.33492379036294,45.31497939193947],[-74.33491258387978,45.314974362949584],[-74.33490139626122,45.3149693118497],[-74.33489022750729,45.314964240534835],[-74.33487907851631,45.31495914900499],[-74.33486794838993,45.314954035996784],[-74.33485683712819,45.31494890277364],[-74.33484574562937,45.31494374870373],[-74.33483467299517,45.3149385737872],[-74.33482361922562,45.314933378023916],[-74.33481258521898,45.31492816204565],[-74.33480157187358,45.314922924589006],[-74.33479057739282,45.31491766754903],[-74.33477960267501,45.31491239092571],[-74.33476864772013,45.314907091560585],[-74.33475771252816,45.31490177387556],[-74.33474679709913,45.31489643471207],[-74.33473590233136,45.314891075965285],[-74.33472502732654,45.3148856970034],[-74.33471417388128,45.3148802965631],[-74.33470333840232,45.31487487653942],[-74.33469252448295,45.31486943693237],[-74.3346817303265,45.314863975846905],[-74.33467095772959,45.31485849580974],[-74.33446099988812,45.3147513908247],[-74.33437448224481,45.31483721304592],[-74.33458350224511,45.314943839037376],[-74.33459424429928,45.31494930390538],[-74.33460500611638,45.31495474982181],[-74.33461578769642,45.31496017615486],[-74.33462658993771,45.314965581641204],[-74.334637409247,45.31497097007103],[-74.33464824921754,45.3149763370224],[-74.33465910984931,45.314981685022225],[-74.33466998844742,45.314987014070404],[-74.33468088680843,45.31499232164019],[-74.33469180493239,45.31499761089012],[-74.33470274192098,45.315002880556754],[-74.33471369687587,45.31500813000839],[-74.33472467159369,45.315013359876744],[-74.33473566517613,45.31501857016183],[-74.3347466776232,45.31502375960023],[-74.33475770893489,45.315028930087124],[-74.33476875821289,45.31503407972733],[-74.33477982725383,45.315039209784295],[-74.33479091426105,45.315044320889676],[-74.33480202013293,45.31504941114844],[-74.3348131448694,45.31505448056059],[-74.33482428757219,45.31505953102123],[-74.33483544734295,45.315064560635214],[-74.33484662687667,45.31506957066597],[-74.33485782437668,45.3150745598501],[-74.33486903984301,45.31507952881935],[-74.3348802723773,45.31508447883712],[-74.33489152377626,45.31508940674489],[-74.33490279224318,45.315094315701124],[-74.33491407957473,45.315099203810796],[-74.33492538397425,45.31510407107386],[-74.33493670544179,45.31510891875379],[-74.33494804487562,45.315113745587134],[-74.33495940137743,45.31511855157389],[-74.33497077674389,45.315123337977525],[-74.33498216827999,45.31512810290287],[-74.33499357778241,45.31513284761334],[-74.33464874868082,45.315451941274965],[-74.33535656542917,45.31575707016435],[-74.33595756171043,45.31592058217713],[-74.3366423276886,45.31600912458761],[-74.33685820902103,45.316067921796034],[-74.33721613196622,45.31621022457138],[-74.33788444619825,45.31685740701854],[-74.33829589705626,45.317406616760685],[-74.3385146934218,45.31755241059809],[-74.33913363444918,45.31774326569557],[-74.3395100025021,45.317784139941416],[-74.3399716880491,45.317702641562654],[-74.34036129547266,45.31756603960704],[-74.34088921111062,45.31737707262554],[-74.34127870534647,45.31730428449248],[-74.34165142713762,45.317276525424994],[-74.34208609944572,45.31732304025293],[-74.34247040501248,45.317426283364064],[-74.34279840327892,45.31766946609235],[-74.34299170366006,45.31795274431475],[-74.34316068574817,45.31834091563804],[-74.34331977469003,45.31863898467208],[-74.343411402849,45.31876190352687],[-74.34354232691177,45.31883868567027],[-74.34374739522316,45.318869902310446],[-74.34397970764047,45.31885227204861],[-74.34453586720927,45.31864149047703],[-74.34509430580395,45.318324098165725],[-74.34534789931035,45.31824896902869],[-74.34554846706214,45.31820561898243],[-74.3457731581726,45.318188433207816],[-74.34592294056812,45.318208357891756],[-74.34612136224472,45.31825532422813],[-74.34623473951503,45.31826487123839],[-74.34648508740831,45.31836700279721],[-74.34677989202667,45.31848726672598],[-74.3469294866743,45.318526786779834],[-74.34742904249876,45.31872716215628],[-74.34771627791254,45.31892595578099],[-74.34783285677852,45.31902866222045],[-74.34789124278042,45.31908010001245],[-74.34823766549333,45.31937526712844],[-74.3484786448565,45.319714851016606],[-74.34868586463298,45.31983412102713],[-74.34909040834476,45.31989567836031],[-74.34974317992577,45.319882214772],[-74.35012870360805,45.31987426168388],[-74.35077335441886,45.31985426305122],[-74.35144305475137,45.319812361341846],[-74.35186743865454,45.31986578811608],[-74.35241560321731,45.32009772338998],[-74.35260043607859,45.32017592745178],[-74.35297733234088,45.32027249393859],[-74.35353569817204,45.32049505714274],[-74.35381326322178,45.32066355617693],[-74.35398057354513,45.32096376624168],[-74.35417111340342,45.32120541028708],[-74.3543203927424,45.32139472768953],[-74.35455561300627,45.32217804984974],[-74.35491055174808,45.322557268717055],[-74.35519368814921,45.32269987479368],[-74.35547281626756,45.322779784417534],[-74.35573542077456,45.32283423097943],[-74.35628172582472,45.32285477932894],[-74.35659271988112,45.32277950524311],[-74.35678342682607,45.32279759852078],[-74.35724121009147,45.322814625625],[-74.35756900623696,45.322889786605046],[-74.35776402509525,45.323008739809715],[-74.35795157176702,45.3232249117279],[-74.35799690255288,45.32325641712413],[-74.35810208808611,45.323323074781705],[-74.35829488091913,45.32345914114913],[-74.35846340935802,45.323589998324934],[-74.35855017044479,45.32366345420214],[-74.35867813366039,45.323742396110376],[-74.35884749393922,45.32380699669077],[-74.35907792977589,45.3238553542319],[-74.35928318044527,45.323881219685504],[-74.35943509005139,45.32390220156711],[-74.3595550429896,45.323908468339475],[-74.35976709570231,45.32388797658491],[-74.35998925805522,45.32385432598004],[-74.36031977879097,45.32380961785081],[-74.36076806596553,45.32377931660167],[-74.36098443777811,45.32377752663265],[-74.36124982346924,45.32382356810468],[-74.36156765550162,45.32386920531261],[-74.3618544210965,45.32360541396135],[-74.36255207879728,45.323902531264274],[-74.36256876230873,45.32390962101627],[-74.3625854637865,45.32391669118763],[-74.36260218323056,45.323923740515255],[-74.36261891974262,45.32393076710422],[-74.36263567511931,45.32393777411265],[-74.36265244666566,45.32394475964568],[-74.36266923707663,45.32395172307173],[-74.36268604545391,45.323958667548844],[-74.36270287000086,45.323965589287376],[-74.36271971341245,45.323972489550584],[-74.3627365729937,45.323979369601645],[-74.36275345054125,45.32398622754576],[-74.36277034515682,45.32399306464614],[-74.36278725684036,45.32399988027127],[-74.36280418738849,45.324006675684224],[-74.36282113320803,45.32401344835872],[-74.36283809699384,45.32402020018949],[-74.36285507694936,45.324026930544996],[-74.36287207576947,45.32403363942523],[-74.36288909075927,45.32404032746177],[-74.36290612102042,45.324046993391455],[-74.3629231701462,45.32405363847751],[-74.36294023544167,45.324060261456665],[-74.3629573178051,45.32406686359221],[-74.36297441543991,45.32407344362097],[-74.3629915301427,45.324080002174426],[-74.36300866281178,45.32408653925272],[-74.36302581075225,45.324093055487374],[-74.3630429757607,45.32409954961523],[-74.36306015693881,45.324106022267856],[-74.3630773533883,45.32411247281374],[-74.3630945678041,45.324118902516034],[-74.36311179749124,45.324125309479925],[-74.36312904334807,45.324131695600286],[-74.36314630537456,45.32413805961389],[-74.36316358357075,45.324144401520684],[-74.3631808788349,45.324150722584015],[-74.36319818847213,45.32415702027734],[-74.36321551517732,45.324163297758766],[-74.36323285715387,45.32416955376509],[-74.36325021530013,45.32417578640146],[-74.36326758871772,45.324181997562704],[-74.36328497830499,45.324188187880516],[-74.3633023831636,45.32419435545998],[-74.3633198032936,45.32420050093275],[-74.36333723959326,45.324206624930454],[-74.36335469116429,45.32421272682149],[-74.36337215800668,45.324218806605856],[-74.36338964012043,45.324224864915195],[-74.36340713840384,45.324230900486256],[-74.36342465016199,45.324236914582286],[-74.3634421780898,45.32424290594003],[-74.36345972128898,45.324248875822796],[-74.36347727975954,45.324254823598906],[-74.36349485350144,45.324260748636824],[-74.3635124416164,45.32426665283131],[-74.36353004410438,45.32427253365603],[-74.36436793600753,45.32455182633496],[-74.36438397003705,45.32455718416813],[-74.3643999887952,45.324562565369924],[-74.36441599138365,45.324567968045436],[-74.36443197870078,45.32457339408951],[-74.36444795074654,45.32457884287054],[-74.36446390752093,45.3245843143885],[-74.36447984812564,45.324589808011815],[-74.364495773459,45.324595324372055],[-74.36451168352099,45.32460086283756],[-74.36452757741333,45.32460642404005],[-74.36454345513597,45.3246120079794],[-74.36455931758724,45.32461761402404],[-74.36457516386886,45.3246232434372],[-74.36459099398078,45.32462889306087],[-74.36460680792307,45.3246345673162],[-74.36462260569563,45.32464026241359],[-74.36463838729856,45.32464598024786],[-74.3646541536301,45.324651720187425],[-74.36466990289367,45.32465748286381],[-74.36468563508923,45.32466326827705],[-74.36470135201345,45.324669075163925],[-74.36471705186968,45.324674904156026],[-74.3647327346579,45.32468075525336],[-74.36474840127646,45.324686629087516],[-74.36476405082702,45.324692524395275],[-74.36477968420792,45.32469844243991],[-74.36479530052081,45.32470438195808],[-74.36481089976573,45.32471034421304],[-74.36482648194264,45.32471632794164],[-74.36484204794988,45.32472233314376],[-74.36485759599081,45.3247283610827],[-74.36487312696376,45.324734411126805],[-74.36488864086873,45.324740483276024],[-74.36490413680737,45.32474657753043],[-74.36491961747467,45.32475269199522],[-74.36493507927733,45.32475883045987],[-74.3649505231137,45.32476498913493],[-74.36496594988208,45.324771170546654],[-74.36498135958244,45.32477737343195],[-74.36499675131653,45.32478359842234],[-74.3650121250843,45.324789844254624],[-74.36502748088579,45.32479611345522],[-74.36504281961925,45.32480240223452],[-74.36505814038642,45.32480871438206],[-74.36507344228897,45.324815047371516],[-74.36508872712353,45.32482140246602],[-74.36510399309346,45.324827778402394],[-74.36511924199542,45.32483417644386],[-74.36513447203275,45.324840596590306],[-74.36514968410376,45.324847037578635],[-74.36516487731018,45.324853499408825],[-74.36518005255026,45.32485998334399],[-74.36519520982404,45.324866488121],[-74.3652103473349,45.32487301563463],[-74.36522546777776,45.324879563358486],[-74.36524056755937,45.32488613318729],[-74.36525565027299,45.32489272322635],[-74.36527071322367,45.32489933663355],[-74.36528575820805,45.32490596961936],[-74.3653007843278,45.32491262471011],[-74.36531579158296,45.32491929937946],[-74.36533077997348,45.324925997416905],[-74.36534574860104,45.324932715664566],[-74.36536069746569,45.32493945475392],[-74.36537562836403,45.32494621531662],[-74.36539053949943,45.3249529967211],[-74.36540543177021,45.32495979959886],[-74.36542030517637,45.32496662331833],[-74.3654351588196,45.324973467247915],[-74.36544999180155,45.32498033328238],[-74.36546480681724,45.32498722079018],[-74.36547960206995,45.32499412724483],[-74.36549437666143,45.32500105643599],[-74.3655091323883,45.325008005837184],[-74.36552386835221,45.32501497544847],[-74.36553858275656,45.325021966532994],[-74.36555327919463,45.32502897845914],[-74.3655679549714,45.32503601059539],[-74.36558261098527,45.32504306483641],[-74.3655972472362,45.32505013865586],[-74.36561186282586,45.32505723268541],[-74.36562645955091,45.3250643475565],[-74.3656410338181,45.32507148390081],[-74.36565558922062,45.32507864045513],[-74.36567012396193,45.32508581785101],[-74.36568463804198,45.3250930148253],[-74.36569913235908,45.325100232641134],[-74.36571360511662,45.32510747193015],[-74.365800071556,45.325021620420934],[-74.3657855790355,45.32501437291026],[-74.36577106585378,45.32500714434644],[-74.36575653290912,45.324999936624145],[-74.3657419802015,45.32499274848033],[-74.36572740683266,45.324985581809706],[-74.36571281370087,45.32497843471752],[-74.36569820080614,45.32497130783538],[-74.36568356814848,45.32496420179486],[-74.36566891482956,45.3249571153328],[-74.36565424264604,45.32495004971242],[-74.36563954980124,45.32494300430207],[-74.36562483809182,45.32493597973342],[-74.3656101066195,45.32492897537486],[-74.3655953553842,45.32492199122636],[-74.365580584386,45.32491502855117],[-74.36556579452315,45.324908085454496],[-74.36555098489738,45.32490116319951],[-74.36553615640698,45.32489426241783],[-74.36552130725534,45.32488738121472],[-74.36550644103569,45.32488052148488],[-74.36549155505313,45.32487368259679],[-74.3654766484093,45.32486686328727],[-74.3654617246975,45.32486006545112],[-74.3654467803244,45.32485328845671],[-74.36543181888337,45.324846532304036],[-74.36541683678105,45.324839796361566],[-74.36540183671245,45.32483308252406],[-74.36538681777921,45.32482638826515],[-74.36537178087967,45.32481971611123],[-74.36535672331888,45.324813064167536],[-74.3653416495884,45.32480643369723],[-74.36532655519669,45.324799823437154],[-74.36531144373699,45.3247932346505],[-74.36529631341264,45.32478666607408],[-74.36528116512201,45.3247801202343],[-74.36526599796676,45.32477359460474],[-74.36525081284519,45.32476708918551],[-74.36523561065565,45.32476060650287],[-74.36522038960146,45.32475414466208],[-74.36520514878436,45.32474770303158],[-74.36518989179756,45.32474128350621],[-74.36517461684447,45.32473488545426],[-74.36515932392507,45.324728507612626],[-74.36514401303937,45.32472215124453],[-74.36512868418737,45.32471581761308],[-74.36511333826736,45.32470950356041],[-74.36509797438106,45.32470321224443],[-74.36508259163014,45.3246969411388],[-74.36506719270953,45.32469069213823],[-74.36505177672095,45.324684463979686],[-74.36503634276605,45.32467825855785],[-74.36502089174317,45.32467207334639],[-74.36500542275397,45.32466591024009],[-74.3649899375951,45.324659769238956],[-74.36497443446993,45.32465364907983],[-74.36495891517508,45.32464755039426],[-74.36494337791392,45.32464147318228],[-74.36492782358478,45.32463541807549],[-74.36491225308596,45.3246293844423],[-74.36489666551915,45.32462337291435],[-74.36488106088436,45.32461738222841],[-74.36486544007988,45.324611414279296],[-74.36484980310573,45.32460546717219],[-74.36483414726696,45.324599542170326],[-74.36481847705515,45.32459363927374],[-74.36480278977533,45.324587758482366],[-74.36478708542754,45.32458189790147],[-74.36477136580838,45.32457606132065],[-74.36475562912122,45.32457024495027],[-74.36473987626441,45.32456445131679],[-74.3647241072379,45.324558679157015],[-74.36470832204174,45.32455292910249],[-74.36469252157423,45.324547202416475],[-74.36467670403869,45.32454149594098],[-74.36466087123179,45.324535812202356],[-74.36464502225525,45.324530149937495],[-74.36462915800733,45.32452451040955],[-74.36461327758973,45.32451889235534],[-74.36459738100247,45.32451329703806],[-74.36458147004215,45.32450772319452],[-74.36456554291216,45.32450217208794],[-74.36454960051083,45.3244966430867],[-74.36575708896628,45.323359966492205],[-74.36490427335129,45.32290912223392],[-74.36461084585027,45.32275399930793],[-74.36552518079084,45.321737575096705],[-74.36448347552276,45.3211868522499],[-74.36781469000603,45.318105577955194],[-74.36469009073306,45.318828828611494],[-74.36212172469075,45.319423251986684],[-74.36220429603503,45.31934641631311],[-74.35965717245425,45.31993585497742],[-74.35713205041141,45.32052013457871],[-74.35576290383237,45.32083690758467],[-74.35565906487372,45.32086094772025],[-74.35637029432183,45.32122608997556],[-74.35632318846497,45.32126974278978],[-74.35556799726349,45.3208820305191],[-74.35523492980391,45.32067338322948],[-74.35564294011436,45.32057892521142],[-74.35754295599203,45.320139321698356],[-74.36930298822604,45.3092377466699]]],[[[-74.36171837663659,45.3240761519297],[-74.36156331124889,45.32402001007718],[-74.36146903395813,45.32399088498498],[-74.36134255835265,45.323962013782236],[-74.36116957337165,45.32393654374921],[-74.36103672421923,45.32392767224714],[-74.36071149545882,45.32392716506955],[-74.36032523695464,45.32395264900207],[-74.36015083443212,45.323991773018484],[-74.36009694270159,45.324019614694016],[-74.36004170619309,45.32404845365567],[-74.35987967347204,45.324082456578964],[-74.35954227433615,45.32408892544396],[-74.3591808551479,45.324063905800216],[-74.35898415733833,45.32403520327252],[-74.35874170833137,45.32398208738894],[-74.35866553568685,45.32395823932189],[-74.35863731870546,45.323947222266916],[-74.35861947457065,45.32394025631391],[-74.35855513812832,45.323915136179515],[-74.3584681515644,45.32388117421005],[-74.35839750715215,45.32384720527255],[-74.35823472972773,45.32374496737657],[-74.35796016684765,45.32352143731487],[-74.35756165262805,45.323175682024264],[-74.35740060985043,45.32305630788413],[-74.35733769454289,45.32301500099643],[-74.3572574219874,45.322980787736554],[-74.35712814273992,45.32295564759668],[-74.35702763742931,45.32295173032446],[-74.3567282163687,45.32296856979293],[-74.35659490548221,45.32298582864812],[-74.3564043934717,45.32302681722385],[-74.3563419866106,45.32303733737806],[-74.35627886738548,45.32304546876872],[-74.35621521815433,45.323051186763955],[-74.35615122486844,45.32305447557416],[-74.35610549253565,45.323055332673285],[-74.35605974852474,45.32305494738923],[-74.35601405841278,45.32305332161676],[-74.35596849047167,45.32305045851385],[-74.35583966667004,45.32304258166407],[-74.35579027999066,45.32303639627402],[-74.3554888934162,45.322976206008],[-74.35527676255006,45.322919651252604],[-74.35504244778797,45.32283882598339],[-74.3548751949568,45.32276538419574],[-74.3547027920841,45.32267069786177],[-74.35459839706832,45.32259817296597],[-74.35456274203638,45.32256824309225],[-74.3545221130327,45.322530841149586],[-74.35439751849943,45.32238517760341],[-74.35429773453599,45.32220517868294],[-74.35424608140715,45.322065155336055],[-74.35419425939502,45.32176287747378],[-74.35390276866175,45.32126753017882],[-74.35375477571029,45.32101603540482],[-74.35372309482514,45.32098224034429],[-74.353617838325,45.3208624289106],[-74.35342746645166,45.3206710941669],[-74.35331722070842,45.32058222995616],[-74.35311417899632,45.320497921638115],[-74.35278776086648,45.32038332592012],[-74.35239840317456,45.32029598352009],[-74.35217274817184,45.32023396741614],[-74.35212395078729,45.32018909725531],[-74.35207971414944,45.32014725074671],[-74.35190385006793,45.32006814718064],[-74.35171074012963,45.32000443611777],[-74.35155708779186,45.319974238318565],[-74.35147351392771,45.31996332597406],[-74.35136289179036,45.31996632251064],[-74.35115061180389,45.31998428151414],[-74.35095384212912,45.32001195650929],[-74.35083514862893,45.32002576494609],[-74.35068947333089,45.32002412203222],[-74.35044433117469,45.32001456584366],[-74.35002944066746,45.320021810204054],[-74.34955477446458,45.3200444642208],[-74.34928555925542,45.32007689611603],[-74.34910276826477,45.320093709278204],[-74.34899846667375,45.32008911720984],[-74.34886926917298,45.320071636395966],[-74.34879321780102,45.32005560015263],[-74.34862872369608,45.32001253888799],[-74.34842628385522,45.31994180699623],[-74.34833350225942,45.31988650492914],[-74.34821478180979,45.31966670722925],[-74.34794719794117,45.31939253718471],[-74.34739080840362,45.31894388605795],[-74.34679158629504,45.318685186972246],[-74.34670468327445,45.31862560605959],[-74.34667105394348,45.318607874024046],[-74.34658183865936,45.31857800394537],[-74.34638747646954,45.31851306072572],[-74.34623544020096,45.31846213217213],[-74.34612847690175,45.31842631173421],[-74.34601362010616,45.31839698605517],[-74.34584045636042,45.31837404397199],[-74.34573326668577,45.31836924773631],[-74.34561244866995,45.318372888024285],[-74.3455005922474,45.318384727328116],[-74.34540773609143,45.31840296034392],[-74.34532544591984,45.318429094217706],[-74.34515999061755,45.31850034027738],[-74.3448387494787,45.318693528067584],[-74.34449778133617,45.31890175122459],[-74.34434394664041,45.318973108493566],[-74.3442771146782,45.318999432233596],[-74.34417567062812,45.31902751955091],[-74.34401939790466,45.31905367334971],[-74.34389587146825,45.319063619433116],[-74.34375886042113,45.319063120423536],[-74.34361676940107,45.31904715653542],[-74.3434950683413,45.319014771425095],[-74.34335285335374,45.31895220437552],[-74.34321538775906,45.318865399206956],[-74.34317396644131,45.318833438468445],[-74.34312485374811,45.31879346951772],[-74.34304958211382,45.318699238290435],[-74.34291185780435,45.318410531481206],[-74.3428693665931,45.31831052745239],[-74.34283160231686,45.31822241311821],[-74.34274492207847,45.31806457255408],[-74.34258706293024,45.3178417370275],[-74.3424302628957,45.31767824129672],[-74.34228103296408,45.31757921633395],[-74.34214762685617,45.317521621507666],[-74.34202347698897,45.3174866222848],[-74.34193577087451,45.317471108337145],[-74.34183338179673,45.31745911218685],[-74.34155953846722,45.31744848171694],[-74.34125860284703,45.31749409942492],[-74.34104464031604,45.317540378459555],[-74.34089733008416,45.3175839936863],[-74.34069301545932,45.31767126067605],[-74.34045666960638,45.317775114611294],[-74.34019069821369,45.31786338250546],[-74.33989301539314,45.317942520733084],[-74.33967847075385,45.31798200074003],[-74.33949823457186,45.31799551468181],[-74.33927225797225,45.31797890808471],[-74.3390389726795,45.317919200726955],[-74.33891438623105,45.31787034983734],[-74.33877735721762,45.31781611959024],[-74.33857680473717,45.317758187691744],[-74.33835976278138,45.31769659771605],[-74.33808835837785,45.317523743935375],[-74.33784706640095,45.31729842315814],[-74.33770495112638,45.317036697759654],[-74.33757505563462,45.3168082640077],[-74.33742483755616,45.31662844003344],[-74.3373508253599,45.31655336486825],[-74.33726628041694,45.316484473814505],[-74.33712646662613,45.316389224888844],[-74.33689163892602,45.316264764619575],[-74.33669533996844,45.31620009100691],[-74.33653063745436,45.31616802516792],[-74.33635429726577,45.31614602403248],[-74.33619615874149,45.31613762507824],[-74.33604211473823,45.316129288028485],[-74.33594408877782,45.31611447930761],[-74.3354432250063,45.31600319931842],[-74.33512913445712,45.31589933329197],[-74.33476820574899,45.31574598139648],[-74.33448474775098,45.315932894499475],[-74.33433139185726,45.31603401829171],[-74.3348890228665,45.31627550901555],[-74.3353759690393,45.31650034051322],[-74.33563023089226,45.31662506936289],[-74.33558752318703,45.316647539022384],[-74.33624584276322,45.316965151074506],[-74.33708481803461,45.317369913203315],[-74.33806900776831,45.31789201299112],[-74.33836738498657,45.31805029494094],[-74.33872682338962,45.318201034972674],[-74.33894141653795,45.318269279639615],[-74.33927503556312,45.318337540647654],[-74.33993642827588,45.3184118036545],[-74.3403981901797,45.318501066059326],[-74.3404818323158,45.31852523857206],[-74.34047406638017,45.3185304460076],[-74.33168882137922,45.324431904972755],[-74.33337319038472,45.32541256966754],[-74.3338322232067,45.32511172948055],[-74.3339694857821,45.32502176947651],[-74.33420096456285,45.324870060411094],[-74.33447679316915,45.324689283681394],[-74.33461470522651,45.324598895416024],[-74.33477522608294,45.32449369036991],[-74.33830656185532,45.322164663230154],[-74.33982441824142,45.32315641659532],[-74.33748627872835,45.32470620158276],[-74.33731381117694,45.324820511919114],[-74.33565441533634,45.32520433949031],[-74.33376579818132,45.32564115441648],[-74.33411701969447,45.325845652864224],[-74.33479033035613,45.32568992660576],[-74.3354182868757,45.325544687396864],[-74.33665036761037,45.325259706473084],[-74.33678915552515,45.32522760470775],[-74.3370350881988,45.32517071745735],[-74.33918150297573,45.32467420371698],[-74.33923311118879,45.32478522161878],[-74.34160650508521,45.324236124450614],[-74.34189977987263,45.324045336698944],[-74.3470180363068,45.32286246735183],[-74.35256719302319,45.321576692290066],[-74.3526589640143,45.321649421246356],[-74.3527876207293,45.32175639697388],[-74.35375338781316,45.32255941685247],[-74.35397165237606,45.322740894525516],[-74.3543965950313,45.323085953274195],[-74.35471204293492,45.323310357939675],[-74.35506161873447,45.32351528166272],[-74.3553019908365,45.32363660018454],[-74.35560817261795,45.323753968386356],[-74.35564217295314,45.323763835325636],[-74.35600681619493,45.32386256652099],[-74.35786242475484,45.324313401296955],[-74.35799391834951,45.32435622118005],[-74.35819517421082,45.32422239725323],[-74.36041065865332,45.32494381905599],[-74.36171837663659,45.3240761519297]]]]}},{"type":"Feature","properties":{"zone_code":"A1-6","prefix":"A","kind":"agricultural","n_lots":59,"source":"t2-gcp3","confidence":"contour-manual-gcp"},"geometry":{"type":"MultiPolygon","coordinates":[[[[-74.3411016608787,45.34468481477505],[-74.34032890491847,45.344136715529466],[-74.33952792838359,45.34357680030204],[-74.33791898372597,45.34245203528324],[-74.33630595442877,45.341324344697505],[-74.33467777863753,45.340185843171234],[-74.33362177937667,45.3394398318542],[-74.33390838956302,45.33923476684015],[-74.33356225161604,45.338990232586866],[-74.33327564142971,45.33919529532942],[-74.33310627216773,45.33907564049451],[-74.3325674914064,45.338697978835626],[-74.33150131962323,45.33795061619307],[-74.33124439606208,45.33777038131754],[-74.34074059832159,45.33097504845323],[-74.34006257958956,45.33035048959437],[-74.34064006875646,45.32992743553844],[-74.33832591785473,45.328580379728585],[-74.3365538085988,45.32754876864809],[-74.33530854329071,45.32682381480004],[-74.3347992093044,45.327163465831305],[-74.3345765717427,45.32699867070385],[-74.33439577680862,45.327119212516216],[-74.33423562156649,45.32702598543622],[-74.33489763950672,45.32658459343611],[-74.33485575375995,45.326560207731866],[-74.33473624908109,45.3264906328493],[-74.33341609661763,45.325722031898586],[-74.33314332407991,45.32556321684843],[-74.33146202731271,45.32458429101948],[-74.32806135329504,45.326869080753724],[-74.32523609064104,45.32708570530206],[-74.32503209940971,45.32695909150759],[-74.32348929950308,45.328015871442624],[-74.31897624526236,45.32905903826132],[-74.3172757505992,45.32786741155958],[-74.3172187578843,45.32790788125109],[-74.3171136217584,45.32798253780586],[-74.31709104260374,45.32796671537379],[-74.31387774727287,45.33023871086594],[-74.30918248504811,45.33132351083555],[-74.30448704316031,45.33240811825734],[-74.3027089277684,45.33281878640393],[-74.30272592389356,45.33283078814313],[-74.30303075281219,45.333046049844576],[-74.30329735572053,45.33323431475226],[-74.30330774922837,45.33324165467317],[-74.30373504277472,45.33293964294898],[-74.30843054574798,45.331855065914816],[-74.30836990677135,45.331897933775885],[-74.31306523097986,45.33081316691191],[-74.30647058708803,45.335474988718936],[-74.3064905503486,45.335489085127946],[-74.30801284171727,45.33656390466938],[-74.30805209989182,45.336591622713605],[-74.30958188590492,45.337671669943106],[-74.30962457205058,45.337701806529736],[-74.31120349770634,45.3388164820952],[-74.31122013001384,45.33882822304259],[-74.31275665608649,45.33991290079032],[-74.31278520095297,45.339933050829515],[-74.31437216653052,45.34105326794629],[-74.31438830117133,45.341064656733124],[-74.31585856122044,45.342102432875016],[-74.3158615678817,45.34210455438181],[-74.3158725704473,45.34211232187411],[-74.31596878001423,45.34218022835038],[-74.31596988584033,45.34218100370954],[-74.31760194684516,45.34332416263713],[-74.31760511879642,45.34332638448868],[-74.3191918202693,45.34443770595311],[-74.31919650049193,45.3444409827882],[-74.32078507225721,45.34555354888548],[-74.32079234501774,45.345558641453955],[-74.32236175661633,45.346657721416406],[-74.3223676675309,45.346661860547066],[-74.32397384088588,45.34778661894891],[-74.32400108768675,45.347805479520524],[-74.32509102170582,45.34855997993737],[-74.3255843441205,45.34891414608891],[-74.32559528919391,45.34892200292636],[-74.32611721306894,45.349295481438865],[-74.32716512210237,45.350045319324444],[-74.32717522096281,45.35005254532398],[-74.33731942025759,45.34283770132303],[-74.33778488950857,45.342506580375805],[-74.33865907065426,45.34311770495566],[-74.33941073147668,45.3436431612887],[-74.34025073262413,45.34423035640846],[-74.34099472183401,45.34475833295027],[-74.3411016608787,45.34468481477505]]],[[[-74.33432620947639,45.32543616385614],[-74.3338322232067,45.32511172948055],[-74.33337319038472,45.32541256966754],[-74.33367289351632,45.32558706297668],[-74.33432620947639,45.32543616385614]]]]}},{"type":"Feature","properties":{"zone_code":"A1-5","prefix":"A","kind":"agricultural","n_lots":45,"source":"t2-gcp3","confidence":"contour-manual-gcp"},"geometry":{"type":"MultiPolygon","coordinates":[[[[-74.35799391834951,45.32435622118005],[-74.35786242475484,45.324313401296955],[-74.35600681619493,45.32386256652099],[-74.35564217295314,45.323763835325636],[-74.35560817261795,45.323753968386356],[-74.3553019908365,45.32363660018454],[-74.35506161873447,45.32351528166272],[-74.35471204293492,45.323310357939675],[-74.3543965950313,45.323085953274195],[-74.35397165237606,45.322740894525516],[-74.35375338781316,45.32255941685247],[-74.3527876207293,45.32175639697388],[-74.3526589640143,45.321649421246356],[-74.35256719302319,45.321576692290066],[-74.3470180363068,45.32286246735183],[-74.34189977987263,45.324045336698944],[-74.34160650508521,45.324236124450614],[-74.33923311118879,45.32478522161878],[-74.33918150297573,45.32467420371698],[-74.3370350881988,45.32517071745735],[-74.33678915552515,45.32522760470775],[-74.33665036761037,45.325259706473084],[-74.3354182868757,45.325544687396864],[-74.33479033035613,45.32568992660576],[-74.33411701969447,45.325845652864224],[-74.33376579818132,45.32564115441648],[-74.33565441533634,45.32520433949031],[-74.33731381117694,45.324820511919114],[-74.33748627872835,45.32470620158276],[-74.33982441824142,45.32315641659532],[-74.33830656185532,45.322164663230154],[-74.33477522608294,45.32449369036991],[-74.33461470522651,45.324598895416024],[-74.33447679316915,45.324689283681394],[-74.33420096456285,45.324870060411094],[-74.3339694857821,45.32502176947651],[-74.3338322232067,45.32511172948055],[-74.33432620947639,45.32543616385614],[-74.33367289351632,45.32558706297668],[-74.33337319038472,45.32541256966754],[-74.33168882137922,45.324431904972755],[-74.33146202731271,45.32458429101948],[-74.33314332407991,45.32556321684843],[-74.33341609661763,45.325722031898586],[-74.33473624908109,45.3264906328493],[-74.33485575375995,45.326560207731866],[-74.33489763950672,45.32658459343611],[-74.33423562156649,45.32702598543622],[-74.33439577680862,45.327119212516216],[-74.3345765717427,45.32699867070385],[-74.3347992093044,45.327163465831305],[-74.33530854329071,45.32682381480004],[-74.3365538085988,45.32754876864809],[-74.33832591785473,45.328580379728585],[-74.34064006875646,45.32992743553844],[-74.34006257958956,45.33035048959437],[-74.34074059832159,45.33097504845323],[-74.33124439606208,45.33777038131754],[-74.33150131962323,45.33795061619307],[-74.3325674914064,45.338697978835626],[-74.33310627216773,45.33907564049451],[-74.33327564142971,45.33919529532942],[-74.33356225161604,45.338990232586866],[-74.33390838956302,45.33923476684015],[-74.33362177937667,45.3394398318542],[-74.33467777863753,45.340185843171234],[-74.33630595442877,45.341324344697505],[-74.33791898372597,45.34245203528324],[-74.33952792838359,45.34357680030204],[-74.33996598823862,45.34326516578512],[-74.35005934917652,45.336083354536925],[-74.3484071102138,45.33493687369374],[-74.3487837549478,45.33466693839562],[-74.3505805238566,45.33571244419605],[-74.35235347483395,45.33674402530198],[-74.35338300523499,45.33734302186596],[-74.35453915946353,45.338015662788486],[-74.35584777396546,45.33877697114372],[-74.35607718033283,45.33862573208715],[-74.35476036600899,45.337859674471424],[-74.35360420100066,45.33718704369358],[-74.3525745340557,45.33658798422774],[-74.35080056977871,45.3355558401619],[-74.34900293219903,45.33450985659309],[-74.34945334388924,45.33418704470117],[-74.34769927639746,45.33337562337659],[-74.34753911935871,45.33330153280688],[-74.34565296358758,45.33256044243062],[-74.35799391834951,45.32435622118005]]]]}},{"type":"Feature","properties":{"zone_code":"A2-4","prefix":"A","kind":"agricultural","n_lots":27,"source":"t2-gcp3","confidence":"contour-manual-gcp"},"geometry":{"type":"MultiPolygon","coordinates":[[[[-74.36890608468573,45.33031260650986],[-74.3688962732862,45.33030548093033],[-74.3688864879378,45.33029833893005],[-74.36887672684394,45.330291180509086],[-74.3688669918012,45.3302840031412],[-74.36885728191129,45.3302768099841],[-74.36884759807253,45.33026960040619],[-74.36883793848828,45.33026237314447],[-74.36882830405686,45.330255130093526],[-74.36881869477827,45.330247869358715],[-74.36880911244914,45.33024059220311],[-74.3687995543745,45.330233297995214],[-74.36879002235104,45.33022598799798],[-74.36878051637869,45.33021866031692],[-74.36877103466087,45.330211316846516],[-74.36876157989249,45.33020395632379],[-74.36875215117529,45.33019658001179],[-74.36874274761088,45.33018918727895],[-74.36873337009763,45.33018177686218],[-74.36872401863553,45.33017435191916],[-74.36871469412287,45.33016690992374],[-74.36870539386474,45.33015945087597],[-74.36869612055605,45.33015197730187],[-74.36868687329853,45.33014448604385],[-74.36867765388878,45.330136978996514],[-74.36866845963182,45.33012945679132],[-74.36865929142604,45.33012191816525],[-74.36865014927139,45.33011436311828],[-74.36864103496453,45.33010679291349],[-74.36863194670879,45.33009920628775],[-74.3686228845042,45.33009160387264],[-74.36861384924909,45.3300839862997],[-74.36860484184172,45.330076352305774],[-74.36859586048551,45.330068701890916],[-74.36858690518044,45.33006103694976],[-74.36857797772315,45.33005335621915],[-74.368569076317,45.33004565969913],[-74.36856020275863,45.33003794802119],[-74.36855135525138,45.33003022118539],[-74.36854253649025,45.33002247792861],[-74.36853374288194,45.33001472077698],[-74.36852497801969,45.330006947204325],[-74.36851624010693,45.32999915910531],[-74.36850752914363,45.32999135521685],[-74.36849884512976,45.32998353617037],[-74.3684901889637,45.32997570196603],[-74.36848156064539,45.32996785323525],[-74.36847296017486,45.32995998871496],[-74.36846438665378,45.32995210966822],[-74.36819240014195,45.32970151044569],[-74.36810134780308,45.329617602832364],[-74.36809226673387,45.329609256398335],[-74.36808315781688,45.329600925751556],[-74.36807402015383,45.32959261089205],[-74.36806485374466,45.32958431055682],[-74.36805566038605,45.32957602537726],[-74.36804643828133,45.32956775661659],[-74.36803718832884,45.329559503643225],[-74.36802791052858,45.32955126582565],[-74.36801860488058,45.32954304379534],[-74.36800927138476,45.32953483755244],[-74.36799990914288,45.329526646465254],[-74.36799052084984,45.329518471797],[-74.3679811038107,45.32951031228459],[-74.36797165982215,45.32950216982257],[-74.36796218708746,45.329494042516394],[-74.36795268740335,45.32948593162914],[-74.36794316076974,45.329477836529236],[-74.36793360628837,45.329469757216756],[-74.36792402395926,45.32946169432316],[-74.36791441557897,45.32945364848009],[-74.36790477845261,45.32944561716132],[-74.36789511527509,45.329437603524596],[-74.3678854242498,45.329429605675294],[-74.36787570627506,45.32942162424498],[-74.36786596224917,45.32941365923361],[-74.36785619037552,45.32940571064125],[-74.36784639065408,45.329397778467836],[-74.3678365648815,45.32938986334502],[-74.36782671305777,45.329381964641144],[-74.3678168342846,45.32937408235633],[-74.36780692766366,45.32936621649053],[-74.36779699588986,45.32935836767525],[-74.36778703716662,45.32935053527905],[-74.3677770505956,45.32934272056499],[-74.36776703887178,45.32933492226992],[-74.36775700109679,45.32932714039396],[-74.36774693547403,45.3293193762001],[-74.36773684469844,45.3293116284253],[-74.3677267278717,45.32930389833268],[-74.36771658409553,45.32929618402759],[-74.3677064142682,45.32928848803624],[-74.36769621838972,45.32928080909548],[-74.3676859964601,45.32927314720543],[-74.36767574937765,45.32926550236598],[-74.36766547534575,45.329257875208754],[-74.36765517616102,45.329250265102196],[-74.36764485182346,45.32924267330938],[-74.36763450053644,45.329235098567246],[-74.36762412319828,45.329227540244254],[-74.36761372160561,45.329220000235075],[-74.36760329396178,45.32921247727655],[-74.36759284116513,45.32920497326341],[-74.36758236231735,45.32919748503787],[-74.36757185921506,45.32919001638919],[-74.3675613291633,45.32918256415974],[-74.36755077485701,45.32917513024413],[-74.36754019629622,45.329167714010794],[-74.36752959078598,45.3291603154597],[-74.36751896102122,45.329152935222496],[-74.36750830700197,45.329145572036055],[-74.36749762693154,45.329138228426565],[-74.36748692350494,45.3291309012363],[-74.36747619312887,45.329123592991444],[-74.36746543939658,45.3291163030605],[-74.36745466140982,45.32910903144343],[-74.3674438573719,45.32910177687717],[-74.36743302907946,45.32909454125634],[-74.36742217653251,45.3290873239494],[-74.36761120991608,45.32896425508359],[-74.36760023699487,45.32895695123805],[-74.36758923981917,45.32894966507491],[-74.36757821928725,45.328942397225745],[-74.36756717450083,45.32893514705895],[-74.3675561054599,45.32892791520614],[-74.36754501396109,45.32892070229884],[-74.36753389730947,45.32891350581085],[-74.36752275730163,45.32890632889994],[-74.36751159483589,45.328899170302996],[-74.36750040721736,45.32889203002008],[-74.3674891971409,45.32888490678802],[-74.36747796370828,45.3288778031331],[-74.36746670602115,45.328870717792185],[-74.36745542497782,45.32886365076528],[-74.3674441214766,45.32885660331548],[-74.36743279551747,45.328849572916674],[-74.36742144440555,45.32884256083185],[-74.36741007083575,45.328835568955725],[-74.36739867480804,45.328828594762115],[-74.36738725632247,45.328821638882594],[-74.3673758144807,45.32881470321177],[-74.36736435018105,45.328807785223475],[-74.3673528625252,45.32880088618081],[-74.36734135241146,45.32879400482064],[-74.36732981894153,45.32878714366924],[-74.36731826391203,45.328780302095076],[-74.36730668642464,45.32877347820345],[-74.36729508468274,45.32876667388899],[-74.36678856871147,45.32847026480638],[-74.36674931772346,45.32844399157007],[-74.36680284294134,45.328404203707926],[-74.36652081506126,45.328215424446846],[-74.36646728894506,45.3282552124416],[-74.36589369397491,45.327871260915046],[-74.36655977409681,45.32745302296554],[-74.36588730425828,45.32665057771007],[-74.36547955715419,45.32614156978645],[-74.36537178626956,45.32605048594259],[-74.36526016071403,45.325961723643445],[-74.36464832985212,45.32561646956658],[-74.3641158902984,45.32539878338602],[-74.3640064126147,45.32537041059172],[-74.36336356741762,45.32518992093712],[-74.36319338967188,45.325108111099574],[-74.36289302627854,45.32487801153473],[-74.36268065196896,45.32465922543538],[-74.36225065090034,45.32433738248186],[-74.36171837663659,45.3240761519297],[-74.36041065865332,45.32494381905599],[-74.35819517421082,45.32422239725323],[-74.35799391834951,45.32435622118005],[-74.34565296358758,45.33256044243062],[-74.34753911935871,45.33330153280688],[-74.34769927639746,45.33337562337659],[-74.34945334388924,45.33418704470117],[-74.34900293219903,45.33450985659309],[-74.35080056977871,45.3355558401619],[-74.3525745340557,45.33658798422774],[-74.35360420100066,45.33718704369358],[-74.35476036600899,45.337859674471424],[-74.35607718033283,45.33862573208715],[-74.36890608468573,45.33031260650986]]],[[[-74.36598098776264,45.325241676509066],[-74.36571360511662,45.32510747193015],[-74.36569913235908,45.325100232641134],[-74.36568463804198,45.3250930148253],[-74.36567012396193,45.32508581785101],[-74.36565558922062,45.32507864045513],[-74.3656410338181,45.32507148390081],[-74.36562645955091,45.3250643475565],[-74.36561186282586,45.32505723268541],[-74.3655972472362,45.32505013865586],[-74.36558261098527,45.32504306483641],[-74.3655679549714,45.32503601059539],[-74.36555327919463,45.32502897845914],[-74.36553858275656,45.325021966532994],[-74.36552386835221,45.32501497544847],[-74.3655091323883,45.325008005837184],[-74.36549437666143,45.32500105643599],[-74.36547960206995,45.32499412724483],[-74.36546480681724,45.32498722079018],[-74.36544999180155,45.32498033328238],[-74.3654351588196,45.324973467247915],[-74.36542030517637,45.32496662331833],[-74.36540543177021,45.32495979959886],[-74.36539053949943,45.3249529967211],[-74.36537562836403,45.32494621531662],[-74.36536069746569,45.32493945475392],[-74.36534574860104,45.324932715664566],[-74.36533077997348,45.324925997416905],[-74.36531579158296,45.32491929937946],[-74.3653007843278,45.32491262471011],[-74.36528575820805,45.32490596961936],[-74.36527071322367,45.32489933663355],[-74.36525565027299,45.32489272322635],[-74.36524056755937,45.32488613318729],[-74.36522546777776,45.324879563358486],[-74.3652103473349,45.32487301563463],[-74.36519520982404,45.324866488121],[-74.36518005255026,45.32485998334399],[-74.36516487731018,45.324853499408825],[-74.36514968410376,45.324847037578635],[-74.36513447203275,45.324840596590306],[-74.36511924199542,45.32483417644386],[-74.36510399309346,45.324827778402394],[-74.36508872712353,45.32482140246602],[-74.36507344228897,45.324815047371516],[-74.36505814038642,45.32480871438206],[-74.36504281961925,45.32480240223452],[-74.36502748088579,45.32479611345522],[-74.3650121250843,45.324789844254624],[-74.36499675131653,45.32478359842234],[-74.36498135958244,45.32477737343195],[-74.36496594988208,45.324771170546654],[-74.3649505231137,45.32476498913493],[-74.36493507927733,45.32475883045987],[-74.36491961747467,45.32475269199522],[-74.36490413680737,45.32474657753043],[-74.36488864086873,45.324740483276024],[-74.36487312696376,45.324734411126805],[-74.36485759599081,45.3247283610827],[-74.36484204794988,45.32472233314376],[-74.36482648194264,45.32471632794164],[-74.36481089976573,45.32471034421304],[-74.36479530052081,45.32470438195808],[-74.36477968420792,45.32469844243991],[-74.36476405082702,45.324692524395275],[-74.36474840127646,45.324686629087516],[-74.3647327346579,45.32468075525336],[-74.36471705186968,45.324674904156026],[-74.36470135201345,45.324669075163925],[-74.36468563508923,45.32466326827705],[-74.36466990289367,45.32465748286381],[-74.3646541536301,45.324651720187425],[-74.36463838729856,45.32464598024786],[-74.36462260569563,45.32464026241359],[-74.36460680792307,45.3246345673162],[-74.36459099398078,45.32462889306087],[-74.36457516386886,45.3246232434372],[-74.36455931758724,45.32461761402404],[-74.36454345513597,45.3246120079794],[-74.36452757741333,45.32460642404005],[-74.36451168352099,45.32460086283756],[-74.364495773459,45.324595324372055],[-74.36447984812564,45.324589808011815],[-74.36446390752093,45.3245843143885],[-74.36444795074654,45.32457884287054],[-74.36443197870078,45.32457339408951],[-74.36441599138365,45.324567968045436],[-74.3643999887952,45.324562565369924],[-74.36438397003705,45.32455718416813],[-74.36436793600753,45.32455182633496],[-74.36353004410438,45.32427253365603],[-74.3635124416164,45.32426665283131],[-74.36349485350144,45.324260748636824],[-74.36347727975954,45.324254823598906],[-74.36345972128898,45.324248875822796],[-74.3634421780898,45.32424290594003],[-74.36342465016199,45.324236914582286],[-74.36340713840384,45.324230900486256],[-74.36338964012043,45.324224864915195],[-74.36337215800668,45.324218806605856],[-74.36335469116429,45.32421272682149],[-74.36333723959326,45.324206624930454],[-74.3633198032936,45.32420050093275],[-74.3633023831636,45.32419435545998],[-74.36328497830499,45.324188187880516],[-74.36326758871772,45.324181997562704],[-74.36325021530013,45.32417578640146],[-74.36323285715387,45.32416955376509],[-74.36321551517732,45.324163297758766],[-74.36319818847213,45.32415702027734],[-74.3631808788349,45.324150722584015],[-74.36316358357075,45.324144401520684],[-74.36314630537456,45.32413805961389],[-74.36312904334807,45.324131695600286],[-74.36311179749124,45.324125309479925],[-74.3630945678041,45.324118902516034],[-74.3630773533883,45.32411247281374],[-74.36306015693881,45.324106022267856],[-74.3630429757607,45.32409954961523],[-74.36302581075225,45.324093055487374],[-74.36300866281178,45.32408653925272],[-74.3629915301427,45.324080002174426],[-74.36297441543991,45.32407344362097],[-74.3629573178051,45.32406686359221],[-74.36294023544167,45.324060261456665],[-74.3629231701462,45.32405363847751],[-74.36290612102042,45.324046993391455],[-74.36288909075927,45.32404032746177],[-74.36287207576947,45.32403363942523],[-74.36285507694936,45.324026930544996],[-74.36283809699384,45.32402020018949],[-74.36282113320803,45.32401344835872],[-74.36280418738849,45.324006675684224],[-74.36278725684036,45.32399988027127],[-74.36277034515682,45.32399306464614],[-74.36275345054125,45.32398622754576],[-74.3627365729937,45.323979369601645],[-74.36271971341245,45.323972489550584],[-74.36270287000086,45.323965589287376],[-74.36268604545391,45.323958667548844],[-74.36266923707663,45.32395172307173],[-74.36265244666566,45.32394475964568],[-74.36263567511931,45.32393777411265],[-74.36261891974262,45.32393076710422],[-74.36260218323056,45.323923740515255],[-74.3625854637865,45.32391669118763],[-74.36256876230873,45.32390962101627],[-74.36255207879728,45.323902531264274],[-74.3618544210965,45.32360541396135],[-74.36156765550162,45.32386920531261],[-74.3620830189801,45.323989504301224],[-74.36232163577408,45.324106993039386],[-74.36271228703998,45.324400009270946],[-74.36290367311128,45.32455937138674],[-74.36307085587386,45.32471789492807],[-74.36318611152144,45.32482406715907],[-74.36334097748316,45.324930261928415],[-74.36356119228854,45.3250328930614],[-74.36382721039362,45.32509055730659],[-74.36408869110822,45.325147910119206],[-74.36421486667638,45.32520063016646],[-74.36472066669037,45.3254294696685],[-74.36499322183579,45.32556309368928],[-74.36539630937848,45.32578245672246],[-74.36598098776264,45.325241676509066]]],[[[-74.35584777396546,45.33877697114372],[-74.35453915946353,45.338015662788486],[-74.35338300523499,45.33734302186596],[-74.35235347483395,45.33674402530198],[-74.3505805238566,45.33571244419605],[-74.3487837549478,45.33466693839562],[-74.3484071102138,45.33493687369374],[-74.35005934917652,45.336083354536925],[-74.3516882633829,45.3372135812427],[-74.3526350194204,45.33787045771053],[-74.35369861573365,45.33860837444099],[-74.35490239414699,45.33944351119979],[-74.35584777396546,45.33877697114372]]]]}},{"type":"Feature","properties":{"zone_code":"A1-2","prefix":"A","kind":"agricultural","n_lots":13,"source":"t2-gcp3","confidence":"contour-manual-gcp"},"geometry":{"type":"MultiPolygon","coordinates":[[[[-74.37900626653158,45.33887790640606],[-74.37791261887713,45.337958256702954],[-74.37698734694798,45.337171571133545],[-74.37696958994975,45.337156582264576],[-74.3769518069004,45.33714160791514],[-74.37693399690156,45.33712665124249],[-74.37691616085161,45.337111709089406],[-74.37689829695387,45.33709678208736],[-74.3768804079033,45.33708187213071],[-74.37686249280158,45.33706697732509],[-74.37684455075042,45.33705209830195],[-74.3768265835464,45.33703723506137],[-74.37680858759632,45.337022388234786],[-74.37679056739172,45.337007557190724],[-74.37677252023767,45.33699274066634],[-74.37675444703247,45.3369779418189],[-74.3767363468778,45.33696315812257],[-74.376718220672,45.33694839084034],[-74.37670006841506,45.33693363870918],[-74.37668189010698,45.336918903623626],[-74.37666368664605,45.33690418368922],[-74.37664545623568,45.336889480168956],[-74.37662720067246,45.33687479306277],[-74.37660891726149,45.336860121739285],[-74.37659060959602,45.336845466829935],[-74.37657227498104,45.336830827703274],[-74.37655391521328,45.336816204990775],[-74.37653552939436,45.33680159806104],[-74.37651711662598,45.336787007545496],[-74.37649867870476,45.336772432812666],[-74.37648021563075,45.336757875756966],[-74.37646172560724,45.33674333385259],[-74.37644321043092,45.33672880899393],[-74.37642466920346,45.3367142999181],[-74.3764061037215,45.33669980662501],[-74.37638751129005,45.336685330377726],[-74.37636889370579,45.33667087054474],[-74.37635024917206,45.33665642649457],[-74.37633158128214,45.336641999490155],[-74.37631288644276,45.336627589531574],[-74.37629416645056,45.33661319535587],[-74.3762754204072,45.33659881759453],[-74.37625664921104,45.33658445687902],[-74.37623785286203,45.33657011257789],[-74.3762190304619,45.3365557846912],[-74.37620018380723,45.33654147385034],[-74.37618134793235,45.336527207839744],[-74.37616248780294,45.336512957612115],[-74.37614360162242,45.33649872379895],[-74.37612469028906,45.336484507663194],[-74.37610575470119,45.33647030731045],[-74.37608679306216,45.336456123372244],[-74.37606780627033,45.33644195774288],[-74.37604879522397,45.33642780726517],[-74.37602975902479,45.33641367320195],[-74.37601069677444,45.3363995574477],[-74.37599161116792,45.336385457476524],[-74.37597249951025,45.33637137518287],[-74.37595336359807,45.336357308672326],[-74.37593420253306,45.33634325920785],[-74.37591501631522,45.33632922742093],[-74.37589580674118,45.33631521204858],[-74.3758765702177,45.33630121309091],[-74.37536720299371,45.33593097290336],[-74.3753558590683,45.33592271012223],[-74.37534454029573,45.3359144302902],[-74.3753332475743,45.33590613277584],[-74.37532197910737,45.33589781821052],[-74.37531073758991,45.33588948596284],[-74.37529952122527,45.335881137927196],[-74.37528833001346,45.335872772209136],[-74.37527716395446,45.335864388808645],[-74.37526602574326,45.3358559889887],[-74.37525491088826,45.33584757274926],[-74.3752438229827,45.335839138827424],[-74.37523276022998,45.33583068911754],[-74.37522172442672,45.33582222109375],[-74.37521071377627,45.335813736650415],[-74.37519972917698,45.3358052357876],[-74.37518877062882,45.33579671913671],[-74.37517783813182,45.33578818480336],[-74.37516693168597,45.33577963405044],[-74.37515605218954,45.33577106561505],[-74.37514519874429,45.33576248265451],[-74.37513437045185,45.335753882011495],[-74.37512357000719,45.335745264948876],[-74.37511279561367,45.33573663209815],[-74.375102046373,45.33572798156492],[-74.37509132587839,45.33571931587498],[-74.37508063053662,45.335710633765494],[-74.37506996124598,45.33570193460491],[-74.37505931980313,45.33569321965621],[-74.37504870441141,45.33568448891932],[-74.37503811507084,45.335675741762806],[-74.37502755447638,45.33566697881814],[-74.37501701903471,45.335658198822344],[-74.37500651144084,45.33564940366982],[-74.37499602989809,45.33564059272916],[-74.37498557620313,45.335631764737315],[-74.37497514945764,45.33562292158877],[-74.37496474876329,45.33561406265198],[-74.37495437681501,45.33560518792698],[-74.37494403091787,45.33559629741378],[-74.37493371286853,45.335587390480825],[-74.37492342176863,45.33557846839117],[-74.3741614150491,45.336076619930694],[-74.37392695026836,45.33585595362636],[-74.3746852478441,45.33536022880249],[-74.37467567719305,45.33535095241887],[-74.37466613349147,45.335341661509815],[-74.3746566194343,45.33533235670676],[-74.37464713412321,45.33532303674672],[-74.3746376766599,45.335313702261175],[-74.37462824794268,45.33530435325016],[-74.37461884797156,45.33529499160805],[-74.37460947584819,45.335285613545985],[-74.37460013247093,45.335276222221374],[-74.37459081873806,45.335266817634185],[-74.37458153375127,45.33525739725849],[-74.37457227661228,45.33524796425169],[-74.37456304821936,45.33523851671933],[-74.37455384947086,45.335229054661454],[-74.37454467946843,45.33521957934093],[-74.3745355382121,45.335210089494815],[-74.37452642480355,45.3352005863861],[-74.37451734193769,45.335191069383306],[-74.37450828781795,45.33518153848636],[-74.37449926334261,45.3351719930638],[-74.37449026671506,45.3351624343786],[-74.3744813006302,45.33515286243075],[-74.37447236329143,45.33514327722025],[-74.37446345469877,45.335133678115554],[-74.37445457575049,45.33512406511674],[-74.37444572644662,45.335114439486695],[-74.37443690678715,45.33510479933104],[-74.37442811677211,45.335095146544134],[-74.37345658879232,45.334025756469714],[-74.37302608197221,45.3336433394409],[-74.37278019241768,45.333350143051725],[-74.37262024288978,45.33315941820296],[-74.3725881945937,45.333013460551676],[-74.37220997151972,45.33256245820173],[-74.37187270982609,45.332160292133764],[-74.3718665150439,45.33215292807528],[-74.37186029061729,45.33214557727754],[-74.3718540374446,45.3321382378461],[-74.37184775462751,45.332130911043926],[-74.37184144306431,45.33212359687104],[-74.37183510275504,45.33211629532747],[-74.37182873280138,45.332109006413226],[-74.37182233320327,45.33210173012823],[-74.37181590575743,45.332094465841095],[-74.37180944956548,45.33208721481478],[-74.37180296372912,45.33207997704929],[-74.37179644914669,45.3320727519131],[-74.37183009913889,45.33205761202599],[-74.37158777320113,45.331816360971914],[-74.37155653698208,45.33183359565996],[-74.37154893813307,45.33182676582102],[-74.37154131413126,45.33181995176917],[-74.37153366228166,45.3318131516098],[-74.37152598258432,45.331806367869056],[-74.3715182768358,45.33179959865233],[-74.37151054234121,45.33179284585425],[-74.37150277999883,45.33178610758019],[-74.37149499250364,45.33177938572475],[-74.37148717716067,45.33177267965643],[-74.37147933396992,45.33176598874368],[-74.37147146562636,45.331759313618086],[-74.37146356853668,45.331752654911064],[-74.37145564539588,45.33174601199121],[-74.37144769530562,45.33173938485846],[-74.3714397191642,45.33173277288136],[-74.37143171607333,45.331726177954444],[-74.37142368603301,45.33171959881465],[-74.37141562994154,45.331713035462],[-74.37140754690063,45.33170648852802],[-74.37139943780855,45.33169995801277],[-74.37139130266533,45.331693443916194],[-74.37138314147099,45.331686944975246],[-74.37137495332718,45.33168046371601],[-74.37136674003054,45.33167399887552],[-74.37135849978442,45.33166754982221],[-74.37135023438549,45.331661117819124],[-74.3713419420371,45.33165470160329],[-74.3713336245359,45.33164830243765],[-74.37132528098354,45.33164192095379],[-74.37131691227833,45.33163555588867],[-74.37130851752202,45.33162920661076],[-74.37130009671453,45.33162287564618],[-74.37129165165254,45.33161656046882],[-74.3712831796411,45.33161026297322],[-74.37127468337515,45.331603981896436],[-74.37126616195637,45.33159771786994],[-74.37125761448645,45.33159147152523],[-74.371249042762,45.3315852415993],[-74.37124044588472,45.33157902935521],[-74.3712318229563,45.33157283479296],[-74.3712231757734,45.331566657912525],[-74.37121450343764,45.33156049681941],[-74.37120580684737,45.33155435467111],[-74.37119708510428,45.33154822831015],[-74.37118833820836,45.33154212089412],[-74.37117956705792,45.33153603052839],[-74.37117077255128,45.33152995784456],[-74.37116195199351,45.33152390284256],[-74.37115310807954,45.33151786552247],[-74.37114423901275,45.33151184651577],[-74.37113534748806,45.33150584455949],[-74.37112642991225,45.33149986028507],[-74.37111748898022,45.33149389432406],[-74.37110852289537,45.33148794667651],[-74.37109953435262,45.33148201671084],[-74.3710905224537,45.33147610442711],[-74.37108148540194,45.33147021171987],[-74.371072424994,45.331464335431505],[-74.37106334033152,45.33145847871965],[-74.37105423321117,45.33145263968976],[-74.37104510183632,45.331446818341774],[-74.37103594710524,45.33144101530729],[-74.37102676901799,45.3314352312178],[-74.37101756847285,45.331429465441786],[-74.3710083436732,45.331423718610814],[-74.37099909641564,45.331417989461784],[-74.3709898249036,45.331412279257826],[-74.370980531832,45.33140658863036],[-74.37097121450589,45.33140091568491],[-74.37096187562017,45.331395261684484],[-74.3709525142766,45.331389625366086],[-74.3709431286785,45.33138400925574],[-74.37093372152086,45.33137841145896],[-74.37092429190533,45.33137283260723],[-74.37091483893357,45.331367272700554],[-74.37090536350397,45.33136173173901],[-74.37089586651479,45.331356210353995],[-74.37088634796604,45.331350707282574],[-74.3708768069594,45.33134522315625],[-74.37086724259657,45.33133975923806],[-74.37085765667418,45.33133431363344],[-74.37084805009053,45.331328887605444],[-74.370838421049,45.33132348115408],[-74.37082876954958,45.33131809364782],[-74.37081909649059,45.33131272508673],[-74.37080940277038,45.33130737610224],[-74.37079968659226,45.33130204732594],[-74.37078994885458,45.3312967381263],[-74.37078019045565,45.33129144850333],[-74.37077032964878,45.33128613425054],[-74.37076044728234,45.33128084020594],[-74.37075054335632,45.33127556636951],[-74.37074061876906,45.331270312109815],[-74.37073067262224,45.3312650793213],[-74.37072070401753,45.331259865477996],[-74.3707107165482,45.33125467247441],[-74.370700706621,45.33124949904752],[-74.37069067513421,45.33124434646041],[-74.3706806229862,45.331239213450004],[-74.37067055017691,45.33123410127936],[-74.3706604576047,45.33122900931695],[-74.37065034347292,45.3312239381943],[-74.37064020957818,45.331218887279924],[-74.3706300541239,45.331213857205356],[-74.37061987800836,45.331208847339006],[-74.3706096821299,45.331203858312485],[-74.3705994673868,45.33119888949425],[-74.3705892301858,45.33119394151581],[-74.3705789741202,45.33118901437719],[-74.37056869829168,45.33118410807837],[-74.37055840180189,45.33117922198787],[-74.37054808554917,45.33117435736869],[-74.37053774953351,45.33116951295784],[-74.37052739465324,45.331164691281366],[-74.37051702001001,45.33115988918174],[-74.37050662560387,45.33115510792193],[-74.37049621143478,45.331150348133484],[-74.37048577929939,45.33114560918492],[-74.37047532650273,45.33114089107625],[-74.37046485484146,45.33113619507045],[-74.37045436521389,45.331131519273015],[-74.37044385492506,45.33112686494702],[-74.36996568798753,45.330915755810075],[-74.36995399821073,45.330910581720744],[-74.36994232550194,45.330905388053594],[-74.36993067165777,45.330900174177174],[-74.36991903577989,45.33089494009144],[-74.36990741786832,45.33088968579637],[-74.36989581792305,45.33088441192357],[-74.3698842359441,45.330879117841384],[-74.36987267193145,45.330873804812974],[-74.3698611267834,45.330868471575215],[-74.36984959960166,45.33086311875959],[-74.36983809038627,45.33085774573466],[-74.36982660093379,45.33085235376344],[-74.3698151294476,45.33084694284592],[-74.36980367682604,45.3308415110875],[-74.36979224217079,45.330836059751235],[-74.36978082638016,45.330830590100184],[-74.36976916355283,45.3308249707768],[-74.36975751959012,45.3308193318755],[-74.36974589628865,45.330813671501794],[-74.36973429275012,45.330807992813206],[-74.36972270807622,45.33080229265211],[-74.36971114406357,45.33079657165012],[-74.36969960161049,45.3307908317017],[-74.36968807712371,45.330785070912285],[-74.36967657419649,45.33077928991345],[-74.36966509103222,45.33077348870514],[-74.36965362942752,45.330767668550436],[-74.36964218758573,45.3307618275547],[-74.36963076640521,45.330755966981066],[-74.36961936498761,45.33075008556634],[-74.3696079851296,45.33074418457372],[-74.36959662593284,45.33073826337161],[-74.36958528829564,45.33073232385451],[-74.36957397042137,45.330726362864915],[-74.36956267410669,45.330720382928824],[-74.36955139935154,45.330714382783235],[-74.36954014435936,45.33070836369113],[-74.36952891092672,45.330702323758],[-74.36951769905367,45.33069626487839],[-74.36950650874017,45.33069018642075],[-74.36949533998623,45.33068408838509],[-74.36948419189356,45.33067797140289],[-74.36947306536044,45.3306718348427],[-74.36946196218354,45.330665677441374],[-74.36945087876957,45.33065950172508],[-74.36943981781349,45.330653306430726],[-74.36942877841695,45.33064709282133],[-74.36941776057999,45.33064085837084],[-74.3694067652009,45.33063460560535],[-74.36939579227972,45.33062833326172],[-74.3693848409181,45.33062204134006],[-74.36937391111603,45.330615731734866],[-74.36936300467016,45.330609401288484],[-74.36935211978387,45.33060305252708],[-74.36934125735546,45.33059668545063],[-74.3693304173849,45.33059029879606],[-74.36931960077058,45.33058389256331],[-74.3693088057158,45.3305774686471],[-74.36929803311892,45.33057102578419],[-74.36928728297991,45.33056456271167],[-74.36927655619711,45.33055808132399],[-74.36926585187219,45.330551582252774],[-74.36925517090346,45.33054506360343],[-74.36924451329092,45.3305385266389],[-74.36923387813627,45.330531971359314],[-74.36922326633783,45.330525396501486],[-74.36921267699725,45.330518804591634],[-74.36920211101288,45.33051219247199],[-74.36919156838471,45.3305055633003],[-74.36918104911274,45.3304989145504],[-74.36917055319695,45.33049224811688],[-74.36916008063737,45.33048556336815],[-74.3691496323323,45.33047886030429],[-74.36913920738343,45.33047213955678],[-74.36912880489244,45.330465399231024],[-74.36911842755427,45.330458641221576],[-74.3691080735723,45.330451865528495],[-74.36909774294654,45.33044507152019],[-74.36908743657528,45.33043825919668],[-74.36907715445854,45.330431429189474],[-74.36906689659632,45.33042458149855],[-74.36905666209029,45.33041771549242],[-74.36904645183877,45.330410832434154],[-74.36903626674008,45.330403930429085],[-74.36902610499759,45.33039701137181],[-74.3690159675096,45.330390073999304],[-74.36900585427614,45.33038311957458],[-74.36899576619548,45.33037614620303],[-74.36898570236937,45.33036915641083],[-74.36897566369608,45.33036214830334],[-74.36896564927729,45.33035512314364],[-74.36895565911301,45.33034808030013],[-74.36894569410155,45.33034102040441],[-74.36893575424294,45.33033394345645],[-74.36892583953714,45.33032684819319],[-74.36891594908586,45.330319735246114],[-74.36890608468573,45.33031260650986],[-74.35607718033283,45.33862573208715],[-74.35584777396546,45.33877697114372],[-74.35716933049571,45.33954577316992],[-74.3571906897382,45.33955816623241],[-74.35721207233692,45.33957053908648],[-74.3572334773935,45.339582892995004],[-74.35725490400965,45.33959522669509],[-74.3572763530837,45.339607542081076],[-74.35729782551394,45.339619837890105],[-74.35731931950374,45.339632114122175],[-74.35734083684974,45.33964437014586],[-74.3573623757553,45.33965660722402],[-74.35738393711875,45.33966882472531],[-74.35740552094009,45.33968102328114],[-74.35742712632099,45.3396932009972],[-74.35744875505809,45.33970535913644],[-74.35747040535475,45.339717498330195],[-74.35749207810929,45.33972961794711],[-74.35751377332173,45.33974171735574],[-74.3575354891954,45.3397537971876],[-74.35755722842526,45.339765856811155],[-74.35757898921473,45.339777898120836],[-74.35760076797047,45.3397899318508],[-74.35762257008241,45.339801947266814],[-74.35764439285562,45.339813941843225],[-74.35766623808668,45.33982591747432],[-74.35768810577565,45.33983787226585],[-74.35770999412587,45.3398498074806],[-74.35773190583227,45.339861723118666],[-74.35775383730162,45.33987361791717],[-74.35777579122885,45.3398854944018],[-74.35779776761396,45.33989735004692],[-74.35781976466032,45.33990918548399],[-74.35784178416458,45.339921001344344],[-74.35786382522838,45.339932796996685],[-74.35788588695344,45.339944572440935],[-74.35790797023806,45.33995632830859],[-74.35793007508227,45.33996806333675],[-74.35795220238435,45.33997977941981],[-74.35797434944936,45.33999147403197],[-74.35799651897226,45.34000315033039],[-74.35801870915641,45.340014805158035],[-74.35804092090012,45.3400264404091],[-74.3580631542034,45.34003805545224],[-74.35808540816794,45.34004964965599],[-74.35810768369204,45.34006122428323],[-74.35812997987739,45.34007277870254],[-74.3581522976223,45.34008431228255],[-74.35817463602848,45.3400958256547],[-74.35819699599422,45.34010731945035],[-74.3582193757229,45.34011879240672],[-74.35824177790944,45.34013024452379],[-74.35826419985894,45.34014167769588],[-74.35828664336799,45.340153089397305],[-74.35830910664,45.34016448025947],[-74.35833159236985,45.34017585154524],[-74.35835409696436,45.34018720262325],[-74.35837662311842,45.340198533493464],[-74.35839916993373,45.34020984226165],[-74.35842173830862,45.340221132716316],[-74.35844432644645,45.34023240170041],[-74.3584669343472,45.340243649845355],[-74.35848956470582,45.340254877782584],[-74.35851221392909,45.34026608488066],[-74.3585348838136,45.340277271771065],[-74.35855757435937,45.340288437822345],[-74.35858028556638,45.34029958240313],[-74.35860301653632,45.34031070740766],[-74.35862576906584,45.340321811573155],[-74.35864853956167,45.34033289553094],[-74.35867133161705,45.340343958649775],[-74.3586941443337,45.34035500092949],[-74.35871697681327,45.34036602173883],[-74.35873982905578,45.34037702297196],[-74.35876270195955,45.34038800273471],[-74.35878559462624,45.34039896165843],[-74.35880850705587,45.34040989974319],[-74.35883143924846,45.340420817620455],[-74.35885439120396,45.340431714658735],[-74.35887736471905,45.34044259085806],[-74.35890035620041,45.34045344558711],[-74.35892336834306,45.3404642801086],[-74.35894639935032,45.3404750925284],[-74.35896945191712,45.34048588474069],[-74.35899252245025,45.3404966561141],[-74.35901561274633,45.34050740664868],[-74.35903872370365,45.340518135713005],[-74.35906185352557,45.34052884456986],[-74.35908500311044,45.340539531956516],[-74.35910817155994,45.3405501978729],[-74.35913136067069,45.340560844213314],[-74.35915456774774,45.34057146782069],[-74.35917779638434,45.340582071220716],[-74.35920104208896,45.34059265315053],[-74.35922430845481,45.34060321424161],[-74.3592475936853,45.34061375386254],[-74.35927089778039,45.34062427327614],[-74.35929422163842,45.34063476995676],[-74.35931756436109,45.3406452470615],[-74.35934092594836,45.340655702064716],[-74.35936430640027,45.34066613622922],[-74.35938770661511,45.34067654829226],[-74.35941112569456,45.34068694014799],[-74.35943456363864,45.340697309902296],[-74.35945802044733,45.34070765881792],[-74.35948149612067,45.34071798626353],[-74.3595049906586,45.34072829287054],[-74.35952850406116,45.34073857737605],[-74.35955203632835,45.340748841043016],[-74.35957558746014,45.34075908323994],[-74.35959915655826,45.34076930396694],[-74.35962274452099,45.34077950322393],[-74.35964635134833,45.34078968101096],[-74.359669976142,45.34079983795944],[-74.3596936206986,45.340809973437985],[-74.35971728232316,45.34082008618377],[-74.35974096371069,45.340830178091075],[-74.3597646621662,45.34084024915986],[-74.35978838038466,45.34085029812734],[-74.3598121165694,45.34086032499352],[-74.35983587072046,45.34087033102127],[-74.35985964283782,45.340880314947704],[-74.3598834338198,45.34089027803573],[-74.35990724186979,45.3409002190225],[-74.35993106878438,45.34091013917084],[-74.35995491366529,45.340920037218],[-74.3599787774108,45.34092991316389],[-74.36000265822432,45.34093976700863],[-74.36002655700413,45.34094960001493],[-74.36005047464857,45.34095941155152],[-74.360074409361,45.34096920161832],[-74.36009836203974,45.34097896832116],[-74.3601223335831,45.340988714185656],[-74.36014632129613,45.340998438580435],[-74.36017032787377,45.34100814150551],[-74.36019435151943,45.34101782169802],[-74.36021839223307,45.341027480420884],[-74.36024245181132,45.34103711767403],[-74.36026652845756,45.34104673219473],[-74.36029062307011,45.34105632524573],[-74.36031473475065,45.34106589619568],[-74.36033886349918,45.34107544630738],[-74.36036301021402,45.34108497368667],[-74.36038717399684,45.34109447959635],[-74.36041135484767,45.34110396277356],[-74.35870257861589,45.34207969423202],[-74.36136839120527,45.343928741078464],[-74.36159408393726,45.34408527586536],[-74.36269801011518,45.34485091462459],[-74.3642290133455,45.345912703269654],[-74.36430913139071,45.345881967474426],[-74.36789304825163,45.344506975302224],[-74.36986519076174,45.34375027416185],[-74.36988915601691,45.34374107870694],[-74.37000556510132,45.34369767303316],[-74.370381015076,45.34355767629681],[-74.36997460107179,45.343459149905534],[-74.37869345608166,45.33903393674995],[-74.37900626653158,45.33887790640606]]]]}},{"type":"Feature","properties":{"zone_code":"A1-1","prefix":"A","kind":"agricultural","n_lots":69,"source":"t2-gcp3","confidence":"contour-manual-gcp"},"geometry":{"type":"MultiPolygon","coordinates":[[[[-74.40446433124069,45.33040110622107],[-74.40194958114611,45.3285175005192],[-74.40109366185183,45.327876355705556],[-74.39827801566295,45.32576708652085],[-74.39574426799676,45.323868799822755],[-74.39341829346925,45.32212601356451],[-74.39178478348187,45.320901976994755],[-74.39174386881395,45.320871317315245],[-74.39163912615014,45.320792828081004],[-74.39060411333092,45.32001721749821],[-74.38958434222712,45.31925300084121],[-74.38906709857473,45.318864831344655],[-74.38795464019823,45.318031637329945],[-74.38717761813872,45.317449280786754],[-74.38614159740975,45.31667278303082],[-74.38484662652036,45.315702156927344],[-74.38382481444424,45.3149362390102],[-74.38330716026177,45.31454821050296],[-74.38321754702399,45.314481036522956],[-74.38154698063282,45.314868008016816],[-74.37941235354904,45.31536243275785],[-74.37567276224267,45.31622848418612],[-74.37558976240199,45.31630543463318],[-74.36605074643603,45.3251472557921],[-74.365800071556,45.325021620420934],[-74.36571360511662,45.32510747193015],[-74.36598098776264,45.325241676509066],[-74.36539630937848,45.32578245672246],[-74.36571250557873,45.32600034732381],[-74.36624915912947,45.326753784877866],[-74.36640559714293,45.327026250063575],[-74.36661528638811,45.32721734292784],[-74.36674516840516,45.32733570474236],[-74.36719726263988,45.32752402336781],[-74.36766687312435,45.327588717528066],[-74.36802163489801,45.327637589722016],[-74.36825076368596,45.32769171457129],[-74.36901709848854,45.32764518488773],[-74.36933769733197,45.32764007491897],[-74.36972584678983,45.32759250690405],[-74.37007722910141,45.327585051306585],[-74.37002329245513,45.327639656193256],[-74.37025806086643,45.32762471216855],[-74.37043284607127,45.32763790550306],[-74.37063071348732,45.32768155148218],[-74.3706992899778,45.327728983636646],[-74.37073028814329,45.32778565863991],[-74.37075748104527,45.32782688436718],[-74.37081454832031,45.327913406761574],[-74.37091975631145,45.32806620848107],[-74.37089935467303,45.32825883314771],[-74.37089342040227,45.328378743882354],[-74.37082972895031,45.32852440212264],[-74.37080837958926,45.32854359120289],[-74.37078493535698,45.328560557214246],[-74.3707202431818,45.32863344203972],[-74.37060249470929,45.32877940908421],[-74.37020602236034,45.329151077847946],[-74.36972798298359,45.32958719038106],[-74.36956185933472,45.32977869394721],[-74.36954015873239,45.3298236853468],[-74.3695387834117,45.32984548918385],[-74.36954506173723,45.32988498047425],[-74.36956961269392,45.329943029438155],[-74.36959698076738,45.329968579501795],[-74.36963121915612,45.32998062352637],[-74.36972574438188,45.329990379493886],[-74.36986396905296,45.32998808070314],[-74.36995576609522,45.329973740414985],[-74.37014858318274,45.32991256663864],[-74.37098145530011,45.32956748884335],[-74.37118957159524,45.32953542678017],[-74.37128047481379,45.32950390466663],[-74.3719509090699,45.32930721772553],[-74.37228066713597,45.32930644913704],[-74.37239440642735,45.32934825919791],[-74.372488589395,45.32938666773934],[-74.3725310249107,45.329463629998756],[-74.37257754596432,45.32948325326143],[-74.37271022443684,45.32949435197172],[-74.3727880679478,45.32953149606899],[-74.37291454265495,45.32962340605371],[-74.37305015412689,45.329853689697956],[-74.37306377707816,45.32999733838755],[-74.37323311489911,45.33032873963192],[-74.37328863527524,45.33045976597769],[-74.3733775756749,45.33060352806847],[-74.37337660818932,45.33077917371247],[-74.37348146493919,45.33094825726505],[-74.37368640119821,45.33111085204169],[-74.37371956430356,45.33117994823886],[-74.37391842795127,45.331594284306554],[-74.37489042664825,45.33182453404546],[-74.3756386747709,45.332001773631966],[-74.37647352138524,45.332199519732974],[-74.37669692790482,45.33218037862314],[-74.3769493266519,45.33210970676034],[-74.37731160013799,45.33204818101225],[-74.37749535951251,45.33203651507216],[-74.3778182831959,45.33206365686669],[-74.37789769247037,45.33208464013814],[-74.37800249082976,45.332064676128304],[-74.37807698362467,45.33211778001263],[-74.3780831272029,45.33217872153697],[-74.37818936466336,45.33223589729657],[-74.37833741241208,45.33243247428912],[-74.37844859150489,45.33253724527019],[-74.37856319856883,45.33255680873784],[-74.37861373329514,45.33263207867284],[-74.3786646417206,45.332659416580384],[-74.37887086526545,45.33269944584609],[-74.37895741794307,45.33269343706909],[-74.3790955581725,45.332728065677074],[-74.37934252121379,45.33271065191361],[-74.37953466905643,45.332761825944495],[-74.3796602328719,45.33277828990895],[-74.37979294817535,45.33275201425044],[-74.38013862079501,45.33275208624202],[-74.38019606087089,45.33276894300539],[-74.38040237245063,45.33282949545395],[-74.38048220932318,45.33283971824376],[-74.3805634008552,45.33286852619192],[-74.38062302832878,45.33291148169639],[-74.3807275104812,45.3329473554948],[-74.38078262571712,45.332982532723214],[-74.38085630194347,45.333011642456825],[-74.38092822645501,45.33301685487588],[-74.38103724599789,45.333065909942206],[-74.38111400434397,45.333137567016124],[-74.38122780022923,45.33314916705331],[-74.381287419618,45.33318676848594],[-74.38139642119457,45.333190642739915],[-74.3821388437426,45.33345233140575],[-74.38233377815925,45.33354669028544],[-74.38256148850735,45.33365691532248],[-74.38266077929572,45.33372227565082],[-74.38303553127942,45.33389142177568],[-74.38317464618093,45.33397903054373],[-74.38326887765763,45.33407931508274],[-74.3833085607353,45.33415782569259],[-74.38334077342307,45.334177641196106],[-74.38335910264813,45.33417161299971],[-74.38338600090269,45.33417855496098],[-74.38349310433907,45.33433933819879],[-74.3835969909084,45.33438387193648],[-74.38374581929311,45.33450861698702],[-74.38385801438051,45.334549601645634],[-74.38389955876747,45.3345544141931],[-74.38390887878853,45.334555493400984],[-74.38392649025967,45.33455753309749],[-74.38397441717672,45.33455637116512],[-74.38405285716901,45.33453652421989],[-74.38408575167809,45.334523267449256],[-74.38412137796394,45.33450480470881],[-74.38422003633833,45.33442127615699],[-74.38436614642097,45.33427720106648],[-74.38448845474184,45.334188177592644],[-74.38454305254818,45.33415661828476],[-74.38462122663917,45.33412829029253],[-74.38477858812074,45.33409701827929],[-74.38507662577582,45.334064245195975],[-74.38537586358011,45.33405283163591],[-74.38547065650384,45.33405335072116],[-74.38552998394015,45.334054906713966],[-74.38570882683511,45.334072926926375],[-74.38596387022237,45.33412609270812],[-74.38615005235322,45.3341800509589],[-74.38628474664523,45.33423085929309],[-74.38641548924832,45.33429247928763],[-74.38645350505281,45.33431754935302],[-74.38649887626288,45.3343558029677],[-74.38655009730206,45.334398988468195],[-74.38661715833466,45.33445553050018],[-74.3870840945345,45.33493036691574],[-74.3873286896167,45.33507446244629],[-74.3875479432247,45.33514980481255],[-74.38770573320268,45.33517523886126],[-74.38830809671983,45.33522961730787],[-74.38894037952582,45.335269810203926],[-74.38956328392024,45.33534356983095],[-74.38992581522281,45.33535937062653],[-74.39057476537059,45.33546905790781],[-74.3908775721815,45.335487424349765],[-74.3912203216832,45.33553608639362],[-74.39138042751799,45.33556571262314],[-74.39309764611679,45.33490663775597],[-74.39310888044773,45.33490230579559],[-74.39299566667079,45.33475625665085],[-74.39300102961305,45.33475595543355],[-74.39300639075866,45.33475562832549],[-74.39301174741269,45.334755277221056],[-74.39301710047347,45.33475490148879],[-74.39302245173762,45.33475450049726],[-74.39302779761186,45.33475407424636],[-74.39303313989288,45.33475362336765],[-74.3930384776823,45.334753148492595],[-74.39304381098013,45.33475264835822],[-74.3930491397864,45.33475212359602],[-74.39305446320279,45.33475157420594],[-74.39305978212758,45.33475100081958],[-74.39306509386584,45.334750401542344],[-74.39307040201086,45.33474977826883],[-74.39307570296936,45.33474913036743],[-74.39308099763963,45.33474845720671],[-74.39308628692002,45.3347477606811],[-74.3930915690139,45.33474703826471],[-74.39309684392123,45.33474629248347],[-74.39310211164207,45.33474552270585],[-74.39310737307468,45.33474472766889],[-74.39311262552415,45.334743907372605],[-74.3931178716854,45.33474306434291],[-74.39312310976185,45.33474219668538],[-74.3931283388551,45.334741304400005],[-74.39313355986354,45.33474038748679],[-74.39313877188881,45.33473944784017],[-74.39314397582925,45.33473848230276],[-74.39314916988822,45.334737493400404],[-74.39315435496405,45.33473648050173],[-74.39315953105671,45.33473544360667],[-74.39316469547128,45.33473438271524],[-74.39316985180102,45.33473329782742],[-74.39317499735097,45.33473218831173],[-74.39318013212113,45.334731056694125],[-74.39318525700982,45.33472989981721],[-74.39319037022041,45.33472871957534],[-74.39319547265123,45.33472751533711],[-74.39320056430226,45.33472628836549],[-74.39320564247856,45.334725037397455],[-74.39321071077339,45.33472376243306],[-74.39321576649182,45.33472246473523],[-74.39322080963383,45.334721143672475],[-74.39322584109772,45.33471979861334],[-74.39323085998522,45.334718430820786],[-74.39323586449967,45.33471703966329],[-74.39324085823434,45.334715624509464],[-74.39324583669763,45.33471418725364],[-74.39325080168622,45.334712726632894],[-74.39325575409836,45.33471124264724],[-74.39326069213749,45.334709736559645],[-74.39326561580356,45.33470820647565],[-74.39327052599491,45.33470665428967],[-74.39327542091489,45.33470507937027],[-74.3932803005635,45.33470348171739],[-74.39328516583909,45.33470186133109],[-74.39329001584332,45.334700218842826],[-74.39329485057615,45.33469855362115],[-74.39329966913937,45.33469686629746],[-74.39330447153286,45.33469515560882],[-74.39330925955332,45.33469342344971],[-74.3936694507446,45.33456203369076],[-74.40432000521218,45.330457811390275],[-74.40446433124069,45.33040110622107]]],[[[-74.39089096516408,45.33575356248686],[-74.39067053655965,45.33569396542497],[-74.39060654776534,45.33568159614414],[-74.39011059418517,45.33563108211498],[-74.38947901026849,45.33557132579287],[-74.38893240607935,45.33547677958126],[-74.38853376879055,45.335415725414386],[-74.38829603144724,45.33544833921538],[-74.38801630055933,45.335497180000154],[-74.38759743410867,45.33545065609725],[-74.38711191715548,45.335302329998946],[-74.38686360214969,45.33519369254248],[-74.38683193294267,45.33517028933579],[-74.38669665833899,45.33501209563042],[-74.38651584813353,45.33480065050303],[-74.38638409762072,45.33464657240932],[-74.3863151249732,45.33458390200956],[-74.38611391223101,45.334452962877585],[-74.38588939000384,45.33435195910481],[-74.38556595428075,45.33427173679966],[-74.38534460310653,45.334250410808856],[-74.38513030460561,45.334261383550256],[-74.38484241521832,45.334330701344854],[-74.38448016239347,45.33449971367197],[-74.38431553893112,45.33464319460138],[-74.38421766837924,45.334696110411805],[-74.384094498574,45.33471522920095],[-74.38391529365796,45.33474304034658],[-74.38390463155388,45.334744694200296],[-74.38389850234869,45.33474564521353],[-74.38382605142438,45.33474265956239],[-74.38369137420035,45.33469506720115],[-74.38355565852387,45.334611914031676],[-74.3833263985819,45.33441082631749],[-74.38319139167615,45.33424691804641],[-74.38308974101355,45.334133769728965],[-74.38291702013724,45.334017602027046],[-74.38249986857043,45.33381875274053],[-74.38177931910127,45.333567612383774],[-74.38125497516486,45.33337131403299],[-74.38118921758776,45.33333967975312],[-74.38116253942044,45.33332684580646],[-74.38113729496433,45.333314700822164],[-74.38109039841493,45.333315565975525],[-74.38101856732818,45.33332982584875],[-74.38096840630102,45.33332334351456],[-74.3808773575554,45.33330330542453],[-74.38064545476986,45.33319770228042],[-74.38037224565093,45.33306198768557],[-74.38003780915886,45.3329736430613],[-74.37978697527701,45.33293816838943],[-74.37956919041449,45.332927874889016],[-74.37933795238226,45.33292884108881],[-74.37913152132658,45.33294172375142],[-74.37901837851656,45.332959504978426],[-74.37897657092323,45.33297444001761],[-74.37893543616805,45.33300255261324],[-74.37893723998515,45.33307424386837],[-74.37919157100839,45.33321643194003],[-74.3792693525356,45.33323663803973],[-74.37930323519147,45.333249440431835],[-74.37932429888825,45.33327704832302],[-74.37934515148095,45.33330375631475],[-74.37938019296354,45.33331577310717],[-74.37941472330475,45.33332772611567],[-74.3794377013114,45.33334817340807],[-74.3794451061243,45.33336633908993],[-74.37943983211525,45.333384192174435],[-74.37941949515555,45.333402418468566],[-74.37939536640701,45.33341195534842],[-74.37933945795868,45.333421130378504],[-74.37920305237604,45.33341631710319],[-74.37908583211293,45.3333778992959],[-74.37901604199851,45.3333385904181],[-74.37898340171266,45.33331518518173],[-74.37892847063135,45.333266096230396],[-74.37888643666258,45.33322293386296],[-74.37887471634306,45.333201757774184],[-74.37886738609035,45.33319774080193],[-74.37786672035602,45.33324803155629],[-74.37583632659128,45.333350045169496],[-74.37583770909852,45.33338166491912],[-74.3758104667892,45.33347891112092],[-74.37567787994483,45.333590583046714],[-74.37564387242314,45.333771072456685],[-74.37544262285003,45.33386768207671],[-74.37525479320895,45.333952105005835],[-74.3751594577028,45.33397162693775],[-74.37503553061778,45.33403122581219],[-74.37491903978666,45.33407885788372],[-74.37461790294388,45.33406596095554],[-74.37445912931065,45.334014479935455],[-74.37411612019584,45.33358279228299],[-74.3740770982782,45.33310964267484],[-74.3739797846818,45.33293214321863],[-74.37384471040242,45.33284396384586],[-74.37368392544128,45.33280219425577],[-74.37359581957654,45.33280722608382],[-74.37313525782196,45.33248776284647],[-74.3728689774088,45.332135330364984],[-74.3728554532722,45.33200860029223],[-74.3728999989305,45.33187714936246],[-74.37299416572847,45.33176654826696],[-74.37307511561367,45.331729587512164],[-74.37319340038039,45.33171757859295],[-74.37334358162789,45.331727545187746],[-74.37342409403357,45.33174312027789],[-74.37349545530142,45.331756434535706],[-74.37362770168428,45.3317576407317],[-74.37367856070242,45.331736339686316],[-74.37368544539073,45.33172667053736],[-74.37369710192988,45.33169042337068],[-74.37363166774627,45.33149335121758],[-74.37345392798247,45.33122592812056],[-74.37327611815007,45.33108340476456],[-74.37316964533102,45.33101814874987],[-74.37307758508238,45.33098582605658],[-74.3730265697574,45.33096233711812],[-74.373000045202,45.33092789499359],[-74.37296886108523,45.33082334964799],[-74.37297262143301,45.330634690861714],[-74.37296702403049,45.33048746680072],[-74.37288702905444,45.330265821313866],[-74.37278491306449,45.329991307220105],[-74.37273138335505,45.32981965613576],[-74.37263794868403,45.32969205125189],[-74.3724436862072,45.32961904590139],[-74.37215036740231,45.32944853172749],[-74.3719267183376,45.32943255876635],[-74.37183454040967,45.32944032357624],[-74.37168653578009,45.329462303761],[-74.37107393416366,45.329705165794024],[-74.37016224835487,45.3300818403442],[-74.36985930050842,45.33016891378088],[-74.36978355007211,45.33018453666469],[-74.36966628668986,45.33018592351276],[-74.36952870521252,45.33015398810643],[-74.3694230040463,45.33010291844856],[-74.36933794436868,45.33003269301514],[-74.36927917568448,45.32995089711849],[-74.36925655969888,45.32988076938485],[-74.36926130010863,45.32978830911647],[-74.36930226687885,45.32967888807821],[-74.36937116406789,45.329571002103705],[-74.3694636222702,45.32946469919896],[-74.36972235414001,45.329270501036426],[-74.37002427251711,45.329045223816145],[-74.37026156609267,45.32881286919342],[-74.37044244367175,45.32862392267016],[-74.37058505391805,45.32842893976195],[-74.3706403811564,45.328317473650216],[-74.37065583667086,45.32825063366583],[-74.37066037945127,45.3281353544962],[-74.37063905703967,45.328010005532356],[-74.37060337775323,45.32795308886666],[-74.37055154046976,45.32791585152667],[-74.37044385043349,45.32787040578341],[-74.37027019530929,45.3278217093641],[-74.37014227161959,45.32780175837752],[-74.36995116941591,45.32779220539554],[-74.3694230974711,45.32779239296896],[-74.36854642350049,45.327839556617675],[-74.36807568473203,45.32784847171632],[-74.3680411400178,45.32784625557298],[-74.36794718971379,45.32783916441898],[-74.3675264233263,45.3277866748207],[-74.36705759707108,45.32768611956735],[-74.36671787489188,45.32756482234896],[-74.36655977409681,45.32745302296554],[-74.36589369397491,45.327871260915046],[-74.36646728894506,45.3282552124416],[-74.36652081506126,45.328215424446846],[-74.36680284294134,45.328404203707926],[-74.36674931772346,45.32844399157007],[-74.36678856871147,45.32847026480638],[-74.36729508468274,45.32876667388899],[-74.36730668642464,45.32877347820345],[-74.36731826391203,45.328780302095076],[-74.36732981894153,45.32878714366924],[-74.36734135241146,45.32879400482064],[-74.3673528625252,45.32880088618081],[-74.36736435018105,45.328807785223475],[-74.3673758144807,45.32881470321177],[-74.36738725632247,45.328821638882594],[-74.36739867480804,45.328828594762115],[-74.36741007083575,45.328835568955725],[-74.36742144440555,45.32884256083185],[-74.36743279551747,45.328849572916674],[-74.3674441214766,45.32885660331548],[-74.36745542497782,45.32886365076528],[-74.36746670602115,45.328870717792185],[-74.36747796370828,45.3288778031331],[-74.3674891971409,45.32888490678802],[-74.36750040721736,45.32889203002008],[-74.36751159483589,45.328899170302996],[-74.36752275730163,45.32890632889994],[-74.36753389730947,45.32891350581085],[-74.36754501396109,45.32892070229884],[-74.3675561054599,45.32892791520614],[-74.36756717450083,45.32893514705895],[-74.36757821928725,45.328942397225745],[-74.36758923981917,45.32894966507491],[-74.36760023699487,45.32895695123805],[-74.36761120991608,45.32896425508359],[-74.36742217653251,45.3290873239494],[-74.36743302907946,45.32909454125634],[-74.3674438573719,45.32910177687717],[-74.36745466140982,45.32910903144343],[-74.36746543939658,45.3291163030605],[-74.36747619312887,45.329123592991444],[-74.36748692350494,45.3291309012363],[-74.36749762693154,45.329138228426565],[-74.36750830700197,45.329145572036055],[-74.36751896102122,45.329152935222496],[-74.36752959078598,45.3291603154597],[-74.36754019629622,45.329167714010794],[-74.36755077485701,45.32917513024413],[-74.3675613291633,45.32918256415974],[-74.36757185921506,45.32919001638919],[-74.36758236231735,45.32919748503787],[-74.36759284116513,45.32920497326341],[-74.36760329396178,45.32921247727655],[-74.36761372160561,45.329220000235075],[-74.36762412319828,45.329227540244254],[-74.36763450053644,45.329235098567246],[-74.36764485182346,45.32924267330938],[-74.36765517616102,45.329250265102196],[-74.36766547534575,45.329257875208754],[-74.36767574937765,45.32926550236598],[-74.3676859964601,45.32927314720543],[-74.36769621838972,45.32928080909548],[-74.3677064142682,45.32928848803624],[-74.36771658409553,45.32929618402759],[-74.3677267278717,45.32930389833268],[-74.36773684469844,45.3293116284253],[-74.36774693547403,45.3293193762001],[-74.36775700109679,45.32932714039396],[-74.36776703887178,45.32933492226992],[-74.3677770505956,45.32934272056499],[-74.36778703716662,45.32935053527905],[-74.36779699588986,45.32935836767525],[-74.36780692766366,45.32936621649053],[-74.3678168342846,45.32937408235633],[-74.36782671305777,45.329381964641144],[-74.3678365648815,45.32938986334502],[-74.36784639065408,45.329397778467836],[-74.36785619037552,45.32940571064125],[-74.36786596224917,45.32941365923361],[-74.36787570627506,45.32942162424498],[-74.3678854242498,45.329429605675294],[-74.36789511527509,45.329437603524596],[-74.36790477845261,45.32944561716132],[-74.36791441557897,45.32945364848009],[-74.36792402395926,45.32946169432316],[-74.36793360628837,45.329469757216756],[-74.36794316076974,45.329477836529236],[-74.36795268740335,45.32948593162914],[-74.36796218708746,45.329494042516394],[-74.36797165982215,45.32950216982257],[-74.3679811038107,45.32951031228459],[-74.36799052084984,45.329518471797],[-74.36799990914288,45.329526646465254],[-74.36800927138476,45.32953483755244],[-74.36801860488058,45.32954304379534],[-74.36802791052858,45.32955126582565],[-74.36803718832884,45.329559503643225],[-74.36804643828133,45.32956775661659],[-74.36805566038605,45.32957602537726],[-74.36806485374466,45.32958431055682],[-74.36807402015383,45.32959261089205],[-74.36808315781688,45.329600925751556],[-74.36809226673387,45.329609256398335],[-74.36810134780308,45.329617602832364],[-74.36819240014195,45.32970151044569],[-74.36846438665378,45.32995210966822],[-74.36847296017486,45.32995998871496],[-74.36848156064539,45.32996785323525],[-74.3684901889637,45.32997570196603],[-74.36849884512976,45.32998353617037],[-74.36850752914363,45.32999135521685],[-74.36851624010693,45.32999915910531],[-74.36852497801969,45.330006947204325],[-74.36853374288194,45.33001472077698],[-74.36854253649025,45.33002247792861],[-74.36855135525138,45.33003022118539],[-74.36856020275863,45.33003794802119],[-74.368569076317,45.33004565969913],[-74.36857797772315,45.33005335621915],[-74.36858690518044,45.33006103694976],[-74.36859586048551,45.330068701890916],[-74.36860484184172,45.330076352305774],[-74.36861384924909,45.3300839862997],[-74.3686228845042,45.33009160387264],[-74.36863194670879,45.33009920628775],[-74.36864103496453,45.33010679291349],[-74.36865014927139,45.33011436311828],[-74.36865929142604,45.33012191816525],[-74.36866845963182,45.33012945679132],[-74.36867765388878,45.330136978996514],[-74.36868687329853,45.33014448604385],[-74.36869612055605,45.33015197730187],[-74.36870539386474,45.33015945087597],[-74.36871469412287,45.33016690992374],[-74.36872401863553,45.33017435191916],[-74.36873337009763,45.33018177686218],[-74.36874274761088,45.33018918727895],[-74.36875215117529,45.33019658001179],[-74.36876157989249,45.33020395632379],[-74.36877103466087,45.330211316846516],[-74.36878051637869,45.33021866031692],[-74.36879002235104,45.33022598799798],[-74.3687995543745,45.330233297995214],[-74.36880911244914,45.33024059220311],[-74.36881869477827,45.330247869358715],[-74.36882830405686,45.330255130093526],[-74.36883793848828,45.33026237314447],[-74.36884759807253,45.33026960040619],[-74.36885728191129,45.3302768099841],[-74.3688669918012,45.3302840031412],[-74.36887672684394,45.330291180509086],[-74.3688864879378,45.33029833893005],[-74.3688962732862,45.33030548093033],[-74.36890608468573,45.33031260650986],[-74.36891594908586,45.330319735246114],[-74.36892583953714,45.33032684819319],[-74.36893575424294,45.33033394345645],[-74.36894569410155,45.33034102040441],[-74.36895565911301,45.33034808030013],[-74.36896564927729,45.33035512314364],[-74.36897566369608,45.33036214830334],[-74.36898570236937,45.33036915641083],[-74.36899576619548,45.33037614620303],[-74.36900585427614,45.33038311957458],[-74.3690159675096,45.330390073999304],[-74.36902610499759,45.33039701137181],[-74.36903626674008,45.330403930429085],[-74.36904645183877,45.330410832434154],[-74.36905666209029,45.33041771549242],[-74.36906689659632,45.33042458149855],[-74.36907715445854,45.330431429189474],[-74.36908743657528,45.33043825919668],[-74.36909774294654,45.33044507152019],[-74.3691080735723,45.330451865528495],[-74.36911842755427,45.330458641221576],[-74.36912880489244,45.330465399231024],[-74.36913920738343,45.33047213955678],[-74.3691496323323,45.33047886030429],[-74.36916008063737,45.33048556336815],[-74.36917055319695,45.33049224811688],[-74.36918104911274,45.3304989145504],[-74.36919156838471,45.3305055633003],[-74.36920211101288,45.33051219247199],[-74.36921267699725,45.330518804591634],[-74.36922326633783,45.330525396501486],[-74.36923387813627,45.330531971359314],[-74.36924451329092,45.3305385266389],[-74.36925517090346,45.33054506360343],[-74.36926585187219,45.330551582252774],[-74.36927655619711,45.33055808132399],[-74.36928728297991,45.33056456271167],[-74.36929803311892,45.33057102578419],[-74.3693088057158,45.3305774686471],[-74.36931960077058,45.33058389256331],[-74.3693304173849,45.33059029879606],[-74.36934125735546,45.33059668545063],[-74.36935211978387,45.33060305252708],[-74.36936300467016,45.330609401288484],[-74.36937391111603,45.330615731734866],[-74.3693848409181,45.33062204134006],[-74.36939579227972,45.33062833326172],[-74.3694067652009,45.33063460560535],[-74.36941776057999,45.33064085837084],[-74.36942877841695,45.33064709282133],[-74.36943981781349,45.330653306430726],[-74.36945087876957,45.33065950172508],[-74.36946196218354,45.330665677441374],[-74.36947306536044,45.3306718348427],[-74.36948419189356,45.33067797140289],[-74.36949533998623,45.33068408838509],[-74.36950650874017,45.33069018642075],[-74.36951769905367,45.33069626487839],[-74.36952891092672,45.330702323758],[-74.36954014435936,45.33070836369113],[-74.36955139935154,45.330714382783235],[-74.36956267410669,45.330720382928824],[-74.36957397042137,45.330726362864915],[-74.36958528829564,45.33073232385451],[-74.36959662593284,45.33073826337161],[-74.3696079851296,45.33074418457372],[-74.36961936498761,45.33075008556634],[-74.36963076640521,45.330755966981066],[-74.36964218758573,45.3307618275547],[-74.36965362942752,45.330767668550436],[-74.36966509103222,45.33077348870514],[-74.36967657419649,45.33077928991345],[-74.36968807712371,45.330785070912285],[-74.36969960161049,45.3307908317017],[-74.36971114406357,45.33079657165012],[-74.36972270807622,45.33080229265211],[-74.36973429275012,45.330807992813206],[-74.36974589628865,45.330813671501794],[-74.36975751959012,45.3308193318755],[-74.36976916355283,45.3308249707768],[-74.36978082638016,45.330830590100184],[-74.36979224217079,45.330836059751235],[-74.36980367682604,45.3308415110875],[-74.3698151294476,45.33084694284592],[-74.36982660093379,45.33085235376344],[-74.36983809038627,45.33085774573466],[-74.36984959960166,45.33086311875959],[-74.3698611267834,45.330868471575215],[-74.36987267193145,45.330873804812974],[-74.3698842359441,45.330879117841384],[-74.36989581792305,45.33088441192357],[-74.36990741786832,45.33088968579637],[-74.36991903577989,45.33089494009144],[-74.36993067165777,45.330900174177174],[-74.36994232550194,45.330905388053594],[-74.36995399821073,45.330910581720744],[-74.36996568798753,45.330915755810075],[-74.37044385492506,45.33112686494702],[-74.37045436521389,45.331131519273015],[-74.37046485484146,45.33113619507045],[-74.37047532650273,45.33114089107625],[-74.37048577929939,45.33114560918492],[-74.37049621143478,45.331150348133484],[-74.37050662560387,45.33115510792193],[-74.37051702001001,45.33115988918174],[-74.37052739465324,45.331164691281366],[-74.37053774953351,45.33116951295784],[-74.37054808554917,45.33117435736869],[-74.37055840180189,45.33117922198787],[-74.37056869829168,45.33118410807837],[-74.3705789741202,45.33118901437719],[-74.3705892301858,45.33119394151581],[-74.3705994673868,45.33119888949425],[-74.3706096821299,45.331203858312485],[-74.37061987800836,45.331208847339006],[-74.3706300541239,45.331213857205356],[-74.37064020957818,45.331218887279924],[-74.37065034347292,45.3312239381943],[-74.3706604576047,45.33122900931695],[-74.37067055017691,45.33123410127936],[-74.3706806229862,45.331239213450004],[-74.37069067513421,45.33124434646041],[-74.370700706621,45.33124949904752],[-74.3707107165482,45.33125467247441],[-74.37072070401753,45.331259865477996],[-74.37073067262224,45.3312650793213],[-74.37074061876906,45.331270312109815],[-74.37075054335632,45.33127556636951],[-74.37076044728234,45.33128084020594],[-74.37077032964878,45.33128613425054],[-74.37078019045565,45.33129144850333],[-74.37078994885458,45.3312967381263],[-74.37079968659226,45.33130204732594],[-74.37080940277038,45.33130737610224],[-74.37081909649059,45.33131272508673],[-74.37082876954958,45.33131809364782],[-74.370838421049,45.33132348115408],[-74.37084805009053,45.331328887605444],[-74.37085765667418,45.33133431363344],[-74.37086724259657,45.33133975923806],[-74.3708768069594,45.33134522315625],[-74.37088634796604,45.331350707282574],[-74.37089586651479,45.331356210353995],[-74.37090536350397,45.33136173173901],[-74.37091483893357,45.331367272700554],[-74.37092429190533,45.33137283260723],[-74.37093372152086,45.33137841145896],[-74.3709431286785,45.33138400925574],[-74.3709525142766,45.331389625366086],[-74.37096187562017,45.331395261684484],[-74.37097121450589,45.33140091568491],[-74.370980531832,45.33140658863036],[-74.3709898249036,45.331412279257826],[-74.37099909641564,45.331417989461784],[-74.3710083436732,45.331423718610814],[-74.37101756847285,45.331429465441786],[-74.37102676901799,45.3314352312178],[-74.37103594710524,45.33144101530729],[-74.37104510183632,45.331446818341774],[-74.37105423321117,45.33145263968976],[-74.37106334033152,45.33145847871965],[-74.371072424994,45.331464335431505],[-74.37108148540194,45.33147021171987],[-74.3710905224537,45.33147610442711],[-74.37109953435262,45.33148201671084],[-74.37110852289537,45.33148794667651],[-74.37111748898022,45.33149389432406],[-74.37112642991225,45.33149986028507],[-74.37113534748806,45.33150584455949],[-74.37114423901275,45.33151184651577],[-74.37115310807954,45.33151786552247],[-74.37116195199351,45.33152390284256],[-74.37117077255128,45.33152995784456],[-74.37117956705792,45.33153603052839],[-74.37118833820836,45.33154212089412],[-74.37119708510428,45.33154822831015],[-74.37120580684737,45.33155435467111],[-74.37121450343764,45.33156049681941],[-74.3712231757734,45.331566657912525],[-74.3712318229563,45.33157283479296],[-74.37124044588472,45.33157902935521],[-74.371249042762,45.3315852415993],[-74.37125761448645,45.33159147152523],[-74.37126616195637,45.33159771786994],[-74.37127468337515,45.331603981896436],[-74.3712831796411,45.33161026297322],[-74.37129165165254,45.33161656046882],[-74.37130009671453,45.33162287564618],[-74.37130851752202,45.33162920661076],[-74.37131691227833,45.33163555588867],[-74.37132528098354,45.33164192095379],[-74.3713336245359,45.33164830243765],[-74.3713419420371,45.33165470160329],[-74.37135023438549,45.331661117819124],[-74.37135849978442,45.33166754982221],[-74.37136674003054,45.33167399887552],[-74.37137495332718,45.33168046371601],[-74.37138314147099,45.331686944975246],[-74.37139130266533,45.331693443916194],[-74.37139943780855,45.33169995801277],[-74.37140754690063,45.33170648852802],[-74.37141562994154,45.331713035462],[-74.37142368603301,45.33171959881465],[-74.37143171607333,45.331726177954444],[-74.3714397191642,45.33173277288136],[-74.37144769530562,45.33173938485846],[-74.37145564539588,45.33174601199121],[-74.37146356853668,45.331752654911064],[-74.37147146562636,45.331759313618086],[-74.37147933396992,45.33176598874368],[-74.37148717716067,45.33177267965643],[-74.37149499250364,45.33177938572475],[-74.37150277999883,45.33178610758019],[-74.37151054234121,45.33179284585425],[-74.3715182768358,45.33179959865233],[-74.37152598258432,45.331806367869056],[-74.37153366228166,45.3318131516098],[-74.37154131413126,45.33181995176917],[-74.37154893813307,45.33182676582102],[-74.37155653698208,45.33183359565996],[-74.37158777320113,45.331816360971914],[-74.37183009913889,45.33205761202599],[-74.37179644914669,45.3320727519131],[-74.37180296372912,45.33207997704929],[-74.37180944956548,45.33208721481478],[-74.37181590575743,45.332094465841095],[-74.37182233320327,45.33210173012823],[-74.37182873280138,45.332109006413226],[-74.37183510275504,45.33211629532747],[-74.37184144306431,45.33212359687104],[-74.37184775462751,45.332130911043926],[-74.3718540374446,45.3321382378461],[-74.37186029061729,45.33214557727754],[-74.3718665150439,45.33215292807528],[-74.37187270982609,45.332160292133764],[-74.37220997151972,45.33256245820173],[-74.3725881945937,45.333013460551676],[-74.37262024288978,45.33315941820296],[-74.37278019241768,45.333350143051725],[-74.37302608197221,45.3336433394409],[-74.37345658879232,45.334025756469714],[-74.37442811677211,45.335095146544134],[-74.37443690678715,45.33510479933104],[-74.37444572644662,45.335114439486695],[-74.37445457575049,45.33512406511674],[-74.37446345469877,45.335133678115554],[-74.37447236329143,45.33514327722025],[-74.3744813006302,45.33515286243075],[-74.37449026671506,45.3351624343786],[-74.37449926334261,45.3351719930638],[-74.37450828781795,45.33518153848636],[-74.37451734193769,45.335191069383306],[-74.37452642480355,45.3352005863861],[-74.3745355382121,45.335210089494815],[-74.37454467946843,45.33521957934093],[-74.37455384947086,45.335229054661454],[-74.37456304821936,45.33523851671933],[-74.37457227661228,45.33524796425169],[-74.37458153375127,45.33525739725849],[-74.37459081873806,45.335266817634185],[-74.37460013247093,45.335276222221374],[-74.37460947584819,45.335285613545985],[-74.37461884797156,45.33529499160805],[-74.37462824794268,45.33530435325016],[-74.3746376766599,45.335313702261175],[-74.37464713412321,45.33532303674672],[-74.3746566194343,45.33533235670676],[-74.37466613349147,45.335341661509815],[-74.37467567719305,45.33535095241887],[-74.3746852478441,45.33536022880249],[-74.37392695026836,45.33585595362636],[-74.3741614150491,45.336076619930694],[-74.37492342176863,45.33557846839117],[-74.37493371286853,45.335587390480825],[-74.37494403091787,45.33559629741378],[-74.37495437681501,45.33560518792698],[-74.37496474876329,45.33561406265198],[-74.37497514945764,45.33562292158877],[-74.37498557620313,45.335631764737315],[-74.37499602989809,45.33564059272916],[-74.37500651144084,45.33564940366982],[-74.37501701903471,45.335658198822344],[-74.37502755447638,45.33566697881814],[-74.37503811507084,45.335675741762806],[-74.37504870441141,45.33568448891932],[-74.37505931980313,45.33569321965621],[-74.37506996124598,45.33570193460491],[-74.37508063053662,45.335710633765494],[-74.37509132587839,45.33571931587498],[-74.375102046373,45.33572798156492],[-74.37511279561367,45.33573663209815],[-74.37512357000719,45.335745264948876],[-74.37513437045185,45.335753882011495],[-74.37514519874429,45.33576248265451],[-74.37515605218954,45.33577106561505],[-74.37516693168597,45.33577963405044],[-74.37517783813182,45.33578818480336],[-74.37518877062882,45.33579671913671],[-74.37519972917698,45.3358052357876],[-74.37521071377627,45.335813736650415],[-74.37522172442672,45.33582222109375],[-74.37523276022998,45.33583068911754],[-74.3752438229827,45.335839138827424],[-74.37525491088826,45.33584757274926],[-74.37526602574326,45.3358559889887],[-74.37527716395446,45.335864388808645],[-74.37528833001346,45.335872772209136],[-74.37529952122527,45.335881137927196],[-74.37531073758991,45.33588948596284],[-74.37532197910737,45.33589781821052],[-74.3753332475743,45.33590613277584],[-74.37534454029573,45.3359144302902],[-74.3753558590683,45.33592271012223],[-74.37536720299371,45.33593097290336],[-74.3758765702177,45.33630121309091],[-74.37589580674118,45.33631521204858],[-74.37591501631522,45.33632922742093],[-74.37593420253306,45.33634325920785],[-74.37595336359807,45.336357308672326],[-74.37597249951025,45.33637137518287],[-74.37599161116792,45.336385457476524],[-74.37601069677444,45.3363995574477],[-74.37602975902479,45.33641367320195],[-74.37604879522397,45.33642780726517],[-74.37606780627033,45.33644195774288],[-74.37608679306216,45.336456123372244],[-74.37610575470119,45.33647030731045],[-74.37612469028906,45.336484507663194],[-74.37614360162242,45.33649872379895],[-74.37616248780294,45.336512957612115],[-74.37618134793235,45.336527207839744],[-74.37620018380723,45.33654147385034],[-74.3762190304619,45.3365557846912],[-74.37623785286203,45.33657011257789],[-74.37625664921104,45.33658445687902],[-74.3762754204072,45.33659881759453],[-74.37629416645056,45.33661319535587],[-74.37631288644276,45.336627589531574],[-74.37633158128214,45.336641999490155],[-74.37635024917206,45.33665642649457],[-74.37636889370579,45.33667087054474],[-74.37638751129005,45.336685330377726],[-74.3764061037215,45.33669980662501],[-74.37642466920346,45.3367142999181],[-74.37644321043092,45.33672880899393],[-74.37646172560724,45.33674333385259],[-74.37648021563075,45.336757875756966],[-74.37649867870476,45.336772432812666],[-74.37651711662598,45.336787007545496],[-74.37653552939436,45.33680159806104],[-74.37655391521328,45.336816204990775],[-74.37657227498104,45.336830827703274],[-74.37659060959602,45.336845466829935],[-74.37660891726149,45.336860121739285],[-74.37662720067246,45.33687479306277],[-74.37664545623568,45.336889480168956],[-74.37666368664605,45.33690418368922],[-74.37668189010698,45.336918903623626],[-74.37670006841506,45.33693363870918],[-74.376718220672,45.33694839084034],[-74.3767363468778,45.33696315812257],[-74.37675444703247,45.3369779418189],[-74.37677252023767,45.33699274066634],[-74.37679056739172,45.337007557190724],[-74.37680858759632,45.337022388234786],[-74.3768265835464,45.33703723506137],[-74.37684455075042,45.33705209830195],[-74.37686249280158,45.33706697732509],[-74.3768804079033,45.33708187213071],[-74.37689829695387,45.33709678208736],[-74.37691616085161,45.337111709089406],[-74.37693399690156,45.33712665124249],[-74.3769518069004,45.33714160791514],[-74.37696958994975,45.337156582264576],[-74.37698734694798,45.337171571133545],[-74.37791261887713,45.337958256702954],[-74.37900626653158,45.33887790640606],[-74.37869345608166,45.33903393674995],[-74.36997460107179,45.343459149905534],[-74.370381015076,45.34355767629681],[-74.3730162121822,45.34257502053985],[-74.37509914301799,45.341798237655745],[-74.37525164910546,45.341741360102574],[-74.3752663105092,45.34173589213619],[-74.38019067367414,45.3398570303617],[-74.38020324559653,45.33985223341908],[-74.38060371365188,45.33969942245409],[-74.38061982044492,45.33969327550567],[-74.38133231921252,45.33942139471107],[-74.39089096516408,45.33575356248686]]]]}},{"type":"Feature","properties":{"zone_code":"A1-3","prefix":"A","kind":"agricultural","n_lots":23,"source":"t2-gcp3","confidence":"contour-manual-gcp"},"geometry":{"type":"MultiPolygon","coordinates":[[[[-74.3642290133455,45.345912703269654],[-74.36269801011518,45.34485091462459],[-74.36159408393726,45.34408527586536],[-74.36136839120527,45.343928741078464],[-74.35870257861589,45.34207969423202],[-74.36041135484767,45.34110396277356],[-74.36038717399684,45.34109447959635],[-74.36036301021402,45.34108497368667],[-74.36033886349918,45.34107544630738],[-74.36031473475065,45.34106589619568],[-74.36029062307011,45.34105632524573],[-74.36026652845756,45.34104673219473],[-74.36024245181132,45.34103711767403],[-74.36021839223307,45.341027480420884],[-74.36019435151943,45.34101782169802],[-74.36017032787377,45.34100814150551],[-74.36014632129613,45.340998438580435],[-74.3601223335831,45.340988714185656],[-74.36009836203974,45.34097896832116],[-74.360074409361,45.34096920161832],[-74.36005047464857,45.34095941155152],[-74.36002655700413,45.34094960001493],[-74.36000265822432,45.34093976700863],[-74.3599787774108,45.34092991316389],[-74.35995491366529,45.340920037218],[-74.35993106878438,45.34091013917084],[-74.35990724186979,45.3409002190225],[-74.3598834338198,45.34089027803573],[-74.35985964283782,45.340880314947704],[-74.35983587072046,45.34087033102127],[-74.3598121165694,45.34086032499352],[-74.35978838038466,45.34085029812734],[-74.3597646621662,45.34084024915986],[-74.35974096371069,45.340830178091075],[-74.35971728232316,45.34082008618377],[-74.3596936206986,45.340809973437985],[-74.359669976142,45.34079983795944],[-74.35964635134833,45.34078968101096],[-74.35962274452099,45.34077950322393],[-74.35959915655826,45.34076930396694],[-74.35957558746014,45.34075908323994],[-74.35955203632835,45.340748841043016],[-74.35952850406116,45.34073857737605],[-74.3595049906586,45.34072829287054],[-74.35948149612067,45.34071798626353],[-74.35945802044733,45.34070765881792],[-74.35943456363864,45.340697309902296],[-74.35941112569456,45.34068694014799],[-74.35938770661511,45.34067654829226],[-74.35936430640027,45.34066613622922],[-74.35934092594836,45.340655702064716],[-74.35931756436109,45.3406452470615],[-74.35929422163842,45.34063476995676],[-74.35927089778039,45.34062427327614],[-74.3592475936853,45.34061375386254],[-74.35922430845481,45.34060321424161],[-74.35920104208896,45.34059265315053],[-74.35917779638434,45.340582071220716],[-74.35915456774774,45.34057146782069],[-74.35913136067069,45.340560844213314],[-74.35910817155994,45.3405501978729],[-74.35908500311044,45.340539531956516],[-74.35906185352557,45.34052884456986],[-74.35903872370365,45.340518135713005],[-74.35901561274633,45.34050740664868],[-74.35899252245025,45.3404966561141],[-74.35896945191712,45.34048588474069],[-74.35894639935032,45.3404750925284],[-74.35892336834306,45.3404642801086],[-74.35890035620041,45.34045344558711],[-74.35887736471905,45.34044259085806],[-74.35885439120396,45.340431714658735],[-74.35883143924846,45.340420817620455],[-74.35880850705587,45.34040989974319],[-74.35878559462624,45.34039896165843],[-74.35876270195955,45.34038800273471],[-74.35873982905578,45.34037702297196],[-74.35871697681327,45.34036602173883],[-74.3586941443337,45.34035500092949],[-74.35867133161705,45.340343958649775],[-74.35864853956167,45.34033289553094],[-74.35862576906584,45.340321811573155],[-74.35860301653632,45.34031070740766],[-74.35858028556638,45.34029958240313],[-74.35855757435937,45.340288437822345],[-74.3585348838136,45.340277271771065],[-74.35851221392909,45.34026608488066],[-74.35848956470582,45.340254877782584],[-74.3584669343472,45.340243649845355],[-74.35844432644645,45.34023240170041],[-74.35842173830862,45.340221132716316],[-74.35839916993373,45.34020984226165],[-74.35837662311842,45.340198533493464],[-74.35835409696436,45.34018720262325],[-74.35833159236985,45.34017585154524],[-74.35830910664,45.34016448025947],[-74.35828664336799,45.340153089397305],[-74.35826419985894,45.34014167769588],[-74.35824177790944,45.34013024452379],[-74.3582193757229,45.34011879240672],[-74.35819699599422,45.34010731945035],[-74.35817463602848,45.3400958256547],[-74.3581522976223,45.34008431228255],[-74.35812997987739,45.34007277870254],[-74.35810768369204,45.34006122428323],[-74.35808540816794,45.34004964965599],[-74.3580631542034,45.34003805545224],[-74.35804092090012,45.3400264404091],[-74.35801870915641,45.340014805158035],[-74.35799651897226,45.34000315033039],[-74.35797434944936,45.33999147403197],[-74.35795220238435,45.33997977941981],[-74.35793007508227,45.33996806333675],[-74.35790797023806,45.33995632830859],[-74.35788588695344,45.339944572440935],[-74.35786382522838,45.339932796996685],[-74.35784178416458,45.339921001344344],[-74.35781976466032,45.33990918548399],[-74.35779776761396,45.33989735004692],[-74.35777579122885,45.3398854944018],[-74.35775383730162,45.33987361791717],[-74.35773190583227,45.339861723118666],[-74.35770999412587,45.3398498074806],[-74.35768810577565,45.33983787226585],[-74.35766623808668,45.33982591747432],[-74.35764439285562,45.339813941843225],[-74.35762257008241,45.339801947266814],[-74.35760076797047,45.3397899318508],[-74.35757898921473,45.339777898120836],[-74.35755722842526,45.339765856811155],[-74.3575354891954,45.3397537971876],[-74.35751377332173,45.33974171735574],[-74.35749207810929,45.33972961794711],[-74.35747040535475,45.339717498330195],[-74.35744875505809,45.33970535913644],[-74.35742712632099,45.3396932009972],[-74.35740552094009,45.33968102328114],[-74.35738393711875,45.33966882472531],[-74.3573623757553,45.33965660722402],[-74.35734083684974,45.33964437014586],[-74.35731931950374,45.339632114122175],[-74.35729782551394,45.339619837890105],[-74.3572763530837,45.339607542081076],[-74.35725490400965,45.33959522669509],[-74.3572334773935,45.339582892995004],[-74.35721207233692,45.33957053908648],[-74.3571906897382,45.33955816623241],[-74.35716933049571,45.33954577316992],[-74.35584777396546,45.33877697114372],[-74.35490239414699,45.33944351119979],[-74.35369861573365,45.33860837444099],[-74.3526350194204,45.33787045771053],[-74.3516882633829,45.3372135812427],[-74.35005934917652,45.336083354536925],[-74.33996598823862,45.34326516578512],[-74.33952792838359,45.34357680030204],[-74.34032890491847,45.344136715529466],[-74.3411016608787,45.34468481477505],[-74.34099472183401,45.34475833295027],[-74.34025073262413,45.34423035640846],[-74.33941073147668,45.3436431612887],[-74.33865907065426,45.34311770495566],[-74.33778488950857,45.342506580375805],[-74.33731942025759,45.34283770132303],[-74.32717522096281,45.35005254532398],[-74.32872686658001,45.351162782113086],[-74.32874489486946,45.35117568272274],[-74.33030228700954,45.35228996423291],[-74.33031859143195,45.35230143345783],[-74.3318691689523,45.3533921557236],[-74.33190240392285,45.35341565429632],[-74.33348308129342,45.35453322035079],[-74.33352824139939,45.354565148320894],[-74.33510221643962,45.35567790680505],[-74.33515490802093,45.35571515682119],[-74.33648671612518,45.35665665561977],[-74.33671452079639,45.35681769506404],[-74.33683227106552,45.35676973683487],[-74.33704805088836,45.356681852130286],[-74.34329570163705,45.35413694349169],[-74.34386801201636,45.35390683750633],[-74.34484690079157,45.35351324864287],[-74.34649636755334,45.352850004757045],[-74.3483263301102,45.352104845898936],[-74.35031136793623,45.351296606777524],[-74.35044658235279,45.35124339083154],[-74.35485025952116,45.349510067540194],[-74.36066264956524,45.347280780921515],[-74.36124163083383,45.34705869166599],[-74.36339383255785,45.346233099044525],[-74.3642290133455,45.345912703269654]]]]}}]}