{"type":"FeatureCollection","crs":{"type":"name","properties":{"name":"urn:ogc:def:crs:OGC:1.3:CRS84"}},"features":[{"type":"Feature","properties":{"zone_code":"NA-01","prefix":"NA","kind":"unknown","n_lots":1,"source":"t3-raster-text","confidence":"raster-cadastre-residual-holdout"},"geometry":{"type":"MultiPolygon","coordinates":[[[[-74.50236665833847,46.2580305208606],[-74.50083878304198,46.25638282728581],[-74.5004832873447,46.25601446197999],[-74.49951917136433,46.25668225441822],[-74.49795470409306,46.25776367390945],[-74.48932714306889,46.26373076392274],[-74.49170335587866,46.2654076452101],[-74.50236665833847,46.2580305208606]]]]}},{"type":"Feature","properties":{"zone_code":"RC-02","prefix":"RC","kind":"unknown","n_lots":1,"source":"t3-raster-text","confidence":"raster-cadastre-residual-holdout"},"geometry":{"type":"MultiPolygon","coordinates":[[[[-74.49904835623909,46.2564080467962],[-74.49848058864018,46.25607740152871],[-74.49789715082944,46.255707287547736],[-74.49776426304946,46.25580876801723],[-74.49777776382989,46.255817631555274],[-74.49877887333196,46.25645239939173],[-74.49830652747745,46.256994319658865],[-74.49793952975129,46.25698640910544],[-74.49748275439562,46.25685657984185],[-74.49721852214131,46.256688957556364],[-74.49659681699781,46.25682853941347],[-74.4965764225459,46.25686947799931],[-74.4969454612444,46.25724990209348],[-74.4961239591036,46.257495757968464],[-74.49454969660248,46.25761001944823],[-74.49410873249413,46.25707300028632],[-74.4941061040236,46.257073274819895],[-74.49410347285814,46.257073526372125],[-74.49410083450614,46.25707375121631],[-74.49409819166259,46.25707395183701],[-74.49409554612407,46.257074126991895],[-74.49409289789062,46.25707427730212],[-74.4940902469622,46.25707440338879],[-74.49408759244055,46.25707450338855],[-74.49408493612223,46.25707457792256],[-74.49408227980396,46.25707462823297],[-74.49407962258735,46.25707465245656],[-74.49407696447241,46.25707465245656],[-74.4940743072558,46.257074626369636],[-74.4940716509375,46.25707457543809],[-74.49406899461921,46.257074499040755],[-74.49406634099586,46.257074398419874],[-74.49406368916915,46.257074271090936],[-74.49406104093568,46.25707412015959],[-74.49405839539718,46.25707394314136],[-74.49405575345192,46.25707374127847],[-74.49405311689657,46.257073515192026],[-74.49405048393447,46.257073263018654],[-74.49404785636227,46.257072987242886],[-74.49404523328162,46.25707268538017],[-74.49404261738754,46.257072358051715],[-74.49404000957826,46.2570720071208],[-74.49403740626057,46.257071631966326],[-74.49403481282435,46.25707123134611],[-74.49403222567632,46.25707080712342],[-74.49402964840976,46.25707035805606],[-74.4940270810247,46.257069883522945],[-74.49402452172446,46.25706938538736],[-74.49402197230567,46.25706886302823],[-74.49401943456499,46.257068317066675],[-74.49401690670578,46.25706774750265],[-74.49401439052467,46.25706715247287],[-74.49401188691998,46.25706653446175],[-74.4940093958917,46.25706589346932],[-74.4940069174398,46.257065228253296],[-74.49400445066605,46.25706453943485],[-74.49400200006195,46.25706382701392],[-74.49399956383091,46.257063092232826],[-74.49399714017626,46.25706233447038],[-74.4939947326913,46.2570615531055],[-74.4939923404777,46.2570607493804],[-74.49398996443378,46.25705992329508],[-74.49398760545785,46.257059073607316],[-74.4939852635499,46.257058203422716],[-74.49398293870995,46.25705731025671],[-74.4939806318363,46.2570563941094],[-74.49397834292895,46.25705545808636],[-74.49397607198792,46.25705449908197],[-74.4939738208098,46.25705351958068],[-74.49397159029296,46.25705251834029],[-74.4939693777424,46.25705149660305],[-74.49396718675145,46.25705045250555],[-74.49396501552339,46.25704938915344],[-74.49396286585493,46.25704830530441],[-74.49396073864433,46.25704720033739],[-74.49395863299328,46.25704607611577],[-74.49395654800352,46.25704493263946],[-74.4939544881666,46.25704376742403],[-74.4939524498892,46.257042584196206],[-74.49395043586634,46.2570413810926],[-74.49394844519966,46.25704016059767],[-74.4939464787875,46.25703891960587],[-74.49394453662985,46.257037660601675],[-74.49394262142168,46.25703638358503],[-74.49394072956969,46.25703508731372],[-74.49393886376885,46.25703377551447],[-74.49393702401915,46.257032444460556],[-74.4939352112189,46.25703109725757],[-74.49393342536811,46.25702973142099],[-74.49393166467016,46.2570283506776],[-74.49392993271829,46.257026951300666],[-74.4939282286142,46.257025537637986],[-74.4939265532562,46.25702410658403],[-74.49392490394933,46.25702265938094],[-74.49392328518519,46.257021198513286],[-74.49392169516712,46.25701972149649],[-74.49392013389517,46.25701822957288],[-74.4939186022676,46.25701672212125],[-74.49391710028445,46.25701520162614],[-74.4939156279457,46.25701366622419],[-74.49391418614968,46.25701211839982],[-74.49391277669298,46.257010555668636],[-74.49391139688072,46.25700897927276],[-74.49391004850948,46.257007391696774],[-74.49390873068096,46.25700579045616],[-74.49390744519178,46.257004176171996],[-74.49390619114364,46.25700255070771],[-74.49390496943485,46.25700091468435],[-74.49390378006544,46.256999265617516],[-74.49390262393364,46.25699760537048],[-74.49390150014123,46.25699593456439],[-74.49390040868816,46.256994253199274],[-74.49389935137107,46.25699256251731],[-74.49389832729165,46.256990861276364],[-74.49389733644989,46.256989150718525],[-74.4938963797441,46.25698743022281],[-74.49389545627601,46.2569857022736],[-74.49389456784218,46.25698396438647],[-74.49389371444266,46.25698221842471],[-74.49389289338248,46.25698046563063],[-74.49389210825494,46.25697870351975],[-74.49389135816168,46.25697693519763],[-74.49389064220439,46.256975159422],[-74.49388996128141,46.256973377435166],[-74.4938893153927,46.25697158923708],[-74.49388870633496,46.25696979544889],[-74.49388813141319,46.25696799544949],[-74.49388759152569,46.25696619048104],[-74.49388708846912,46.25696438054361],[-74.49388661954855,46.256962565637174],[-74.49388618745891,46.25696074638288],[-74.49388579130185,46.25695892340175],[-74.49388543107743,46.25695709731501],[-74.4938851058873,46.25695526750154],[-74.49388481752808,46.25695343520348],[-74.4938845651015,46.256951599178684],[-74.49388434950582,46.25694976253266],[-74.49388416894446,46.25694792215994],[-74.49393231864369,46.257495697720614],[-74.49323761640017,46.257416179818556],[-74.4923585394362,46.25757359440772],[-74.49153410070272,46.25700082959125],[-74.49004810755973,46.25660500677957],[-74.48320201982999,46.26133462212593],[-74.48314729805614,46.26137246753464],[-74.48549708602353,46.26306084577105],[-74.48669174384176,46.26223543836456],[-74.4890714870306,46.26390759208306],[-74.48932714306889,46.26373076392274],[-74.49795470409306,46.25776367390945],[-74.4977993772956,46.25767947943965],[-74.49779619366625,46.257677732878975],[-74.49779303249476,46.25767596830602],[-74.49778989467947,46.25767418447865],[-74.49778677842376,46.257672380154574],[-74.49778368642255,46.25767055719715],[-74.49778061957414,46.25766871436414],[-74.49777757518366,46.25766685289778],[-74.49777455325106,46.257664973419125],[-74.4977715582679,46.25766307530718],[-74.49776858664093,46.25766115731958],[-74.4977656401668,46.257659221319756],[-74.4977627197438,46.25765726792879],[-74.49775982357532,46.25765529590444],[-74.49775695166137,46.257653307110076],[-74.49775410759518,46.25765129906119],[-74.49775128868183,46.257649274242276],[-74.4977484958196,46.257647232032205],[-74.49774572990684,46.25764517243095],[-74.49774299094354,46.25764309605968],[-74.49774027803139,46.25764100353943],[-74.49773759117036,46.25763889238584],[-74.49773493395375,46.25763676508327],[-74.49773230278828,46.25763462225287],[-74.4977296994706,46.25763246203128],[-74.497727124899,46.25763028752406],[-74.49772457727686,46.25762809500458],[-74.4977220592991,46.25762588944169],[-74.49771956827082,46.25762366648761],[-74.49771710778528,46.2576214280057],[-74.49771467424915,46.25761917523814],[-74.49771227125578,46.257616907563865],[-74.4977098988051,46.25761462311945],[-74.49770755240557,46.25761232625276],[-74.49770523834542,46.257610014479354],[-74.49770295392965,46.257607688420286],[-74.4977007000566,46.257605347454444],[-74.49769847403132,46.25760299344519],[-74.4976962803454,46.25760062515033],[-74.49769411720219,46.25759824443308],[-74.4976919846017,46.25759584943027],[-74.49768988254394,46.25759344138393],[-74.49762320419366,46.2575162751523],[-74.49762135635913,46.25751416026717],[-74.49761947618524,46.257512059046476],[-74.49761756636694,46.257509970247916],[-74.49761562510763,46.257507896355925],[-74.4976136551022,46.25750583550724],[-74.49761165365572,46.25750378832293],[-74.49760962166657,46.25750175542413],[-74.49760756093131,46.257499737431914],[-74.49760547144996,46.25749773434632],[-74.4976033523242,46.25749574616732],[-74.49760120265572,46.25749377227383],[-74.49759902513946,46.257491814529175],[-74.49759681887713,46.257489871070035],[-74.4975945838687,46.25748794562305],[-74.4975923210125,46.257486033219394],[-74.49759003030853,46.25748413820676],[-74.4975877117568,46.25748226058523],[-74.49758536715389,46.2574803972492],[-74.4975829929066,46.25747855254644],[-74.49758059350647,46.25747672337144],[-74.4975781671569,46.25747491034534],[-74.49757571385786,46.2574731165736],[-74.49757323450767,46.257471339571836],[-74.49757072820803,46.25746958058226],[-74.49756819675557,46.25746783836265],[-74.49756564104857,46.257466114155264],[-74.49756306018875,46.257464408581185],[-74.4975604532778,46.25746272164042],[-74.49755782211234,46.257461052711875],[-74.49755516489574,46.25745940365884],[-74.49755248611956,46.2574577713758],[-74.49754978308886,46.25745615834718],[-74.49754705670196,46.25745456519413],[-74.49754430516225,46.25745299129547],[-74.49754153206297,46.25745143851462],[-74.49753873740413,46.257449903746014],[-74.49753591938908,46.25744838823179],[-74.49753307891615,46.25744689321427],[-74.49753021598535,46.25744541931452],[-74.4975273332916,46.257443964669214],[-74.49752442813997,46.25744253052059],[-74.49752150232709,46.25744111748976],[-74.49751855675126,46.2574397255767],[-74.49751558961589,46.25743835229697],[-74.49751260361589,46.257437002619504],[-74.49750959695463,46.2574356721965],[-74.49750657142874,46.2574343647546],[-74.49750352703825,46.25743307718828],[-74.4974035364623,46.25739129865727],[-74.4973990763269,46.257389420411435],[-74.49739463595445,46.25738752166882],[-74.49739021264999,46.25738560180826],[-74.49738581000678,46.25738366145094],[-74.4973814262282,46.257381699354575],[-74.49737705951762,46.257379717382506],[-74.4973727152649,46.25737771553474],[-74.4973683898768,46.257375691947935],[-74.49736408425164,46.25737364848547],[-74.49735979928772,46.257371583905034],[-74.49735553408676,46.25736950069114],[-74.49735128864873,46.25736739573821],[-74.49734706566859,46.25736527153067],[-74.497342864248,46.25736312744741],[-74.49733868169203,46.25736096348847],[-74.49733452159396,46.25735877903269],[-74.49733038395377,46.257356575943426],[-74.49732626697481,46.25735435359955],[-74.49732217335206,46.25735211075882],[-74.49731809859394,46.25734984866353],[-74.49731404898864,46.257347567934694],[-74.49731002184122,46.257345268572365],[-74.49730601625336,46.257342948713216],[-74.49730203402171,46.257340610841645],[-74.49729807424794,46.25733825495766],[-74.49729413783037,46.25733587981909],[-74.4972902256673,46.25733348604702],[-74.49728633775874,46.2573310730203],[-74.49728247230809,46.25732864260229],[-74.49727863111193,46.25732619355072],[-74.49727481417028,46.257323727107924],[-74.49727102238147,46.25732124078932],[-74.49726725394886,46.25731873894277],[-74.49726350977076,46.25731621784162],[-74.4972597925421,46.257313679970224],[-74.49725609866965,46.25731112470755],[-74.49725242995004,46.25730855081131],[-74.49724878728156,46.25730596076598],[-74.49724517066423,46.25730335270828],[-74.4972415783014,46.25730072788034],[-74.49723801288803,46.2572980869033],[-74.49723447352582,46.25729542915605],[-74.49723096021474,46.257292752775264],[-74.4972274720565,46.257290062108694],[-74.49722401264434,46.25728735405083],[-74.49722057748669,46.257284628601624],[-74.49721717017681,46.25728188762439],[-74.49721379161304,46.25727913174029],[-74.49721043820209,46.2572763597071],[-74.49720711263889,46.257273570903706],[-74.49720381402517,46.257270767193376],[-74.49720054325921,46.257267946712844],[-74.49719730123935,46.25726511194652],[-74.49719408616897,46.25726226165216],[-74.49719090074296,46.257259397072055],[-74.49718774136811,46.25725651696395],[-74.49718461253599,46.25725362194892],[-74.4971815106533,46.25725071078476],[-74.49717843751671,46.257247787198125],[-74.49717539312623,46.25724484808349],[-74.49717237838013,46.25724189468305],[-74.49716939327844,46.25723892699684],[-74.49716643692284,46.25723594564594],[-74.497163508415,46.25723295000919],[-74.49700783307122,46.2570724729583],[-74.4970626752193,46.257015086098356],[-74.49836599325434,46.25719179306213],[-74.49904835623909,46.2564080467962]]]]}},{"type":"Feature","properties":{"zone_code":"VA-03","prefix":"VA","kind":"unknown","n_lots":2,"source":"t3-raster-text","confidence":"raster-cadastre-residual-holdout"},"geometry":{"type":"MultiPolygon","coordinates":[[[[-74.4961239591036,46.257495757968464],[-74.4960048586666,46.25705403759212],[-74.49564045886822,46.25703333638471],[-74.49541685741423,46.25620337419945],[-74.4948569644471,46.25630753452782],[-74.49462279251715,46.25629377970617],[-74.49419473001291,46.25635323877221],[-74.49409996673357,46.256458032983076],[-74.49426671650819,46.256905968724986],[-74.49426736419352,46.25690775754629],[-74.49426797504792,46.25690955195765],[-74.494268550868,46.256911350716756],[-74.4942690916538,46.256913156929215],[-74.49426959650701,46.25691496562613],[-74.4942700672242,46.256916780534134],[-74.49427050111048,46.25691859854768],[-74.49427089816585,46.256920421530104],[-74.49427126108522,46.256922247618064],[-74.49427158627536,46.256924077432686],[-74.49427187553287,46.25692591097393],[-74.49427212885779,46.25692774575737],[-74.4942723471484,46.256929583025226],[-74.49427252770977,46.256931422777484],[-74.49427267323685,46.25693326252967],[-74.49427278283132,46.25693510600853],[-74.49427285469652,46.2569369488662],[-74.49427289062915,46.25693879172376],[-74.49427288973082,46.256940634581305],[-74.4942728528999,46.256942477438784],[-74.494272781933,46.256944321538455],[-74.49427267233852,46.25694616253244],[-74.49427252681146,46.25694800352639],[-74.49427234625009,46.2569498426569],[-74.49427212706114,46.25695168054513],[-74.49427187373625,46.256953515948794],[-74.4942715835804,46.25695534762572],[-74.49427125749196,46.25695717806037],[-74.49427089457258,46.25695900476824],[-74.49427049751723,46.256960826507054],[-74.49427006363095,46.2569626457614],[-74.49426959381205,46.256964460046696],[-74.49426908895886,46.25696626998413],[-74.49426854817305,46.25696807495257],[-74.49426797235297,46.256969873709764],[-74.49426735970192,46.25697166749796],[-74.49426671291494,46.25697345693824],[-74.49426603019532,46.25697523768286],[-74.49426531423805,46.25697701283731],[-74.49426456055151,46.25697878178056],[-74.49426377452563,46.25698054264923],[-74.49426295256715,46.256982296064436],[-74.494262097371,46.25698404078394],[-74.49426120624226,46.25698577804994],[-74.49426028277414,46.25698750662028],[-74.49425932427172,46.25698922587377],[-74.49425833163333,46.256990935810485],[-74.4942573066556,46.25699263767256],[-74.49425624574525,46.25699432773339],[-74.49425515519049,46.25699600909851],[-74.49425402870311,46.25699767866234],[-74.49425287077472,46.25699933766712],[-74.49425167960865,46.257000986733985],[-74.49425045789987,46.257002622757355],[-74.4942492020551,46.257004247600506],[-74.4942479156676,46.25700586064241],[-74.49424659694078,46.25700746188302],[-74.4942452467729,46.25700905008013],[-74.4942438660623,46.25701062461266],[-74.49424245301238,46.257012186722726],[-74.49424101121633,46.257013734547094],[-74.49423953797927,46.25701526870683],[-74.4942380350978,46.25701678858081],[-74.49423650167363,46.25701829479018],[-74.49423493860503,46.25701978671379],[-74.49423334768865,46.25702126310945],[-74.49423172712788,46.25702272459824],[-74.4942300769227,46.25702416993799],[-74.49422839976806,46.257025599749745],[-74.49422669386735,46.2570270140335],[-74.49422496191548,46.25702841092597],[-74.49422320121751,46.25702979291161],[-74.49422141267179,46.25703115688481],[-74.49421959807492,46.257032502845576],[-74.49421775832522,46.25703383389949],[-74.49421589072773,46.25703514569874],[-74.49421399797743,46.25703644010667],[-74.4942120809726,46.25703771712331],[-74.49421013881496,46.2570389748853],[-74.4942081715045,46.257040214013756],[-74.4942061790412,46.257041435129764],[-74.49420416412002,46.25704263699116],[-74.49420212584265,46.25704381897673],[-74.49420006420905,46.2570449817077],[-74.4941979792193,46.25704612580509],[-74.49419587177164,46.25704725002676],[-74.49419374276441,46.257048353751514],[-74.49419159309592,46.257049436979415],[-74.49418942096958,46.25705049908933],[-74.49418722818196,46.25705154070234],[-74.49418501652974,46.25705256306072],[-74.49418278421626,46.25705356305886],[-74.49418053124153,46.25705454193902],[-74.49417826119881,46.2570554997012],[-74.49417597139313,46.25705643572423],[-74.49417366362118,46.25705735000821],[-74.49417133698459,46.257058241931915],[-74.49416899507665,46.257059112116565],[-74.49416663430407,46.25705995994099],[-74.49416425826014,46.25706078478406],[-74.49416186514823,46.257061587888074],[-74.49415945856158,46.2570623680107],[-74.49415703400864,46.25706312515202],[-74.49415459598094,46.257063859312034],[-74.49415214447855,46.25706457111178],[-74.49414967860308,46.2570652580669],[-74.49414719835458,46.25706592204067],[-74.49414470642799,46.25706656179088],[-74.49414220192499,46.25706717980201],[-74.49413968574387,46.25706777296845],[-74.49413715878298,46.25706834191135],[-74.49413461924566,46.257068887872904],[-74.49413207072519,46.25706940774757],[-74.49412951052666,46.25706990588315],[-74.49412694224326,46.257070377931804],[-74.49412436318006,46.25707082699917],[-74.49412177782868,46.25707125122185],[-74.49411918259582,46.257071649357606],[-74.49411658017645,46.257072025133205],[-74.49411397057055,46.257072374200746],[-74.49411135557474,46.257072700287],[-74.49410873249413,46.25707300028632],[-74.49454969660248,46.25761001944823],[-74.4961239591036,46.257495757968464]]]]}},{"type":"Feature","properties":{"zone_code":"NA-07","prefix":"NA","kind":"unknown","n_lots":1,"source":"t3-raster-text","confidence":"raster-cadastre-residual-holdout"},"geometry":{"type":"MultiPolygon","coordinates":[[[[-74.49402971039353,46.2568090468197],[-74.49391611752753,46.25650390542642],[-74.49329582543396,46.25664799958098],[-74.49281682036826,46.25702215938159],[-74.49309172730308,46.25702418484478],[-74.49323761640017,46.257416179818556],[-74.49393231864369,46.257495697720614],[-74.49388416894446,46.25694792215994],[-74.49388402521402,46.25694608365045],[-74.49388391831448,46.25694424265647],[-74.49388384734759,46.25694240042014],[-74.49388381321161,46.25694055756264],[-74.49388381321161,46.25693871532623],[-74.49388385094083,46.25693687371088],[-74.49388392639933,46.25693503147434],[-74.49388403509548,46.25693319047994],[-74.49388418241918,46.25693135010662],[-74.49388436387886,46.256929512217745],[-74.49388458216949,46.256927676192106],[-74.49388483908766,46.256925842650915],[-74.4938851292435,46.25692401159414],[-74.49388545623026,46.256922182400636],[-74.49388581914964,46.25692035755489],[-74.49388621800162,46.2569185351936],[-74.4938866518879,46.2569167184223],[-74.49388712260512,46.25691490413538],[-74.49388762925493,46.25691309668073],[-74.49388817004073,46.2569112923316],[-74.49388874675914,46.25690949419362],[-74.49388935941018,46.25690770040339],[-74.4938900079938,46.25690591344542],[-74.49389069161174,46.25690413331969],[-74.49389140846733,46.25690235940509],[-74.49389216125554,46.256900593564964],[-74.49389294817972,46.25689883269374],[-74.49389377013821,46.256897080518115],[-74.49389462713098,46.25689533765923],[-74.49389551646313,46.25689360039033],[-74.49389644082956,46.256891873680416],[-74.49389740023028,46.25689015566608],[-74.49389839197035,46.25688844634736],[-74.4938994169481,46.25688674758764],[-74.49390047606181,46.2568850575235],[-74.4939015693115,46.25688337739723],[-74.49390269490056,46.25688170845102],[-74.49390385103233,46.2568800500638],[-74.49390504219839,46.25687840347777],[-74.49390626570381,46.25687676745069],[-74.49390752154858,46.256875143224896],[-74.49390880703776,46.25687353204248],[-74.49391012486628,46.25687193204018],[-74.49391147593246,46.256870345081346],[-74.49391285574472,46.25686877116593],[-74.49391426699803,46.25686721029399],[-74.4939157096924,46.25686566432887],[-74.49391718203115,46.25686412954383],[-74.49391868491263,46.25686261028673],[-74.49392021743849,46.2568611053153],[-74.49392177871046,46.25685961525076],[-74.49392336962681,46.25685814009296],[-74.49392498928928,46.25685668046314],[-74.49392663949445,46.25685523511901],[-74.49392831485245,46.25685380654504],[-74.49393001985489,46.25685239349903],[-74.49393175180674,46.256850996602076],[-74.49393351160639,46.25684961647531],[-74.4939352992538,46.25684825311874],[-74.49393711205406,46.25684690715344],[-74.49393895180373,46.25684557857946],[-74.49394081760458,46.2568442673968],[-74.49394270855825,46.256842972984295],[-74.49394462556306,46.256841697205374],[-74.4939465668224,46.25684044005999],[-74.49394853413287,46.256839201548146],[-74.49395052390122,46.256837981048726],[-74.4939525379241,46.2568367804251],[-74.49395457530316,46.25683559843506],[-74.49395663603842,46.25683443507853],[-74.49395872012988,46.256833293461185],[-74.4939608257809,46.25683216923514],[-74.4939629529915,46.25683106736938],[-74.49396510176166,46.25682998413716],[-74.4939672720914,46.25682892140189],[-74.49396946398068,46.25682787916352],[-74.4939716747346,46.25682685928543],[-74.49397390614975,46.256825859283154],[-74.49397615553123,46.256824881020044],[-74.49397842557396,46.256823923253826],[-74.49398071358299,46.25682298846905],[-74.49398302045662,46.2568220741812],[-74.49398534529658,46.25682118225361],[-74.4939876854079,46.25682031206519],[-74.49399004348552,46.25681946547932],[-74.49399241952945,46.25681863939036],[-74.49399480994641,46.25681783690396],[-74.4939972174314,46.25681705739894],[-74.49399963839107,46.25681630025422],[-74.49400207462213,46.25681556609089],[-74.49400452612454,46.25681485615126],[-74.49400699020336,46.25681416795079],[-74.49400946775691,46.25681350397397],[-74.4940119587852,46.25681286297855],[-74.49401446059326,46.25681224620681],[-74.49401697587606,46.256811652416474],[-74.49401950104033,46.25681108284979],[-74.49402203878101,46.25681053812788],[-74.49402458550483,46.25681001700854],[-74.49402714390676,46.25680952011286],[-74.49402971039353,46.2568090468197]]]]}},{"type":"Feature","properties":{"zone_code":"NA-08","prefix":"NA","kind":"unknown","n_lots":1,"source":"t3-raster-text","confidence":"raster-cadastre-residual-holdout"},"geometry":{"type":"MultiPolygon","coordinates":[[[[-74.49391611752753,46.25650390542642],[-74.49391089112922,46.256504715992016],[-74.49390565844267,46.25650550295494],[-74.493900416773,46.25650626631519],[-74.4938951688151,46.25650700545163],[-74.49388991546734,46.25650771912201],[-74.49388465223808,46.256508409189685],[-74.49387938541557,46.2565090750336],[-74.49387411050822,46.256509716032525],[-74.49386883021097,46.256510333428785],[-74.49386354452385,46.25651092598017],[-74.4938582516502,46.25651149430771],[-74.49385295428497,46.25651203841145],[-74.49384765152983,46.256512557049135],[-74.49384234518146,46.25651305208415],[-74.49383703344319,46.25651352227425],[-74.493831716315,46.25651396824055],[-74.49382639739021,46.256514389361925],[-74.49382107217723,46.2565147862595],[-74.49381574426927,46.25651515831211],[-74.49381041276806,46.256515505519836],[-74.4938050785719,46.25651582850379],[-74.49379974078248,46.2565161266428],[-74.49379439939979,46.25651640055803],[-74.4937890571188,46.25651664838606],[-74.49378371214287,46.25651687261144],[-74.49377836447198,46.256517072613036],[-74.49377301590278,46.25651724652748],[-74.49376766553695,46.2565173962181],[-74.49376231337446,46.256517522306055],[-74.4937569603137,46.25651762230683],[-74.4937516063546,46.25651769746273],[-74.49374625149721,46.25651774839479],[-74.4937408975381,46.2565177757242],[-74.4937355426807,46.256517777587554],[-74.49373018782329,46.25651775336377],[-74.49372483386419,46.25651770553732],[-74.4937194799051,46.25651763348705],[-74.49371412774262,46.2565175365919],[-74.49370877468186,46.25651741360956],[-74.49370342521435,46.256517266403385],[-74.49369807484851,46.2565170955946],[-74.49369272717762,46.25651689869863],[-74.49368738220168,46.25651667882109],[-74.49368203902237,46.25651643285641],[-74.49367669763969,46.256516161425715],[-74.49367135985028,46.25651586763454],[-74.49366602565412,46.25651554775622],[-74.49366069415292,46.25651520365412],[-74.49365536534665,46.25651483346482],[-74.49365004013364,46.25651444153626],[-74.49364472031053,46.2565140235205],[-74.49363940318236,46.256513579417565],[-74.4936340914441,46.2565131135753],[-74.49362878240076,46.25651262164591],[-74.49362347874731,46.25651210487158],[-74.4936181813821,46.256511564494595],[-74.49361288940673,46.25651099865154],[-74.493607601923,46.25651040982692],[-74.49360232072743,46.25650979491514],[-74.49359704582008,46.25650915702183],[-74.49359177720093,46.2565084936624],[-74.49358651397169,46.25650780794259],[-74.49358125792897,46.25650709551447],[-74.49357600997106,46.256506359483645],[-74.4935707683014,46.256505600471286],[-74.49356553291992,46.25650481661394],[-74.49356030741991,46.2565040079117],[-74.4935550882081,46.256503175606795],[-74.49354987797946,46.25650231907803],[-74.49354467673396,46.25650143770432],[-74.49353948267499,46.25650053397021],[-74.49353697996861,46.25650008055034],[-74.49353448894033,46.25649960477002],[-74.4935320068952,46.25649910662926],[-74.4935295329349,46.256498586128046],[-74.49352707065272,46.25649804202418],[-74.493524618252,46.25649747680212],[-74.49352217573274,46.25649688859848],[-74.49351974578988,46.256496278655526],[-74.49351732662683,46.2564956469733],[-74.49351492004017,46.25649499293058],[-74.49351252513164,46.256494317769686],[-74.49351014459612,46.256493619627186],[-74.49350777753536,46.25649290098765],[-74.49350542215268,46.256492161851014],[-74.49350308383801,46.25649139973283],[-74.4935007572014,46.25649061773869],[-74.49349844763282,46.25648981400522],[-74.49349615243726,46.25648898977469],[-74.49349387251306,46.256488143804795],[-74.49349160875856,46.256487277958975],[-74.49348936386866,46.25648639161606],[-74.4934871324535,46.25648548477607],[-74.49348491990295,46.25648455806011],[-74.49348272531871,46.25648361208932],[-74.49348054780248,46.256482643758055],[-74.49347838915085,46.25648165803535],[-74.49347625116046,46.25648065305776],[-74.49347413023807,46.25647962820423],[-74.49206476608377,46.25663330446662],[-74.49153410070272,46.25700082959125],[-74.4923585394362,46.25757359440772],[-74.49323761640017,46.257416179818556],[-74.49309172730308,46.25702418484478],[-74.49281682036826,46.25702215938159],[-74.49329582543396,46.25664799958098],[-74.49391611752753,46.25650390542642]]]]}},{"type":"Feature","properties":{"zone_code":"NA-10","prefix":"NA","kind":"unknown","n_lots":1,"source":"t3-raster-text","confidence":"raster-cadastre-residual-holdout"},"geometry":{"type":"MultiPolygon","coordinates":[[[[-74.49951917136433,46.25668225441822],[-74.49904835623909,46.2564080467962],[-74.49836599325434,46.25719179306213],[-74.4970626752193,46.257015086098356],[-74.49700783307122,46.2570724729583],[-74.497163508415,46.25723295000919],[-74.49716643692284,46.25723594564594],[-74.49716939327844,46.25723892699684],[-74.49717237838013,46.25724189468305],[-74.49717539312623,46.25724484808349],[-74.49717843751671,46.257247787198125],[-74.4971815106533,46.25725071078476],[-74.49718461253599,46.25725362194892],[-74.49718774136811,46.25725651696395],[-74.49719090074296,46.257259397072055],[-74.49719408616897,46.25726226165216],[-74.49719730123935,46.25726511194652],[-74.49720054325921,46.257267946712844],[-74.49720381402517,46.257270767193376],[-74.49720711263889,46.257273570903706],[-74.49721043820209,46.2572763597071],[-74.49721379161304,46.25727913174029],[-74.49721717017681,46.25728188762439],[-74.49722057748669,46.257284628601624],[-74.49722401264434,46.25728735405083],[-74.4972274720565,46.257290062108694],[-74.49723096021474,46.257292752775264],[-74.49723447352582,46.25729542915605],[-74.49723801288803,46.2572980869033],[-74.4972415783014,46.25730072788034],[-74.49724517066423,46.25730335270828],[-74.49724878728156,46.25730596076598],[-74.49725242995004,46.25730855081131],[-74.49725609866965,46.25731112470755],[-74.4972597925421,46.257313679970224],[-74.49726350977076,46.25731621784162],[-74.49726725394886,46.25731873894277],[-74.49727102238147,46.25732124078932],[-74.49727481417028,46.257323727107924],[-74.49727863111193,46.25732619355072],[-74.49728247230809,46.25732864260229],[-74.49728633775874,46.2573310730203],[-74.4972902256673,46.25733348604702],[-74.49729413783037,46.25733587981909],[-74.49729807424794,46.25733825495766],[-74.49730203402171,46.257340610841645],[-74.49730601625336,46.257342948713216],[-74.49731002184122,46.257345268572365],[-74.49731404898864,46.257347567934694],[-74.49731809859394,46.25734984866353],[-74.49732217335206,46.25735211075882],[-74.49732626697481,46.25735435359955],[-74.49733038395377,46.257356575943426],[-74.49733452159396,46.25735877903269],[-74.49733868169203,46.25736096348847],[-74.497342864248,46.25736312744741],[-74.49734706566859,46.25736527153067],[-74.49735128864873,46.25736739573821],[-74.49735553408676,46.25736950069114],[-74.49735979928772,46.257371583905034],[-74.49736408425164,46.25737364848547],[-74.4973683898768,46.257375691947935],[-74.4973727152649,46.25737771553474],[-74.49737705951762,46.257379717382506],[-74.4973814262282,46.257381699354575],[-74.49738581000678,46.25738366145094],[-74.49739021264999,46.25738560180826],[-74.49739463595445,46.25738752166882],[-74.4973990763269,46.257389420411435],[-74.4974035364623,46.25739129865727],[-74.49750352703825,46.25743307718828],[-74.49750657142874,46.2574343647546],[-74.49750959695463,46.2574356721965],[-74.49751260361589,46.257437002619504],[-74.49751558961589,46.25743835229697],[-74.49751855675126,46.2574397255767],[-74.49752150232709,46.25744111748976],[-74.49752442813997,46.25744253052059],[-74.4975273332916,46.257443964669214],[-74.49753021598535,46.25744541931452],[-74.49753307891615,46.25744689321427],[-74.49753591938908,46.25744838823179],[-74.49753873740413,46.257449903746014],[-74.49754153206297,46.25745143851462],[-74.49754430516225,46.25745299129547],[-74.49754705670196,46.25745456519413],[-74.49754978308886,46.25745615834718],[-74.49755248611956,46.2574577713758],[-74.49755516489574,46.25745940365884],[-74.49755782211234,46.257461052711875],[-74.4975604532778,46.25746272164042],[-74.49756306018875,46.257464408581185],[-74.49756564104857,46.257466114155264],[-74.49756819675557,46.25746783836265],[-74.49757072820803,46.25746958058226],[-74.49757323450767,46.257471339571836],[-74.49757571385786,46.2574731165736],[-74.4975781671569,46.25747491034534],[-74.49758059350647,46.25747672337144],[-74.4975829929066,46.25747855254644],[-74.49758536715389,46.2574803972492],[-74.4975877117568,46.25748226058523],[-74.49759003030853,46.25748413820676],[-74.4975923210125,46.257486033219394],[-74.4975945838687,46.25748794562305],[-74.49759681887713,46.257489871070035],[-74.49759902513946,46.257491814529175],[-74.49760120265572,46.25749377227383],[-74.4976033523242,46.25749574616732],[-74.49760547144996,46.25749773434632],[-74.49760756093131,46.257499737431914],[-74.49760962166657,46.25750175542413],[-74.49761165365572,46.25750378832293],[-74.4976136551022,46.25750583550724],[-74.49761562510763,46.257507896355925],[-74.49761756636694,46.257509970247916],[-74.49761947618524,46.257512059046476],[-74.49762135635913,46.25751416026717],[-74.49762320419366,46.2575162751523],[-74.49768988254394,46.25759344138393],[-74.4976919846017,46.25759584943027],[-74.49769411720219,46.25759824443308],[-74.4976962803454,46.25760062515033],[-74.49769847403132,46.25760299344519],[-74.4977007000566,46.257605347454444],[-74.49770295392965,46.257607688420286],[-74.49770523834542,46.257610014479354],[-74.49770755240557,46.25761232625276],[-74.4977098988051,46.25761462311945],[-74.49771227125578,46.257616907563865],[-74.49771467424915,46.25761917523814],[-74.49771710778528,46.2576214280057],[-74.49771956827082,46.25762366648761],[-74.4977220592991,46.25762588944169],[-74.49772457727686,46.25762809500458],[-74.497727124899,46.25763028752406],[-74.4977296994706,46.25763246203128],[-74.49773230278828,46.25763462225287],[-74.49773493395375,46.25763676508327],[-74.49773759117036,46.25763889238584],[-74.49774027803139,46.25764100353943],[-74.49774299094354,46.25764309605968],[-74.49774572990684,46.25764517243095],[-74.4977484958196,46.257647232032205],[-74.49775128868183,46.257649274242276],[-74.49775410759518,46.25765129906119],[-74.49775695166137,46.257653307110076],[-74.49775982357532,46.25765529590444],[-74.4977627197438,46.25765726792879],[-74.4977656401668,46.257659221319756],[-74.49776858664093,46.25766115731958],[-74.4977715582679,46.25766307530718],[-74.49777455325106,46.257664973419125],[-74.49777757518366,46.25766685289778],[-74.49778061957414,46.25766871436414],[-74.49778368642255,46.25767055719715],[-74.49778677842376,46.257672380154574],[-74.49778989467947,46.25767418447865],[-74.49779303249476,46.25767596830602],[-74.49779619366625,46.257677732878975],[-74.4977993772956,46.25767947943965],[-74.49795470409306,46.25776367390945],[-74.49951917136433,46.25668225441822]]]]}},{"type":"Feature","properties":{"zone_code":"NA-16","prefix":"NA","kind":"unknown","n_lots":2,"source":"t3-raster-text","confidence":"raster-cadastre-residual-holdout"},"geometry":{"type":"MultiPolygon","coordinates":[[[[-74.49486022443327,46.25326568897839],[-74.49456654630227,46.25296613013894],[-74.4945767403841,46.25285064212162],[-74.49430773088913,46.25257624017095],[-74.49430670231813,46.252577025326765],[-74.49430414930607,46.25257900250309],[-74.4943031387014,46.252579784553014],[-74.49430059467251,46.25258178160656],[-74.49429960113581,46.25258256117177],[-74.49429706698838,46.252584577481464],[-74.4942960923163,46.25258535331961],[-74.49429356715203,46.25258738950652],[-74.49429260864963,46.2525881622388],[-74.49429009516346,46.25259021830296],[-74.49428915462735,46.25259098668705],[-74.49428665012435,46.252593062628485],[-74.49428572575793,46.252593828527864],[-74.49428323293301,46.25259592372538],[-74.49428232743121,46.25259668465534],[-74.49427984269114,46.25259880035124],[-74.49427895425733,46.252599557554184],[-74.49427648209365,46.25260169250621],[-74.49427560982951,46.25260244536092],[-74.49427314844563,46.25260460081134],[-74.49427229324948,46.252605349317854],[-74.4942698435437,46.25260752464546],[-74.49426900631387,46.25260826880379],[-74.49426656648954,46.25261046338747],[-74.49426574542937,46.25261120381879],[-74.49426331907979,46.252613418279715],[-74.4942625141893,46.25261415374161],[-74.49426010131445,46.2526163874586],[-74.49425931079699,46.25261711857226],[-74.49425691139687,46.25261937154531],[-74.4942561379474,46.25262009768966],[-74.49425375112371,46.252622371782245],[-74.49425299384392,46.25262309171482],[-74.49425061959663,46.25262538568464],[-74.49424987848653,46.2526261006479],[-74.49424751681563,46.25262841387377],[-74.49424679187518,46.25262912448879],[-74.49424444457736,46.25263145759189],[-74.49424373490828,46.252632162616365],[-74.49424140108516,46.2526345143543],[-74.49424070758577,46.25263521378827],[-74.49423838813571,46.25263758540342],[-74.49423770990767,46.25263827986798],[-74.49423540483065,46.25264067136035],[-74.49423474097567,46.25264135961324],[-74.49423245206832,46.25264377036166],[-74.49423180348468,46.252644453645125],[-74.49422952895038,46.252646883649575],[-74.49422889653643,46.25264756072137],[-74.49422663637516,46.252650010603034],[-74.49422601743593,46.25265068146307],[-74.49422377434269,46.252653151843106],[-74.4942231706748,46.2526538158703],[-74.49422094285289,46.25265630550632],[-74.49422035445637,46.25265696394297],[-74.49421814190585,46.25265947159271],[-74.49421756698405,46.25266012381764],[-74.49421537239982,46.25266265196576],[-74.49421481095277,46.252663296736664],[-74.4942126334365,46.25266584351957],[-74.49421208636251,46.2526664839423],[-74.49420992411761,46.25266904998127],[-74.49420939231497,46.252669681707616],[-74.4942072489347,46.25267226762373],[-74.49420673060678,46.252672893759545],[-74.49420460339618,46.252675498931666],[-74.49420409944132,46.252676116992276],[-74.49420199019703,46.25267874142041],[-74.49420149792026,46.25267935389049],[-74.4941994084389,46.25268199695345],[-74.49419892963685,46.252682601969504],[-74.4941968572235,46.25268526366729],[-74.4941963918962,46.25268586185046],[-74.49419433924575,46.25268854280429],[-74.49419388739317,46.25268913291226],[-74.49419185270905,46.25269183250091],[-74.49419141343287,46.252692415776],[-74.49418939761337,46.25269513462064],[-74.4941889700153,46.252695710441714],[-74.49418697575538,46.25269844854234],[-74.49418656163203,46.25269901690939],[-74.49418458444009,46.25270177302367],[-74.49418418199484,46.252702333936696],[-74.4941822281591,46.25270510992808],[-74.49418183829026,46.252705662765926],[-74.49417990242084,46.25270845677098],[-74.49417952423009,46.25270900153364],[-74.4941776090219,46.25271181479467],[-74.49417724340759,46.25271235148214],[-74.49417534975896,46.25271518151444],[-74.49417499582275,46.252715711990206],[-74.49417312283538,46.25271856065736],[-74.49417278057724,46.252719083057926],[-74.49417092825112,46.25272195098105],[-74.49417059767111,46.25272246406413],[-74.49416876780288,46.25272535000085],[-74.49416844710433,46.252725855008705],[-74.49416663969396,46.2527287589591],[-74.49416633067352,46.25272925589176],[-74.4941645430261,46.25273217785581],[-74.49416424568373,46.252732666713285],[-74.49416248229083,46.252735607933246],[-74.49416219572826,46.25273608809441],[-74.49416045479323,46.25273904670679],[-74.4941601763155,46.252739517550424],[-74.494158459635,46.25274249479763],[-74.49415819283536,46.25274295756608],[-74.49415649861272,46.252745951584586],[-74.49415624169455,46.25274640565667],[-74.49415457082813,46.252749417688776],[-74.49415432379143,46.25274986368568],[-74.49415267717951,46.25275289311025],[-74.49415243912595,46.252753331031975],[-74.49415081766688,46.25275637660665],[-74.4941505894948,46.25275680458968],[-74.4941489913919,46.25275987004146],[-74.49414877310127,46.252760288707],[-74.49414719925291,46.252763370930026],[-74.49414699084375,46.25276378089922],[-74.49414544214821,46.25276688113591],[-74.49414524272223,46.25276728178758],[-74.49414371828118,46.2527703987955],[-74.49414352783835,46.252770790750866],[-74.49414202944845,46.25277392515118],[-74.49414184619214,46.25277430716785],[-74.4941403747517,46.2527774577183],[-74.49414019958022,46.25277783103862],[-74.4941387532926,46.25278099898152],[-74.49413858710427,46.25278136298436],[-74.49413716776613,46.252784547077304],[-74.49413700966265,46.25278490176262],[-74.49413561547732,46.25278810262682],[-74.49413546545867,46.252788448615846],[-74.4941340982228,46.252791666872476],[-74.49413395628899,46.252792001680454],[-74.49413261510428,46.25279523670835],[-74.49413248035697,46.252795562820026],[-74.49413116881666,46.252798813998],[-74.49413104035759,46.252799130170985],[-74.4941297557667,46.25280239812021],[-74.49412963449416,46.25280270373338],[-74.49412837775108,46.252805987832666],[-74.49412826366503,46.25280628599185],[-74.49412703476972,46.2528095837565],[-74.4941269278702,46.25280987197705],[-74.494125727721,46.252813187134116],[-74.49412562621136,46.25281346479485],[-74.49412445480822,46.25281679610198],[-74.4941243595868,46.25281706382403],[-74.49412321692976,46.2528204106601],[-74.49412312889487,46.25282066906468],[-74.49412201318728,46.25282403080846],[-74.4941219314406,46.25282427989554],[-74.49412084627573,46.25282765778942],[-74.49412076991894,46.25282789569551],[-74.49411971439847,46.252831289118234],[-74.49411964343156,46.252831517085674],[-74.49411861755551,46.25283492479501],[-74.49411855197849,46.25283514282379],[-74.49411755754348,46.25283856668318],[-74.49411749645803,46.25283877477328],[-74.49411653166742,46.252842212919234],[-74.49411647597186,46.25284241169188],[-74.49411554082566,46.25284586474552],[-74.49411548962169,46.252846051716055],[-74.49411458681482,46.25284952091975],[-74.49411453920413,46.25284969795162],[-74.49411366693998,46.2528531808207],[-74.49411362471916,46.25285334791393],[-74.49411278389606,46.252856845069566],[-74.49411274526848,46.25285700222413],[-74.49411193588642,46.252860514287505],[-74.49411190175044,46.2528606602611],[-74.49411112291111,46.25286418598985],[-74.49411109236837,46.25286432326717],[-74.49411034586838,46.252867862040084],[-74.49411031981722,46.25286798813643],[-74.4941096065549,46.252871541817065],[-74.49410958230038,46.25287165673245],[-74.49410890047908,46.252875224699636],[-74.49410888071614,46.25287533029757],[-74.49410823303083,46.25287891068778],[-74.49410821416619,46.25287900572588],[-74.49410759792191,46.2528825997815],[-74.49410758354887,46.252882684259816],[-74.49410700054224,46.252886291980765],[-74.49410698886416,46.252886365899286],[-74.49410643999352,46.252889987285634],[-74.49410643101037,46.2528900512655],[-74.49410591447908,46.25289368507488],[-74.49410590639424,46.252893737873826],[-74.49410542579555,46.25289738410621],[-74.49410541950736,46.25289742572421],[-74.49410497124802,46.2529010868643],[-74.49410496765476,46.25290111792247],[-74.49410455442974,46.252904790243264],[-74.4941045517348,46.252904811984],[-74.49410417174742,46.252908496727855],[-74.49410417084911,46.252908507287636],[-74.49410382679436,46.25291220383332],[-74.49405176493208,46.25350199565567],[-74.49405135619861,46.253506428232456],[-74.49405091063423,46.25351085956655],[-74.49405043003556,46.25351528965799],[-74.49404991260596,46.25351971726441],[-74.49404936014204,46.253524143628184],[-74.49404877084723,46.253528567506976],[-74.49404814561979,46.253532988279616],[-74.49404748715467,46.253537406567276],[-74.49404679006201,46.25354182361225],[-74.49404605883338,46.25354623568767],[-74.4940452898755,46.25355064652036],[-74.49404448767996,46.2535550523835],[-74.49404364865349,46.25355945762506],[-74.49404277369439,46.25356385851825],[-74.494041863701,46.25356825444179],[-74.49404091777501,46.253572648501525],[-74.49403993681473,46.25357703821279],[-74.4940389190235,46.25358142419678],[-74.49403786709631,46.25358580645349],[-74.4940367792365,46.25359018436176],[-74.49403565544408,46.2535945573004],[-74.49403449661735,46.253598926511785],[-74.49403330365466,46.25360329137471],[-74.49403207386102,46.25360765064691],[-74.49403080903312,46.253612005570666],[-74.4940295091709,46.25361635428249],[-74.49402817337607,46.25362069926707],[-74.49402680254694,46.25362503928208],[-74.49402539758185,46.25362937246399],[-74.49402395668412,46.25363370129746],[-74.49402248254876,46.253638024540216],[-74.49402097158243,46.25364234157107],[-74.49401942558184,46.25364665176886],[-74.49401784544526,46.253650957618234],[-74.49401623027437,46.25365525663459],[-74.49401458006919,46.25365954757558],[-74.49401289572803,46.25366383478925],[-74.4940111772509,46.25366811268533],[-74.49400942284116,46.25367238561179],[-74.49400763249878,46.25367665046291],[-74.49400580981708,46.2536809097233],[-74.49400395299939,46.25368516090834],[-74.4940020611474,46.25368940463922],[-74.49400013515942,46.25369364091586],[-74.49399817413716,46.2536978703595],[-74.49399617897892,46.2537020917278],[-74.4939941496847,46.253706304399614],[-74.4939920871528,46.25371051085958],[-74.49398998958661,46.25371470675955],[-74.49398785878276,46.25371889644765],[-74.49398569384292,46.253723076818126],[-74.49398349476711,46.25372724973445],[-74.4939812615553,46.25373141271196],[-74.49397899600416,46.253735567614186],[-74.49397669721534,46.25373971381988],[-74.49397436339224,46.253743850707984],[-74.49397199633147,46.25374797889959],[-74.49396959603303,46.25375209777357],[-74.49396716159859,46.2537562054665],[-74.49396469482484,46.25376030446295],[-74.49396219571172,46.253764396005224],[-74.49395966246263,46.253768474502955],[-74.49395709687417,46.25377254554655],[-74.49395449804805,46.25377660478791],[-74.49395186598426,46.25378065471168],[-74.49394920068282,46.25378469469666],[-74.49394650394032,46.25378872350062],[-74.49394377396018,46.25379274298695],[-74.49394101074238,46.253796750049894],[-74.49393821698183,46.25380074655294],[-74.49393538998365,46.253804732496086],[-74.4939325315444,46.253808707879344],[-74.49392963896919,46.253812670839245],[-74.49392671495295,46.25381662386039],[-74.49392376039397,46.25382056383703],[-74.49392077349566,46.25382449387491],[-74.49391775335967,46.253828412110614],[-74.49391470357928,46.25383231668068],[-74.49391162056124,46.253836210690814],[-74.49390850610213,46.253840092898784],[-74.49390536110032,46.25384396268345],[-74.49390218375918,46.25384781880242],[-74.4938989767736,46.253851664982726],[-74.49389573834699,46.25385549687619],[-74.49389246847936,46.253859315725194],[-74.49388916806902,46.253863122772046],[-74.4938858353193,46.253866916774385],[-74.49388247382352,46.2538706971111],[-74.49387908088669,46.25387446502451],[-74.49387565830546,46.25387821989347],[-74.49387220428319,46.25388195985448],[-74.4938687206165,46.25388568801333],[-74.49386520730545,46.253889401885445],[-74.49386166255333,46.25389310084962],[-74.49385808815681,46.253896788011645],[-74.4938544850142,46.25390046026576],[-74.49385085222718,46.25390411823313],[-74.49384718979577,46.25390776191374],[-74.49384349682164,46.253911391928746],[-74.49383977510143,46.253915007035886],[-74.49383602553343,46.2539186072351],[-74.4938322445244,46.25392219314757],[-74.4938284356676,46.25392576415218],[-74.4938245971664,46.253929320248915],[-74.49382073171572,46.25393286081659],[-74.49381683572234,46.25393638709753],[-74.49381291188116,46.253939897849456],[-74.49380896019224,46.25394339307232],[-74.49380497975721,46.2539468740085],[-74.49380097147441,46.25395033693102],[-74.49379693444553,46.253953786188035],[-74.49379287046719,46.253957219916],[-74.49378877774274,46.25396063625147],[-74.49378465986548,46.253964037057955],[-74.49378051144551,46.25396742233544],[-74.49377633787269,46.253970791462784],[-74.49377213645212,46.253974144439944],[-74.49376790718375,46.25397747940349],[-74.49376365096593,46.25398079945924],[-74.4937593695953,46.25398410150136],[-74.49375505858025,46.25398738801451],[-74.4937507233107,46.253990656514034],[-74.49374636109167,46.253993909484635],[-74.4937419728215,46.25399714444158],[-74.49373755760188,46.25400036200613],[-74.49373311812774,46.254003563420554],[-74.49372865170416,46.254006747442574],[-74.49372416012774,46.25400991220868],[-74.49371964160186,46.25401306144583],[-74.49371509792314,46.254016192048276],[-74.49371053088824,46.25401930525833],[-74.49370593690388,46.25402240045476],[-74.49370131776669,46.25402547763769],[-74.49369667347666,46.25402853618588],[-74.49369200672876,46.25403157734169],[-74.49335493817291,46.25424992517888],[-74.49335198002068,46.25425182403014],[-74.49334899761394,46.25425370486804],[-74.493345991851,46.254255565829155],[-74.49334296093522,46.25425740815572],[-74.49333990666327,46.25425923184776],[-74.49333682993343,46.254261036905305],[-74.49333372984738,46.25426282208603],[-74.49333060640512,46.25426458801108],[-74.49332745781005,46.25426633530164],[-74.49332429035037,46.25426806209422],[-74.49332109863616,46.25426976901004],[-74.4933178853624,46.25427145604903],[-74.49331465142737,46.2542731219689],[-74.49331139413616,46.25427476925432],[-74.493308117082,46.25427639604178],[-74.49330481846826,46.25427800233127],[-74.4933014991933,46.254279587501685],[-74.49329815925707,46.25428115217419],[-74.49329480045623,46.254282695106454],[-74.49329142099413,46.254284218161885],[-74.49328802087076,46.25428572009829],[-74.49328460278112,46.25428720029446],[-74.49328116492853,46.25428865812921],[-74.49327770910963,46.25429009608721],[-74.49327423442611,46.25429151106272],[-74.49327074177627,46.25429290616144],[-74.49326723116015,46.254294279519904],[-74.49326370347603,46.254295628032445],[-74.49326015602898,46.25429695728936],[-74.49325659331055,46.254298263563754],[-74.49325301352415,46.25429954747676],[-74.49324941846639,46.254300809649614],[-74.49324580634062,46.25430204821878],[-74.49324217804521,46.25430326442659],[-74.4932385344784,46.25430445827305],[-74.49323487474193,46.254305629137015],[-74.49323120153073,46.25430677763962],[-74.49322751214987,46.25430790315971],[-74.49322380839595,46.25430900631849],[-74.4932200911673,46.254310084631285],[-74.49321636046392,46.254311141203935],[-74.49321261538749,46.254312174172895],[-74.49320885773469,46.25431318229593],[-74.4932050866071,46.254314168678775],[-74.49320130200482,46.25431513145799],[-74.49319750752105,46.25431606939129],[-74.49319369956257,46.25431698434206],[-74.49318988082429,46.25431787631038],[-74.49318604861129,46.25431874343277],[-74.49318220741513,46.25431958757266],[-74.49317835454089,46.254320406245505],[-74.49317449178517,46.25432120255701],[-74.49317061824966,46.254321973401424],[-74.493166735731,46.25432272064219],[-74.49316284243255,46.25432344365823],[-74.49315893925265,46.254324142449455],[-74.49315502978453,46.254324817637084],[-74.49315111043494,46.25432546673652],[-74.49314718300052,46.25432609285345],[-74.49314324748127,46.2543266935033],[-74.49313930387716,46.25432726930724],[-74.49313535398485,46.25432782274989],[-74.49313139600773,46.25432834948315],[-74.49312743174237,46.25432885137053],[-74.49312346208713,46.25432932965427],[-74.49311948434706,46.25432978247094],[-74.49311550391204,46.25433021044172],[-74.49311151539216,46.254330614808886],[-74.49310752238073,46.254330993708955],[-74.49310352487771,46.25433134652084],[-74.49309952288314,46.25433167572914],[-74.49309551639696,46.254331979470365],[-74.49309150811416,46.25433225836568],[-74.49308749354314,46.25433251241507],[-74.49308347897215,46.254332740376235],[-74.49307945901126,46.25433294473386],[-74.49307543815205,46.25433312362436],[-74.49307141369957,46.254333277669],[-74.49306738745047,46.25433340686768],[-74.49306336209969,46.254333509978224],[-74.49305933315564,46.25433358762166],[-74.49305530421157,46.25433364041922],[-74.49305127526753,46.254333669613146],[-74.49304724452684,46.25433367271889],[-74.49304321468448,46.25433365097872],[-74.49303918663875,46.254333603771485],[-74.4930351576947,46.25433353171839],[-74.49303112964897,46.25433343481934],[-74.4930271051965,46.2543333118321],[-74.4930230798457,46.25433316399895],[-74.49301905718987,46.25433299069878],[-74.4930150381273,46.254332793794966],[-74.49301102086135,46.25433257080292],[-74.49300700808696,46.25433232296501],[-74.4930029962109,46.254332050902306],[-74.49299898972473,46.25433175275147],[-74.49299498773014,46.25433143099693],[-74.49299098932882,46.25433108315421],[-74.49298699452073,46.25433070984447],[-74.49298300600088,46.25433031293108],[-74.4929790219726,46.25432989117178],[-74.49297504423251,46.254329443945444],[-74.49297107278065,46.25432897311546],[-74.49296710582034,46.2543284761973],[-74.49296314784321,46.25432795505437],[-74.49295919525596,46.25432740906549],[-74.49295524895693,46.25432683760957],[-74.49295131343766,46.254326243792356],[-74.49218731335651,46.25420829702536],[-74.49218132159356,46.25420736033255],[-74.49217533791544,46.254206400036026],[-74.49216936052557,46.25420541924159],[-74.49216339301712,46.254204415464606],[-74.49215743089857,46.254203388083944],[-74.4921514777632,46.25420233958422],[-74.49214553361097,46.25420126810187],[-74.49213959664525,46.25420017425823],[-74.49213367045932,46.25419905929541],[-74.4921277505616,46.25419792135012],[-74.49212184144365,46.25419676042222],[-74.49211594041056,46.254195578375274],[-74.49211005015724,46.254194373345726],[-74.49210416798876,46.25419314657598],[-74.49209829570175,46.25419189744482],[-74.49209243419452,46.254190626573404],[-74.49208658167045,46.25418933458285],[-74.49208073992614,46.25418801960977],[-74.49207490806332,46.25418668351759],[-74.49206908698027,46.25418532444284],[-74.49206327577869,46.25418394362782],[-74.49205747625524,46.25418254169371],[-74.49124139544716,46.253983521966894],[-74.49123624450732,46.253982252954096],[-74.49123110524559,46.25398096095867],[-74.49122597945858,46.253979645359436],[-74.49122086445135,46.25397830615642],[-74.49121576381715,46.25397694521306],[-74.4912106748611,46.25397556004471],[-74.49120559937971,46.25397415313607],[-74.49120053737309,46.25397272200242],[-74.49119548794289,46.25397127037077],[-74.49119045378404,46.253969793892985],[-74.4911854313033,46.25396829629602],[-74.4911804249922,46.253966775095265],[-74.49117543215586,46.25396523091178],[-74.49117045279424,46.25396366498799],[-74.49116548960228,46.253962077323834],[-74.4911605407834,46.25396046605584],[-74.49115560813416,46.253958834289804],[-74.4911506907563,46.25395717891997],[-74.49114578775148,46.253955502430884],[-74.49114090091633,46.2539538029591],[-74.49113603114917,46.25395208236816],[-74.49113117575506,46.253950339415624],[-74.49112633832725,46.253948574101614],[-74.49112151617082,46.253946788289504],[-74.49111671198067,46.2539449801159],[-74.49111192396022,46.253943150201856],[-74.49110715390606,46.253941298547446],[-74.49110240091989,46.25393942639497],[-74.49109766590001,46.25393753125978],[-74.49109294794815,46.253935616247695],[-74.49108824886089,46.25393367949517],[-74.49108356773995,46.253931722244566],[-74.49107890548363,46.25392974325358],[-74.49107426029529,46.253927744385635],[-74.4910696348699,46.253925723156115],[-74.49106502920743,46.25392368142854],[-74.49106044240959,46.25392161920283],[-74.49105587447637,46.25391953710018],[-74.49105132630609,46.25391743449942],[-74.49104679700042,46.25391531015825],[-74.49104228835601,46.25391316656126],[-74.49103780037287,46.25391100370847],[-74.49103333215264,46.25390881849413],[-74.49102888549199,46.253906614645096],[-74.49102445859425,46.253904389676755],[-74.4910200523578,46.253902145452635],[-74.49054482380954,46.253658422042136],[-74.49054192943771,46.253656954252115],[-74.4905390144046,46.25365550509672],[-74.49053607960857,46.253654077060546],[-74.49053312415128,46.25365267014365],[-74.49053014713444,46.25365128434599],[-74.49052715035467,46.25364991842528],[-74.49052413381193,46.25364857362377],[-74.49052110020122,46.2536472505627],[-74.49051804592924,46.25364594613631],[-74.49051497189434,46.25364466655606],[-74.49051187989313,46.2536434062316],[-74.49050877082395,46.25364216826867],[-74.49050564289011,46.25364095142504],[-74.49050249788831,46.253639758185315],[-74.49049933671682,46.253638585443674],[-74.49049615757903,46.253637435684745],[-74.49049296316988,46.25363630642394],[-74.49048975079444,46.25363520138822],[-74.49048652404592,46.25363411747171],[-74.49048328112775,46.25363305715912],[-74.49048002293821,46.25363201920812],[-74.49047674857901,46.25363100361866],[-74.49047346164339,46.253630011633135],[-74.49047016033471,46.253629041388024],[-74.490466844653,46.25362809661026],[-74.49046351639487,46.25362717233063],[-74.49046017286538,46.2536262722761],[-74.49045681765779,46.25362539520424],[-74.4904534498738,46.25362454359982],[-74.4904500704117,46.25362371373577],[-74.4904466792715,46.25362290747567],[-74.49044327465657,46.253622125440614],[-74.4904398601602,46.25362136638833],[-74.49043643578231,46.25362063156111],[-74.49043299882803,46.25361992158011],[-74.4904295528906,46.25361923458183],[-74.49042609797004,46.253618571808616],[-74.49042263226967,46.25361793326051],[-74.49041915848446,46.253617318316294],[-74.49041567571612,46.25361672883943],[-74.4904121839646,46.25361616358768],[-74.49040868412824,46.25361562131865],[-74.4904051780037,46.253615104517024],[-74.4904016637943,46.25361461131934],[-74.49039814329672,46.25361414358901],[-74.49039461561259,46.25361370070492],[-74.49039108074194,46.25361328142473],[-74.49038754137972,46.25361288761193],[-74.49038399393265,46.25361251864537],[-74.49038044289235,46.253612173903875],[-74.49037688915708,46.2536118533875],[-74.4903733291336,46.25361155833848],[-74.49036976551689,46.25361128937798],[-74.49036619651025,46.25361104340027],[-74.49036262570701,46.253610822889954],[-74.49035905131049,46.25361062660467],[-74.49035547332072,46.253610456408],[-74.49035189533092,46.25361031167869],[-74.49034831464621,46.253610190553275],[-74.49034473216486,46.25361009551644],[-74.49034114698856,46.25361002346234],[-74.49033756271056,46.253609978739114],[-74.49033397753428,46.253609957619815],[-74.49033039235798,46.25360996258906],[-74.49032680807998,46.253609991783414],[-74.490323223802,46.25361004582397],[-74.49031963952403,46.253610124710754],[-74.49031605704268,46.25361022968611],[-74.49031247635794,46.2536103588865],[-74.49030889836817,46.253610512933165],[-74.49030532217503,46.25361069182606],[-74.49030174957512,46.25361089556517],[-74.4902981796702,46.25361112477167],[-74.49029461246022,46.25361137882441],[-74.49029104974178,46.25361165648109],[-74.49028749151495,46.25361196084742],[-74.49028393777968,46.253612288817706],[-74.49028038853601,46.25361264163422],[-74.4902768446822,46.253613019918134],[-74.4902733062183,46.253613423048286],[-74.49026977494091,46.25361384978229],[-74.49026624995174,46.253614301983745],[-74.49026273035247,46.253614777789096],[-74.4902592179397,46.25361527906185],[-74.49025571361177,46.253615803938494],[-74.4902522173687,46.25361635366137],[-74.49024872831212,46.2536169288516],[-74.49024525003533,46.253617525782325],[-74.49024177804677,46.25361814880156],[-74.49023831683797,46.25361879604584],[-74.49023486281571,46.25361946689409],[-74.49023142136986,46.253620161967376],[-74.49022798800884,46.25362088064456],[-74.49022456632592,46.25362162416797],[-74.49022115632111,46.25362239005298],[-74.49021775799439,46.253623180784174],[-74.49021436865083,46.25362399511935],[-74.49021099278198,46.25362483305836],[-74.49020762948957,46.25362569398014],[-74.49020427877356,46.25362657788468],[-74.49020094063395,46.253627486014274],[-74.49019761596908,46.25362841712659],[-74.49019430477895,46.25362937184282],[-74.49019100886018,46.25363034892066],[-74.4901877255178,46.253631350223486],[-74.49018445654849,46.253632372024505],[-74.49018120464717,46.25363341805052],[-74.4901779680172,46.25363448705929],[-74.49017474576026,46.25363557718732],[-74.49017153877472,46.25363669091926],[-74.49016834975545,46.253637825770454],[-74.49016517690586,46.25363898484669],[-74.49016202112428,46.25364016504218],[-74.49015888061403,46.25364136573579],[-74.49015576076505,46.253642590033266],[-74.49015265708576,46.253643836071156],[-74.49014957137275,46.253645101986],[-74.49014650452436,46.253646390883596],[-74.49014345654061,46.25364770027926],[-74.49014042831978,46.25364903079417],[-74.49013741896358,46.25365038429182],[-74.49013442937031,46.25365175580295],[-74.49013145864167,46.2536531509179],[-74.49012851126923,46.25365456404636],[-74.49012558186308,46.25365600015753],[-74.49012267401652,46.25365745490332],[-74.4901197877295,46.25365893014717],[-74.49011692390037,46.25366042588913],[-74.49011408073251,46.25366194088687],[-74.49011126002252,46.253663476382705],[-74.49010846087208,46.253665031134275],[-74.49010568507785,46.253666603899326],[-74.49010293263983,46.25366819840472],[-74.49010020265969,46.25366981092363],[-74.49009749693404,46.253671442077106],[-74.49009481546292,46.25367309248633],[-74.49009215644968,46.25367476090904],[-74.49008952169095,46.253676449208626],[-74.49008691208505,46.253678154279406],[-74.49008432673368,46.253679877984716],[-74.49008176833173,46.25368161908234],[-74.49007923508263,46.25368337943577],[-74.49007672608805,46.25368515593911],[-74.4900742431446,46.25368695107704],[-74.49007178715061,46.25368876236498],[-74.49006935720777,46.25369059104518],[-74.49006695331607,46.25369243649649],[-74.49006457637383,46.25369429934006],[-74.49006222638104,46.25369617709134],[-74.49005990513434,46.253698072234826],[-74.49005760993879,46.253699983528314],[-74.49005534438764,46.253701910350635],[-74.49005310488765,46.253703853322854],[-74.49005089413374,46.25370581120275],[-74.49004871302422,46.25370778399026],[-74.49004655886418,46.253709773548884],[-74.49004443524684,46.25371177739401],[-74.4900423403756,46.25371379552562],[-74.49004027425045,46.253715827322566],[-74.49003823687138,46.25371787526945],[-74.49003623093336,46.2537199362605],[-74.49003425463971,46.25372201153804],[-74.49003230709219,46.25372410048089],[-74.490030391884,46.253726202467895],[-74.49002850721854,46.25372831812023],[-74.49002665129915,46.25373044619559],[-74.49002482951576,46.253732587315106],[-74.49002303647845,46.25373474147877],[-74.4900212757805,46.2537369074443],[-74.49001954562527,46.25373908645397],[-74.49001784601273,46.2537412766443],[-74.4900161805362,46.253743479257686],[-74.49001454650072,46.25374569243056],[-74.49001294480456,46.2537479174053],[-74.49001137365111,46.253750153560766],[-74.49000983663367,46.25375240027572],[-74.49000833105725,46.25375465755019],[-74.49000685961681,46.253756926626515],[-74.49000542141404,46.25375920439891],[-74.49000401465231,46.2537614914885],[-74.49000264202657,46.25376378913765],[-74.49000130263848,46.25376609610399],[-74.48999999648804,46.253768413629885],[-74.48999872447361,46.25377073860948],[-74.48999748659516,46.25377307228519],[-74.48999628285266,46.25377541465691],[-74.4899951105512,46.25377776448237],[-74.4899939750807,46.25378012362506],[-74.48999287284784,46.253782490221525],[-74.48999180475099,46.25378486551401],[-74.4899907716884,46.253787247639096],[-74.48998977276179,46.25378963535443],[-74.48998880886951,46.25379203052353],[-74.48998787821486,46.25379443314637],[-74.48998698439115,46.25379684135952],[-74.48998612470344,46.2537992564052],[-74.48998529915168,46.25380167642003],[-74.48998451043087,46.253804102646306],[-74.48998375674435,46.25380653446282],[-74.48998303719381,46.25380897062732],[-74.48998235357587,46.25381141113977],[-74.48998170589054,46.253813858484826],[-74.48998109323952,46.253816308314384],[-74.48998051652111,46.253818763734216],[-74.48997997483701,46.25382122225971],[-74.48997946818719,46.25382368451198],[-74.48997899836829,46.2538261492488],[-74.48997856358368,46.253828618333515],[-74.4899781647317,46.253831090523946],[-74.48997780181232,46.2538335645777],[-74.48997747572388,46.253836041737124],[-74.48997718466971,46.253838520138764],[-74.48997692954819,46.25384100164601],[-74.48997670946095,46.253843484395475],[-74.48997652710295,46.25384596714483],[-74.48997637977924,46.253848452378676],[-74.48997626928644,46.25385093823353],[-74.48997619382797,46.25385342533065],[-74.48997615340379,46.2538559124276],[-74.48997615160717,46.25385839952445],[-74.48997618484482,46.253860886621226],[-74.48997625221845,46.25386337247551],[-74.48997635821966,46.25386585832974],[-74.48997649925516,46.25386834418385],[-74.48997667622328,46.25387082817436],[-74.489976889124,46.253873311543636],[-74.48997713975396,46.2538757924282],[-74.4899774236216,46.253878271449146],[-74.48997774432014,46.25388074860655],[-74.48997810184964,46.253883222658075],[-74.4899784935151,46.253885695467154],[-74.48997892290981,46.25388816454924],[-74.48997938644048,46.25389063052544],[-74.4899798868021,46.25389309339576],[-74.489980422198,46.25389555253908],[-74.48998099442484,46.253898008576485],[-74.48998159988935,46.253900459644605],[-74.48998224308309,46.25390290636452],[-74.48998292041281,46.25390534873628],[-74.48998363367515,46.25390778675985],[-74.48998438107347,46.253910218571754],[-74.48998516530271,46.25391264541439],[-74.48998598456625,46.25391506728767],[-74.48998683706745,46.25391748232818],[-74.48998772639959,46.253919891157004],[-74.48998865076601,46.25392229563773],[-74.4899896074718,46.25392469142219],[-74.48999060190681,46.25392708161615],[-74.48999162868118,46.253929464356226],[-74.49016238673859,46.254318287510266],[-74.4901981226189,46.25437666916447],[-74.49020066395285,46.254380851348245],[-74.4902031720491,46.25438504409124],[-74.49020564780605,46.254389246151085],[-74.490208089427,46.25439345690668],[-74.49021049781027,46.25439767697913],[-74.49021287385419,46.25440190636847],[-74.49021521755877,46.2544061438324],[-74.49021752622905,46.25441039185548],[-74.49021980255998,46.254414647332034],[-74.4902220438566,46.25441891212543],[-74.4902242528139,46.254423184372236],[-74.49022642763519,46.254427465314784],[-74.49022857011715,46.25443175433188],[-74.4902306766665,46.254436050802454],[-74.49023275087647,46.254440357211],[-74.49023479095048,46.25444466920954],[-74.49023679688852,46.25444898990374],[-74.49023876869056,46.254453316809084],[-74.49024070635663,46.254457653031295],[-74.49024261078503,46.2544619960858],[-74.49024448107747,46.25446634535138],[-74.49024631453895,46.25447070207037],[-74.49024811745772,46.25447506624279],[-74.49024988354559,46.25447943600518],[-74.49025161549746,46.25448381384207],[-74.49025331331335,46.25448819726898],[-74.49025497789155,46.254492586906956],[-74.49025660653716,46.25449698337721],[-74.49025820104679,46.254501384816265],[-74.49025975962381,46.254505794329866],[-74.49026128586146,46.25451020819115],[-74.49026277436991,46.254514627021244],[-74.49026423053898,46.25451905330472],[-74.49026565167377,46.254523483935834],[-74.49026703777425,46.254527920156896],[-74.49026838884043,46.254532361346804],[-74.49026970487232,46.254536808126616],[-74.49027098497162,46.25454125925411],[-74.49027223093492,46.2545457153504],[-74.49027344276223,46.254550175173215],[-74.49027461865693,46.25455463996482],[-74.49027575861903,46.25455911034637],[-74.49027686354682,46.25456358383324],[-74.49027793344031,46.254568062288946],[-74.49027896919786,46.25457254385002],[-74.49027996992108,46.254577029758714],[-74.49028093381337,46.25458151877277],[-74.49028186267138,46.25458601213451],[-74.4902827573934,46.25459050922271],[-74.49028361618281,46.25459500879512],[-74.49028443993794,46.25459951085175],[-74.49028522776044,46.25460401725603],[-74.49028597965032,46.25460852676562],[-74.49028669560761,46.25461303813832],[-74.4902873774289,46.25461755199522],[-74.4902880233176,46.25462207019978],[-74.49028863327368,46.25462658902508],[-74.49028920729715,46.25463111095573],[-74.49028974718463,46.25463563412827],[-74.49029025203781,46.25464015916391],[-74.49029071916176,46.254644687304896],[-74.49029115125141,46.254649216066625],[-74.49029154740846,46.25465374607028],[-74.49029190942952,46.254658279179296],[-74.49029202261725,46.254659418357335],[-74.49029216994094,46.25466055505084],[-74.49029235140064,46.25466168925969],[-74.49029256879294,46.25466282098395],[-74.4902928185246,46.254663950223616],[-74.49029310418885,46.254665073872964],[-74.4902934248874,46.25466619379541],[-74.49029377792532,46.25466730874869],[-74.49029416420088,46.25466841935395],[-74.49029458640906,46.25466952188433],[-74.4902950418549,46.25467061882438],[-74.49029552964012,46.254671710174065],[-74.49029605066299,46.25467279220666],[-74.49029660582183,46.25467386678546],[-74.4902971915234,46.25467493515279],[-74.49029781046261,46.254675992339514],[-74.49029846263952,46.254677040830245],[-74.49029914535913,46.25467807876146],[-74.4902998604181,46.254679107996644],[-74.49030060691808,46.25468012480895],[-74.49030138396081,46.254681132304114],[-74.49030219064794,46.2546821267552],[-74.49030302787779,46.25468310878342],[-74.49030389475203,46.25468408025218],[-74.49030479127069,46.254685038055726],[-74.49030571743374,46.25468598219413],[-74.49030667144459,46.2546869120462],[-74.49030765330319,46.2546878282331],[-74.49030866211125,46.254688728891374],[-74.49030970146204,46.25468961588451],[-74.49031076416902,46.254690486727846],[-74.49031185562208,46.254691342042605],[-74.49031297132967,46.25469218120766],[-74.49031411219008,46.254693002980616],[-74.49031527910164,46.254693809224996],[-74.4903164702677,46.25469459683506],[-74.49031768478997,46.254695367053074],[-74.49031892266842,46.25469611987909],[-74.49032018120815,46.254696855313064],[-74.49032146490067,46.25469757024926],[-74.49032276835615,46.254698265930045],[-74.4903240933712,46.25469894421879],[-74.49032623675146,46.254700031219926],[-74.49032835857219,46.254701138097644],[-74.49033045883331,46.25470226609426],[-74.49033253663656,46.254703412725114],[-74.49033459018528,46.25470457985368],[-74.49033662127616,46.254705766237684],[-74.49033862901081,46.254706971256],[-74.49034061338928,46.25470819490853],[-74.49034257351323,46.25470943781649],[-74.49034450938265,46.25471069811645],[-74.49034641920095,46.254711977671825],[-74.49034830296812,46.25471327586151],[-74.49035016248074,46.25471459020084],[-74.49035199684056,46.25471592317443],[-74.49035380245428,46.254717271676604],[-74.49035558201686,46.254718640055344],[-74.49035733462998,46.25472002272031],[-74.49035906029364,46.254721422777266],[-74.4903607572112,46.254722838983916],[-74.49036242807763,46.25472427071908],[-74.49036406840133,46.25472571798283],[-74.49036568267391,46.25472718201737],[-74.49036726640377,46.25472865971706],[-74.49036882048921,46.25473015294523],[-74.49037034672688,46.25473166108086],[-74.4903718415235,46.25473318288156],[-74.49037330667574,46.25473471896851],[-74.49037474128524,46.25473626872057],[-74.49037614535202,46.254737832137735],[-74.49037751977441,46.25473940797774],[-74.49037886006082,46.25474099686169],[-74.49038017249944,46.2547425987896],[-74.4903814517004,46.25474421376144],[-74.49038269856203,46.25474583867156],[-74.4903839130843,46.25474747662562],[-74.49038509616551,46.254749125760206],[-74.49038624600908,46.25475078607528],[-74.49038736351329,46.25475245694977],[-74.49038844867816,46.25475413776248],[-74.49038949970704,46.254755829134595],[-74.49039051749826,46.25475752982379],[-74.4903915020518,46.25475924107234],[-74.49039245336769,46.25476095977455],[-74.4903933705476,46.25476268903613],[-74.4903942526932,46.25476442575139],[-74.49039510160115,46.254766171162615],[-74.49039591457648,46.254767924648576],[-74.49039669431414,46.25476968496709],[-74.4903974381192,46.254771452739284],[-74.4903981495849,46.254773227965075],[-74.49039882332139,46.254775008781145],[-74.49039946292187,46.254776797050845],[-74.49040006838635,46.25477858966848],[-74.49040063701995,46.25478038911864],[-74.49040117061921,46.254782194159034],[-74.49040166828588,46.254784002926186],[-74.49040213181655,46.25478581666246],[-74.49040255941465,46.2547876341255],[-74.49040294928346,46.25478945717877],[-74.49040330411799,46.25479128209543],[-74.49040362301994,46.2547931101177],[-74.49040390688758,46.254794940624485],[-74.49040415392427,46.254796774858114],[-74.49040436502835,46.254798611576206],[-74.49040454019983,46.25480044891539],[-74.49040467943871,46.254802288739086],[-74.49040478005001,46.25480412918386],[-74.49040484742366,46.254805969628535],[-74.49040487796638,46.254807811936594],[-74.4904048716782,46.2548096536235],[-74.49040482945736,46.254811494689136],[-74.49040475040562,46.25481333699707],[-74.49040463631958,46.25481517682032],[-74.4904044854026,46.25481701602236],[-74.4904042976547,46.25481885273978],[-74.49040407307591,46.25482068759372],[-74.49040381525941,46.254822520584135],[-74.49040351791704,46.25482435108999],[-74.49040318643873,46.25482617911115],[-74.49040281992606,46.25482800278429],[-74.49040241748081,46.254829823972806],[-74.49040197730635,46.25483164019212],[-74.49040150299587,46.254833452063366],[-74.49040099185447,46.25483526020768],[-74.49040044657708,46.254837062140545],[-74.4903998653671,46.25483885972538],[-74.4903992482245,46.25484065109872],[-74.49039859694592,46.25484243563942],[-74.49039790883641,46.25484421583209],[-74.49039718838756,46.25484598794986],[-74.49039643110777,46.25484775385613],[-74.49039564059031,46.25484951168752],[-74.49039481414027,46.25485126206511],[-74.49039395445253,46.254853004988995],[-74.49039306062883,46.254854739216796],[-74.49039213087251,46.254856464748585],[-74.49039117057347,46.25485818096323],[-74.4903901734435,46.25485988910294],[-74.49038914397418,46.254861586683184],[-74.49038808126721,46.25486327370397],[-74.49038698532257,46.25486495202872],[-74.49038585614025,46.254866619794015],[-74.4903846955169,46.25486827575756],[-74.49038350165588,46.25486992116165],[-74.49038227545553,46.25487155414287],[-74.49038101691582,46.254873177185765],[-74.49037972693506,46.25487478718465],[-74.49037840551328,46.25487638289726],[-74.49037705265046,46.25487796867153],[-74.49037566834662,46.254879540780635],[-74.49037425439835,46.254881099224605],[-74.49037280811073,46.254882644003395],[-74.49037133217874,46.25488417511699],[-74.49036982750064,46.25488569318664],[-74.49036829227981,46.25488719510657],[-74.4903667274146,46.254888682740194],[-74.49036513470158,46.25489015608752],[-74.49036351054757,46.25489161390629],[-74.49036185944406,46.2548930568176],[-74.49036018139113,46.25489448420035],[-74.49035847369375,46.2548958941911],[-74.49035673814863,46.25489728803214],[-74.49035497655235,46.25489866572348],[-74.4903531871083,46.254900027265116],[-74.49035137161312,46.25490137079365],[-74.49034952916848,46.25490269817242],[-74.490347661571,46.254904006916945],[-74.49034576882069,46.25490529702725],[-74.49034384912092,46.25490657098781],[-74.49034190606497,46.254907826314074],[-74.49033993785618,46.254909061763826],[-74.49033794449457,46.25491027920047],[-74.49033592867507,46.254911478002875],[-74.49033389039768,46.254912658170966],[-74.4903318278658,46.25491381784141],[-74.49032974287603,46.25491495825645],[-74.49032763542836,46.25491607817379],[-74.49032550642114,46.25491717883573],[-74.49032335585436,46.25491826024233],[-74.49032118372799,46.25491931928781],[-74.4903189918387,46.25492035907786],[-74.49031677838984,46.254921375885694],[-74.49031454697469,46.25492237405928],[-74.49031229579658,46.25492334987177],[-74.49031002485553,46.254924303944314],[-74.49030773594819,46.25492523689807],[-74.49030542727792,46.25492614811186],[-74.49030310243796,46.25492703696457],[-74.4903007596317,46.25492790531958],[-74.49029839975745,46.254928750071244],[-74.49029602461182,46.25492957184066],[-74.49029363239823,46.25493037187018],[-74.49029122581159,46.254931148917414],[-74.49028880305526,46.25493190422475],[-74.4902863659259,46.25493263530759],[-74.49028391532181,46.25493334340818],[-74.49028145034467,46.2549340291477],[-74.49027897279112,46.254934690041566],[-74.49027648176282,46.254935327953234],[-74.49027397725982,46.25493594226152],[-74.49027146377367,46.254936532966454],[-74.49026893771106,46.254937100068055],[-74.49026639997041,46.25493764294512],[-74.49026385144994,46.25493816221884],[-74.49026129484463,46.25493865602582],[-74.49025872745956,46.25493912622941],[-74.49025615109132,46.25493957096621],[-74.49025356663824,46.25493999334193],[-74.49025097410033,46.25494039025091],[-74.49024837257927,46.2549407629354],[-74.49024576566832,46.25494111139535],[-74.49024315157084,46.25494143314631],[-74.49024053208348,46.25494173191499],[-74.49023790540959,46.254942005216925],[-74.49023527514244,46.254942254294384],[-74.49023263948538,46.25494247728395],[-74.49023000023509,46.254942676048984],[-74.49022735649321,46.254942849347266],[-74.49022471005637,46.25494299842103],[-74.49022206092461,46.25494312202806],[-74.49021940909789,46.254943221410585],[-74.49021675727117,46.254943294084036],[-74.4902141027495,46.254943342533004],[-74.49021144643119,46.25494336551523],[-74.49020879190955,46.25494336303068],[-74.49020613648956,46.254943335079325],[-74.4902034828662,46.25494328352465],[-74.49020083014118,46.254943205260936],[-74.49019817831446,46.254943103393835],[-74.49019553008101,46.25494297543885],[-74.49019288364417,46.25494282201708],[-74.49019024080062,46.25494264561307],[-74.49018760155032,46.254942442500074],[-74.49018496768988,46.254942214541394],[-74.49018233832105,46.25494196235823],[-74.49017971254548,46.25494168408717],[-74.4901770921598,46.254941382212735],[-74.49017447985894,46.2549410542504],[-74.49017187384632,46.25494070330589],[-74.49016927412187,46.254940326273434],[-74.49016668427892,46.25493992563759],[-74.49016409982583,46.25493950015616],[-74.49016152525422,46.25493905045019],[-74.49015895966579,46.254938575277485],[-74.49015640395879,46.254938076501446],[-74.49015385723497,46.25493755412201],[-74.49015132218923,46.25493700751808],[-74.49014879702497,46.25493643668962],[-74.49014628443712,46.25493584225786],[-74.49014378352737,46.25493522360156],[-74.49014129519404,46.25493458134193],[-74.4901388194371,46.2549339167212],[-74.4901363562566,46.254933227254824],[-74.49013390834746,46.254932515427406],[-74.49013147301471,46.2549317806177],[-74.49012905295336,46.2549310222047],[-74.49012664906165,46.25493024143056],[-74.49012425954298,46.25492943767422],[-74.49012188619402,46.25492861155683],[-74.49011952991303,46.25492776245716],[-74.4901171898017,46.25492689161757],[-74.49011486855503,46.254925998416866],[-74.49011256347801,46.25492508347624],[-74.49011027726557,46.25492414741679],[-74.4901080090195,46.254923188375116],[-74.49010576053634,46.25492220945691],[-74.49010353091782,46.25492120817764],[-74.49010132196051,46.25492018640064],[-74.4900991336645,46.25491914536829],[-74.4900969651314,46.25491808135368],[-74.49009481815787,46.25491699746257],[-74.49009269364221,46.25491589431602],[-74.49009058888952,46.25491476942956],[-74.490088507493,46.25491362652995],[-74.49008644855435,46.2549124637538],[-74.49008441297194,46.25491128047998],[-74.49008240254231,46.25491007857192],[-74.49008041367229,46.2549088574084],[-74.49007844905675,46.25490761823178],[-74.49007651049237,46.254906360420954],[-74.49007459438589,46.25490508459693],[-74.49007270612715,46.25490379075984],[-74.49007084212293,46.25490247828846],[-74.49006900506818,46.25490114842507],[-74.49006719316624,46.254899802411984],[-74.49006540821377,46.25489843838577],[-74.49006365110908,46.254897057588714],[-74.49006192005554,46.25489566064195],[-74.49006021774807,46.25489424754549],[-74.49005854328838,46.25489281829931],[-74.49005689757477,46.254891373524536],[-74.49005527881064,46.25488991260009],[-74.49005369058922,46.25488843738931],[-74.49005213021556,46.25488694665001],[-74.49005060038463,46.25488544162437],[-74.4900490992998,46.2548839216913],[-74.49004762965599,46.25488238871424],[-74.4900461896566,46.25488084145087],[-74.4900447793016,46.25487927928004],[-74.49004339948932,46.254877705307514],[-74.49004205201639,46.254876119533236],[-74.4900407359845,46.254874519472644],[-74.49003945229195,46.25487290761035],[-74.49003819824382,46.25487128332516],[-74.49003697833167,46.25486964848051],[-74.49003578986054,46.2548680018341],[-74.49003463372878,46.25486634338599],[-74.49003351083468,46.254864674378375],[-74.49003242027992,46.25486299481137],[-74.49003136206451,46.254861305306],[-74.4900303388834,46.254859605862286],[-74.49002934714333,46.25485789648032],[-74.49002839223418,46.254856178402264],[-74.49002746876607,46.25485445162819],[-74.49002658033226,46.254852715536934],[-74.49002572513609,46.25485097261303],[-74.49002490677087,46.25484922037197],[-74.49002411984668,46.25484746067717],[-74.49002336975342,46.25484569352859],[-74.49002265379615,46.254843920789696],[-74.49002197287315,46.25484214059702],[-74.49002132608615,46.25484035357171],[-74.49002071523178,46.254838561577245],[-74.49002013941166,46.254836763371294],[-74.4900196004225,46.25483495957496],[-74.49001909556931,46.25483315080948],[-74.49001862754704,46.25483133831708],[-74.49001819366076,46.254829521476644],[-74.4900177966054,46.25482769966697],[-74.49001743548267,46.254825875372674],[-74.49001710939423,46.25482404735149],[-74.49001681923838,46.25482221684563],[-74.49001656681179,46.254820383855204],[-74.49001634852115,46.254818547758994],[-74.4900161688581,46.25481670979926],[-74.49001602333104,46.25481487059721],[-74.49001591373657,46.254813030773946],[-74.49001584187135,46.25481118846601],[-74.49001580504041,46.25480934740036],[-74.49001580504041,46.254807505713444],[-74.49001584007472,46.25480566340537],[-74.49001591463488,46.254803823581796],[-74.49001602243271,46.2548019825159],[-74.49001616616316,46.25480014331331],[-74.49001634762284,46.254798305353006],[-74.49001656591346,46.25479647049831],[-74.49001681744174,46.25479463750698],[-74.4900171075976,46.25479280575787],[-74.49001743278772,46.2547909777356],[-74.49001779211383,46.25478915281897],[-74.4900181900675,46.25478733162911],[-74.49001862305546,46.254785514787166],[-74.49001909107774,46.25478370167204],[-74.49001959682924,46.25478189352602],[-74.49002013581841,46.25478009034904],[-74.49002071074018,46.25477829276232],[-74.49002132159458,46.25477649952353],[-74.49002196658496,46.25477471249607],[-74.49002264750794,46.254772932301194],[-74.49002336256692,46.25477115831765],[-74.49002411266017,46.25476939240887],[-74.49002489868606,46.2547676327115],[-74.49002571705128,46.25476588046779],[-74.4900265722474,46.25476413629886],[-74.49002746068123,46.254762401447046],[-74.49002838235272,46.25476067342772],[-74.49002934085512,46.25475895534662],[-74.49003033079856,46.254757246582614],[-74.49003135218305,46.25475554651457],[-74.49003241039844,46.254753857627044],[-74.49003349915658,46.25475217867774],[-74.49003462205069,46.2547505084244],[-74.49003577818246,46.25474885059385],[-74.49003696665358,46.25474720332271],[-74.49003818746405,46.254745567853206],[-74.49003943971555,46.254743943564236],[-74.4900407243064,46.25474233231921],[-74.4900420403383,46.25474073163361],[-74.49004338870955,46.25473914461306],[-74.49004476672519,46.25473757063651],[-74.49004617618186,46.254736010325054],[-74.49004761528295,46.25473446243641],[-74.49004908672339,46.25473292883402],[-74.49005058601158,46.25473140951788],[-74.49005211763915,46.2547299032457],[-74.49005367621616,46.25472841250205],[-74.4900552653359,46.254726936665804],[-74.49005688230342,46.2547254763581],[-74.49005852891534,46.25472403157892],[-74.49006020247671,46.25472260232831],[-74.4900619065808,46.254721188606226],[-74.4900636349394,46.254719791654985],[-74.49006539294243,46.254718410232314],[-74.49006717699658,46.25471704620156],[-74.4900689888985,46.25471570018399],[-74.49007082595325,46.25471437031608],[-74.49007268995746,46.25471305721905],[-74.4900745782162,46.25471176337739],[-74.49007575321258,46.25471095216414],[-74.49007690125953,46.254710125422264],[-74.49007802505194,46.25470928066723],[-74.49007912189491,46.25470841976246],[-74.49008019358504,46.25470754332906],[-74.49008123652908,46.25470664950367],[-74.49008225252366,46.25470574263425],[-74.49008324067049,46.25470481961509],[-74.4900841991729,46.254703882309606],[-74.49008512892921,46.254702931338905],[-74.49008602993945,46.25470196732424],[-74.49008690040695,46.254700989644384],[-74.49008774123004,46.25469999954163],[-74.49008855240876,46.25469899763711],[-74.49008933214643,46.25469798268856],[-74.49009008044305,46.25469695718062],[-74.49009079640034,46.254695921734275],[-74.49009148091659,46.25469487448622],[-74.49009213219517,46.25469381729986],[-74.49009275203271,46.25469275265977],[-74.49009333953092,46.25469167746019],[-74.49009389199482,46.2546905941857],[-74.49009441211936,46.2546895034575],[-74.49009489810793,46.25468840465441],[-74.49009535265546,46.25468729963984],[-74.49009577037208,46.25468618717154],[-74.49009615485102,46.25468507035523],[-74.49009650609229,46.25468394546399],[-74.49009682140095,46.254682818709306],[-74.49009710257364,46.2546816863643],[-74.49009734961034,46.254680549671285],[-74.4900975589178,46.254679409251374],[-74.4900977349876,46.25467826758917],[-74.49009787602309,46.254677121578915],[-74.4900979820243,46.25467597556863],[-74.49009805209288,46.25467482645264],[-74.49009808892382,46.25467367733659],[-74.49009808892382,46.25467252822051],[-74.4900980529912,46.25467137972556],[-74.4900979829226,46.254670231230584],[-74.49009769456342,46.25466609938156],[-74.49009736937327,46.25466196753217],[-74.49009701004715,46.25465783816704],[-74.49009661478843,46.254653711286224],[-74.49009618449543,46.254649585647364],[-74.49009572006642,46.25464546062935],[-74.49009521880649,46.254641338716745],[-74.49009468341056,46.25463721866724],[-74.49009411118374,46.25463310048086],[-74.49009350482093,46.25462898415763],[-74.49009286342383,46.25462487156092],[-74.49009218609409,46.25462076269079],[-74.49009147283174,46.25461665444146],[-74.49009072633176,46.25461255053992],[-74.49008994479745,46.25460844850143],[-74.49008912822885,46.25460435143184],[-74.49008827662597,46.254600256225345],[-74.49008738729385,46.25459616536655],[-74.49008646652068,46.25459207823434],[-74.49008550891658,46.25458799544981],[-74.49008451627819,46.25458391639186],[-74.49008348950382,46.25457984168166],[-74.49008242859345,46.25457577069799],[-74.4900813308522,46.25457170344086],[-74.49008019987325,46.25456764115262],[-74.49007903296169,46.254563584454395],[-74.49007783281249,46.25455953272502],[-74.49007659762896,46.25455548534339],[-74.49007532741115,46.25455144355172],[-74.49007402215905,46.25454740672895],[-74.49007268456758,46.254543375496155],[-74.4900713101452,46.25453934923226],[-74.49006990248515,46.25453532917949],[-74.49006846068912,46.254531315337886],[-74.49006698296047,46.25452730770747],[-74.4900654728925,46.254523305667064],[-74.49006392689188,46.254519309216676],[-74.49006234945024,46.25451532021973],[-74.49006073517768,46.25451133743396],[-74.49005908766743,46.25450736148049],[-74.49005740602124,46.254503392359354],[-74.49005569113736,46.25449943131283],[-74.4900539421175,46.25449547523517],[-74.49005215896165,46.25449152723212],[-74.49005034256815,46.25448758730368],[-74.49004849203867,46.25448365420758],[-74.49004660827153,46.25447973042837],[-74.49004469126669,46.25447581348151],[-74.49004273922759,46.254471903366955],[-74.49004075574743,46.25446800256932],[-74.49003873813132,46.25446410860401],[-74.4900366863792,46.254460224576775],[-74.49003460228775,46.25445634862413],[-74.49003248675525,46.25445248074616],[-74.49003033529013,46.25444862218512],[-74.490028152384,46.25444477231982],[-74.49002593534189,46.25444093177148],[-74.49002368865537,46.25443710054003],[-74.4900214051379,46.25443327862553],[-74.49001909107774,46.25442946540682],[-74.48997929481233,46.254364452440456],[-74.48980553728018,46.253968790732856],[-74.48980425179101,46.25396582411179],[-74.48980300313276,46.253962850657906],[-74.4898017886105,46.25395986975001],[-74.48980060912254,46.253956882630476],[-74.48979946377055,46.25395388867809],[-74.4897983561478,46.25395088851399],[-74.48979728086441,46.25394788275941],[-74.48979624151362,46.2539448695508],[-74.48979523719713,46.25394185261516],[-74.48979426881326,46.25393882884663],[-74.48979333546366,46.25393580010871],[-74.48979243625007,46.25393276578027],[-74.48979157296908,46.253929727103625],[-74.48979074741736,46.25392668283639],[-74.48978995510326,46.2539236348421],[-74.48978919782348,46.25392058187845],[-74.48978847827293,46.253917525808845],[-74.4897877937567,46.25391446352753],[-74.48978714517305,46.25391140000372],[-74.48978653252205,46.2539083321317],[-74.48978595400699,46.25390526053262],[-74.48978541322118,46.253902185827585],[-74.48978490836801,46.253899108016576],[-74.48978443944742,46.253896027720835],[-74.48978400466281,46.253892945561425],[-74.48978360670915,46.25388986091728],[-74.48978324648472,46.25388677378832],[-74.48978292129458,46.25388368355341],[-74.48978263113877,46.25388059393948],[-74.48978237781384,46.253877501840776],[-74.48978216221818,46.25387440787845],[-74.48978197986018,46.25387131267363],[-74.48978183523141,46.253868216847465],[-74.48978172743358,46.25386512102118],[-74.48978165467005,46.25386202395239],[-74.48978161783911,46.2538589256411],[-74.48978161783911,46.25385582857196],[-74.4897816528734,46.253852732123754],[-74.48978172653526,46.25384963505426],[-74.48978183523141,46.253846538605764],[-74.48978197896186,46.25384344153591],[-74.48978216042154,46.25384034695046],[-74.48978237601722,46.25383725360721],[-74.48978262934212,46.25383416088491],[-74.48978291949797,46.253831070647024],[-74.48978324289148,46.253827981651305],[-74.48978360491253,46.25382489451884],[-74.48978400196788,46.253821809870885],[-74.48978443585416,46.25381872708614],[-74.48978490477475,46.253815646785874],[-74.48978540872962,46.25381256897005],[-74.48978595131204,46.25380949363866],[-74.48978652713214,46.25380642265517],[-74.48978714068149,46.25380335477727],[-74.48978778926511,46.25380029000497],[-74.48978847288305,46.253797229580606],[-74.48978919423021,46.25379417288297],[-74.48978994971337,46.253791120533215],[-74.48979074023083,46.25378807191022],[-74.48979156847751,46.25378502763518],[-74.48979242996187,46.2537819889503],[-74.48979332917548,46.25377895461336],[-74.48979426072842,46.25377592586664],[-74.48979523001061,46.25377290271014],[-74.4897962343271,46.253769884522704],[-74.48979727277957,46.25376687192543],[-74.48979834806296,46.253763865539604],[-74.48979945748233,46.25376086598628],[-74.48980060193601,46.2537578707809],[-74.48980178142398,46.253754883650316],[-74.48980299504794,46.25375190397345],[-74.48980424370617,46.25374892988681],[-74.48980552739872,46.253745962632685],[-74.48980684702387,46.25374300345345],[-74.48980819898836,46.2537400517279],[-74.48980958598716,46.253737107455976],[-74.48981100802027,46.25373417188012],[-74.48981246418933,46.25373124375795],[-74.48981395269777,46.25372832371062],[-74.4898154771388,46.25372541298048],[-74.48981703481749,46.25372250970402],[-74.48981862663219,46.2537196157447],[-74.48982025168453,46.25371673048146],[-74.48982191087286,46.253713855777626],[-74.48982360419717,46.25371098976988],[-74.48982533075916,46.253708132458094],[-74.48982708966047,46.2537052857058],[-74.48982888179947,46.25370244951298],[-74.48983070807445,46.253699621395064],[-74.48983256579044,46.25369680570008],[-74.48983445764243,46.253694000564586],[-74.48983638093547,46.25369120598857],[-74.48983833746614,46.253688420729745],[-74.4898403272345,46.253685647893874],[-74.48984234754558,46.253682885617486],[-74.48984440289095,46.253680135764085],[-74.48984648788073,46.25367739647018],[-74.48984860520986,46.25367467084155],[-74.48985075487833,46.25367195577242],[-74.48985293598783,46.253669252505105],[-74.48985514764007,46.25366656166076],[-74.48985739163165,46.253663884481675],[-74.48985966706425,46.25366121848327],[-74.4898619730396,46.25365856739249],[-74.48986430865934,46.25365592748237],[-74.48986667661842,46.25365330185868],[-74.48986907601855,46.25365068865797],[-74.48987150416475,46.253648090364855],[-74.489873963752,46.25364550449475],[-74.48987645298365,46.253642933532234],[-74.48987897185972,46.25364037561389],[-74.48988152038017,46.25363783260315],[-74.48988409854505,46.253635303878866],[-74.48988670635431,46.253632789441056],[-74.48988934290966,46.253630290532016],[-74.48989201090606,46.25362780653056],[-74.48989470585192,46.25362533681564],[-74.48989742864553,46.25362288262943],[-74.4899001819819,46.253620443350925],[-74.48990296226769,46.253618020843476],[-74.48990577129958,46.25361561262251],[-74.48990860907756,46.25361322179378],[-74.48991147290668,46.25361084525152],[-74.48991436548191,46.253608485480434],[-74.4899172859049,46.253606142480415],[-74.48992023327735,46.25360381625147],[-74.48992320759925,46.25360150679368],[-74.48992620887061,46.25359921224352],[-74.48992923619312,46.25359693632797],[-74.48993229046509,46.253594676562344],[-74.48993537258484,46.25359243418905],[-74.48993847895909,46.2535902104503],[-74.48994161138448,46.253588003482676],[-74.48994476986103,46.25358581452851],[-74.48994795349039,46.253583642345454],[-74.48995116227258,46.25358148817585],[-74.48995439620761,46.25357935264084],[-74.48995765529544,46.2535772363616],[-74.48996093863781,46.25357513623238],[-74.48996424713302,46.25357305660117],[-74.48996757808607,46.253570995604605],[-74.4899709350903,46.253568951379194],[-74.48997431545071,46.25356692765183],[-74.489977718269,46.25356492318025],[-74.48998114444349,46.253562937343325],[-74.48998459577082,46.25356097014097],[-74.48998806775938,46.25355902405789],[-74.48999156220584,46.25355709660943],[-74.4899950800085,46.253555189037925],[-74.48999861937072,46.25355330010103],[-74.49000218119082,46.25355143352567],[-74.49000576546881,46.2535495843427],[-74.49000937040805,46.25354775752127],[-74.4900129951102,46.25354595057679],[-74.49001664316857,46.25354416350928],[-74.49002031098989,46.253542396318686],[-74.49002399857412,46.2535406502474],[-74.49002770861627,46.253538926537665],[-74.49003143662468,46.25353722208372],[-74.49003518439605,46.25353553999143],[-74.49003895282866,46.2535338771549],[-74.49004273922759,46.25353223730114],[-74.49004654538945,46.25353061794548],[-74.49005037131424,46.25352902033025],[-74.49005421430702,46.25352744321317],[-74.49005807616443,46.25352588907887],[-74.49006195598814,46.25352435544268],[-74.49006585377815,46.25352284416806],[-74.49006976953449,46.25352135525509],[-74.49007370146047,46.25351988808258],[-74.49007765045447,46.25351844327163],[-74.49008161741477,46.25351702020118],[-74.49008559874811,46.253515620113475],[-74.49008959804776,46.25351424238739],[-74.49009361441539,46.253512887022936],[-74.49009764425774,46.25351155402006],[-74.49010168937149,46.25351024399997],[-74.49010574975657,46.25350895696268],[-74.49010982631133,46.25350769228702],[-74.49011391723911,46.25350645121529],[-74.49011802164166,46.253505233126305],[-74.49012214221386,46.25350403677784],[-74.4901262753625,46.25350286527559],[-74.4901304201892,46.25350171613498],[-74.49013458028729,46.253500591219506],[-74.49013875296177,46.25349948804446],[-74.49014293911101,46.25349840909456],[-74.49014713693835,46.25349735374859],[-74.49015134554544,46.253496323248896],[-74.4901555685256,46.253495315110854],[-74.49015980228552,46.25349433119791],[-74.49016404772354,46.25349337026774],[-74.49016830304305,46.253492434805],[-74.49017257093897,46.25349152170393],[-74.49017684781803,46.253490632827955],[-74.49018113547689,46.25348976879827],[-74.4901854330172,46.25348893023602],[-74.49018973954068,46.2534881127931],[-74.49019405684393,46.25348732205991],[-74.49019838313035,46.25348655368839],[-74.49020271660328,46.25348581078431],[-74.49020706085598,46.25348509210536],[-74.4902114104986,46.25348439765152],[-74.49021577092098,46.25348372680163],[-74.49022013763158,46.25348308204037],[-74.49022451152871,46.253482460883056],[-74.49022889261235,46.25348186457208],[-74.49023328267913,46.25348129372848],[-74.49023767633918,46.25348074711003],[-74.49024207718577,46.2534802240956],[-74.49024648432055,46.25347972654857],[-74.49025089774355,46.25347925509013],[-74.49025531475979,46.25347880661454],[-74.49025973986087,46.253478383606385],[-74.4902641667586,46.25347798482338],[-74.49026859994453,46.253477611507776],[-74.4902730358254,46.25347726365964],[-74.49027747619785,46.253476940657855],[-74.49028192016355,46.25347664188114],[-74.49028636862084,46.2534763685719],[-74.49029081887477,46.25347611948779],[-74.49029527272195,46.25347589649227],[-74.49029972836574,46.253475698964245],[-74.4903041858062,46.25347552441904],[-74.49030864504324,46.25347537658357],[-74.49031310697528,46.25347525359442],[-74.49031757070392,46.25347515483038],[-74.49032203353427,46.253475082776106],[-74.49032649816122,46.253475034947016],[-74.49033096368649,46.25347501196417],[-74.49033542831347,46.25347501382763],[-74.49033989294043,46.25347504053743],[-74.49034435756738,46.25347509271461],[-74.4903488203977,46.2534751703593],[-74.49035328412636,46.253475272850295],[-74.49035774426174,46.25347540080871],[-74.49036220439713,46.25347555361341],[-74.49036666183756,46.253475731885594],[-74.49037111748139,46.2534759343829],[-74.49037556953193,46.25347616234764],[-74.49038001978585,46.25347641577987],[-74.49038446734481,46.25347669281603],[-74.49038891131052,46.25347699531971],[-74.49039334988635,46.25347732329079],[-74.49039778756384,46.253477675487005],[-74.49040221805483,46.2534780537718],[-74.49040664585087,46.25347845628178],[-74.49041106825702,46.253478883638046],[-74.49041548527326,46.25347933646173],[-74.49041989689962,46.25347981226825],[-74.4904243031361,46.25348031478453],[-74.49042870308436,46.25348084152597],[-74.4904330958461,46.25348139249249],[-74.49043748321793,46.25348196830535],[-74.49044186340326,46.25348256834329],[-74.49044623640206,46.253483194469844],[-74.49045060221435,46.25348384357923],[-74.49045495994179,46.25348451815604],[-74.4904593095844,46.253485216336834],[-74.49046365114216,46.25348593936387],[-74.4904679846151,46.253486687237235],[-74.49047230910487,46.25348745809338],[-74.49047662371318,46.25348825565928],[-74.49048092844002,46.25348907558682],[-74.49048522598034,46.25348992036065],[-74.49048951094426,46.25349078935958],[-74.49049378692501,46.253491681341345],[-74.49049805212597,46.25349259816938],[-74.49050230654716,46.253493538601354],[-74.49050655018856,46.253494503258445],[-74.49051077945693,46.253495491519466],[-74.49051500064043,46.25349650338447],[-74.49051920834921,46.25349753823229],[-74.49052340348159,46.253498598547495],[-74.4905275878342,46.253499681224355],[-74.49053175871207,46.25350078750514],[-74.49053591431857,46.2535019173899],[-74.49054005914529,46.25350307025742],[-74.49054419049729,46.253504246107745],[-74.49054830657792,46.253505446183176],[-74.4905524082855,46.253506667999055],[-74.49055649741668,46.253507914040036],[-74.49056057037818,46.2535091824427],[-74.49056462896664,46.25351047320689],[-74.4905686713854,46.253511788196214],[-74.49057269943113,46.25351312430488],[-74.49057671130718,46.25351448401741],[-74.49058070791189,46.25351586609162],[-74.4905846874486,46.253517269906226],[-74.49058865081564,46.2535186973248],[-74.49059259621636,46.25352014524153],[-74.49059652544742,46.253521616141],[-74.49060043850879,46.25352310940203],[-74.49060433360387,46.25352462440355],[-74.49060820983432,46.25352616114554],[-74.49061206809846,46.25352772024912],[-74.490615907498,46.25352929922964],[-74.49061973072783,46.25353090119294],[-74.49062353239813,46.25353252489671],[-74.49062731610209,46.25353416909855],[-74.49063108183977,46.25353583379852],[-74.49063482601785,46.2535375208601],[-74.49063855043303,46.25353922904094],[-74.49064225598359,46.253540958341084],[-74.4906459417712,46.25354270689698],[-74.49064960420262,46.25354447719335],[-74.4906532477694,46.25354626736665],[-74.49065687067493,46.253548078038065],[-74.4906604711226,46.253549909207564],[-74.49113569967083,46.253793632479145],[-74.49113959746084,46.253795615201994],[-74.49114351681042,46.25379757804783],[-74.49114745682127,46.25379952101667],[-74.49115141749336,46.25380144410855],[-74.4911553988267,46.25380334545999],[-74.49115939992298,46.25380522631327],[-74.49116342257881,46.25380708728956],[-74.49116746409929,46.25380892590424],[-74.49117152538268,46.25381074526315],[-74.49117560642902,46.253812542881576],[-74.49117970633996,46.25381431938079],[-74.49118382691219,46.253816074139515],[-74.49118796365407,46.25381780840011],[-74.49119212105721,46.25381952029915],[-74.49119629463002,46.253821209836616],[-74.49120048886407,46.25382287887598],[-74.4912046983695,46.253824526174874],[-74.49120892763784,46.25382615235453],[-74.49121317217757,46.25382775493032],[-74.49121743648023,46.253829335765694],[-74.49122171515592,46.25383089486065],[-74.49122601179793,46.25383243221516],[-74.4912303246096,46.25383394720815],[-74.49123465359096,46.25383543983956],[-74.49123899784367,46.25383690886713],[-74.49124335826606,46.25383835677542],[-74.49124773485813,46.25383978170102],[-74.49125212672155,46.25384118302277],[-74.49125653205971,46.253842563225255],[-74.49126095266922,46.25384391920273],[-74.49126538855008,46.25384525281864],[-74.49126983880402,46.25384656283073],[-74.49127430253266,46.25384785110242],[-74.49127877973604,46.25384911514907],[-74.49128326951583,46.25385035621305],[-74.49128777456697,46.2538515736732],[-74.4912922912962,46.253852768150644],[-74.49129682060187,46.253853939645424],[-74.49130136248395,46.253855086915166],[-74.49130591694245,46.253856210581084],[-74.49212199595388,46.25405523014876],[-74.49212728253934,46.25405650723483],[-74.49213257990456,46.254057762580594],[-74.49213788804957,46.2540589955649],[-74.49214320697436,46.25406020743005],[-74.49214853578063,46.25406139631259],[-74.49215387357005,46.25406256345484],[-74.49215922303756,46.25406370823561],[-74.49216458148824,46.2540648312761],[-74.49216994892207,46.254065933197445],[-74.49217532623736,46.25406701151506],[-74.49218071343412,46.254068068092344],[-74.49218610871571,46.254069102308215],[-74.49219151387878,46.25407011416263],[-74.49219692622836,46.25407110303445],[-74.49220234756109,46.254072071408295],[-74.492207777877,46.25407301617841],[-74.49221321537941,46.254073937965885],[-74.49221866186498,46.25407483801311],[-74.49222411374043,46.25407571507773],[-74.49222957459905,46.25407657040213],[-74.49299357198525,46.25419451683123],[-74.49299651037457,46.254194956604884],[-74.49299945505206,46.25419537401715],[-74.49300240781439,46.25419576658349],[-74.49300536596662,46.25419613554613],[-74.49300833130539,46.25419647966279],[-74.4930113011357,46.25419679893347],[-74.49301427635592,46.254197094600514],[-74.49301725786435,46.254197364800405],[-74.49302024206773,46.25419761077549],[-74.49302323076267,46.254197832525755],[-74.49302622305089,46.254198029430064],[-74.49302921893235,46.254198202730706],[-74.49303221661047,46.25419835056422],[-74.49303521788183,46.25419847479402],[-74.4930382200515,46.254198573556764],[-74.49304122401782,46.25419864685235],[-74.49304422978076,46.25419869778661],[-74.4930472355437,46.25419872139027],[-74.49305024130663,46.25419872139027],[-74.4930532470696,46.25419869778661],[-74.4930562510359,46.25419864871583],[-74.49305925590053,46.25419857479908],[-74.49306225896852,46.25419847541519],[-74.49306525844324,46.25419835242764],[-74.49306825791798,46.25419820583645],[-74.49307125290115,46.25419803377809],[-74.49307424608767,46.254197836873786],[-74.4930772338843,46.2541976145024],[-74.49308021898598,46.254197368527315],[-74.4930831995961,46.25419709832742],[-74.49308617481633,46.254196803902666],[-74.49308914554497,46.254196484631976],[-74.49309211178203,46.25419614051531],[-74.49309506993427,46.25419577279495],[-74.49309802089996,46.254195380849815],[-74.4931009664758,46.25419496467982],[-74.4931039057634,46.25419452366384],[-74.49310683427122,46.2541940584231],[-74.49310975738916,46.25419357144209],[-74.49311267152395,46.25419305775166],[-74.49311557667558,46.25419252169985],[-74.49311847194573,46.25419196142321],[-74.49312135733442,46.25419137754286],[-74.49312423284164,46.25419076943775],[-74.49312709756909,46.25419013835004],[-74.49312995061844,46.254189483658706],[-74.49313279378632,46.25418880536366],[-74.49313562527608,46.25418810470723],[-74.49313844329112,46.25418737920486],[-74.49314124962807,46.25418663258336],[-74.4931440424903,46.25418586235816],[-74.49314682277611,46.254185068529324],[-74.49314958868885,46.25418425233905],[-74.49315234022858,46.25418341316627],[-74.49315507739524,46.25418255225325],[-74.49315780018887,46.25418166835766],[-74.49316050860945,46.25418076272189],[-74.49316319996203,46.25417983472467],[-74.49316587514495,46.25417888374492],[-74.4931685341582,46.25417791226721],[-74.49317117610344,46.254176918428136],[-74.49317380187902,46.25417590222765],[-74.4931764096883,46.2541748655292],[-74.49317900042958,46.25417380771166],[-74.49318157230624,46.25417272815387],[-74.49318412531827,46.25417162747695],[-74.49318665946568,46.25417050568096],[-74.49318917474848,46.25416936338696],[-74.49319166937003,46.25416820121619],[-74.49319414422862,46.25416701854747],[-74.49319659932429,46.25416581538077],[-74.49319903375871,46.25416459109498],[-74.49320144663358,46.254163348174664],[-74.49320383974549,46.254162085377494],[-74.49320620950122,46.254160803324694],[-74.49320855679905,46.25415950139511],[-74.49321088253731,46.2541581802098],[-74.4932131849194,46.25415684038998],[-74.4932154657419,46.25415548131449],[-74.49321772230991,46.25415410360448],[-74.49321995552168,46.254152707259955],[-74.49322216447898,46.25415129414434],[-74.49355923303483,46.25393294653556],[-74.4935634811678,46.25393017743898],[-74.49356770414795,46.25392739032882],[-74.4935719028736,46.253924585826276],[-74.4935760764464,46.25392176268903],[-74.49358022486638,46.253918921538194],[-74.49358434723523,46.25391606361609],[-74.49358844534956,46.253913187680425],[-74.49359251651443,46.253910294352394],[-74.49359656252646,46.253907383631855],[-74.49360058338567,46.25390445551893],[-74.49360457729543,46.253901509392435],[-74.49360854425572,46.25389854773694],[-74.49361248516487,46.253895568689046],[-74.49361640002289,46.2538925722487],[-74.49362028793144,46.253889560279376],[-74.49362414889053,46.25388653029644],[-74.49362798379848,46.253883485405694],[-74.49363179085864,46.25388042312249],[-74.49363557096935,46.2538773453103],[-74.4936393232323,46.25387425010564],[-74.49364304764747,46.25387114061428],[-74.49364674511318,46.25386801435161],[-74.4936504138328,46.253864872559994],[-74.49365405470465,46.25386171461819],[-74.49365766772871,46.25385854114737],[-74.493661252905,46.25385535338986],[-74.49366481023355,46.25385214948213],[-74.49366833701936,46.25384893004544],[-74.49367183595739,46.253845697564316],[-74.49367530614931,46.25384244706958],[-74.49367874759518,46.253839184151595],[-74.49368216029494,46.25383590508339],[-74.49368554424862,46.25383261234967],[-74.49368889586295,46.25382930532917],[-74.49369222142612,46.2538259834008],[-74.49369551464996,46.253822648428034],[-74.49369878092432,46.253819298547356],[-74.49370201665599,46.253815935001136],[-74.4937052218449,46.25381255716812],[-74.49370839559282,46.253809167533014],[-74.49371154059462,46.25380576112654],[-74.49371465595202,46.253802344160256],[-74.49371773986839,46.2537989129072],[-74.49372079414036,46.25379546798855],[-74.4937238169713,46.25379201126776],[-74.49372680746288,46.2537885408814],[-74.49372977010668,46.25378505807173],[-74.49373270041113,46.25378156345988],[-74.49373560017287,46.25377805518244],[-74.49373846669694,46.25377453386054],[-74.49374130357661,46.25377100197881],[-74.49374410901524,46.253767457052575],[-74.49374688211452,46.25376390032422],[-74.4937496246711,46.253760332414856],[-74.49375233398997,46.2537567520822],[-74.49375501186785,46.253753161189636],[-74.49375765740638,46.25374955787378],[-74.49376027150383,46.25374594399807],[-74.49376285326196,46.253742318941335],[-74.49376540447737,46.25373868332474],[-74.49376792065848,46.25373503590596],[-74.49377040539855,46.25373137730615],[-74.4937728586976,46.253727710009976],[-74.49377527696235,46.25372403029043],[-74.49377766468437,46.25372034125331],[-74.49378001827041,46.253716642898645],[-74.49378233951711,46.25371293398406],[-74.49378462752614,46.25370921388848],[-74.4937868822975,46.2537054863388],[-74.49378910383119,46.25370174698688],[-74.49379129212721,46.25369800018089],[-74.49379344898222,46.253694242193816],[-74.49379556990462,46.25369047675267],[-74.49379765848765,46.25368670075161],[-74.49379971383301,46.25368291729642],[-74.4938017341441,46.253679123902465],[-74.4938037212175,46.25367532305441],[-74.49380567415494,46.253671512888786],[-74.49380759385468,46.253667695269],[-74.49380947941847,46.25366386895281],[-74.49381133084627,46.25366003518246],[-74.49381314723976,46.2536561927157],[-74.49381493129393,46.25365234279478],[-74.49381667941549,46.2536484860409],[-74.49381839429935,46.25364462121168],[-74.49382007414894,46.25364075017067],[-74.49382172076085,46.25363686981203],[-74.49382333144014,46.253632983862765],[-74.49382490708516,46.25362909170161],[-74.49382644949252,46.25362519208636],[-74.49382795776387,46.253621286880396],[-74.49382943010262,46.253617372978006],[-74.49383086740707,46.253613454727216],[-74.49383227057555,46.253609529643455],[-74.49383363870973,46.253605599590124],[-74.4938349718096,46.253601663946164],[-74.49383626897688,46.253597720848006],[-74.4938375338048,46.253593774022654],[-74.49383875910684,46.253589820985404],[-74.49383995206955,46.25358586297868],[-74.49384110999793,46.25358190000242],[-74.49384223199372,46.253577932056594],[-74.49384332075186,46.253573959141235],[-74.49384437178072,46.25356998187752],[-74.49384538777532,46.253565999644266],[-74.49384636963393,46.253562014926054],[-74.49384731376328,46.25355802461719],[-74.49384822375667,46.25355403058103],[-74.49384909871576,46.25355003281773],[-74.4938499359456,46.2535460319483],[-74.4938507399378,46.253542026109315],[-74.49385150709905,46.253538019027765],[-74.49385223922599,46.25353400697662],[-74.49385293542034,46.253529991819455],[-74.49385359568208,46.253525974798485],[-74.49385422180782,46.25352195467148],[-74.49385481110265,46.25351793081721],[-74.49385536356654,46.2535139069626],[-74.49385588099616,46.253509877517345],[-74.49385636339146,46.25350584869294],[-74.49385680895584,46.25350181676246],[-74.49385721948593,46.253497782968175],[-74.4938575931851,46.25349374855247],[-74.49390026226276,46.25301038675343],[-74.4936392702317,46.2529993002413],[-74.49350050926638,46.253144371373764],[-74.49349962981573,46.25314525155908],[-74.49349871892402,46.253146116215326],[-74.49349777928624,46.253146966584886],[-74.493496812699,46.25314780204659],[-74.49349581826398,46.25314862135806],[-74.4934947968795,46.25314942327703],[-74.49349374764725,46.253150210288105],[-74.49349267326217,46.253150979285515],[-74.49349157372426,46.25315173026921],[-74.4934904481352,46.25315246510272],[-74.49348930008827,46.2531531800591],[-74.49348812778682,46.25315387762294],[-74.4934869321292,46.253154555309614],[-74.49348571311535,46.25315521311911],[-74.49348447433857,46.25315585229378],[-74.49348321310391,46.25315647034897],[-74.49348193210632,46.253157068527],[-74.49348063134578,46.25315764558557],[-74.49347931261894,46.253158201524656],[-74.49347797412918,46.25315873634424],[-74.49347661946973,46.25315924942323],[-74.49347524684397,46.25315974014037],[-74.49347385894686,46.25316020911691],[-74.49347245577839,46.253160655110484],[-74.49347103733855,46.253161078121074],[-74.49346960452567,46.25316147939103],[-74.493468160933,46.25316185767806],[-74.49346670386562,46.2531622111186],[-74.49346523601844,46.25316254219737],[-74.49346375559486,46.25316284842972],[-74.49346226618812,46.253163132300294],[-74.49346076869655,46.25316339132439],[-74.4934592613235,46.25316362550204],[-74.49345774766223,46.253163836696764],[-74.49345622681447,46.253164022423874],[-74.4934547005768,46.25316418330454],[-74.49345317074587,46.253164320581114],[-74.49345163372841,46.25316443363241],[-74.49345009491432,46.25316452059493],[-74.4934485534053,46.253164583332186],[-74.49344701099797,46.253164620601815],[-74.49344546679399,46.25316463426736],[-74.49344392259,46.25316462246533],[-74.493442381081,46.25316458519565],[-74.49344083867365,46.25316452432187],[-74.49343929985956,46.253164437359345],[-74.49343776463874,46.253164326171564],[-74.49343623301118,46.253164190758454],[-74.49343470677353,46.253164030498965],[-74.49343318592574,46.253163845393026],[-74.49343167046784,46.25316363544064],[-74.49343016489144,46.253163402505294],[-74.49342866560322,46.253163144723494],[-74.49342717529817,46.25316286271643],[-74.49342569667122,46.25316255648409],[-74.49342422792573,46.253162227268824],[-74.49342276996002,46.25316187444942],[-74.49342132367242,46.25316149864703],[-74.49341989175785,46.25316109861936],[-74.49341847331803,46.253160675608775],[-74.49341706835291,46.25316023023637],[-74.49341567955749,46.253159762502165],[-74.49341430693173,46.253159272406165],[-74.49341294957733,46.253158760569555],[-74.49341161198586,46.2531582263711],[-74.4934102905641,46.25315767167435],[-74.49340898980357,46.25315709523696],[-74.49340770790765,46.25315649830122],[-74.49340644667299,46.253155880246034],[-74.49340520609958,46.253155243556],[-74.4932271680951,46.25303586311249],[-74.49311258977724,46.25298577317784],[-74.4930179540587,46.25298234994882],[-74.49262943629158,46.25314221905038],[-74.49253776591178,46.253242697366176],[-74.49245456484847,46.25327206828872],[-74.49243068403496,46.25329933532879],[-74.49181704666101,46.25329818494162],[-74.4909355586188,46.25268503632041],[-74.48084125983974,46.25966723875935],[-74.48320206025419,46.261328241890254],[-74.49486022443327,46.25326568897839]]],[[[-74.48320201982999,46.26133462212593],[-74.48083211499015,46.25966721081041],[-74.47577270539362,46.26316576627742],[-74.47674506611166,46.26385312691668],[-74.47754628788661,46.2644051906657],[-74.47808996356792,46.26479083749954],[-74.47815145414744,46.26482717328561],[-74.48314729805614,46.26137246753464],[-74.48320201982999,46.26133462212593]]]]}},{"type":"Feature","properties":{"zone_code":"PA-03","prefix":"PA","kind":"park","n_lots":2,"source":"t3-raster-text","confidence":"raster-cadastre-residual-holdout"},"geometry":{"type":"MultiPolygon","coordinates":[[[[-74.49877887333196,46.25645239939173],[-74.49777776382989,46.255817631555274],[-74.49689931478825,46.25648646118188],[-74.49721852214131,46.256688957556364],[-74.49748275439562,46.25685657984185],[-74.49793952975129,46.25698640910544],[-74.49830652747745,46.256994319658865],[-74.49877887333196,46.25645239939173]]],[[[-74.49866959417596,46.25511730639159],[-74.4985220782299,46.25502610264406],[-74.49799062592464,46.25543214707437],[-74.49761714146382,46.255717495231806],[-74.49694104422815,46.255555003135726],[-74.4966996902675,46.25543695838758],[-74.49669724595162,46.25543577450394],[-74.49669478366943,46.25543461173889],[-74.49669229713271,46.25543346885013],[-74.49668979352802,46.25543234645877],[-74.49668727016038,46.25543124580716],[-74.49668472792814,46.255430166274124],[-74.49668216593295,46.255429108480804],[-74.49667958776807,46.25542807056375],[-74.49667699073859,46.25542705687099],[-74.49667437753943,46.255426062433415],[-74.49667174457734,46.255425090356646],[-74.49666909724219,46.25542414188303],[-74.49666643373739,46.255423214528044],[-74.49666375226624,46.25542230953387],[-74.49666105642208,46.25542142690056],[-74.49665834440823,46.255420566628075],[-74.49665561981799,46.25541973057989],[-74.49665287815974,46.25541891565028],[-74.49665012572171,46.25541812432384],[-74.49664735711401,46.25541735660046],[-74.49664457772651,46.2554166124803],[-74.49664178306766,46.25541588947867],[-74.49663897673072,46.2554151919436],[-74.49663615961398,46.25541451739055],[-74.49663333081917,46.25541386644062],[-74.49663048944791,46.255413238472705],[-74.49662763819519,46.25541263472907],[-74.49662477706102,46.255412054588554],[-74.49662190514705,46.2554114999146],[-74.49661902514825,46.255410967601485],[-74.49661613526798,46.255410460754966],[-74.49661323730288,46.255409976890434],[-74.49661033125294,46.25540951787132],[-74.49660741621985,46.25540908245534],[-74.49660449489853,46.25540867250592],[-74.49660156639071,46.255408285538486],[-74.49659863159468,46.25540792465876],[-74.49659569051042,46.25540758800336],[-74.49659274403629,46.25540727495105],[-74.49658979127398,46.25540698798645],[-74.49658683581669,46.255406724624976],[-74.49658387407119,46.255406486730074],[-74.49658090873244,46.25540627368059],[-74.49657794069873,46.255406084855395],[-74.49657496907177,46.255405920875624],[-74.49657199474987,46.25540578174127],[-74.49656901773302,46.255405667452344],[-74.49656603981785,46.25540557862998],[-74.49656306100437,46.25540551465301],[-74.49656008039425,46.25540547490031],[-74.49655709978414,46.25540546061423],[-74.4965541173774,46.255405471794674],[-74.4965511376656,46.25540550657824],[-74.49654815885212,46.25540556807064],[-74.49654518003862,46.255405651923965],[-74.49654220302179,46.25540576310721],[-74.49653922869989,46.25540589665134],[-74.49653625707293,46.255406056904334],[-74.49653328634429,46.25540624262385],[-74.49653032190383,46.2554064519465],[-74.49652736015834,46.25540668611457],[-74.49652440290443,46.25540694512811],[-74.49652145014208,46.25540722898703],[-74.49651850187134,46.25540753707022],[-74.49651555988878,46.25540786999884],[-74.49651262509273,46.255408227772925],[-74.49650969478829,46.25540860977124],[-74.49650677167034,46.255409015993834],[-74.49650385663725,46.25540944706188],[-74.49650094879068,46.25540990297531],[-74.49649804902896,46.255410383113016],[-74.49649515825035,46.255410885611596],[-74.4964922755566,46.25541141481904],[-74.49648940274433,46.255411967008456],[-74.49648653981352,46.25541254217985],[-74.49648368676418,46.25541314219671],[-74.49648084539294,46.255413765816684],[-74.49647801480148,46.25541441366093],[-74.49647519409147,46.25541508386606],[-74.49647238685621,46.25541577891655],[-74.49646959219737,46.2554164969491],[-74.49646680921663,46.255417237963634],[-74.49646403881229,46.25541800320243],[-74.496461282781,46.25541879080209],[-74.49645854022444,46.25541960076257],[-74.49645581204092,46.25542043494737],[-74.49645309823045,46.25542129025079],[-74.49645040148796,46.25542216977841],[-74.49644771822021,46.25542307104576],[-74.49644505112212,46.255423994052876],[-74.49644240019373,46.255424940041905],[-74.49643976543499,46.25542590901299],[-74.4964371495409,46.25542689786035],[-74.49643454891815,46.25542791031087],[-74.49643196716002,46.255428943258806],[-74.49642940336818,46.25542999794646],[-74.49642685754267,46.25543107499496],[-74.49642433148011,46.255432171919786],[-74.49642182518045,46.255433291205456],[-74.49641933684711,46.25543442974626],[-74.49641686917504,46.25543559126906],[-74.49641442216418,46.25543677080478],[-74.4964119949163,46.25543797208021],[-74.49640959012628,46.255439193853036],[-74.49640720509922,46.255440434881024],[-74.49640484342832,46.25544169578534],[-74.49640250331701,46.25544297718705],[-74.49640018476526,46.25544427722277],[-74.49639789046802,46.25544559589256],[-74.49639561862867,46.25544693505975],[-74.4963933692472,46.25544829286094],[-74.49639114501855,46.25544966929619],[-74.49638894324781,46.25545106436545],[-74.49638676842649,46.25545247620528],[-74.49638461606305,46.25545390792144],[-74.49638248885249,46.255455357029284],[-74.49638038859133,46.25545682415006],[-74.49637831348305,46.25545830804142],[-74.49637626262924,46.25545980932451],[-74.49637423962322,46.25546132737822],[-74.49626554437216,46.2555440363957],[-74.49626269222112,46.25554590414548],[-74.49600326146204,46.25571586786595],[-74.49563134905293,46.25595952001983],[-74.495340537446,46.25607560522675],[-74.49483908527799,46.25616889359399],[-74.49461150428729,46.25615552569972],[-74.49373655957359,46.256277057142796],[-74.49373479079081,46.25627568134945],[-74.49373299505855,46.25627432232646],[-74.49373117237684,46.25627298007385],[-74.4937293245423,46.256271656455006],[-74.49372744975831,46.256270349606496],[-74.49372555071979,46.25626905952834],[-74.49372362742677,46.256267786220526],[-74.49372168077754,46.25626653216762],[-74.4937197080772,46.25626529612732],[-74.49371771202061,46.25626407934188],[-74.49371569170954,46.2562628805691],[-74.49371364983891,46.256261701672294],[-74.49371158461207,46.25626054140921],[-74.49370949782565,46.25625939915879],[-74.49370738768306,46.25625827864775],[-74.49370525687921,46.25625717614932],[-74.49370310451579,46.256256094148036],[-74.49370093238943,46.256255033265006],[-74.49369873960183,46.256253992257996],[-74.49369652525465,46.25625297112696],[-74.49369429294117,46.256251971114224],[-74.49369204086474,46.256250992219734],[-74.49368976992372,46.25625003444355],[-74.49368748101637,46.256249098406705],[-74.49368517414273,46.25624818224588],[-74.49368285020107,46.25624728844559],[-74.49368050829312,46.256246417626976],[-74.49367815021552,46.25624556730548],[-74.4936757750699,46.25624473934451],[-74.49367338465292,46.256243934365166],[-74.4936709789646,46.25624315050412],[-74.49366855800491,46.25624238962471],[-74.49366612267218,46.25624165172697],[-74.49366367296639,46.25624093618976],[-74.49366120978588,46.256240244255316],[-74.49365873313064,46.256239574681416],[-74.493656243899,46.25623892871028],[-74.49365374298924,46.25623830572082],[-74.4936512304014,46.25623770571299],[-74.49364870613545,46.256237129307976],[-74.4936461701914,46.256236577748005],[-74.49364362436589,46.25623604854857],[-74.49364106776058,46.25623554357301],[-74.49363850217213,46.256235062821396],[-74.49363592760052,46.256234604430325],[-74.49363334404576,46.2562341715054],[-74.49363075330449,46.256233763425506],[-74.49362815268174,46.256233378327295],[-74.4936255466691,46.25623301745301],[-74.49362293436826,46.25623268142377],[-74.49362031488087,46.25623236961843],[-74.49361769000363,46.256232082658144],[-74.49361505793985,46.25623181930068],[-74.4936124231811,46.25623158140937],[-74.4936097830325,46.25623136836305],[-74.49360714018894,46.256231179540734],[-74.49360449195548,46.25623101556342],[-74.4936018419254,46.25623087581003],[-74.49359919009868,46.25623076028055],[-74.493596535577,46.2562306708384],[-74.49359388015702,46.256230604377876],[-74.49359122294042,46.256230564625774],[-74.49358856482549,46.25623054971878],[-74.49358590760887,46.25623055779341],[-74.49358325039226,46.25623059133424],[-74.49358059317566,46.25623065034121],[-74.49357793955231,46.25623073357213],[-74.49357528503064,46.25623084164806],[-74.49357263410225,46.2562309745691],[-74.4935699867671,46.256231131713996],[-74.4935673421269,46.25623131494621],[-74.49356470107996,46.25623152178122],[-74.49356206452461,46.25623175346131],[-74.49355943335914,46.25623200936526],[-74.49355680668525,46.256232289493184],[-74.49355418540125,46.25623259446612],[-74.49355157040546,46.256232923663],[-74.49354896169785,46.25623327770488],[-74.49354636017681,46.25623365597071],[-74.49354376674059,46.25623405783933],[-74.49354118138919,46.25623448579522],[-74.49353860412265,46.25623493549055],[-74.49353603673757,46.25623540940977],[-74.49353347833562,46.2562359087952],[-74.49353092801854,46.25623643054112],[-74.49352839027786,46.25623697775323],[-74.49352586241865,46.256237547946974],[-74.49352334623754,46.25623814050126],[-74.49352084173452,46.256238756658355],[-74.49351834980793,46.25623939703936],[-74.49351586866112,46.25624005978086],[-74.49351340278565,46.25624074550402],[-74.49351094948662,46.256241454830004],[-74.49350851056064,46.256242186516474],[-74.49350608510936,46.25624294056353],[-74.49350367403115,46.25624371883443],[-74.4935012800209,46.25624451760251],[-74.49349890128204,46.25624533997335],[-74.49349653871283,46.256246183462444],[-74.49349419231332,46.25624704993321],[-74.49349186388011,46.256247937522275],[-74.49348955161656,46.25624884685069],[-74.49348725731932,46.25624977791853],[-74.49348498188671,46.2562507301046],[-74.4934827244204,46.25625170403008],[-74.49348048581871,46.25625269658933],[-74.49347826877658,46.256253712751324],[-74.49347606880247,46.25625474878934],[-74.4934738903879,46.25625580470338],[-74.49347173263457,46.25625688111453],[-74.49346959644083,46.25625797678056],[-74.49346748090835,46.25625909294375],[-74.49346538783372,46.25626022898295],[-74.49346331631868,46.25626138365585],[-74.49346126726152,46.256262558825895],[-74.49345924156056,46.2562637520086],[-74.49345723921577,46.25626496382504],[-74.49345526022721,46.25626619489631],[-74.49345330639147,46.25626744398023],[-74.49345137591192,46.25626871107678],[-74.4934494705852,46.25626999556481],[-74.49344758951301,46.256271298686556],[-74.49344571922059,46.256272629758996],[-74.49344387677594,46.25627397760175],[-74.49344205948411,46.25627534407824],[-74.49344026824343,46.25627672608282],[-74.49343850485053,46.25627812485781],[-74.49343677020372,46.25627954102425],[-74.49343506250636,46.25628097271878],[-74.49343338265678,46.25628242118367],[-74.49343173065499,46.25628388393442],[-74.49343010829757,46.25628536283438],[-74.49342851558457,46.25628685664135],[-74.49342695161765,46.25628836473413],[-74.49342541729516,46.25628988897612],[-74.49342391171875,46.25629142688288],[-74.49342243758336,46.25629297783322],[-74.49342099399071,46.2562945436905],[-74.49341958094075,46.25629612197023],[-74.49341819753523,46.256297713914705],[-74.49341684736736,46.2562993176605],[-74.49341552864051,46.256300935692174],[-74.49341423955808,46.25630256614625],[-74.4934129837133,46.256304207159445],[-74.49341176110622,46.25630585997394],[-74.49341056904183,46.25630752521092],[-74.4934094093168,46.25630919976475],[-74.49340828462606,46.25631088674101],[-74.49340719137636,46.25631258303406],[-74.49340613316096,46.25631428988625],[-74.49340510548828,46.25631600667635],[-74.4934041137482,46.256317732783245],[-74.49340315614411,46.25631946820705],[-74.49340223087937,46.25632121294759],[-74.49340134064892,46.256322965141656],[-74.49340048455444,46.25632472603134],[-74.49339966259596,46.256326494995626],[-74.49339887567177,46.25632827079227],[-74.49339812378189,46.25633005528456],[-74.49339740602798,46.25633184474578],[-74.49339672420668,46.25633364290275],[-74.49339607652135,46.25633544602861],[-74.49339546566695,46.25633725474458],[-74.49339488894854,46.256339070292796],[-74.49339434906105,46.2563408901889],[-74.49339384420786,46.256342713811655],[-74.49339337259234,46.25634454426672],[-74.49339293960438,46.256346377827334],[-74.4933925416507,46.2563482157358],[-74.49339217962965,46.25635005674983],[-74.49339185443951,46.25635190211165],[-74.49339156338537,46.25635374995792],[-74.49339131095877,46.25635559904634],[-74.49339109356647,46.25635745124036],[-74.49339091210679,46.25635930591883],[-74.49339076657971,46.25636116121832],[-74.49339065878188,46.25636301713888],[-74.49339058601832,46.256364874922745],[-74.49339055008572,46.25636673270659],[-74.49339055008572,46.256368591732596],[-74.49339058601832,46.2563704501374],[-74.49339065878188,46.25637230792106],[-74.49339076747803,46.25637416508347],[-74.4933909130051,46.25637601976137],[-74.49339109446478,46.256377873818074],[-74.49339131185708,46.25637972725358],[-74.4933915660803,46.256381575719985],[-74.49339185533782,46.256383424186374],[-74.49339218322291,46.25638526892599],[-74.49339254344733,46.256387109938736],[-74.49339294319765,46.25638894784583],[-74.49339337708392,46.25639078078383],[-74.4933938460045,46.25639261123733],[-74.49339435175601,46.25639443485837],[-74.4933948916435,46.25639625599486],[-74.49339547015853,46.2563980702989],[-74.49339608101292,46.25639988025503],[-74.49339672779993,46.25640168275762],[-74.49339741051955,46.25640348029112],[-74.49339812737514,46.25640526974994],[-74.49339888106167,46.25640705423977],[-74.49339966798584,46.256408831276026],[-74.49340048994434,46.256410600237615],[-74.49340134603881,46.25641235988225],[-74.49340223716756,46.25641411331562],[-74.49340316063568,46.25641585681094],[-74.49340412003639,46.25641759223158],[-74.4934051126748,46.25641931771419],[-74.49340613855084,46.25642103512215],[-74.49340719856289,46.25642274197091],[-74.49340829181259,46.256424438260545],[-74.49340941740164,46.25642612399099],[-74.49341057712667,46.256427799783424],[-74.49341176739442,46.256429463774474],[-74.49341299179814,46.256431117206326],[-74.49341424764292,46.256432758836766],[-74.49341553492872,46.2564343880447],[-74.49341685455387,46.25643600607235],[-74.49341820651837,46.25643760981414],[-74.4934195890256,46.25643920299673],[-74.49342100207552,46.256440781272346],[-74.49342244656653,46.25644234712541],[-74.4934239207019,46.256443896829204],[-74.49342542538,46.25644543597387],[-74.49342696060081,46.25644695772705],[-74.49342852456773,46.256448467057645],[-74.49343011907736,46.25644996086017],[-74.49343174053645,46.25645143913452],[-74.49343339253825,46.256452903123034],[-74.49343507238784,46.256454350962244],[-74.4934367809835,46.256455782031125],[-74.4934385156303,46.25645719695071],[-74.49344027992154,46.25645859572105],[-74.49344206936557,46.256459978963285],[-74.49344388665742,46.25646134419291],[-74.49344573089869,46.2564626932733],[-74.49344760029278,46.2564640237199],[-74.49344949753466,46.25646533615392],[-74.49345141903105,46.25646663119643],[-74.49345336478196,46.25646790822635],[-74.4934553356857,46.25646916724367],[-74.49345733084395,46.25647040576383],[-74.49345935025671,46.25647162813479],[-74.49346139482228,46.25647282876641],[-74.49346346184576,46.25647401200653],[-74.49346554953048,46.256475175991845],[-74.49346766236802,46.25647631885891],[-74.49346979766345,46.25647744184998],[-74.49347195272183,46.25647854496507],[-74.49347413023807,46.25647962820423],[-74.49347625116046,46.25648065305776],[-74.49347838915085,46.25648165803535],[-74.49348054780248,46.256482643758055],[-74.49348272531871,46.25648361208932],[-74.49348491990295,46.25648455806011],[-74.4934871324535,46.25648548477607],[-74.49348936386866,46.25648639161606],[-74.49349160875856,46.256487277958975],[-74.49349387251306,46.256488143804795],[-74.49349615243726,46.25648898977469],[-74.49349844763282,46.25648981400522],[-74.4935007572014,46.25649061773869],[-74.49350308383801,46.25649139973283],[-74.49350542215268,46.256492161851014],[-74.49350777753536,46.25649290098765],[-74.49351014459612,46.256493619627186],[-74.49351252513164,46.256494317769686],[-74.49351492004017,46.25649499293058],[-74.49351732662683,46.2564956469733],[-74.49351974578988,46.256496278655526],[-74.49352217573274,46.25649688859848],[-74.493524618252,46.25649747680212],[-74.49352707065272,46.25649804202418],[-74.4935295329349,46.256498586128046],[-74.4935320068952,46.25649910662926],[-74.49353448894033,46.25649960477002],[-74.49353697996861,46.25650008055034],[-74.49353948267499,46.25650053397021],[-74.49354467673396,46.25650143770432],[-74.49354987797946,46.25650231907803],[-74.4935550882081,46.256503175606795],[-74.49356030741991,46.2565040079117],[-74.49356553291992,46.25650481661394],[-74.4935707683014,46.256505600471286],[-74.49357600997106,46.256506359483645],[-74.49358125792897,46.25650709551447],[-74.49358651397169,46.25650780794259],[-74.49359177720093,46.2565084936624],[-74.49359704582008,46.25650915702183],[-74.49360232072743,46.25650979491514],[-74.493607601923,46.25651040982692],[-74.49361288940673,46.25651099865154],[-74.4936181813821,46.256511564494595],[-74.49362347874731,46.25651210487158],[-74.49362878240076,46.25651262164591],[-74.4936340914441,46.2565131135753],[-74.49363940318236,46.256513579417565],[-74.49364472031053,46.2565140235205],[-74.49365004013364,46.25651444153626],[-74.49365536534665,46.25651483346482],[-74.49366069415292,46.25651520365412],[-74.49366602565412,46.25651554775622],[-74.49367135985028,46.25651586763454],[-74.49367669763969,46.256516161425715],[-74.49368203902237,46.25651643285641],[-74.49368738220168,46.25651667882109],[-74.49369272717762,46.25651689869863],[-74.49369807484851,46.2565170955946],[-74.49370342521435,46.256517266403385],[-74.49370877468186,46.25651741360956],[-74.49371412774262,46.2565175365919],[-74.4937194799051,46.25651763348705],[-74.49372483386419,46.25651770553732],[-74.49373018782329,46.25651775336377],[-74.4937355426807,46.256517777587554],[-74.4937408975381,46.2565177757242],[-74.49374625149721,46.25651774839479],[-74.4937516063546,46.25651769746273],[-74.4937569603137,46.25651762230683],[-74.49376231337446,46.256517522306055],[-74.49376766553695,46.2565173962181],[-74.49377301590278,46.25651724652748],[-74.49377836447198,46.256517072613036],[-74.49378371214287,46.25651687261144],[-74.4937890571188,46.25651664838606],[-74.49379439939979,46.25651640055803],[-74.49379974078248,46.2565161266428],[-74.4938050785719,46.25651582850379],[-74.49381041276806,46.256515505519836],[-74.49381574426927,46.25651515831211],[-74.49382107217723,46.2565147862595],[-74.49382639739021,46.256514389361925],[-74.493831716315,46.25651396824055],[-74.49383703344319,46.25651352227425],[-74.49384234518146,46.25651305208415],[-74.49384765152983,46.256512557049135],[-74.49385295428497,46.25651203841145],[-74.4938582516502,46.25651149430771],[-74.49386354452385,46.25651092598017],[-74.49386883021097,46.256510333428785],[-74.49387411050822,46.256509716032525],[-74.49387938541557,46.2565090750336],[-74.49388465223808,46.256508409189685],[-74.49388991546734,46.25650771912201],[-74.4938951688151,46.25650700545163],[-74.493900416773,46.25650626631519],[-74.49390565844267,46.25650550295494],[-74.49391089112922,46.256504715992016],[-74.49391611752753,46.25650390542642],[-74.49392127475558,46.25650307933271],[-74.49392642569542,46.25650223025741],[-74.4939315667538,46.256501358200566],[-74.49393669972733,46.256500461298785],[-74.49394182461602,46.25649954203659],[-74.4939469423182,46.25649859792941],[-74.49395204924059,46.25649763332517],[-74.49395714717983,46.25649664325484],[-74.49396223523759,46.25649563020296],[-74.4939673143122,46.2564945941695],[-74.49397238170873,46.25649353515444],[-74.4939774410204,46.25649245191556],[-74.49398248775567,46.256491346937345],[-74.49398752730441,46.256490217735305],[-74.49399255248011,46.25648906679394],[-74.49399756777434,46.25648789224987],[-74.4940025731871,46.2564866947242],[-74.49400756692177,46.256485474838065],[-74.49401254718171,46.25648423321263],[-74.49401751576353,46.25648296674218],[-74.49402247356561,46.25648167791126],[-74.49402741789294,46.256480367962126],[-74.49403235054216,46.25647903378916],[-74.49403726971664,46.25647767787683],[-74.49404217631472,46.25647630022517],[-74.49404707033639,46.25647489897079],[-74.49405195088332,46.25647347597701],[-74.49405681705721,46.25647203062279],[-74.49406166885808,46.25647056290808],[-74.49406650718419,46.25646907283287],[-74.4940713329339,46.25646756163945],[-74.49407614161562,46.256466028706654],[-74.49408093772091,46.25646447279223],[-74.49408571675822,46.25646289513844],[-74.49409048142249,46.25646129574528],[-74.49409523261205,46.25645967461276],[-74.49409996673357,46.256458032983076],[-74.49419473001291,46.25635323877221],[-74.49462279251715,46.25629377970617],[-74.4948569644471,46.25630753452782],[-74.49541685741423,46.25620337419945],[-74.49573891781664,46.256074814530876],[-74.49602219435495,46.25593277791465],[-74.49650284603257,46.255567040708044],[-74.49650399228287,46.25556618602804],[-74.49650516278767,46.255565348118694],[-74.49650636114026,46.25556452822219],[-74.49650758284905,46.25556372571739],[-74.49650882881235,46.255562941225485],[-74.49651009903017,46.25556217598871],[-74.49651139170587,46.25556142876479],[-74.49651270773775,46.25556070079605],[-74.49651404622753,46.25555999270356],[-74.49651540627687,46.25555930572959],[-74.49651678519083,46.255558638010754],[-74.49651818566436,46.255557990168214],[-74.4965196050025,46.255557364065346],[-74.4965210450019,46.25555675783876],[-74.49652250117097,46.25555617397295],[-74.49652397620467,46.25555561184686],[-74.49652546650972,46.2555550708393],[-74.49652697478109,46.255554552813656],[-74.4965284974255,46.255554057148885],[-74.49653003713789,46.25555358384489],[-74.4965315885284,46.255553132901724],[-74.49653315339361,46.25555270369823],[-74.49653473173358,46.25555229996119],[-74.49653632264993,46.25555191920617],[-74.49653792434609,46.255551562054166],[-74.49653953772035,46.25555122788418],[-74.49654116007773,46.25555091793835],[-74.49654279141829,46.25555063159565],[-74.49654443084368,46.255550370098256],[-74.49654607745562,46.255550131582886],[-74.49654773305069,46.25554991915506],[-74.49654939313733,46.2555497309515],[-74.49655105861385,46.2555495657299],[-74.49655272948029,46.25554942597478],[-74.49655440483829,46.255549311686146],[-74.49655608289123,46.255549221000585],[-74.49655776274082,46.255549155781544],[-74.49655944348872,46.2555491147867],[-74.49656112603324,46.255549098637175],[-74.49656280947609,46.25554910795421],[-74.49656449202061,46.25554914211659],[-74.49656617187021,46.255549201124296],[-74.49656785082146,46.255549284977356],[-74.49656952528116,46.25554939181239],[-74.4965711979442,46.25554952473507],[-74.49657286431908,46.255549683124215],[-74.49657452620235,46.25554986511642],[-74.49657618269572,46.25555007071175],[-74.49657783290091,46.25555030177353],[-74.49657947502124,46.25555055705957],[-74.49658110905675,46.255550836569824],[-74.49658273231246,46.255551139683156],[-74.49658434838166,46.25555146702069],[-74.49658595277275,46.25555181858249],[-74.49658754638408,46.25555219312621],[-74.49658912831728,46.25555259065185],[-74.4965906985724,46.2555530130229],[-74.49659225355616,46.25555345651243],[-74.49659379686182,46.25555392360513],[-74.49659532220117,46.25555441367969],[-74.49659683586242,46.25555492673627],[-74.49659833155737,46.25555546091133],[-74.49659980928601,46.25555601682611],[-74.4966012717433,46.25555659572282],[-74.49660271533597,46.25555719449581],[-74.49660414096232,46.25555781562962],[-74.49660554682573,46.25555845788196],[-74.49660693292623,46.25555912001059],[-74.4968498463622,46.25567797134677],[-74.49767503878219,46.25587639919852],[-74.49776426304946,46.25580876801723],[-74.49789715082944,46.255707287547736],[-74.49866959417596,46.25511730639159]]]]}},{"type":"Feature","properties":{"zone_code":"VA-04","prefix":"VA","kind":"unknown","n_lots":2,"source":"t3-raster-text","confidence":"raster-cadastre-residual-holdout"},"geometry":{"type":"MultiPolygon","coordinates":[[[[-74.50578064179538,46.255668030742335],[-74.50575456280436,46.255491024450464],[-74.50574834376765,46.25548061671887],[-74.50572724144331,46.25546460075898],[-74.50561299640042,46.255360572994924],[-74.50395133321204,46.254116029599366],[-74.50360689936916,46.25385128048892],[-74.50272916179327,46.25445901893193],[-74.50274624056344,46.254470923198376],[-74.50167751127667,46.25538904337872],[-74.50141826377387,46.25559789240994],[-74.5014212030615,46.25559965704972],[-74.50131119447347,46.25568828276539],[-74.50130823811787,46.25568651564393],[-74.5008422586238,46.256062334205694],[-74.50065818843221,46.255912324114675],[-74.50064382706576,46.255902781075875],[-74.5004832873447,46.25601446197999],[-74.50083878304198,46.25638282728581],[-74.50236665833847,46.2580305208606],[-74.50255566207761,46.25789973756386],[-74.50578064179538,46.255668030742335]]]]}},{"type":"Feature","properties":{"zone_code":"NA-13","prefix":"NA","kind":"unknown","n_lots":2,"source":"t3-raster-text","confidence":"raster-cadastre-residual-holdout"},"geometry":{"type":"MultiPolygon","coordinates":[[[[-74.49461150428729,46.25615552569972],[-74.49360629307762,46.2552924952012],[-74.49299129116275,46.25563714243308],[-74.49373655957359,46.256277057142796],[-74.49461150428729,46.25615552569972]]],[[[-74.49427289062915,46.25693879172376],[-74.49427285469652,46.2569369488662],[-74.49427278283132,46.25693510600853],[-74.49427267323685,46.25693326252967],[-74.49427252770977,46.256931422777484],[-74.4942723471484,46.256929583025226],[-74.49427212885779,46.25692774575737],[-74.49427187553287,46.25692591097393],[-74.49427158627536,46.256924077432686],[-74.49427126108522,46.256922247618064],[-74.49427089816585,46.256920421530104],[-74.49427050111048,46.25691859854768],[-74.4942700672242,46.256916780534134],[-74.49426959650701,46.25691496562613],[-74.4942690916538,46.256913156929215],[-74.494268550868,46.256911350716756],[-74.49426797504792,46.25690955195765],[-74.49426736419352,46.25690775754629],[-74.49426671650819,46.256905968724986],[-74.49409996673357,46.256458032983076],[-74.49409523261205,46.25645967461276],[-74.49409048142249,46.25646129574528],[-74.49408571675822,46.25646289513844],[-74.49408093772091,46.25646447279223],[-74.49407614161562,46.256466028706654],[-74.4940713329339,46.25646756163945],[-74.49406650718419,46.25646907283287],[-74.49406166885808,46.25647056290808],[-74.49405681705721,46.25647203062279],[-74.49405195088332,46.25647347597701],[-74.49404707033639,46.25647489897079],[-74.49404217631472,46.25647630022517],[-74.49403726971664,46.25647767787683],[-74.49403235054216,46.25647903378916],[-74.49402741789294,46.256480367962126],[-74.49402247356561,46.25648167791126],[-74.49401751576353,46.25648296674218],[-74.49401254718171,46.25648423321263],[-74.49400756692177,46.256485474838065],[-74.4940025731871,46.2564866947242],[-74.49399756777434,46.25648789224987],[-74.49399255248011,46.25648906679394],[-74.49398752730441,46.256490217735305],[-74.49398248775567,46.256491346937345],[-74.4939774410204,46.25649245191556],[-74.49397238170873,46.25649353515444],[-74.4939673143122,46.2564945941695],[-74.49396223523759,46.25649563020296],[-74.49395714717983,46.25649664325484],[-74.49395204924059,46.25649763332517],[-74.4939469423182,46.25649859792941],[-74.49394182461602,46.25649954203659],[-74.49393669972733,46.256500461298785],[-74.4939315667538,46.256501358200566],[-74.49392642569542,46.25650223025741],[-74.49392127475558,46.25650307933271],[-74.49391611752753,46.25650390542642],[-74.49402971039353,46.2568090468197],[-74.49402714390676,46.25680952011286],[-74.49402458550483,46.25681001700854],[-74.49402203878101,46.25681053812788],[-74.49401950104033,46.25681108284979],[-74.49401697587606,46.256811652416474],[-74.49401446059326,46.25681224620681],[-74.4940119587852,46.25681286297855],[-74.49400946775691,46.25681350397397],[-74.49400699020336,46.25681416795079],[-74.49400452612454,46.25681485615126],[-74.49400207462213,46.25681556609089],[-74.49399963839107,46.25681630025422],[-74.4939972174314,46.25681705739894],[-74.49399480994641,46.25681783690396],[-74.49399241952945,46.25681863939036],[-74.49399004348552,46.25681946547932],[-74.4939876854079,46.25682031206519],[-74.49398534529658,46.25682118225361],[-74.49398302045662,46.2568220741812],[-74.49398071358299,46.25682298846905],[-74.49397842557396,46.256823923253826],[-74.49397615553123,46.256824881020044],[-74.49397390614975,46.256825859283154],[-74.4939716747346,46.25682685928543],[-74.49396946398068,46.25682787916352],[-74.4939672720914,46.25682892140189],[-74.49396510176166,46.25682998413716],[-74.4939629529915,46.25683106736938],[-74.4939608257809,46.25683216923514],[-74.49395872012988,46.256833293461185],[-74.49395663603842,46.25683443507853],[-74.49395457530316,46.25683559843506],[-74.4939525379241,46.2568367804251],[-74.49395052390122,46.256837981048726],[-74.49394853413287,46.256839201548146],[-74.4939465668224,46.25684044005999],[-74.49394462556306,46.256841697205374],[-74.49394270855825,46.256842972984295],[-74.49394081760458,46.2568442673968],[-74.49393895180373,46.25684557857946],[-74.49393711205406,46.25684690715344],[-74.4939352992538,46.25684825311874],[-74.49393351160639,46.25684961647531],[-74.49393175180674,46.256850996602076],[-74.49393001985489,46.25685239349903],[-74.49392831485245,46.25685380654504],[-74.49392663949445,46.25685523511901],[-74.49392498928928,46.25685668046314],[-74.49392336962681,46.25685814009296],[-74.49392177871046,46.25685961525076],[-74.49392021743849,46.2568611053153],[-74.49391868491263,46.25686261028673],[-74.49391718203115,46.25686412954383],[-74.4939157096924,46.25686566432887],[-74.49391426699803,46.25686721029399],[-74.49391285574472,46.25686877116593],[-74.49391147593246,46.256870345081346],[-74.49391012486628,46.25687193204018],[-74.49390880703776,46.25687353204248],[-74.49390752154858,46.256875143224896],[-74.49390626570381,46.25687676745069],[-74.49390504219839,46.25687840347777],[-74.49390385103233,46.2568800500638],[-74.49390269490056,46.25688170845102],[-74.4939015693115,46.25688337739723],[-74.49390047606181,46.2568850575235],[-74.4938994169481,46.25688674758764],[-74.49389839197035,46.25688844634736],[-74.49389740023028,46.25689015566608],[-74.49389644082956,46.256891873680416],[-74.49389551646313,46.25689360039033],[-74.49389462713098,46.25689533765923],[-74.49389377013821,46.256897080518115],[-74.49389294817972,46.25689883269374],[-74.49389216125554,46.256900593564964],[-74.49389140846733,46.25690235940509],[-74.49389069161174,46.25690413331969],[-74.4938900079938,46.25690591344542],[-74.49388935941018,46.25690770040339],[-74.49388874675914,46.25690949419362],[-74.49388817004073,46.2569112923316],[-74.49388762925493,46.25691309668073],[-74.49388712260512,46.25691490413538],[-74.4938866518879,46.2569167184223],[-74.49388621800162,46.2569185351936],[-74.49388581914964,46.25692035755489],[-74.49388545623026,46.256922182400636],[-74.4938851292435,46.25692401159414],[-74.49388483908766,46.256925842650915],[-74.49388458216949,46.256927676192106],[-74.49388436387886,46.256929512217745],[-74.49388418241918,46.25693135010662],[-74.49388403509548,46.25693319047994],[-74.49388392639933,46.25693503147434],[-74.49388385094083,46.25693687371088],[-74.49388381321161,46.25693871532623],[-74.49388381321161,46.25694055756264],[-74.49388384734759,46.25694240042014],[-74.49388391831448,46.25694424265647],[-74.49388402521402,46.25694608365045],[-74.49388416894446,46.25694792215994],[-74.49388434950582,46.25694976253266],[-74.4938845651015,46.256951599178684],[-74.49388481752808,46.25695343520348],[-74.4938851058873,46.25695526750154],[-74.49388543107743,46.25695709731501],[-74.49388579130185,46.25695892340175],[-74.49388618745891,46.25696074638288],[-74.49388661954855,46.256962565637174],[-74.49388708846912,46.25696438054361],[-74.49388759152569,46.25696619048104],[-74.49388813141319,46.25696799544949],[-74.49388870633496,46.25696979544889],[-74.4938893153927,46.25697158923708],[-74.49388996128141,46.256973377435166],[-74.49389064220439,46.256975159422],[-74.49389135816168,46.25697693519763],[-74.49389210825494,46.25697870351975],[-74.49389289338248,46.25698046563063],[-74.49389371444266,46.25698221842471],[-74.49389456784218,46.25698396438647],[-74.49389545627601,46.2569857022736],[-74.4938963797441,46.25698743022281],[-74.49389733644989,46.256989150718525],[-74.49389832729165,46.256990861276364],[-74.49389935137107,46.25699256251731],[-74.49390040868816,46.256994253199274],[-74.49390150014123,46.25699593456439],[-74.49390262393364,46.25699760537048],[-74.49390378006544,46.256999265617516],[-74.49390496943485,46.25700091468435],[-74.49390619114364,46.25700255070771],[-74.49390744519178,46.257004176171996],[-74.49390873068096,46.25700579045616],[-74.49391004850948,46.257007391696774],[-74.49391139688072,46.25700897927276],[-74.49391277669298,46.257010555668636],[-74.49391418614968,46.25701211839982],[-74.4939156279457,46.25701366622419],[-74.49391710028445,46.25701520162614],[-74.4939186022676,46.25701672212125],[-74.49392013389517,46.25701822957288],[-74.49392169516712,46.25701972149649],[-74.49392328518519,46.257021198513286],[-74.49392490394933,46.25702265938094],[-74.4939265532562,46.25702410658403],[-74.4939282286142,46.257025537637986],[-74.49392993271829,46.257026951300666],[-74.49393166467016,46.2570283506776],[-74.49393342536811,46.25702973142099],[-74.4939352112189,46.25703109725757],[-74.49393702401915,46.257032444460556],[-74.49393886376885,46.25703377551447],[-74.49394072956969,46.25703508731372],[-74.49394262142168,46.25703638358503],[-74.49394453662985,46.257037660601675],[-74.4939464787875,46.25703891960587],[-74.49394844519966,46.25704016059767],[-74.49395043586634,46.2570413810926],[-74.4939524498892,46.257042584196206],[-74.4939544881666,46.25704376742403],[-74.49395654800352,46.25704493263946],[-74.49395863299328,46.25704607611577],[-74.49396073864433,46.25704720033739],[-74.49396286585493,46.25704830530441],[-74.49396501552339,46.25704938915344],[-74.49396718675145,46.25705045250555],[-74.4939693777424,46.25705149660305],[-74.49397159029296,46.25705251834029],[-74.4939738208098,46.25705351958068],[-74.49397607198792,46.25705449908197],[-74.49397834292895,46.25705545808636],[-74.4939806318363,46.2570563941094],[-74.49398293870995,46.25705731025671],[-74.4939852635499,46.257058203422716],[-74.49398760545785,46.257059073607316],[-74.49398996443378,46.25705992329508],[-74.4939923404777,46.2570607493804],[-74.4939947326913,46.2570615531055],[-74.49399714017626,46.25706233447038],[-74.49399956383091,46.257063092232826],[-74.49400200006195,46.25706382701392],[-74.49400445066605,46.25706453943485],[-74.4940069174398,46.257065228253296],[-74.4940093958917,46.25706589346932],[-74.49401188691998,46.25706653446175],[-74.49401439052467,46.25706715247287],[-74.49401690670578,46.25706774750265],[-74.49401943456499,46.257068317066675],[-74.49402197230567,46.25706886302823],[-74.49402452172446,46.25706938538736],[-74.4940270810247,46.257069883522945],[-74.49402964840976,46.25707035805606],[-74.49403222567632,46.25707080712342],[-74.49403481282435,46.25707123134611],[-74.49403740626057,46.257071631966326],[-74.49404000957826,46.2570720071208],[-74.49404261738754,46.257072358051715],[-74.49404523328162,46.25707268538017],[-74.49404785636227,46.257072987242886],[-74.49405048393447,46.257073263018654],[-74.49405311689657,46.257073515192026],[-74.49405575345192,46.25707374127847],[-74.49405839539718,46.25707394314136],[-74.49406104093568,46.25707412015959],[-74.49406368916915,46.257074271090936],[-74.49406634099586,46.257074398419874],[-74.49406899461921,46.257074499040755],[-74.4940716509375,46.25707457543809],[-74.4940743072558,46.257074626369636],[-74.49407696447241,46.25707465245656],[-74.49407962258735,46.25707465245656],[-74.49408227980396,46.25707462823297],[-74.49408493612223,46.25707457792256],[-74.49408759244055,46.25707450338855],[-74.4940902469622,46.25707440338879],[-74.49409289789062,46.25707427730212],[-74.49409554612407,46.257074126991895],[-74.49409819166259,46.25707395183701],[-74.49410083450614,46.25707375121631],[-74.49410347285814,46.257073526372125],[-74.4941061040236,46.257073274819895],[-74.49410873249413,46.25707300028632],[-74.49411135557474,46.257072700287],[-74.49411397057055,46.257072374200746],[-74.49411658017645,46.257072025133205],[-74.49411918259582,46.257071649357606],[-74.49412177782868,46.25707125122185],[-74.49412436318006,46.25707082699917],[-74.49412694224326,46.257070377931804],[-74.49412951052666,46.25706990588315],[-74.49413207072519,46.25706940774757],[-74.49413461924566,46.257068887872904],[-74.49413715878298,46.25706834191135],[-74.49413968574387,46.25706777296845],[-74.49414220192499,46.25706717980201],[-74.49414470642799,46.25706656179088],[-74.49414719835458,46.25706592204067],[-74.49414967860308,46.2570652580669],[-74.49415214447855,46.25706457111178],[-74.49415459598094,46.257063859312034],[-74.49415703400864,46.25706312515202],[-74.49415945856158,46.2570623680107],[-74.49416186514823,46.257061587888074],[-74.49416425826014,46.25706078478406],[-74.49416663430407,46.25705995994099],[-74.49416899507665,46.257059112116565],[-74.49417133698459,46.257058241931915],[-74.49417366362118,46.25705735000821],[-74.49417597139313,46.25705643572423],[-74.49417826119881,46.2570554997012],[-74.49418053124153,46.25705454193902],[-74.49418278421626,46.25705356305886],[-74.49418501652974,46.25705256306072],[-74.49418722818196,46.25705154070234],[-74.49418942096958,46.25705049908933],[-74.49419159309592,46.257049436979415],[-74.49419374276441,46.257048353751514],[-74.49419587177164,46.25704725002676],[-74.4941979792193,46.25704612580509],[-74.49420006420905,46.2570449817077],[-74.49420212584265,46.25704381897673],[-74.49420416412002,46.25704263699116],[-74.4942061790412,46.257041435129764],[-74.4942081715045,46.257040214013756],[-74.49421013881496,46.2570389748853],[-74.4942120809726,46.25703771712331],[-74.49421399797743,46.25703644010667],[-74.49421589072773,46.25703514569874],[-74.49421775832522,46.25703383389949],[-74.49421959807492,46.257032502845576],[-74.49422141267179,46.25703115688481],[-74.49422320121751,46.25702979291161],[-74.49422496191548,46.25702841092597],[-74.49422669386735,46.2570270140335],[-74.49422839976806,46.257025599749745],[-74.4942300769227,46.25702416993799],[-74.49423172712788,46.25702272459824],[-74.49423334768865,46.25702126310945],[-74.49423493860503,46.25701978671379],[-74.49423650167363,46.25701829479018],[-74.4942380350978,46.25701678858081],[-74.49423953797927,46.25701526870683],[-74.49424101121633,46.257013734547094],[-74.49424245301238,46.257012186722726],[-74.4942438660623,46.25701062461266],[-74.4942452467729,46.25700905008013],[-74.49424659694078,46.25700746188302],[-74.4942479156676,46.25700586064241],[-74.4942492020551,46.257004247600506],[-74.49425045789987,46.257002622757355],[-74.49425167960865,46.257000986733985],[-74.49425287077472,46.25699933766712],[-74.49425402870311,46.25699767866234],[-74.49425515519049,46.25699600909851],[-74.49425624574525,46.25699432773339],[-74.4942573066556,46.25699263767256],[-74.49425833163333,46.256990935810485],[-74.49425932427172,46.25698922587377],[-74.49426028277414,46.25698750662028],[-74.49426120624226,46.25698577804994],[-74.494262097371,46.25698404078394],[-74.49426295256715,46.256982296064436],[-74.49426377452563,46.25698054264923],[-74.49426456055151,46.25697878178056],[-74.49426531423805,46.25697701283731],[-74.49426603019532,46.25697523768286],[-74.49426671291494,46.25697345693824],[-74.49426735970192,46.25697166749796],[-74.49426797235297,46.256969873709764],[-74.49426854817305,46.25696807495257],[-74.49426908895886,46.25696626998413],[-74.49426959381205,46.256964460046696],[-74.49427006363095,46.2569626457614],[-74.49427049751723,46.256960826507054],[-74.49427089457258,46.25695900476824],[-74.49427125749196,46.25695717806037],[-74.4942715835804,46.25695534762572],[-74.49427187373625,46.256953515948794],[-74.49427212706114,46.25695168054513],[-74.49427234625009,46.2569498426569],[-74.49427252681146,46.25694800352639],[-74.49427267233852,46.25694616253244],[-74.494272781933,46.256944321538455],[-74.4942728528999,46.256942477438784],[-74.49427288973082,46.256940634581305],[-74.49427289062915,46.25693879172376]]]]}},{"type":"Feature","properties":{"zone_code":"PA-29","prefix":"PA","kind":"park","n_lots":2,"source":"t3-raster-text","confidence":"raster-cadastre-residual-holdout"},"geometry":{"type":"MultiPolygon","coordinates":[[[[-74.49777776382989,46.255817631555274],[-74.49776426304946,46.25580876801723],[-74.49767503878219,46.25587639919852],[-74.4968498463622,46.25567797134677],[-74.49660693292623,46.25555912001059],[-74.49660554682573,46.25555845788196],[-74.49660414096232,46.25555781562962],[-74.49660271533597,46.25555719449581],[-74.4966012717433,46.25555659572282],[-74.49659980928601,46.25555601682611],[-74.49659833155737,46.25555546091133],[-74.49659683586242,46.25555492673627],[-74.49659532220117,46.25555441367969],[-74.49659379686182,46.25555392360513],[-74.49659225355616,46.25555345651243],[-74.4965906985724,46.2555530130229],[-74.49658912831728,46.25555259065185],[-74.49658754638408,46.25555219312621],[-74.49658595277275,46.25555181858249],[-74.49658434838166,46.25555146702069],[-74.49658273231246,46.255551139683156],[-74.49658110905675,46.255550836569824],[-74.49657947502124,46.25555055705957],[-74.49657783290091,46.25555030177353],[-74.49657618269572,46.25555007071175],[-74.49657452620235,46.25554986511642],[-74.49657286431908,46.255549683124215],[-74.4965711979442,46.25554952473507],[-74.49656952528116,46.25554939181239],[-74.49656785082146,46.255549284977356],[-74.49656617187021,46.255549201124296],[-74.49656449202061,46.25554914211659],[-74.49656280947609,46.25554910795421],[-74.49656112603324,46.255549098637175],[-74.49655944348872,46.2555491147867],[-74.49655776274082,46.255549155781544],[-74.49655608289123,46.255549221000585],[-74.49655440483829,46.255549311686146],[-74.49655272948029,46.25554942597478],[-74.49655105861385,46.2555495657299],[-74.49654939313733,46.2555497309515],[-74.49654773305069,46.25554991915506],[-74.49654607745562,46.255550131582886],[-74.49654443084368,46.255550370098256],[-74.49654279141829,46.25555063159565],[-74.49654116007773,46.25555091793835],[-74.49653953772035,46.25555122788418],[-74.49653792434609,46.255551562054166],[-74.49653632264993,46.25555191920617],[-74.49653473173358,46.25555229996119],[-74.49653315339361,46.25555270369823],[-74.4965315885284,46.255553132901724],[-74.49653003713789,46.25555358384489],[-74.4965284974255,46.255554057148885],[-74.49652697478109,46.255554552813656],[-74.49652546650972,46.2555550708393],[-74.49652397620467,46.25555561184686],[-74.49652250117097,46.25555617397295],[-74.4965210450019,46.25555675783876],[-74.4965196050025,46.255557364065346],[-74.49651818566436,46.255557990168214],[-74.49651678519083,46.255558638010754],[-74.49651540627687,46.25555930572959],[-74.49651404622753,46.25555999270356],[-74.49651270773775,46.25556070079605],[-74.49651139170587,46.25556142876479],[-74.49651009903017,46.25556217598871],[-74.49650882881235,46.255562941225485],[-74.49650758284905,46.25556372571739],[-74.49650636114026,46.25556452822219],[-74.49650516278767,46.255565348118694],[-74.49650399228287,46.25556618602804],[-74.49650284603257,46.255567040708044],[-74.49602219435495,46.25593277791465],[-74.49573891781664,46.256074814530876],[-74.49541685741423,46.25620337419945],[-74.49564045886822,46.25703333638471],[-74.4960048586666,46.25705403759212],[-74.4961239591036,46.257495757968464],[-74.4969454612444,46.25724990209348],[-74.4965764225459,46.25686947799931],[-74.49659681699781,46.25682853941347],[-74.49721852214131,46.256688957556364],[-74.49689931478825,46.25648646118188],[-74.49777776382989,46.255817631555274]]]]}},{"type":"Feature","properties":{"zone_code":"NA-12","prefix":"NA","kind":"unknown","n_lots":7,"source":"t3-raster-text","confidence":"raster-cadastre-residual-holdout"},"geometry":{"type":"MultiPolygon","coordinates":[[[[-74.50079595586081,46.25543029236459],[-74.50065422237022,46.25533473000307],[-74.50052225266846,46.25528026625843],[-74.5002177444484,46.25515459582489],[-74.49946519429386,46.254844010234116],[-74.49904529478061,46.25513443615439],[-74.49916674700702,46.25519100880721],[-74.49992687984087,46.255490430645814],[-74.50003244715812,46.255536660429485],[-74.50018609500431,46.25560394411177],[-74.500233955446,46.25562490238677],[-74.50037568983493,46.2557204679694],[-74.50079595586081,46.25543029236459]]],[[[-74.5004832873447,46.25601446197999],[-74.50041475846493,46.255948268883444],[-74.50014293724311,46.25574916550053],[-74.49993246376869,46.25564544263135],[-74.49989824783782,46.25563183795784],[-74.49974507070883,46.25557093335276],[-74.49957037803047,46.255504537231026],[-74.49934350670884,46.25541830942217],[-74.49906271311396,46.25530770187033],[-74.49871736748106,46.25514683780617],[-74.49866959417596,46.25511730639159],[-74.49789715082944,46.255707287547736],[-74.49848058864018,46.25607740152871],[-74.49904835623909,46.2564080467962],[-74.49951917136433,46.25668225441822],[-74.5004832873447,46.25601446197999]]]]}},{"type":"Feature","properties":{"zone_code":"NA-15","prefix":"NA","kind":"unknown","n_lots":2,"source":"t3-raster-text","confidence":"raster-cadastre-residual-holdout"},"geometry":{"type":"MultiPolygon","coordinates":[[[[-74.49533122820472,46.25294622931023],[-74.49478729919849,46.252391395298936],[-74.49478636495061,46.25239043807646],[-74.49478539926169,46.25238949451976],[-74.49478440572497,46.25238856462873],[-74.49478338254386,46.252387651509274],[-74.4947823324133,46.252386752676664],[-74.49478125443495,46.25238586937332],[-74.49478014950715,46.25238500346273],[-74.49477901762991,46.25238415370254],[-74.49477785970149,46.25238332009274],[-74.49477667751857,46.25238250449683],[-74.4947754683862,46.25238170753604],[-74.49477423679593,46.25238092858915],[-74.49477298095118,46.25238016765615],[-74.49477170175022,46.25237942535822],[-74.4947704009897,46.25237870169541],[-74.49476907687296,46.25237799853117],[-74.49476773029835,46.252377314623196],[-74.49476636485912,46.252376651213844],[-74.49476497875862,46.25237600830307],[-74.49476357199691,46.25237538651207],[-74.49476214637055,46.25237478459849],[-74.49476070457452,46.252374204425834],[-74.49475924391386,46.2523736466153],[-74.49475776618522,46.252373109303385],[-74.4947562722869,46.25237259559591],[-74.4947547622189,46.25237210362932],[-74.49475323777786,46.252371634646074],[-74.4947517007604,46.252371187403774],[-74.49475014847161,46.25237076314473],[-74.49474858360638,46.25237036249012],[-74.49474700796138,46.25236998668235],[-74.49474542063827,46.25236963137316],[-74.49474382163706,46.2523693021531],[-74.49474221275439,46.25236899529515],[-74.49474059578687,46.25236871328405],[-74.4947389698362,46.25236845549851],[-74.49473733669903,46.25236822255979],[-74.49473569727364,46.25236801260436],[-74.49473405066172,46.252367826253376],[-74.49473239955823,46.252367666612685],[-74.49473074306485,46.25236753057648],[-74.4947290829782,46.25236741938708],[-74.49472741929829,46.2523673336656],[-74.49472575472005,46.25236727154863],[-74.49472408834521,46.25236723365727],[-74.49472241927543,46.25236722123384],[-74.49472075290056,46.25236723365727],[-74.49471908472908,46.25236727154863],[-74.49471742015086,46.25236733242329],[-74.49471575647095,46.25236742062939],[-74.49471409818095,46.252367531818834],[-74.49471244168757,46.25236766723386],[-74.49471078968574,46.252367828738045],[-74.49470914307383,46.25236801322554],[-74.49470750364844,46.252368223802144],[-74.49470586961293,46.25236845736201],[-74.49470424366227,46.25236871576872],[-74.49470262759307,46.252368997779826],[-74.4947010187104,46.25236930339546],[-74.49469942060752,46.25236963447902],[-74.4946978323861,46.25236998854585],[-74.49469625584277,46.25237036559597],[-74.49469469277417,46.252370766250586],[-74.49469313958704,46.25237118926727],[-74.49469160167128,46.25237163650957],[-74.49469007812854,46.25237210673517],[-74.49468856895888,46.25237259870172],[-74.49468707506055,46.25237311365155],[-74.4946855964336,46.25237364972115],[-74.49468413667127,46.252374208774],[-74.49468269397693,46.252374788325476],[-74.4946812701472,46.25237538961793],[-74.49467986248715,46.25237601140891],[-74.4946784781833,46.25237665556206],[-74.49467711094744,46.252377318350234],[-74.49443388759268,46.252498186062176],[-74.49442959544226,46.25250033406268],[-74.49442955681468,46.252500353940036],[-74.49442532395308,46.25250250194045],[-74.49442524669797,46.25250254107403],[-74.49442107222684,46.25250469031666],[-74.49442095724248,46.25250474932769],[-74.49441684295849,46.25250689732788],[-74.49441669024488,46.25250697745862],[-74.49441263524967,46.25250912421642],[-74.49441244570517,46.2525092242245],[-74.49440844730383,46.25251137036103],[-74.49440822182669,46.25251149148886],[-74.49440428451081,46.25251363514063],[-74.49440402040611,46.25251377925166],[-74.4944001405824,46.25251592103986],[-74.4943998414434,46.25251608502827],[-74.49439602001019,46.25251822433166],[-74.49439568493858,46.25251841130331],[-74.49439192099754,46.25252054750076],[-74.49439155089165,46.25252075745565],[-74.49438784444278,46.25252288930485],[-74.49438744109924,46.25252312100057],[-74.49438379034592,46.2525252491227],[-74.49438335196805,46.25252550504395],[-74.49437975960524,46.25252762819661],[-74.4943792870914,46.25252790834345],[-74.49437575311907,46.25253002652668],[-74.49437524557092,46.25253033027788],[-74.49437176639583,46.25253244224936],[-74.49437122740666,46.2525327702261],[-74.49436780482543,46.25253487722811],[-74.49436723259859,46.25253522943038],[-74.49436386750955,46.25253733022063],[-74.49436326384168,46.25253770726962],[-74.49435995265154,46.25253980122691],[-74.4943593166443,46.2525402031226],[-74.49435606204806,46.25254229148929],[-74.49435539459978,46.25254271823168],[-74.49435219480074,46.252544797280784],[-74.49435149770807,46.25254525135454],[-74.49434835270627,46.252547323570674],[-74.4943476259692,46.25254780249109],[-74.49434453486631,46.252549865389646],[-74.49434377668821,46.252550371641455],[-74.4943407421792,46.252552425222376],[-74.494339955255,46.252552957563196],[-74.49433697284826,46.25255500306884],[-74.49433615717798,46.25255556336219],[-74.49433322867016,46.2525575983079],[-74.49433238425378,46.252558185311436],[-74.49432950964487,46.25256021031832],[-74.49432863648241,46.25256082527439],[-74.49432581577241,46.2525628391002],[-74.49432491566051,46.25256348262993],[-74.49432214795112,46.25256548651693],[-74.49432122088974,46.2525661561357],[-74.49431850528265,46.25256814946276],[-74.49431755217013,46.2525688482764],[-74.49431488686868,46.25257083042234],[-74.49431390860333,46.25257155718847],[-74.49431129630248,46.252573527532114],[-74.494310291986,46.2525742834931],[-74.49430773088913,46.25257624017095],[-74.4945767403841,46.25285064212162],[-74.49456654630227,46.25296613013894],[-74.49486022443327,46.25326568897839],[-74.48320206025419,46.261328241890254],[-74.48084125983974,46.25966723875935],[-74.4909355586188,46.25268503632041],[-74.49181704666101,46.25329818494162],[-74.49243068403496,46.25329933532879],[-74.49245456484847,46.25327206828872],[-74.49253776591178,46.253242697366176],[-74.49262943629158,46.25314221905038],[-74.4930179540587,46.25298234994882],[-74.49311258977724,46.25298577317784],[-74.4932271680951,46.25303586311249],[-74.49340520609958,46.253155243556],[-74.49340644667299,46.253155880246034],[-74.49340770790765,46.25315649830122],[-74.49340898980357,46.25315709523696],[-74.4934102905641,46.25315767167435],[-74.49341161198586,46.2531582263711],[-74.49341294957733,46.253158760569555],[-74.49341430693173,46.253159272406165],[-74.49341567955749,46.253159762502165],[-74.49341706835291,46.25316023023637],[-74.49341847331803,46.253160675608775],[-74.49341989175785,46.25316109861936],[-74.49342132367242,46.25316149864703],[-74.49342276996002,46.25316187444942],[-74.49342422792573,46.253162227268824],[-74.49342569667122,46.25316255648409],[-74.49342717529817,46.25316286271643],[-74.49342866560322,46.253163144723494],[-74.49343016489144,46.253163402505294],[-74.49343167046784,46.25316363544064],[-74.49343318592574,46.253163845393026],[-74.49343470677353,46.253164030498965],[-74.49343623301118,46.253164190758454],[-74.49343776463874,46.253164326171564],[-74.49343929985956,46.253164437359345],[-74.49344083867365,46.25316452432187],[-74.493442381081,46.25316458519565],[-74.49344392259,46.25316462246533],[-74.49344546679399,46.25316463426736],[-74.49344701099797,46.253164620601815],[-74.4934485534053,46.253164583332186],[-74.49345009491432,46.25316452059493],[-74.49345163372841,46.25316443363241],[-74.49345317074587,46.253164320581114],[-74.4934547005768,46.25316418330454],[-74.49345622681447,46.253164022423874],[-74.49345774766223,46.253163836696764],[-74.4934592613235,46.25316362550204],[-74.49346076869655,46.25316339132439],[-74.49346226618812,46.253163132300294],[-74.49346375559486,46.25316284842972],[-74.49346523601844,46.25316254219737],[-74.49346670386562,46.2531622111186],[-74.493468160933,46.25316185767806],[-74.49346960452567,46.25316147939103],[-74.49347103733855,46.253161078121074],[-74.49347245577839,46.253160655110484],[-74.49347385894686,46.25316020911691],[-74.49347524684397,46.25315974014037],[-74.49347661946973,46.25315924942323],[-74.49347797412918,46.25315873634424],[-74.49347931261894,46.253158201524656],[-74.49348063134578,46.25315764558557],[-74.49348193210632,46.253157068527],[-74.49348321310391,46.25315647034897],[-74.49348447433857,46.25315585229378],[-74.49348571311535,46.25315521311911],[-74.4934869321292,46.253154555309614],[-74.49348812778682,46.25315387762294],[-74.49348930008827,46.2531531800591],[-74.4934904481352,46.25315246510272],[-74.49349157372426,46.25315173026921],[-74.49349267326217,46.253150979285515],[-74.49349374764725,46.253150210288105],[-74.4934947968795,46.25314942327703],[-74.49349581826398,46.25314862135806],[-74.493496812699,46.25314780204659],[-74.49349777928624,46.253146966584886],[-74.49349871892402,46.253146116215326],[-74.49349962981573,46.25314525155908],[-74.49350050926638,46.253144371373764],[-74.4936392702317,46.2529993002413],[-74.49390026226276,46.25301038675343],[-74.493909656844,46.25290395539908],[-74.49391004042464,46.252899822174584],[-74.49391045814126,46.252895691434475],[-74.49391091448541,46.252891561315224],[-74.49391140496556,46.252887433680314],[-74.4939119313783,46.2528833072874],[-74.4939124955203,46.25287918462117],[-74.49391309200165,46.25287506257582],[-74.49391372711057,46.2528709442571],[-74.49391439725377,46.25286682842273],[-74.4939151042279,46.25286271507275],[-74.49391584533801,46.252858606070596],[-74.49391662327905,46.25285449955278],[-74.49391743625438,46.25285039551932],[-74.49391828606062,46.252846296454855],[-74.49391917090118,46.25284220049591],[-74.49392009077604,46.252838107642496],[-74.49392104838013,46.25283401851578],[-74.49392203922189,46.25282993435806],[-74.49392306689458,46.25282585454818],[-74.49392412960157,46.252821779086176],[-74.49392522824114,46.25281770735082],[-74.49392636191503,46.252813641205655],[-74.49392753152154,46.25280957940837],[-74.49392873616233,46.25280552258009],[-74.4939299749391,46.252801471342],[-74.49393124875017,46.25279742445176],[-74.49393256029049,46.2527933831517],[-74.49393390596678,46.252789348063],[-74.49393528577907,46.25278531856449],[-74.49393670242227,46.252781294035],[-74.49393815230313,46.25277727758038],[-74.49393963811661,46.25277326547358],[-74.49394115806606,46.25276925957821],[-74.49394271304983,46.252765261136474],[-74.4939443039662,46.25276126828498],[-74.49394592901855,46.2527572835083],[-74.49394758820688,46.25275330432183],[-74.49394928332782,46.25274933321026],[-74.49395101078812,46.25274536831002],[-74.49395277418103,46.25274141148465],[-74.4939545717099,46.25273746149185],[-74.49395640427308,46.25273351895274],[-74.49395827097226,46.25272958448849],[-74.49396017090908,46.25272565809912],[-74.49396210588019,46.252721740405796],[-74.49396407408898,46.25271782892387],[-74.49396607733206,46.2527139273803],[-74.4939681129145,46.25271003391161],[-74.49397018442953,46.25270614913897],[-74.49397228828394,46.252702273062404],[-74.49397442717263,46.25269840630302],[-74.49397659929897,46.25269454699739],[-74.49397880376469,46.25269069887245],[-74.4939810432647,46.25268685944361],[-74.49398331510405,46.25268302933193],[-74.49398562107937,46.25267920729519],[-74.49398795939406,46.25267539643918],[-74.49399033094642,46.252671594900434],[-74.49399273573644,46.252667803921184],[-74.49399517376412,46.252664022880374],[-74.49399764502945,46.25266025302031],[-74.49400014773583,46.25265649185633],[-74.4940026836799,46.25265274311539],[-74.49400525375992,46.25264900493404],[-74.49400785348436,46.25264527606995],[-74.49401048914139,46.25264155900779],[-74.49401315354453,46.25263785312634],[-74.49401585298196,46.252634157804515],[-74.49401858206379,46.25263047490576],[-74.4940213461799,46.25262680194541],[-74.49402413994045,46.25262314202937],[-74.49402696604034,46.25261949391522],[-74.49402982358124,46.252615856981876],[-74.49403271346152,46.25261223309276],[-74.49403563478282,46.252608619763286],[-74.49403858754518,46.252605020099196],[-74.49404157085023,46.25260143285825],[-74.49404458649464,46.25259785679808],[-74.49404763178345,46.25259429502454],[-74.4940507094116,46.2525907456741],[-74.49405381668417,46.252587208746796],[-74.49405695449946,46.252583684863765],[-74.4940601246541,46.25258017588851],[-74.49406332355483,46.25257667871528],[-74.49406655389659,46.25257319520747],[-74.49406981567938,46.25256972474393],[-74.49407310530995,46.25256626918823],[-74.49407642548324,46.25256282667682],[-74.49407977709757,46.25255939783089],[-74.49408315655968,46.25255598389279],[-74.4940865674628,46.25255258362017],[-74.49409000621371,46.25254919887652],[-74.49409347460902,46.25254582779836],[-74.49409697354704,46.252542471628],[-74.49410050033285,46.252539129123164],[-74.49410405766137,46.25253580152614],[-74.49410764283768,46.25253249070046],[-74.49411125676006,46.25252919291909],[-74.49411489942854,46.25252591190908],[-74.49411857084311,46.25252264456456],[-74.49412227100377,46.252519394612584],[-74.49412599811389,46.25251615894725],[-74.49412975397009,46.25251293881095],[-74.49413353857237,46.252509734824855],[-74.49413735012413,46.2525065476101],[-74.49414118862533,46.25250337468201],[-74.49414505677096,46.25250021976765],[-74.49414895006939,46.25249707976117],[-74.49415287391055,46.25249395652602],[-74.49415682290453,46.252490849441116],[-74.49416079705136,46.252487759748725],[-74.49416480084257,46.25248468682772],[-74.49416882978663,46.252481630678105],[-74.49417288568013,46.2524785906787],[-74.49417696852312,46.25247556745064],[-74.4941810765189,46.252472562857506],[-74.49418521146414,46.252469574414604],[-74.49418937156224,46.25246660460663],[-74.49419355860978,46.25246365032766],[-74.49419776901351,46.252460715304814],[-74.49420200726503,46.252457797674516],[-74.49420626887272,46.252454897436806],[-74.4942105583282,46.252452015834],[-74.4942148711399,46.25244915038143],[-74.49421920820608,46.25244630480609],[-74.49422357132342,46.252443476623405],[-74.49422795779695,46.25244066769677],[-74.49423236942332,46.25243787554161],[-74.4942368062025,46.252435104506],[-74.49424126633788,46.25243234962069],[-74.49424574893114,46.252429614612616],[-74.49425025577894,46.252426898239534],[-74.49425478688123,46.25242420174369],[-74.49425934223804,46.252421522640475],[-74.49426392005272,46.25241886341457],[-74.49426852122359,46.25241622344473],[-74.49427314395406,46.25241360273107],[-74.49427779093901,46.25241100127349],[-74.49428246038187,46.2524084203144],[-74.49428715138428,46.25240585861145],[-74.49429186394626,46.25240331616464],[-74.49429659986444,46.25240079359514],[-74.49430135824049,46.25239829028175],[-74.49430613637949,46.25239580808803],[-74.49431093697638,46.252393345150466],[-74.49431576003113,46.25239090209024],[-74.49432060284883,46.25238848014966],[-74.49457790190577,46.252260579917824],[-74.49457924848038,46.25225989662956],[-74.4945805725971,46.2522591916003],[-74.49458187515427,46.25225846855709],[-74.49458315435523,46.252257726878696],[-74.4945844102,46.252256965943985],[-74.49458564179025,46.252256184510635],[-74.49458685092262,46.252255386926834],[-74.49458803490216,46.25225457070784],[-74.49458919193226,46.252253737717254],[-74.49459032291121,46.252252887955024],[-74.494591427839,46.25225202079997],[-74.49459250671565,46.252251137494454],[-74.49459355684623,46.252250238659656],[-74.49459458002733,46.252249323674405],[-74.49459557446235,46.25224839440212],[-74.49459653925297,46.25224745084299],[-74.4945974752975,46.25224649175446],[-74.4945983807993,46.252245520863696],[-74.49459925575839,46.25224453568602],[-74.49460010107306,46.25224353746368],[-74.49460091494672,46.25224252743906],[-74.49460169737934,46.25224150436988],[-74.49460244926922,46.252240471983036],[-74.49460316612483,46.25223942779395],[-74.494603853336,46.25223837242376],[-74.49460450730953,46.25223730773601],[-74.49460512714708,46.25223623373059],[-74.49460571374696,46.252235150407664],[-74.4946062680075,46.25223405838825],[-74.49460678723372,46.25223295767246],[-74.494607272324,46.25223185074487],[-74.49460772417656,46.252230736363266],[-74.49460813919825,46.252229616391084],[-74.49460852188054,46.252228490828294],[-74.49460886863024,46.25222735781148],[-74.49460918034565,46.25222622044641],[-74.49460945702675,46.252225079354275],[-74.49460969867357,46.252223934535124],[-74.49460990438777,46.25222278661007],[-74.49461007506767,46.25222163557913],[-74.49461020981497,46.25222048144231],[-74.49461030862965,46.25221932668428],[-74.49461037241002,46.25221816944159],[-74.4946104002578,46.25221701282001],[-74.49461039127465,46.25221585557723],[-74.49461034815552,46.2522146989556],[-74.49461026820546,46.25221354295513],[-74.4946101532211,46.25221238757576],[-74.49461000230414,46.25221123468111],[-74.49460981545455,46.252210084892305],[-74.49460959267236,46.252208937588094],[-74.49460933485587,46.252207794632106],[-74.4946090429034,46.25220665540313],[-74.49460871501833,46.25220552176469],[-74.49460835299728,46.25220439185321],[-74.49460795504359,46.252203267532266],[-74.49460752205563,46.25220214942303],[-74.49460705493168,46.252201038767815],[-74.49460655277343,46.2521999349455],[-74.49460601917416,46.25219883795603],[-74.49460544964226,46.2521977509053],[-74.49460484687272,46.25219667068743],[-74.49460421176381,46.25219560165064],[-74.49460354431555,46.252194540689054],[-74.49460284273133,46.252193490908546],[-74.49460210970604,46.25219245168794],[-74.49460134434142,46.25219142240608],[-74.49460054843408,46.25219040678996],[-74.49459971928908,46.252189401733766],[-74.49459886049968,46.252188409722116],[-74.49441365663417,46.251979906745156],[-74.49432263034643,46.251848823276966],[-74.49422767123437,46.25170764287885],[-74.4937743220532,46.25097129051073],[-74.49365153403195,46.25079959077453],[-74.48229308106932,46.258656834772694],[-74.48083211499015,46.25966721081041],[-74.48320201982999,46.26133462212593],[-74.49004810755973,46.25660500677957],[-74.49153410070272,46.25700082959125],[-74.49206476608377,46.25663330446662],[-74.49347413023807,46.25647962820423],[-74.49347195272183,46.25647854496507],[-74.49346979766345,46.25647744184998],[-74.49346766236802,46.25647631885891],[-74.49346554953048,46.256475175991845],[-74.49346346184576,46.25647401200653],[-74.49346139482228,46.25647282876641],[-74.49345935025671,46.25647162813479],[-74.49345733084395,46.25647040576383],[-74.4934553356857,46.25646916724367],[-74.49345336478196,46.25646790822635],[-74.49345141903105,46.25646663119643],[-74.49344949753466,46.25646533615392],[-74.49344760029278,46.2564640237199],[-74.49344573089869,46.2564626932733],[-74.49344388665742,46.25646134419291],[-74.49344206936557,46.256459978963285],[-74.49344027992154,46.25645859572105],[-74.4934385156303,46.25645719695071],[-74.4934367809835,46.256455782031125],[-74.49343507238784,46.256454350962244],[-74.49343339253825,46.256452903123034],[-74.49343174053645,46.25645143913452],[-74.49343011907736,46.25644996086017],[-74.49342852456773,46.256448467057645],[-74.49342696060081,46.25644695772705],[-74.49342542538,46.25644543597387],[-74.4934239207019,46.256443896829204],[-74.49342244656653,46.25644234712541],[-74.49342100207552,46.256440781272346],[-74.4934195890256,46.25643920299673],[-74.49341820651837,46.25643760981414],[-74.49341685455387,46.25643600607235],[-74.49341553492872,46.2564343880447],[-74.49341424764292,46.256432758836766],[-74.49341299179814,46.256431117206326],[-74.49341176739442,46.256429463774474],[-74.49341057712667,46.256427799783424],[-74.49340941740164,46.25642612399099],[-74.49340829181259,46.256424438260545],[-74.49340719856289,46.25642274197091],[-74.49340613855084,46.25642103512215],[-74.4934051126748,46.25641931771419],[-74.49340412003639,46.25641759223158],[-74.49340316063568,46.25641585681094],[-74.49340223716756,46.25641411331562],[-74.49340134603881,46.25641235988225],[-74.49340048994434,46.256410600237615],[-74.49339966798584,46.256408831276026],[-74.49339888106167,46.25640705423977],[-74.49339812737514,46.25640526974994],[-74.49339741051955,46.25640348029112],[-74.49339672779993,46.25640168275762],[-74.49339608101292,46.25639988025503],[-74.49339547015853,46.2563980702989],[-74.4933948916435,46.25639625599486],[-74.49339435175601,46.25639443485837],[-74.4933938460045,46.25639261123733],[-74.49339337708392,46.25639078078383],[-74.49339294319765,46.25638894784583],[-74.49339254344733,46.256387109938736],[-74.49339218322291,46.25638526892599],[-74.49339185533782,46.256383424186374],[-74.4933915660803,46.256381575719985],[-74.49339131185708,46.25637972725358],[-74.49339109446478,46.256377873818074],[-74.4933909130051,46.25637601976137],[-74.49339076747803,46.25637416508347],[-74.49339065878188,46.25637230792106],[-74.49339058601832,46.2563704501374],[-74.49339055008572,46.256368591732596],[-74.49339055008572,46.25636673270659],[-74.49339058601832,46.256364874922745],[-74.49339065878188,46.25636301713888],[-74.49339076657971,46.25636116121832],[-74.49339091210679,46.25635930591883],[-74.49339109356647,46.25635745124036],[-74.49339131095877,46.25635559904634],[-74.49339156338537,46.25635374995792],[-74.49339185443951,46.25635190211165],[-74.49339217962965,46.25635005674983],[-74.4933925416507,46.2563482157358],[-74.49339293960438,46.256346377827334],[-74.49339337259234,46.25634454426672],[-74.49339384420786,46.256342713811655],[-74.49339434906105,46.2563408901889],[-74.49339488894854,46.256339070292796],[-74.49339546566695,46.25633725474458],[-74.49339607652135,46.25633544602861],[-74.49339672420668,46.25633364290275],[-74.49339740602798,46.25633184474578],[-74.49339812378189,46.25633005528456],[-74.49339887567177,46.25632827079227],[-74.49339966259596,46.256326494995626],[-74.49340048455444,46.25632472603134],[-74.49340134064892,46.256322965141656],[-74.49340223087937,46.25632121294759],[-74.49340315614411,46.25631946820705],[-74.4934041137482,46.256317732783245],[-74.49340510548828,46.25631600667635],[-74.49340613316096,46.25631428988625],[-74.49340719137636,46.25631258303406],[-74.49340828462606,46.25631088674101],[-74.4934094093168,46.25630919976475],[-74.49341056904183,46.25630752521092],[-74.49341176110622,46.25630585997394],[-74.4934129837133,46.256304207159445],[-74.49341423955808,46.25630256614625],[-74.49341552864051,46.256300935692174],[-74.49341684736736,46.2562993176605],[-74.49341819753523,46.256297713914705],[-74.49341958094075,46.25629612197023],[-74.49342099399071,46.2562945436905],[-74.49342243758336,46.25629297783322],[-74.49342391171875,46.25629142688288],[-74.49342541729516,46.25628988897612],[-74.49342695161765,46.25628836473413],[-74.49342851558457,46.25628685664135],[-74.49343010829757,46.25628536283438],[-74.49343173065499,46.25628388393442],[-74.49343338265678,46.25628242118367],[-74.49343506250636,46.25628097271878],[-74.49343677020372,46.25627954102425],[-74.49343850485053,46.25627812485781],[-74.49344026824343,46.25627672608282],[-74.49344205948411,46.25627534407824],[-74.49344387677594,46.25627397760175],[-74.49344571922059,46.256272629758996],[-74.49344758951301,46.256271298686556],[-74.49301485397265,46.25637735580021],[-74.4925850873643,46.25600833951475],[-74.49214793750266,46.25625330901949],[-74.49143723536562,46.255643050027764],[-74.49183714466888,46.25536610731667],[-74.49230129609133,46.25504467161588],[-74.49368608683106,46.25408563547287],[-74.49368885364213,46.25408371922363],[-74.49476402115454,46.253339077712596],[-74.49533122820472,46.25294622931023]]]]}},{"type":"Feature","properties":{"zone_code":"NA-14","prefix":"NA","kind":"unknown","n_lots":3,"source":"t3-raster-text","confidence":"raster-cadastre-residual-holdout"},"geometry":{"type":"MultiPolygon","coordinates":[[[[-74.49478778878033,46.25471003473531],[-74.49368608683106,46.25408563547287],[-74.49230129609133,46.25504467161588],[-74.49183714466888,46.25536610731667],[-74.49143723536562,46.255643050027764],[-74.49214793750266,46.25625330901949],[-74.4925850873643,46.25600833951475],[-74.49301485397265,46.25637735580021],[-74.49344758951301,46.256271298686556],[-74.4934494705852,46.25626999556481],[-74.49345137591192,46.25626871107678],[-74.49345330639147,46.25626744398023],[-74.49345526022721,46.25626619489631],[-74.49345723921577,46.25626496382504],[-74.49345924156056,46.2562637520086],[-74.49346126726152,46.256262558825895],[-74.49346331631868,46.25626138365585],[-74.49346538783372,46.25626022898295],[-74.49346748090835,46.25625909294375],[-74.49346959644083,46.25625797678056],[-74.49347173263457,46.25625688111453],[-74.4934738903879,46.25625580470338],[-74.49347606880247,46.25625474878934],[-74.49347826877658,46.256253712751324],[-74.49348048581871,46.25625269658933],[-74.4934827244204,46.25625170403008],[-74.49348498188671,46.2562507301046],[-74.49348725731932,46.25624977791853],[-74.49348955161656,46.25624884685069],[-74.49349186388011,46.256247937522275],[-74.49349419231332,46.25624704993321],[-74.49349653871283,46.256246183462444],[-74.49349890128204,46.25624533997335],[-74.4935012800209,46.25624451760251],[-74.49350367403115,46.25624371883443],[-74.49350608510936,46.25624294056353],[-74.49350851056064,46.256242186516474],[-74.49351094948662,46.256241454830004],[-74.49351340278565,46.25624074550402],[-74.49351586866112,46.25624005978086],[-74.49351834980793,46.25623939703936],[-74.49352084173452,46.256238756658355],[-74.49352334623754,46.25623814050126],[-74.49352586241865,46.256237547946974],[-74.49352839027786,46.25623697775323],[-74.49353092801854,46.25623643054112],[-74.49353347833562,46.2562359087952],[-74.49353603673757,46.25623540940977],[-74.49353860412265,46.25623493549055],[-74.49354118138919,46.25623448579522],[-74.49354376674059,46.25623405783933],[-74.49354636017681,46.25623365597071],[-74.49354896169785,46.25623327770488],[-74.49355157040546,46.256232923663],[-74.49355418540125,46.25623259446612],[-74.49355680668525,46.256232289493184],[-74.49355943335914,46.25623200936526],[-74.49356206452461,46.25623175346131],[-74.49356470107996,46.25623152178122],[-74.4935673421269,46.25623131494621],[-74.4935699867671,46.256231131713996],[-74.49357263410225,46.2562309745691],[-74.49357528503064,46.25623084164806],[-74.49357793955231,46.25623073357213],[-74.49358059317566,46.25623065034121],[-74.49358325039226,46.25623059133424],[-74.49358590760887,46.25623055779341],[-74.49358856482549,46.25623054971878],[-74.49359122294042,46.256230564625774],[-74.49359388015702,46.256230604377876],[-74.493596535577,46.2562306708384],[-74.49359919009868,46.25623076028055],[-74.4936018419254,46.25623087581003],[-74.49360449195548,46.25623101556342],[-74.49360714018894,46.256231179540734],[-74.4936097830325,46.25623136836305],[-74.4936124231811,46.25623158140937],[-74.49361505793985,46.25623181930068],[-74.49361769000363,46.256232082658144],[-74.49362031488087,46.25623236961843],[-74.49362293436826,46.25623268142377],[-74.4936255466691,46.25623301745301],[-74.49362815268174,46.256233378327295],[-74.49363075330449,46.256233763425506],[-74.49363334404576,46.2562341715054],[-74.49363592760052,46.256234604430325],[-74.49363850217213,46.256235062821396],[-74.49364106776058,46.25623554357301],[-74.49364362436589,46.25623604854857],[-74.4936461701914,46.256236577748005],[-74.49364870613545,46.256237129307976],[-74.4936512304014,46.25623770571299],[-74.49365374298924,46.25623830572082],[-74.493656243899,46.25623892871028],[-74.49365873313064,46.256239574681416],[-74.49366120978588,46.256240244255316],[-74.49366367296639,46.25624093618976],[-74.49366612267218,46.25624165172697],[-74.49366855800491,46.25624238962471],[-74.4936709789646,46.25624315050412],[-74.49367338465292,46.256243934365166],[-74.4936757750699,46.25624473934451],[-74.49367815021552,46.25624556730548],[-74.49368050829312,46.256246417626976],[-74.49368285020107,46.25624728844559],[-74.49368517414273,46.25624818224588],[-74.49368748101637,46.256249098406705],[-74.49368976992372,46.25625003444355],[-74.49369204086474,46.256250992219734],[-74.49369429294117,46.256251971114224],[-74.49369652525465,46.25625297112696],[-74.49369873960183,46.256253992257996],[-74.49370093238943,46.256255033265006],[-74.49370310451579,46.256256094148036],[-74.49370525687921,46.25625717614932],[-74.49370738768306,46.25625827864775],[-74.49370949782565,46.25625939915879],[-74.49371158461207,46.25626054140921],[-74.49371364983891,46.256261701672294],[-74.49371569170954,46.2562628805691],[-74.49371771202061,46.25626407934188],[-74.4937197080772,46.25626529612732],[-74.49372168077754,46.25626653216762],[-74.49372362742677,46.256267786220526],[-74.49372555071979,46.25626905952834],[-74.49372744975831,46.256270349606496],[-74.4937293245423,46.256271656455006],[-74.49373117237684,46.25627298007385],[-74.49373299505855,46.25627432232646],[-74.49373479079081,46.25627568134945],[-74.49373655957359,46.256277057142796],[-74.49299129116275,46.25563714243308],[-74.49360629307762,46.2552924952012],[-74.49411071777091,46.25500981014416],[-74.49449937837016,46.25489422704784],[-74.49449682266317,46.254893722059926],[-74.49449427504103,46.254893194089846],[-74.49449173999528,46.2548926425163],[-74.49448921662766,46.25489206609715],[-74.49448670314149,46.25489146607464],[-74.49448420313006,46.25489084120641],[-74.49448171389841,46.25489019459828],[-74.4944792390398,46.25488952252334],[-74.4944767776559,46.25488882932954],[-74.49447432795014,46.254888110047816],[-74.49447189531236,46.25488736902614],[-74.49446947614929,46.254886606264506],[-74.4944670731559,46.25488581927835],[-74.49446468543388,46.25488500930993],[-74.49446231477985,46.25488417822271],[-74.49445995939718,46.25488332353211],[-74.49445762018416,46.2548824464804],[-74.4944553007341,46.25488154830984],[-74.49445299835203,46.25488062715705],[-74.49445071483457,46.2548796855066],[-74.4944484474868,46.25487872149499],[-74.4944462016986,46.254877735122314],[-74.49444397657163,46.254876729494214],[-74.49444176941098,46.25487570212616],[-74.49443958291158,46.25487465426037],[-74.49443741707343,46.25487358527578],[-74.49443527279486,46.25487249517236],[-74.49443315007582,46.25487138519238],[-74.49443105071302,46.25487025657814],[-74.49442897290976,46.25486910746618],[-74.49442691756438,46.25486793847765],[-74.49442488647354,46.254866750233745],[-74.49442287784056,46.25486554211327],[-74.49442089256378,46.254864316600795],[-74.49441893243984,46.25486307059064],[-74.4944169974687,46.25486180718846],[-74.49441508765041,46.254860525152026],[-74.49441320298494,46.25485922634471],[-74.49441134347231,46.25485790828198],[-74.49440951001081,46.254856574690685],[-74.49440770439709,46.25485522246512],[-74.49440592573282,46.25485385346863],[-74.4944041722214,46.25485246645906],[-74.49440244655774,46.254851064542045],[-74.49440074874187,46.254849645233],[-74.49439907967205,46.254848210395394],[-74.49439743934835,46.25484676065031],[-74.49439582777073,46.25484529537666],[-74.49439424404088,46.2548438145744],[-74.49439269085376,46.254842318243604],[-74.49439116641273,46.25484080824761],[-74.49438967161608,46.25483928334418],[-74.49438820826047,46.25483774539669],[-74.49438677365099,46.25483619316294],[-74.49438537048249,46.254834627264025],[-74.49438399965338,46.254833048321075],[-74.49438265846865,46.254831456334074],[-74.4943813496233,46.25482985254531],[-74.49438007132063,46.25482823571257],[-74.49437882625566,46.25482660769918],[-74.49437761263171,46.25482496664182],[-74.4943764304488,46.2548233156461],[-74.49437528240186,46.254821652227456],[-74.49437416669429,46.25481998073392],[-74.49437308512267,46.25481829619641],[-74.49437203589042,46.25481660234165],[-74.49437102079413,46.25481489854858],[-74.49437003803723,46.2548131866806],[-74.4943690894163,46.25481146363205],[-74.49436817493134,46.25480973375082],[-74.49436729548067,46.254807993310166],[-74.49436644836935,46.254806245415715],[-74.49436563808896,46.2548044894464],[-74.49436486194456,46.25480272664445],[-74.49436411993614,46.2548009563887],[-74.49436341206369,46.25479917930034],[-74.49436274102217,46.254797395379384],[-74.49436210411663,46.25479560524689],[-74.49436150404203,46.2547938095241],[-74.49436093630678,46.25479200945327],[-74.49436040540245,46.25479020254979],[-74.49435991043073,46.25478839129823],[-74.49435945228991,46.25478657569863],[-74.49435903008172,46.25478475450868],[-74.49435864111123,46.25478293145526],[-74.49435829076826,46.254781104674905],[-74.49435797456128,46.254779273546504],[-74.49435769518523,46.25477744055464],[-74.49435745174179,46.254775604456945],[-74.49435724512927,46.25477376525352],[-74.49435707355106,46.25477192667113],[-74.49435693970207,46.25477008560417],[-74.49435684178572,46.25476824329483],[-74.49435677980195,46.25476640036428],[-74.49435675375081,46.25476455619136],[-74.49435676453058,46.25476271326073],[-74.49435681034468,46.254760869708846],[-74.494356893888,46.25475902677805],[-74.49435701336392,46.25475718571061],[-74.49435716967078,46.25475534526429],[-74.49435736101195,46.25475350668129],[-74.49435759008234,46.254751669340536],[-74.49435785418704,46.25474983448429],[-74.49435815332602,46.25474800335485],[-74.49435849109256,46.254746174709915],[-74.49435886389341,46.25474434917064],[-74.49435927172856,46.25474252735814],[-74.4943597154963,46.254740709272454],[-74.49436019609499,46.25473889615584],[-74.49436071172795,46.2547370873872],[-74.49436126239523,46.254735284208735],[-74.4943618489951,46.25473348662056],[-74.49436247152761,46.254731694622556],[-74.49436312729776,46.25472990759369],[-74.49436382079716,46.25472812863961],[-74.4943645466359,46.254726355275736],[-74.49436530840727,46.25472458874444],[-74.49436610611124,46.25472282966675],[-74.4943669388495,46.254721078663906],[-74.49436780482543,46.254719335735814],[-74.49436870493734,46.254717601503685],[-74.49436963738862,46.25471587534641],[-74.4943706012809,46.25471416658108],[-74.49437159841088,46.25471246713281],[-74.4943726278802,46.254710777622805],[-74.49437369058718,46.25470909742992],[-74.49437478653182,46.254707428417525],[-74.4943759148158,46.25470576810115],[-74.49437707543916,46.25470411958641],[-74.49437826840186,46.254702482252206],[-74.49437949370392,46.25470085734081],[-74.4943807513453,46.25469924236768],[-74.49438203863112,46.254697640438515],[-74.49438335825627,46.254696050311],[-74.49438470932245,46.25469447322748],[-74.49438609093134,46.254692908566774],[-74.49438750308299,46.254691357571225],[-74.4943889439807,46.25468981837733],[-74.49439041721777,46.25468829409082],[-74.49439191920092,46.254686785332886],[-74.49439344993017,46.25468528961892],[-74.4943950103038,46.254683808191224],[-74.49439660032186,46.2546823410498],[-74.4943982181877,46.25468089005808],[-74.4943998647996,46.25467945459489],[-74.49440153746266,46.254678034039095],[-74.49440324066845,46.254676629633046],[-74.49440497082368,46.25467524137669],[-74.49440672703007,46.2546738705123],[-74.49440850928758,46.254672515176495],[-74.49441031939288,46.25467117661155],[-74.49441215465102,46.254669856059735],[-74.49441401596029,46.254668552278716],[-74.49441590242238,46.25466726651092],[-74.49441781493562,46.25466599937736],[-74.49441975080506,46.254664748393544],[-74.49442171182731,46.25466351852859],[-74.49442369620577,46.25466230543446],[-74.49442570483875,46.254661111595794],[-74.4944277359296,46.25465993701259],[-74.49442978947836,46.254658781063654],[-74.4944318663833,46.25465764437013],[-74.49443396574611,46.254656528174394],[-74.49443608577018,46.25465543247631],[-74.49443822735383,46.254654355412576],[-74.49444038959871,46.25465329946775],[-74.49444257340316,46.25465226339948],[-74.49444477607224,46.25465124845007],[-74.49444699850424,46.25465025399841],[-74.49444924159752,46.254649281286746],[-74.49445150265707,46.254648329072886],[-74.49445378258127,46.254647399220154],[-74.49445608047176,46.25464649110745],[-74.49445839453195,46.254645603492506],[-74.49446072655843,46.2546447382387],[-74.4944630765512,46.254643895967234],[-74.49446544181535,46.25464307419354],[-74.49446782235084,46.25464227602329],[-74.49447021905603,46.254641500214184],[-74.49447263103256,46.25464074738746],[-74.49447505648385,46.25464001692188],[-74.49447749720646,46.25463930943865],[-74.4944799514038,46.254638624937726],[-74.49448241727929,46.2546379640403],[-74.49448489752778,46.25463732612516],[-74.49448739035269,46.25463671119238],[-74.49448989395738,46.254636121105364],[-74.49449240924018,46.25463555400065],[-74.49449493530277,46.25463500987829],[-74.4944974712468,46.254634489980596],[-74.49450001797065,46.25463399492861],[-74.49450257547424,46.25463352410125],[-74.49450513926608,46.25463307625624],[-74.49450771204106,46.25463265325695],[-74.49451029469748,46.254632253861224],[-74.49451288454046,46.25463187931122],[-74.49451547887499,46.254631530228096],[-74.494518083091,46.25463120412738],[-74.49452069090027,46.25463090287238],[-74.49452330589607,46.25463062708432],[-74.49452592538343,46.25463037614199],[-74.49452855026068,46.25463014880321],[-74.49453117783288,46.254629946931274],[-74.49453381079498,46.254629769284],[-74.49453644735036,46.25462961586135],[-74.49453908660065,46.254629489147945],[-74.49454172585097,46.254629386038],[-74.49454436779621,46.254629309016096],[-74.49454701243641,46.25462925621882],[-74.4945496570766,46.25462922826731],[-74.49455230171681,46.25462922516159],[-74.494554946357,46.25462924690163],[-74.49455759009888,46.25462929410861],[-74.49456023294245,46.25462936491906],[-74.49456287398937,46.25462946181759],[-74.49456551323969,46.25462958418301],[-74.49456814889673,46.254629730773054],[-74.49457078185883,46.25462990283006],[-74.4945734130243,46.25463009786935],[-74.49457603790157,46.25463031899671],[-74.49457865828725,46.25463056621217],[-74.49458127418134,46.254630835167625],[-74.49458388468555,46.25463113083231],[-74.49458648890158,46.25463145010052],[-74.49458908682936,46.254631794835554],[-74.49459167757064,46.25463216379531],[-74.49459426112541,46.25463255573732],[-74.49459683659533,46.254632973146265],[-74.49459940398042,46.25463341477986],[-74.49460196238233,46.25463388125918],[-74.4946045109028,46.254634370720865],[-74.49460704864347,46.25463488502831],[-74.49460957829932,46.25463542169696],[-74.49461209717538,46.25463598383248],[-74.4946146025767,46.254636570192666],[-74.49461709809655,46.254637177671725],[-74.49461958104,46.25463780999651],[-74.49462205050872,46.2546384659248],[-74.49462450829934,46.25463914483543],[-74.4946269508186,46.25463984672837],[-74.49462938076144,46.25464057160365],[-74.49463179722956,46.25464132008238],[-74.49463419573136,46.25464208968003],[-74.49463658075844,46.254642884123406],[-74.49464188081862,46.25464482395661],[-74.49464716291249,46.2546467861509],[-74.49465242883669,46.25464876884289],[-74.49465767948952,46.254650772653704],[-74.49466291217604,46.254652796962176],[-74.4946681277946,46.254654843631805],[-74.49467332814177,46.25465690955678],[-74.49467850962434,46.25465899660061],[-74.4946836740389,46.25466110600551],[-74.49468881958883,46.25466323466583],[-74.49469394986743,46.25466538382375],[-74.49469905948477,46.2546675534794],[-74.49470415293243,46.25466974487495],[-74.49470922661715,46.25467195490477],[-74.49471428233558,46.254674186053364],[-74.49471931918937,46.254676436457345],[-74.49472433897519,46.254678708601254],[-74.49472933720142,46.254681000621645],[-74.49473431746136,46.25468331189743],[-74.49473927885667,46.25468564242853],[-74.49474421959074,46.25468799345729],[-74.4947491423585,46.25469036560487],[-74.49475404446498,46.254692755765454],[-74.49475892591025,46.25469516580258],[-74.49476378849089,46.25469759571616],[-74.49476862861364,46.25470004488509],[-74.49477345077008,46.2547025139305],[-74.49477825046864,46.254705001610105],[-74.49478302950594,46.25470750792389],[-74.49478778878033,46.25471003473531]]]]}},{"type":"Feature","properties":{"zone_code":"CM-02","prefix":"CM","kind":"unknown","n_lots":5,"source":"t3-raster-text","confidence":"raster-cadastre-residual-holdout"},"geometry":{"type":"MultiPolygon","coordinates":[[[[-74.49626554437216,46.2555440363957],[-74.49368885364213,46.25408371922363],[-74.49368608683106,46.25408563547287],[-74.49478778878033,46.25471003473531],[-74.49478302950594,46.25470750792389],[-74.49477825046864,46.254705001610105],[-74.49477345077008,46.2547025139305],[-74.49476862861364,46.25470004488509],[-74.49476378849089,46.25469759571616],[-74.49475892591025,46.25469516580258],[-74.49475404446498,46.254692755765454],[-74.4947491423585,46.25469036560487],[-74.49474421959074,46.25468799345729],[-74.49473927885667,46.25468564242853],[-74.49473431746136,46.25468331189743],[-74.49472933720142,46.254681000621645],[-74.49472433897519,46.254678708601254],[-74.49471931918937,46.254676436457345],[-74.49471428233558,46.254674186053364],[-74.49470922661715,46.25467195490477],[-74.49470415293243,46.25466974487495],[-74.49469905948477,46.2546675534794],[-74.49469394986743,46.25466538382375],[-74.49468881958883,46.25466323466583],[-74.4946836740389,46.25466110600551],[-74.49467850962434,46.25465899660061],[-74.49467332814177,46.25465690955678],[-74.4946681277946,46.254654843631805],[-74.49466291217604,46.254652796962176],[-74.49465767948952,46.254650772653704],[-74.49465242883669,46.25464876884289],[-74.49464716291249,46.2546467861509],[-74.49464188081862,46.25464482395661],[-74.49463658075844,46.254642884123406],[-74.49463419573136,46.25464208968003],[-74.49463179722956,46.25464132008238],[-74.49462938076144,46.25464057160365],[-74.4946269508186,46.25463984672837],[-74.49462450829934,46.25463914483543],[-74.49462205050872,46.2546384659248],[-74.49461958104,46.25463780999651],[-74.49461709809655,46.254637177671725],[-74.4946146025767,46.254636570192666],[-74.49461209717538,46.25463598383248],[-74.49460957829932,46.25463542169696],[-74.49460704864347,46.25463488502831],[-74.4946045109028,46.254634370720865],[-74.49460196238233,46.25463388125918],[-74.49459940398042,46.25463341477986],[-74.49459683659533,46.254632973146265],[-74.49459426112541,46.25463255573732],[-74.49459167757064,46.25463216379531],[-74.49458908682936,46.254631794835554],[-74.49458648890158,46.25463145010052],[-74.49458388468555,46.25463113083231],[-74.49458127418134,46.254630835167625],[-74.49457865828725,46.25463056621217],[-74.49457603790157,46.25463031899671],[-74.4945734130243,46.25463009786935],[-74.49457078185883,46.25462990283006],[-74.49456814889673,46.254629730773054],[-74.49456551323969,46.25462958418301],[-74.49456287398937,46.25462946181759],[-74.49456023294245,46.25462936491906],[-74.49455759009888,46.25462929410861],[-74.494554946357,46.25462924690163],[-74.49455230171681,46.25462922516159],[-74.4945496570766,46.25462922826731],[-74.49454701243641,46.25462925621882],[-74.49454436779621,46.254629309016096],[-74.49454172585097,46.254629386038],[-74.49453908660065,46.254629489147945],[-74.49453644735036,46.25462961586135],[-74.49453381079498,46.254629769284],[-74.49453117783288,46.254629946931274],[-74.49452855026068,46.25463014880321],[-74.49452592538343,46.25463037614199],[-74.49452330589607,46.25463062708432],[-74.49452069090027,46.25463090287238],[-74.494518083091,46.25463120412738],[-74.49451547887499,46.254631530228096],[-74.49451288454046,46.25463187931122],[-74.49451029469748,46.254632253861224],[-74.49450771204106,46.25463265325695],[-74.49450513926608,46.25463307625624],[-74.49450257547424,46.25463352410125],[-74.49450001797065,46.25463399492861],[-74.4944974712468,46.254634489980596],[-74.49449493530277,46.25463500987829],[-74.49449240924018,46.25463555400065],[-74.49448989395738,46.254636121105364],[-74.49448739035269,46.25463671119238],[-74.49448489752778,46.25463732612516],[-74.49448241727929,46.2546379640403],[-74.4944799514038,46.254638624937726],[-74.49447749720646,46.25463930943865],[-74.49447505648385,46.25464001692188],[-74.49447263103256,46.25464074738746],[-74.49447021905603,46.254641500214184],[-74.49446782235084,46.25464227602329],[-74.49446544181535,46.25464307419354],[-74.4944630765512,46.254643895967234],[-74.49446072655843,46.2546447382387],[-74.49445839453195,46.254645603492506],[-74.49445608047176,46.25464649110745],[-74.49445378258127,46.254647399220154],[-74.49445150265707,46.254648329072886],[-74.49444924159752,46.254649281286746],[-74.49444699850424,46.25465025399841],[-74.49444477607224,46.25465124845007],[-74.49444257340316,46.25465226339948],[-74.49444038959871,46.25465329946775],[-74.49443822735383,46.254654355412576],[-74.49443608577018,46.25465543247631],[-74.49443396574611,46.254656528174394],[-74.4944318663833,46.25465764437013],[-74.49442978947836,46.254658781063654],[-74.4944277359296,46.25465993701259],[-74.49442570483875,46.254661111595794],[-74.49442369620577,46.25466230543446],[-74.49442171182731,46.25466351852859],[-74.49441975080506,46.254664748393544],[-74.49441781493562,46.25466599937736],[-74.49441590242238,46.25466726651092],[-74.49441401596029,46.254668552278716],[-74.49441215465102,46.254669856059735],[-74.49441031939288,46.25467117661155],[-74.49440850928758,46.254672515176495],[-74.49440672703007,46.2546738705123],[-74.49440497082368,46.25467524137669],[-74.49440324066845,46.254676629633046],[-74.49440153746266,46.254678034039095],[-74.4943998647996,46.25467945459489],[-74.4943982181877,46.25468089005808],[-74.49439660032186,46.2546823410498],[-74.4943950103038,46.254683808191224],[-74.49439344993017,46.25468528961892],[-74.49439191920092,46.254686785332886],[-74.49439041721777,46.25468829409082],[-74.4943889439807,46.25468981837733],[-74.49438750308299,46.254691357571225],[-74.49438609093134,46.254692908566774],[-74.49438470932245,46.25469447322748],[-74.49438335825627,46.254696050311],[-74.49438203863112,46.254697640438515],[-74.4943807513453,46.25469924236768],[-74.49437949370392,46.25470085734081],[-74.49437826840186,46.254702482252206],[-74.49437707543916,46.25470411958641],[-74.4943759148158,46.25470576810115],[-74.49437478653182,46.254707428417525],[-74.49437369058718,46.25470909742992],[-74.4943726278802,46.254710777622805],[-74.49437159841088,46.25471246713281],[-74.4943706012809,46.25471416658108],[-74.49436963738862,46.25471587534641],[-74.49436870493734,46.254717601503685],[-74.49436780482543,46.254719335735814],[-74.4943669388495,46.254721078663906],[-74.49436610611124,46.25472282966675],[-74.49436530840727,46.25472458874444],[-74.4943645466359,46.254726355275736],[-74.49436382079716,46.25472812863961],[-74.49436312729776,46.25472990759369],[-74.49436247152761,46.254731694622556],[-74.4943618489951,46.25473348662056],[-74.49436126239523,46.254735284208735],[-74.49436071172795,46.2547370873872],[-74.49436019609499,46.25473889615584],[-74.4943597154963,46.254740709272454],[-74.49435927172856,46.25474252735814],[-74.49435886389341,46.25474434917064],[-74.49435849109256,46.254746174709915],[-74.49435815332602,46.25474800335485],[-74.49435785418704,46.25474983448429],[-74.49435759008234,46.254751669340536],[-74.49435736101195,46.25475350668129],[-74.49435716967078,46.25475534526429],[-74.49435701336392,46.25475718571061],[-74.494356893888,46.25475902677805],[-74.49435681034468,46.254760869708846],[-74.49435676453058,46.25476271326073],[-74.49435675375081,46.25476455619136],[-74.49435677980195,46.25476640036428],[-74.49435684178572,46.25476824329483],[-74.49435693970207,46.25477008560417],[-74.49435707355106,46.25477192667113],[-74.49435724512927,46.25477376525352],[-74.49435745174179,46.254775604456945],[-74.49435769518523,46.25477744055464],[-74.49435797456128,46.254779273546504],[-74.49435829076826,46.254781104674905],[-74.49435864111123,46.25478293145526],[-74.49435903008172,46.25478475450868],[-74.49435945228991,46.25478657569863],[-74.49435991043073,46.25478839129823],[-74.49436040540245,46.25479020254979],[-74.49436093630678,46.25479200945327],[-74.49436150404203,46.2547938095241],[-74.49436210411663,46.25479560524689],[-74.49436274102217,46.254797395379384],[-74.49436341206369,46.25479917930034],[-74.49436411993614,46.2548009563887],[-74.49436486194456,46.25480272664445],[-74.49436563808896,46.2548044894464],[-74.49436644836935,46.254806245415715],[-74.49436729548067,46.254807993310166],[-74.49436817493134,46.25480973375082],[-74.4943690894163,46.25481146363205],[-74.49437003803723,46.2548131866806],[-74.49437102079413,46.25481489854858],[-74.49437203589042,46.25481660234165],[-74.49437308512267,46.25481829619641],[-74.49437416669429,46.25481998073392],[-74.49437528240186,46.254821652227456],[-74.4943764304488,46.2548233156461],[-74.49437761263171,46.25482496664182],[-74.49437882625566,46.25482660769918],[-74.49438007132063,46.25482823571257],[-74.4943813496233,46.25482985254531],[-74.49438265846865,46.254831456334074],[-74.49438399965338,46.254833048321075],[-74.49438537048249,46.254834627264025],[-74.49438677365099,46.25483619316294],[-74.49438820826047,46.25483774539669],[-74.49438967161608,46.25483928334418],[-74.49439116641273,46.25484080824761],[-74.49439269085376,46.254842318243604],[-74.49439424404088,46.2548438145744],[-74.49439582777073,46.25484529537666],[-74.49439743934835,46.25484676065031],[-74.49439907967205,46.254848210395394],[-74.49440074874187,46.254849645233],[-74.49440244655774,46.254851064542045],[-74.4944041722214,46.25485246645906],[-74.49440592573282,46.25485385346863],[-74.49440770439709,46.25485522246512],[-74.49440951001081,46.254856574690685],[-74.49441134347231,46.25485790828198],[-74.49441320298494,46.25485922634471],[-74.49441508765041,46.254860525152026],[-74.4944169974687,46.25486180718846],[-74.49441893243984,46.25486307059064],[-74.49442089256378,46.254864316600795],[-74.49442287784056,46.25486554211327],[-74.49442488647354,46.254866750233745],[-74.49442691756438,46.25486793847765],[-74.49442897290976,46.25486910746618],[-74.49443105071302,46.25487025657814],[-74.49443315007582,46.25487138519238],[-74.49443527279486,46.25487249517236],[-74.49443741707343,46.25487358527578],[-74.49443958291158,46.25487465426037],[-74.49444176941098,46.25487570212616],[-74.49444397657163,46.254876729494214],[-74.4944462016986,46.254877735122314],[-74.4944484474868,46.25487872149499],[-74.49445071483457,46.2548796855066],[-74.49445299835203,46.25488062715705],[-74.4944553007341,46.25488154830984],[-74.49445762018416,46.2548824464804],[-74.49445995939718,46.25488332353211],[-74.49446231477985,46.25488417822271],[-74.49446468543388,46.25488500930993],[-74.4944670731559,46.25488581927835],[-74.49446947614929,46.254886606264506],[-74.49447189531236,46.25488736902614],[-74.49447432795014,46.254888110047816],[-74.4944767776559,46.25488882932954],[-74.4944792390398,46.25488952252334],[-74.49448171389841,46.25489019459828],[-74.49448420313006,46.25489084120641],[-74.49448670314149,46.25489146607464],[-74.49448921662766,46.25489206609715],[-74.49449173999528,46.2548926425163],[-74.49449427504103,46.254893194089846],[-74.49449682266317,46.254893722059926],[-74.49449937837016,46.25489422704784],[-74.49411071777091,46.25500981014416],[-74.49360629307762,46.2552924952012],[-74.49461150428729,46.25615552569972],[-74.49483908527799,46.25616889359399],[-74.495340537446,46.25607560522675],[-74.49563134905293,46.25595952001983],[-74.49600326146204,46.25571586786595],[-74.49626269222112,46.25554590414548],[-74.49626554437216,46.2555440363957]]]]}},{"type":"Feature","properties":{"zone_code":"VA-05","prefix":"VA","kind":"unknown","n_lots":1,"source":"t3-raster-text","confidence":"raster-cadastre-residual-holdout"},"geometry":{"type":"MultiPolygon","coordinates":[[[[-74.4985220782299,46.25502610264406],[-74.49819868832087,46.254763259245244],[-74.49801154499268,46.25457992180932],[-74.49774582243332,46.25478294201468],[-74.49793296306656,46.254966280635294],[-74.49766723601563,46.25516930127372],[-74.49799062592464,46.25543214707437],[-74.4985220782299,46.25502610264406]]]]}},{"type":"Feature","properties":{"zone_code":"NA-19","prefix":"NA","kind":"unknown","n_lots":2,"source":"t3-raster-text","confidence":"raster-cadastre-residual-holdout"},"geometry":{"type":"MultiPolygon","coordinates":[[[[-74.49799062592464,46.25543214707437],[-74.49766723601563,46.25516930127372],[-74.49793296306656,46.254966280635294],[-74.49774582243332,46.25478294201468],[-74.49721425604203,46.255189021165734],[-74.49713097952025,46.25510745264495],[-74.49567798598923,46.25432290698654],[-74.49536071001403,46.25417588732005],[-74.49564325173046,46.25398410647056],[-74.49538160123427,46.253855278851475],[-74.49515635227004,46.25370129913426],[-74.49485701565106,46.253424936096046],[-74.49476402115454,46.253339077712596],[-74.49368885364213,46.25408371922363],[-74.49626554437216,46.2555440363957],[-74.49637423962322,46.25546132737822],[-74.49637626262924,46.25545980932451],[-74.49637831348305,46.25545830804142],[-74.49638038859133,46.25545682415006],[-74.49638248885249,46.255455357029284],[-74.49638461606305,46.25545390792144],[-74.49638676842649,46.25545247620528],[-74.49638894324781,46.25545106436545],[-74.49639114501855,46.25544966929619],[-74.4963933692472,46.25544829286094],[-74.49639561862867,46.25544693505975],[-74.49639789046802,46.25544559589256],[-74.49640018476526,46.25544427722277],[-74.49640250331701,46.25544297718705],[-74.49640484342832,46.25544169578534],[-74.49640720509922,46.255440434881024],[-74.49640959012628,46.255439193853036],[-74.4964119949163,46.25543797208021],[-74.49641442216418,46.25543677080478],[-74.49641686917504,46.25543559126906],[-74.49641933684711,46.25543442974626],[-74.49642182518045,46.255433291205456],[-74.49642433148011,46.255432171919786],[-74.49642685754267,46.25543107499496],[-74.49642940336818,46.25542999794646],[-74.49643196716002,46.255428943258806],[-74.49643454891815,46.25542791031087],[-74.4964371495409,46.25542689786035],[-74.49643976543499,46.25542590901299],[-74.49644240019373,46.255424940041905],[-74.49644505112212,46.255423994052876],[-74.49644771822021,46.25542307104576],[-74.49645040148796,46.25542216977841],[-74.49645309823045,46.25542129025079],[-74.49645581204092,46.25542043494737],[-74.49645854022444,46.25541960076257],[-74.496461282781,46.25541879080209],[-74.49646403881229,46.25541800320243],[-74.49646680921663,46.255417237963634],[-74.49646959219737,46.2554164969491],[-74.49647238685621,46.25541577891655],[-74.49647519409147,46.25541508386606],[-74.49647801480148,46.25541441366093],[-74.49648084539294,46.255413765816684],[-74.49648368676418,46.25541314219671],[-74.49648653981352,46.25541254217985],[-74.49648940274433,46.255411967008456],[-74.4964922755566,46.25541141481904],[-74.49649515825035,46.255410885611596],[-74.49649804902896,46.255410383113016],[-74.49650094879068,46.25540990297531],[-74.49650385663725,46.25540944706188],[-74.49650677167034,46.255409015993834],[-74.49650969478829,46.25540860977124],[-74.49651262509273,46.255408227772925],[-74.49651555988878,46.25540786999884],[-74.49651850187134,46.25540753707022],[-74.49652145014208,46.25540722898703],[-74.49652440290443,46.25540694512811],[-74.49652736015834,46.25540668611457],[-74.49653032190383,46.2554064519465],[-74.49653328634429,46.25540624262385],[-74.49653625707293,46.255406056904334],[-74.49653922869989,46.25540589665134],[-74.49654220302179,46.25540576310721],[-74.49654518003862,46.255405651923965],[-74.49654815885212,46.25540556807064],[-74.4965511376656,46.25540550657824],[-74.4965541173774,46.255405471794674],[-74.49655709978414,46.25540546061423],[-74.49656008039425,46.25540547490031],[-74.49656306100437,46.25540551465301],[-74.49656603981785,46.25540557862998],[-74.49656901773302,46.255405667452344],[-74.49657199474987,46.25540578174127],[-74.49657496907177,46.255405920875624],[-74.49657794069873,46.255406084855395],[-74.49658090873244,46.25540627368059],[-74.49658387407119,46.255406486730074],[-74.49658683581669,46.255406724624976],[-74.49658979127398,46.25540698798645],[-74.49659274403629,46.25540727495105],[-74.49659569051042,46.25540758800336],[-74.49659863159468,46.25540792465876],[-74.49660156639071,46.255408285538486],[-74.49660449489853,46.25540867250592],[-74.49660741621985,46.25540908245534],[-74.49661033125294,46.25540951787132],[-74.49661323730288,46.255409976890434],[-74.49661613526798,46.255410460754966],[-74.49661902514825,46.255410967601485],[-74.49662190514705,46.2554114999146],[-74.49662477706102,46.255412054588554],[-74.49662763819519,46.25541263472907],[-74.49663048944791,46.255413238472705],[-74.49663333081917,46.25541386644062],[-74.49663615961398,46.25541451739055],[-74.49663897673072,46.2554151919436],[-74.49664178306766,46.25541588947867],[-74.49664457772651,46.2554166124803],[-74.49664735711401,46.25541735660046],[-74.49665012572171,46.25541812432384],[-74.49665287815974,46.25541891565028],[-74.49665561981799,46.25541973057989],[-74.49665834440823,46.255420566628075],[-74.49666105642208,46.25542142690056],[-74.49666375226624,46.25542230953387],[-74.49666643373739,46.255423214528044],[-74.49666909724219,46.25542414188303],[-74.49667174457734,46.255425090356646],[-74.49667437753943,46.255426062433415],[-74.49667699073859,46.25542705687099],[-74.49667958776807,46.25542807056375],[-74.49668216593295,46.255429108480804],[-74.49668472792814,46.255430166274124],[-74.49668727016038,46.25543124580716],[-74.49668979352802,46.25543234645877],[-74.49669229713271,46.25543346885013],[-74.49669478366943,46.25543461173889],[-74.49669724595162,46.25543577450394],[-74.4966996902675,46.25543695838758],[-74.49694104422815,46.255555003135726],[-74.49761714146382,46.255717495231806],[-74.49799062592464,46.25543214707437]]]]}},{"type":"Feature","properties":{"zone_code":"NA-64","prefix":"NA","kind":"unknown","n_lots":1,"source":"t3-raster-text","confidence":"raster-cadastre-residual-holdout"},"geometry":{"type":"MultiPolygon","coordinates":[[[[-74.50064382706576,46.255902781075875],[-74.50050276551501,46.25580673878235],[-74.50037568983493,46.2557204679694],[-74.500233955446,46.25562490238677],[-74.50018609500431,46.25560394411177],[-74.50003244715812,46.255536660429485],[-74.49992687984087,46.255490430645814],[-74.49916674700702,46.25519100880721],[-74.49904529478061,46.25513443615439],[-74.49883878287658,46.25503824157825],[-74.49866360600626,46.25492996378059],[-74.49862825011333,46.25490121737175],[-74.49835484605998,46.254678930970684],[-74.49817161309821,46.254499395907516],[-74.49811651493025,46.25444844143152],[-74.4980453944109,46.25438266944586],[-74.49788056613266,46.25424316024891],[-74.49769272211856,46.25411281390509],[-74.49748812901596,46.25399568100872],[-74.49730299072748,46.25390580155645],[-74.49726745606979,46.25388855028507],[-74.497049268762,46.253794914540535],[-74.49657813293821,46.25359684874498],[-74.49645695559629,46.25354537849156],[-74.49631725409488,46.25348604123368],[-74.49612845786653,46.253393110437756],[-74.49607421489476,46.25336641056216],[-74.49586537815075,46.25322365073318],[-74.4958418881044,46.253205105991185],[-74.49578090327638,46.25315695982384],[-74.49558549634588,46.252964167884514],[-74.49549540969593,46.25287035725691],[-74.49533122820472,46.25294622931023],[-74.49542225449245,46.25304149022206],[-74.49562537166302,46.25324188737354],[-74.49572159021311,46.253317852086745],[-74.49594684007566,46.25347182977478],[-74.49620833157003,46.25360054524427],[-74.49647530727921,46.253713942739275],[-74.49694605503082,46.25391184412775],[-74.4971587123097,46.25400310749543],[-74.4973683719105,46.254104892376446],[-74.49755962233617,46.2542143861495],[-74.49773388472151,46.25433530695836],[-74.49790485837458,46.25448001864014],[-74.49801154499268,46.25457992180932],[-74.49819868832087,46.254763259245244],[-74.4985220782299,46.25502610264406],[-74.49866959417596,46.25511730639159],[-74.49871736748106,46.25514683780617],[-74.49906271311396,46.25530770187033],[-74.49934350670884,46.25541830942217],[-74.49957037803047,46.255504537231026],[-74.49974507070883,46.25557093335276],[-74.49989824783782,46.25563183795784],[-74.49993246376869,46.25564544263135],[-74.50014293724311,46.25574916550053],[-74.50041475846493,46.255948268883444],[-74.5004832873447,46.25601446197999],[-74.50064382706576,46.255902781075875]]]]}},{"type":"Feature","properties":{"zone_code":"VA-30","prefix":"VA","kind":"unknown","n_lots":4,"source":"t3-raster-text","confidence":"raster-cadastre-residual-holdout"},"geometry":{"type":"MultiPolygon","coordinates":[[[[-74.50360689936916,46.25385128048892],[-74.50322092563094,46.25355459707576],[-74.50271025764643,46.25315561687375],[-74.50247830635185,46.25322943435581],[-74.50212626557516,46.253322438725846],[-74.50197143913933,46.25334559615402],[-74.5016505887676,46.25331707253197],[-74.50137757278645,46.253217286946196],[-74.50103979096826,46.25301452680232],[-74.50092040935859,46.252933828403144],[-74.50077245323803,46.252902428578274],[-74.50044994098305,46.25289026432476],[-74.50033170831861,46.252915825217926],[-74.50024635489187,46.25293427998903],[-74.50012026646029,46.25294560690453],[-74.49888462570215,46.25380132795279],[-74.4980453944109,46.25438266944586],[-74.49811651493025,46.25444844143152],[-74.49817161309821,46.254499395907516],[-74.49835484605998,46.254678930970684],[-74.49862825011333,46.25490121737175],[-74.49866360600626,46.25492996378059],[-74.49883878287658,46.25503824157825],[-74.49904529478061,46.25513443615439],[-74.49946519429386,46.254844010234116],[-74.5002177444484,46.25515459582489],[-74.50052225266846,46.25528026625843],[-74.50065422237022,46.25533473000307],[-74.50079595586081,46.25543029236459],[-74.50037568983493,46.2557204679694],[-74.50050276551501,46.25580673878235],[-74.50064382706576,46.255902781075875],[-74.50065818843221,46.255912324114675],[-74.5008422586238,46.256062334205694],[-74.50130823811787,46.25568651564393],[-74.50131119447347,46.25568828276539],[-74.5014212030615,46.25559965704972],[-74.50141826377387,46.25559789240994],[-74.50167751127667,46.25538904337872],[-74.50274624056344,46.254470923198376],[-74.50272916179327,46.25445901893193],[-74.50360689936916,46.25385128048892]]]]}},{"type":"Feature","properties":{"zone_code":"NA-20","prefix":"NA","kind":"unknown","n_lots":6,"source":"t3-raster-text","confidence":"raster-cadastre-residual-holdout"},"geometry":{"type":"MultiPolygon","coordinates":[[[[-74.49801154499268,46.25457992180932],[-74.49790485837458,46.25448001864014],[-74.49773388472151,46.25433530695836],[-74.49755962233617,46.2542143861495],[-74.4973683719105,46.254104892376446],[-74.4971587123097,46.25400310749543],[-74.49694605503082,46.25391184412775],[-74.49647530727921,46.253713942739275],[-74.49620833157003,46.25360054524427],[-74.49594684007566,46.25347182977478],[-74.49572159021311,46.253317852086745],[-74.49515635227004,46.25370129913426],[-74.49538160123427,46.253855278851475],[-74.49564325173046,46.25398410647056],[-74.49536071001403,46.25417588732005],[-74.49567798598923,46.25432290698654],[-74.49713097952025,46.25510745264495],[-74.49721425604203,46.255189021165734],[-74.49774582243332,46.25478294201468],[-74.49801154499268,46.25457992180932]]],[[[-74.49707765462666,46.25311543022652],[-74.49704574377283,46.25307745302276],[-74.49695274388641,46.25300198552792],[-74.49687190898557,46.2529379367785],[-74.49683809639828,46.25290155584301],[-74.49676688065749,46.252824928391554],[-74.49669275796846,46.25278769700599],[-74.49665571054783,46.25274235876236],[-74.49660132204895,46.25267906069994],[-74.4958418881044,46.253205105991185],[-74.49586537815075,46.25322365073318],[-74.49607421489476,46.25336641056216],[-74.49612845786653,46.253393110437756],[-74.49631725409488,46.25348604123368],[-74.49645695559629,46.25354537849156],[-74.49707765462666,46.25311543022652]]]]}},{"type":"Feature","properties":{"zone_code":"RE-01","prefix":"RE","kind":"unknown","n_lots":1,"source":"t3-raster-text","confidence":"raster-cadastre-residual-holdout"},"geometry":{"type":"MultiPolygon","coordinates":[[[[-74.49478729919849,46.252391395298936],[-74.49466892999014,46.25226740783062],[-74.49459886049968,46.252188409722116],[-74.49459971928908,46.252189401733766],[-74.49460054843408,46.25219040678996],[-74.49460134434142,46.25219142240608],[-74.49460210970604,46.25219245168794],[-74.49460284273133,46.252193490908546],[-74.49460354431555,46.252194540689054],[-74.49460421176381,46.25219560165064],[-74.49460484687272,46.25219667068743],[-74.49460544964226,46.2521977509053],[-74.49460601917416,46.25219883795603],[-74.49460655277343,46.2521999349455],[-74.49460705493168,46.252201038767815],[-74.49460752205563,46.25220214942303],[-74.49460795504359,46.252203267532266],[-74.49460835299728,46.25220439185321],[-74.49460871501833,46.25220552176469],[-74.4946090429034,46.25220665540313],[-74.49460933485587,46.252207794632106],[-74.49460959267236,46.252208937588094],[-74.49460981545455,46.252210084892305],[-74.49461000230414,46.25221123468111],[-74.4946101532211,46.25221238757576],[-74.49461026820546,46.25221354295513],[-74.49461034815552,46.2522146989556],[-74.49461039127465,46.25221585557723],[-74.4946104002578,46.25221701282001],[-74.49461037241002,46.25221816944159],[-74.49461030862965,46.25221932668428],[-74.49461020981497,46.25222048144231],[-74.49461007506767,46.25222163557913],[-74.49460990438777,46.25222278661007],[-74.49460969867357,46.252223934535124],[-74.49460945702675,46.252225079354275],[-74.49460918034565,46.25222622044641],[-74.49460886863024,46.25222735781148],[-74.49460852188054,46.252228490828294],[-74.49460813919825,46.252229616391084],[-74.49460772417656,46.252230736363266],[-74.494607272324,46.25223185074487],[-74.49460678723372,46.25223295767246],[-74.4946062680075,46.25223405838825],[-74.49460571374696,46.252235150407664],[-74.49460512714708,46.25223623373059],[-74.49460450730953,46.25223730773601],[-74.494603853336,46.25223837242376],[-74.49460316612483,46.25223942779395],[-74.49460244926922,46.252240471983036],[-74.49460169737934,46.25224150436988],[-74.49460091494672,46.25224252743906],[-74.49460010107306,46.25224353746368],[-74.49459925575839,46.25224453568602],[-74.4945983807993,46.252245520863696],[-74.4945974752975,46.25224649175446],[-74.49459653925297,46.25224745084299],[-74.49459557446235,46.25224839440212],[-74.49459458002733,46.252249323674405],[-74.49459355684623,46.252250238659656],[-74.49459250671565,46.252251137494454],[-74.494591427839,46.25225202079997],[-74.49459032291121,46.252252887955024],[-74.49458919193226,46.252253737717254],[-74.49458803490216,46.25225457070784],[-74.49458685092262,46.252255386926834],[-74.49458564179025,46.252256184510635],[-74.4945844102,46.252256965943985],[-74.49458315435523,46.252257726878696],[-74.49458187515427,46.25225846855709],[-74.4945805725971,46.2522591916003],[-74.49457924848038,46.25225989662956],[-74.49457790190577,46.252260579917824],[-74.49432060284883,46.25238848014966],[-74.49431576003113,46.25239090209024],[-74.49431093697638,46.252393345150466],[-74.49430613637949,46.25239580808803],[-74.49430135824049,46.25239829028175],[-74.49429659986444,46.25240079359514],[-74.49429186394626,46.25240331616464],[-74.49428715138428,46.25240585861145],[-74.49428246038187,46.2524084203144],[-74.49427779093901,46.25241100127349],[-74.49427314395406,46.25241360273107],[-74.49426852122359,46.25241622344473],[-74.49426392005272,46.25241886341457],[-74.49425934223804,46.252421522640475],[-74.49425478688123,46.25242420174369],[-74.49425025577894,46.252426898239534],[-74.49424574893114,46.252429614612616],[-74.49424126633788,46.25243234962069],[-74.4942368062025,46.252435104506],[-74.49423236942332,46.25243787554161],[-74.49422795779695,46.25244066769677],[-74.49422357132342,46.252443476623405],[-74.49421920820608,46.25244630480609],[-74.4942148711399,46.25244915038143],[-74.4942105583282,46.252452015834],[-74.49420626887272,46.252454897436806],[-74.49420200726503,46.252457797674516],[-74.49419776901351,46.252460715304814],[-74.49419355860978,46.25246365032766],[-74.49418937156224,46.25246660460663],[-74.49418521146414,46.252469574414604],[-74.4941810765189,46.252472562857506],[-74.49417696852312,46.25247556745064],[-74.49417288568013,46.2524785906787],[-74.49416882978663,46.252481630678105],[-74.49416480084257,46.25248468682772],[-74.49416079705136,46.252487759748725],[-74.49415682290453,46.252490849441116],[-74.49415287391055,46.25249395652602],[-74.49414895006939,46.25249707976117],[-74.49414505677096,46.25250021976765],[-74.49414118862533,46.25250337468201],[-74.49413735012413,46.2525065476101],[-74.49413353857237,46.252509734824855],[-74.49412975397009,46.25251293881095],[-74.49412599811389,46.25251615894725],[-74.49412227100377,46.252519394612584],[-74.49411857084311,46.25252264456456],[-74.49411489942854,46.25252591190908],[-74.49411125676006,46.25252919291909],[-74.49410764283768,46.25253249070046],[-74.49410405766137,46.25253580152614],[-74.49410050033285,46.252539129123164],[-74.49409697354704,46.252542471628],[-74.49409347460902,46.25254582779836],[-74.49409000621371,46.25254919887652],[-74.4940865674628,46.25255258362017],[-74.49408315655968,46.25255598389279],[-74.49407977709757,46.25255939783089],[-74.49407642548324,46.25256282667682],[-74.49407310530995,46.25256626918823],[-74.49406981567938,46.25256972474393],[-74.49406655389659,46.25257319520747],[-74.49406332355483,46.25257667871528],[-74.4940601246541,46.25258017588851],[-74.49405695449946,46.252583684863765],[-74.49405381668417,46.252587208746796],[-74.4940507094116,46.2525907456741],[-74.49404763178345,46.25259429502454],[-74.49404458649464,46.25259785679808],[-74.49404157085023,46.25260143285825],[-74.49403858754518,46.252605020099196],[-74.49403563478282,46.252608619763286],[-74.49403271346152,46.25261223309276],[-74.49402982358124,46.252615856981876],[-74.49402696604034,46.25261949391522],[-74.49402413994045,46.25262314202937],[-74.4940213461799,46.25262680194541],[-74.49401858206379,46.25263047490576],[-74.49401585298196,46.252634157804515],[-74.49401315354453,46.25263785312634],[-74.49401048914139,46.25264155900779],[-74.49400785348436,46.25264527606995],[-74.49400525375992,46.25264900493404],[-74.4940026836799,46.25265274311539],[-74.49400014773583,46.25265649185633],[-74.49399764502945,46.25266025302031],[-74.49399517376412,46.252664022880374],[-74.49399273573644,46.252667803921184],[-74.49399033094642,46.252671594900434],[-74.49398795939406,46.25267539643918],[-74.49398562107937,46.25267920729519],[-74.49398331510405,46.25268302933193],[-74.4939810432647,46.25268685944361],[-74.49397880376469,46.25269069887245],[-74.49397659929897,46.25269454699739],[-74.49397442717263,46.25269840630302],[-74.49397228828394,46.252702273062404],[-74.49397018442953,46.25270614913897],[-74.4939681129145,46.25271003391161],[-74.49396607733206,46.2527139273803],[-74.49396407408898,46.25271782892387],[-74.49396210588019,46.252721740405796],[-74.49396017090908,46.25272565809912],[-74.49395827097226,46.25272958448849],[-74.49395640427308,46.25273351895274],[-74.4939545717099,46.25273746149185],[-74.49395277418103,46.25274141148465],[-74.49395101078812,46.25274536831002],[-74.49394928332782,46.25274933321026],[-74.49394758820688,46.25275330432183],[-74.49394592901855,46.2527572835083],[-74.4939443039662,46.25276126828498],[-74.49394271304983,46.252765261136474],[-74.49394115806606,46.25276925957821],[-74.49393963811661,46.25277326547358],[-74.49393815230313,46.25277727758038],[-74.49393670242227,46.252781294035],[-74.49393528577907,46.25278531856449],[-74.49393390596678,46.252789348063],[-74.49393256029049,46.2527933831517],[-74.49393124875017,46.25279742445176],[-74.4939299749391,46.252801471342],[-74.49392873616233,46.25280552258009],[-74.49392753152154,46.25280957940837],[-74.49392636191503,46.252813641205655],[-74.49392522824114,46.25281770735082],[-74.49392412960157,46.252821779086176],[-74.49392306689458,46.25282585454818],[-74.49392203922189,46.25282993435806],[-74.49392104838013,46.25283401851578],[-74.49392009077604,46.252838107642496],[-74.49391917090118,46.25284220049591],[-74.49391828606062,46.252846296454855],[-74.49391743625438,46.25285039551932],[-74.49391662327905,46.25285449955278],[-74.49391584533801,46.252858606070596],[-74.4939151042279,46.25286271507275],[-74.49391439725377,46.25286682842273],[-74.49391372711057,46.2528709442571],[-74.49391309200165,46.25287506257582],[-74.4939124955203,46.25287918462117],[-74.4939119313783,46.2528833072874],[-74.49391140496556,46.252887433680314],[-74.49391091448541,46.252891561315224],[-74.49391045814126,46.252895691434475],[-74.49391004042464,46.252899822174584],[-74.493909656844,46.25290395539908],[-74.49390026226276,46.25301038675343],[-74.4938575931851,46.25349374855247],[-74.49385721948593,46.253497782968175],[-74.49385680895584,46.25350181676246],[-74.49385636339146,46.25350584869294],[-74.49385588099616,46.253509877517345],[-74.49385536356654,46.2535139069626],[-74.49385481110265,46.25351793081721],[-74.49385422180782,46.25352195467148],[-74.49385359568208,46.253525974798485],[-74.49385293542034,46.253529991819455],[-74.49385223922599,46.25353400697662],[-74.49385150709905,46.253538019027765],[-74.4938507399378,46.253542026109315],[-74.4938499359456,46.2535460319483],[-74.49384909871576,46.25355003281773],[-74.49384822375667,46.25355403058103],[-74.49384731376328,46.25355802461719],[-74.49384636963393,46.253562014926054],[-74.49384538777532,46.253565999644266],[-74.49384437178072,46.25356998187752],[-74.49384332075186,46.253573959141235],[-74.49384223199372,46.253577932056594],[-74.49384110999793,46.25358190000242],[-74.49383995206955,46.25358586297868],[-74.49383875910684,46.253589820985404],[-74.4938375338048,46.253593774022654],[-74.49383626897688,46.253597720848006],[-74.4938349718096,46.253601663946164],[-74.49383363870973,46.253605599590124],[-74.49383227057555,46.253609529643455],[-74.49383086740707,46.253613454727216],[-74.49382943010262,46.253617372978006],[-74.49382795776387,46.253621286880396],[-74.49382644949252,46.25362519208636],[-74.49382490708516,46.25362909170161],[-74.49382333144014,46.253632983862765],[-74.49382172076085,46.25363686981203],[-74.49382007414894,46.25364075017067],[-74.49381839429935,46.25364462121168],[-74.49381667941549,46.2536484860409],[-74.49381493129393,46.25365234279478],[-74.49381314723976,46.2536561927157],[-74.49381133084627,46.25366003518246],[-74.49380947941847,46.25366386895281],[-74.49380759385468,46.253667695269],[-74.49380567415494,46.253671512888786],[-74.4938037212175,46.25367532305441],[-74.4938017341441,46.253679123902465],[-74.49379971383301,46.25368291729642],[-74.49379765848765,46.25368670075161],[-74.49379556990462,46.25369047675267],[-74.49379344898222,46.253694242193816],[-74.49379129212721,46.25369800018089],[-74.49378910383119,46.25370174698688],[-74.4937868822975,46.2537054863388],[-74.49378462752614,46.25370921388848],[-74.49378233951711,46.25371293398406],[-74.49378001827041,46.253716642898645],[-74.49377766468437,46.25372034125331],[-74.49377527696235,46.25372403029043],[-74.4937728586976,46.253727710009976],[-74.49377040539855,46.25373137730615],[-74.49376792065848,46.25373503590596],[-74.49376540447737,46.25373868332474],[-74.49376285326196,46.253742318941335],[-74.49376027150383,46.25374594399807],[-74.49375765740638,46.25374955787378],[-74.49375501186785,46.253753161189636],[-74.49375233398997,46.2537567520822],[-74.4937496246711,46.253760332414856],[-74.49374688211452,46.25376390032422],[-74.49374410901524,46.253767457052575],[-74.49374130357661,46.25377100197881],[-74.49373846669694,46.25377453386054],[-74.49373560017287,46.25377805518244],[-74.49373270041113,46.25378156345988],[-74.49372977010668,46.25378505807173],[-74.49372680746288,46.2537885408814],[-74.4937238169713,46.25379201126776],[-74.49372079414036,46.25379546798855],[-74.49371773986839,46.2537989129072],[-74.49371465595202,46.253802344160256],[-74.49371154059462,46.25380576112654],[-74.49370839559282,46.253809167533014],[-74.4937052218449,46.25381255716812],[-74.49370201665599,46.253815935001136],[-74.49369878092432,46.253819298547356],[-74.49369551464996,46.253822648428034],[-74.49369222142612,46.2538259834008],[-74.49368889586295,46.25382930532917],[-74.49368554424862,46.25383261234967],[-74.49368216029494,46.25383590508339],[-74.49367874759518,46.253839184151595],[-74.49367530614931,46.25384244706958],[-74.49367183595739,46.253845697564316],[-74.49366833701936,46.25384893004544],[-74.49366481023355,46.25385214948213],[-74.493661252905,46.25385535338986],[-74.49365766772871,46.25385854114737],[-74.49365405470465,46.25386171461819],[-74.4936504138328,46.253864872559994],[-74.49364674511318,46.25386801435161],[-74.49364304764747,46.25387114061428],[-74.4936393232323,46.25387425010564],[-74.49363557096935,46.2538773453103],[-74.49363179085864,46.25388042312249],[-74.49362798379848,46.253883485405694],[-74.49362414889053,46.25388653029644],[-74.49362028793144,46.253889560279376],[-74.49361640002289,46.2538925722487],[-74.49361248516487,46.253895568689046],[-74.49360854425572,46.25389854773694],[-74.49360457729543,46.253901509392435],[-74.49360058338567,46.25390445551893],[-74.49359656252646,46.253907383631855],[-74.49359251651443,46.253910294352394],[-74.49358844534956,46.253913187680425],[-74.49358434723523,46.25391606361609],[-74.49358022486638,46.253918921538194],[-74.4935760764464,46.25392176268903],[-74.4935719028736,46.253924585826276],[-74.49356770414795,46.25392739032882],[-74.4935634811678,46.25393017743898],[-74.49355923303483,46.25393294653556],[-74.49322216447898,46.25415129414434],[-74.49321995552168,46.254152707259955],[-74.49321772230991,46.25415410360448],[-74.4932154657419,46.25415548131449],[-74.4932131849194,46.25415684038998],[-74.49321088253731,46.2541581802098],[-74.49320855679905,46.25415950139511],[-74.49320620950122,46.254160803324694],[-74.49320383974549,46.254162085377494],[-74.49320144663358,46.254163348174664],[-74.49319903375871,46.25416459109498],[-74.49319659932429,46.25416581538077],[-74.49319414422862,46.25416701854747],[-74.49319166937003,46.25416820121619],[-74.49318917474848,46.25416936338696],[-74.49318665946568,46.25417050568096],[-74.49318412531827,46.25417162747695],[-74.49318157230624,46.25417272815387],[-74.49317900042958,46.25417380771166],[-74.4931764096883,46.2541748655292],[-74.49317380187902,46.25417590222765],[-74.49317117610344,46.254176918428136],[-74.4931685341582,46.25417791226721],[-74.49316587514495,46.25417888374492],[-74.49316319996203,46.25417983472467],[-74.49316050860945,46.25418076272189],[-74.49315780018887,46.25418166835766],[-74.49315507739524,46.25418255225325],[-74.49315234022858,46.25418341316627],[-74.49314958868885,46.25418425233905],[-74.49314682277611,46.254185068529324],[-74.4931440424903,46.25418586235816],[-74.49314124962807,46.25418663258336],[-74.49313844329112,46.25418737920486],[-74.49313562527608,46.25418810470723],[-74.49313279378632,46.25418880536366],[-74.49312995061844,46.254189483658706],[-74.49312709756909,46.25419013835004],[-74.49312423284164,46.25419076943775],[-74.49312135733442,46.25419137754286],[-74.49311847194573,46.25419196142321],[-74.49311557667558,46.25419252169985],[-74.49311267152395,46.25419305775166],[-74.49310975738916,46.25419357144209],[-74.49310683427122,46.2541940584231],[-74.4931039057634,46.25419452366384],[-74.4931009664758,46.25419496467982],[-74.49309802089996,46.254195380849815],[-74.49309506993427,46.25419577279495],[-74.49309211178203,46.25419614051531],[-74.49308914554497,46.254196484631976],[-74.49308617481633,46.254196803902666],[-74.4930831995961,46.25419709832742],[-74.49308021898598,46.254197368527315],[-74.4930772338843,46.2541976145024],[-74.49307424608767,46.254197836873786],[-74.49307125290115,46.25419803377809],[-74.49306825791798,46.25419820583645],[-74.49306525844324,46.25419835242764],[-74.49306225896852,46.25419847541519],[-74.49305925590053,46.25419857479908],[-74.4930562510359,46.25419864871583],[-74.4930532470696,46.25419869778661],[-74.49305024130663,46.25419872139027],[-74.4930472355437,46.25419872139027],[-74.49304422978076,46.25419869778661],[-74.49304122401782,46.25419864685235],[-74.4930382200515,46.254198573556764],[-74.49303521788183,46.25419847479402],[-74.49303221661047,46.25419835056422],[-74.49302921893235,46.254198202730706],[-74.49302622305089,46.254198029430064],[-74.49302323076267,46.254197832525755],[-74.49302024206773,46.25419761077549],[-74.49301725786435,46.254197364800405],[-74.49301427635592,46.254197094600514],[-74.4930113011357,46.25419679893347],[-74.49300833130539,46.25419647966279],[-74.49300536596662,46.25419613554613],[-74.49300240781439,46.25419576658349],[-74.49299945505206,46.25419537401715],[-74.49299651037457,46.254194956604884],[-74.49299357198525,46.25419451683123],[-74.49222957459905,46.25407657040213],[-74.49222411374043,46.25407571507773],[-74.49221866186498,46.25407483801311],[-74.49221321537941,46.254073937965885],[-74.492207777877,46.25407301617841],[-74.49220234756109,46.254072071408295],[-74.49219692622836,46.25407110303445],[-74.49219151387878,46.25407011416263],[-74.49218610871571,46.254069102308215],[-74.49218071343412,46.254068068092344],[-74.49217532623736,46.25406701151506],[-74.49216994892207,46.254065933197445],[-74.49216458148824,46.2540648312761],[-74.49215922303756,46.25406370823561],[-74.49215387357005,46.25406256345484],[-74.49214853578063,46.25406139631259],[-74.49214320697436,46.25406020743005],[-74.49213788804957,46.2540589955649],[-74.49213257990456,46.254057762580594],[-74.49212728253934,46.25405650723483],[-74.49212199595388,46.25405523014876],[-74.49130591694245,46.253856210581084],[-74.49130136248395,46.253855086915166],[-74.49129682060187,46.253853939645424],[-74.4912922912962,46.253852768150644],[-74.49128777456697,46.2538515736732],[-74.49128326951583,46.25385035621305],[-74.49127877973604,46.25384911514907],[-74.49127430253266,46.25384785110242],[-74.49126983880402,46.25384656283073],[-74.49126538855008,46.25384525281864],[-74.49126095266922,46.25384391920273],[-74.49125653205971,46.253842563225255],[-74.49125212672155,46.25384118302277],[-74.49124773485813,46.25383978170102],[-74.49124335826606,46.25383835677542],[-74.49123899784367,46.25383690886713],[-74.49123465359096,46.25383543983956],[-74.4912303246096,46.25383394720815],[-74.49122601179793,46.25383243221516],[-74.49122171515592,46.25383089486065],[-74.49121743648023,46.253829335765694],[-74.49121317217757,46.25382775493032],[-74.49120892763784,46.25382615235453],[-74.4912046983695,46.253824526174874],[-74.49120048886407,46.25382287887598],[-74.49119629463002,46.253821209836616],[-74.49119212105721,46.25381952029915],[-74.49118796365407,46.25381780840011],[-74.49118382691219,46.253816074139515],[-74.49117970633996,46.25381431938079],[-74.49117560642902,46.253812542881576],[-74.49117152538268,46.25381074526315],[-74.49116746409929,46.25380892590424],[-74.49116342257881,46.25380708728956],[-74.49115939992298,46.25380522631327],[-74.4911553988267,46.25380334545999],[-74.49115141749336,46.25380144410855],[-74.49114745682127,46.25379952101667],[-74.49114351681042,46.25379757804783],[-74.49113959746084,46.253795615201994],[-74.49113569967083,46.253793632479145],[-74.4906604711226,46.253549909207564],[-74.49065687067493,46.253548078038065],[-74.4906532477694,46.25354626736665],[-74.49064960420262,46.25354447719335],[-74.4906459417712,46.25354270689698],[-74.49064225598359,46.253540958341084],[-74.49063855043303,46.25353922904094],[-74.49063482601785,46.2535375208601],[-74.49063108183977,46.25353583379852],[-74.49062731610209,46.25353416909855],[-74.49062353239813,46.25353252489671],[-74.49061973072783,46.25353090119294],[-74.490615907498,46.25352929922964],[-74.49061206809846,46.25352772024912],[-74.49060820983432,46.25352616114554],[-74.49060433360387,46.25352462440355],[-74.49060043850879,46.25352310940203],[-74.49059652544742,46.253521616141],[-74.49059259621636,46.25352014524153],[-74.49058865081564,46.2535186973248],[-74.4905846874486,46.253517269906226],[-74.49058070791189,46.25351586609162],[-74.49057671130718,46.25351448401741],[-74.49057269943113,46.25351312430488],[-74.4905686713854,46.253511788196214],[-74.49056462896664,46.25351047320689],[-74.49056057037818,46.2535091824427],[-74.49055649741668,46.253507914040036],[-74.4905524082855,46.253506667999055],[-74.49054830657792,46.253505446183176],[-74.49054419049729,46.253504246107745],[-74.49054005914529,46.25350307025742],[-74.49053591431857,46.2535019173899],[-74.49053175871207,46.25350078750514],[-74.4905275878342,46.253499681224355],[-74.49052340348159,46.253498598547495],[-74.49051920834921,46.25349753823229],[-74.49051500064043,46.25349650338447],[-74.49051077945693,46.253495491519466],[-74.49050655018856,46.253494503258445],[-74.49050230654716,46.253493538601354],[-74.49049805212597,46.25349259816938],[-74.49049378692501,46.253491681341345],[-74.49048951094426,46.25349078935958],[-74.49048522598034,46.25348992036065],[-74.49048092844002,46.25348907558682],[-74.49047662371318,46.25348825565928],[-74.49047230910487,46.25348745809338],[-74.4904679846151,46.253486687237235],[-74.49046365114216,46.25348593936387],[-74.4904593095844,46.253485216336834],[-74.49045495994179,46.25348451815604],[-74.49045060221435,46.25348384357923],[-74.49044623640206,46.253483194469844],[-74.49044186340326,46.25348256834329],[-74.49043748321793,46.25348196830535],[-74.4904330958461,46.25348139249249],[-74.49042870308436,46.25348084152597],[-74.4904243031361,46.25348031478453],[-74.49041989689962,46.25347981226825],[-74.49041548527326,46.25347933646173],[-74.49041106825702,46.253478883638046],[-74.49040664585087,46.25347845628178],[-74.49040221805483,46.2534780537718],[-74.49039778756384,46.253477675487005],[-74.49039334988635,46.25347732329079],[-74.49038891131052,46.25347699531971],[-74.49038446734481,46.25347669281603],[-74.49038001978585,46.25347641577987],[-74.49037556953193,46.25347616234764],[-74.49037111748139,46.2534759343829],[-74.49036666183756,46.253475731885594],[-74.49036220439713,46.25347555361341],[-74.49035774426174,46.25347540080871],[-74.49035328412636,46.253475272850295],[-74.4903488203977,46.2534751703593],[-74.49034435756738,46.25347509271461],[-74.49033989294043,46.25347504053743],[-74.49033542831347,46.25347501382763],[-74.49033096368649,46.25347501196417],[-74.49032649816122,46.253475034947016],[-74.49032203353427,46.253475082776106],[-74.49031757070392,46.25347515483038],[-74.49031310697528,46.25347525359442],[-74.49030864504324,46.25347537658357],[-74.4903041858062,46.25347552441904],[-74.49029972836574,46.253475698964245],[-74.49029527272195,46.25347589649227],[-74.49029081887477,46.25347611948779],[-74.49028636862084,46.2534763685719],[-74.49028192016355,46.25347664188114],[-74.49027747619785,46.253476940657855],[-74.4902730358254,46.25347726365964],[-74.49026859994453,46.253477611507776],[-74.4902641667586,46.25347798482338],[-74.49025973986087,46.253478383606385],[-74.49025531475979,46.25347880661454],[-74.49025089774355,46.25347925509013],[-74.49024648432055,46.25347972654857],[-74.49024207718577,46.2534802240956],[-74.49023767633918,46.25348074711003],[-74.49023328267913,46.25348129372848],[-74.49022889261235,46.25348186457208],[-74.49022451152871,46.253482460883056],[-74.49022013763158,46.25348308204037],[-74.49021577092098,46.25348372680163],[-74.4902114104986,46.25348439765152],[-74.49020706085598,46.25348509210536],[-74.49020271660328,46.25348581078431],[-74.49019838313035,46.25348655368839],[-74.49019405684393,46.25348732205991],[-74.49018973954068,46.2534881127931],[-74.4901854330172,46.25348893023602],[-74.49018113547689,46.25348976879827],[-74.49017684781803,46.253490632827955],[-74.49017257093897,46.25349152170393],[-74.49016830304305,46.253492434805],[-74.49016404772354,46.25349337026774],[-74.49015980228552,46.25349433119791],[-74.4901555685256,46.253495315110854],[-74.49015134554544,46.253496323248896],[-74.49014713693835,46.25349735374859],[-74.49014293911101,46.25349840909456],[-74.49013875296177,46.25349948804446],[-74.49013458028729,46.253500591219506],[-74.4901304201892,46.25350171613498],[-74.4901262753625,46.25350286527559],[-74.49012214221386,46.25350403677784],[-74.49011802164166,46.253505233126305],[-74.49011391723911,46.25350645121529],[-74.49010982631133,46.25350769228702],[-74.49010574975657,46.25350895696268],[-74.49010168937149,46.25351024399997],[-74.49009764425774,46.25351155402006],[-74.49009361441539,46.253512887022936],[-74.49008959804776,46.25351424238739],[-74.49008559874811,46.253515620113475],[-74.49008161741477,46.25351702020118],[-74.49007765045447,46.25351844327163],[-74.49007370146047,46.25351988808258],[-74.49006976953449,46.25352135525509],[-74.49006585377815,46.25352284416806],[-74.49006195598814,46.25352435544268],[-74.49005807616443,46.25352588907887],[-74.49005421430702,46.25352744321317],[-74.49005037131424,46.25352902033025],[-74.49004654538945,46.25353061794548],[-74.49004273922759,46.25353223730114],[-74.49003895282866,46.2535338771549],[-74.49003518439605,46.25353553999143],[-74.49003143662468,46.25353722208372],[-74.49002770861627,46.253538926537665],[-74.49002399857412,46.2535406502474],[-74.49002031098989,46.253542396318686],[-74.49001664316857,46.25354416350928],[-74.4900129951102,46.25354595057679],[-74.49000937040805,46.25354775752127],[-74.49000576546881,46.2535495843427],[-74.49000218119082,46.25355143352567],[-74.48999861937072,46.25355330010103],[-74.4899950800085,46.253555189037925],[-74.48999156220584,46.25355709660943],[-74.48998806775938,46.25355902405789],[-74.48998459577082,46.25356097014097],[-74.48998114444349,46.253562937343325],[-74.489977718269,46.25356492318025],[-74.48997431545071,46.25356692765183],[-74.4899709350903,46.253568951379194],[-74.48996757808607,46.253570995604605],[-74.48996424713302,46.25357305660117],[-74.48996093863781,46.25357513623238],[-74.48995765529544,46.2535772363616],[-74.48995439620761,46.25357935264084],[-74.48995116227258,46.25358148817585],[-74.48994795349039,46.253583642345454],[-74.48994476986103,46.25358581452851],[-74.48994161138448,46.253588003482676],[-74.48993847895909,46.2535902104503],[-74.48993537258484,46.25359243418905],[-74.48993229046509,46.253594676562344],[-74.48992923619312,46.25359693632797],[-74.48992620887061,46.25359921224352],[-74.48992320759925,46.25360150679368],[-74.48992023327735,46.25360381625147],[-74.4899172859049,46.253606142480415],[-74.48991436548191,46.253608485480434],[-74.48991147290668,46.25361084525152],[-74.48990860907756,46.25361322179378],[-74.48990577129958,46.25361561262251],[-74.48990296226769,46.253618020843476],[-74.4899001819819,46.253620443350925],[-74.48989742864553,46.25362288262943],[-74.48989470585192,46.25362533681564],[-74.48989201090606,46.25362780653056],[-74.48988934290966,46.253630290532016],[-74.48988670635431,46.253632789441056],[-74.48988409854505,46.253635303878866],[-74.48988152038017,46.25363783260315],[-74.48987897185972,46.25364037561389],[-74.48987645298365,46.253642933532234],[-74.489873963752,46.25364550449475],[-74.48987150416475,46.253648090364855],[-74.48986907601855,46.25365068865797],[-74.48986667661842,46.25365330185868],[-74.48986430865934,46.25365592748237],[-74.4898619730396,46.25365856739249],[-74.48985966706425,46.25366121848327],[-74.48985739163165,46.253663884481675],[-74.48985514764007,46.25366656166076],[-74.48985293598783,46.253669252505105],[-74.48985075487833,46.25367195577242],[-74.48984860520986,46.25367467084155],[-74.48984648788073,46.25367739647018],[-74.48984440289095,46.253680135764085],[-74.48984234754558,46.253682885617486],[-74.4898403272345,46.253685647893874],[-74.48983833746614,46.253688420729745],[-74.48983638093547,46.25369120598857],[-74.48983445764243,46.253694000564586],[-74.48983256579044,46.25369680570008],[-74.48983070807445,46.253699621395064],[-74.48982888179947,46.25370244951298],[-74.48982708966047,46.2537052857058],[-74.48982533075916,46.253708132458094],[-74.48982360419717,46.25371098976988],[-74.48982191087286,46.253713855777626],[-74.48982025168453,46.25371673048146],[-74.48981862663219,46.2537196157447],[-74.48981703481749,46.25372250970402],[-74.4898154771388,46.25372541298048],[-74.48981395269777,46.25372832371062],[-74.48981246418933,46.25373124375795],[-74.48981100802027,46.25373417188012],[-74.48980958598716,46.253737107455976],[-74.48980819898836,46.2537400517279],[-74.48980684702387,46.25374300345345],[-74.48980552739872,46.253745962632685],[-74.48980424370617,46.25374892988681],[-74.48980299504794,46.25375190397345],[-74.48980178142398,46.253754883650316],[-74.48980060193601,46.2537578707809],[-74.48979945748233,46.25376086598628],[-74.48979834806296,46.253763865539604],[-74.48979727277957,46.25376687192543],[-74.4897962343271,46.253769884522704],[-74.48979523001061,46.25377290271014],[-74.48979426072842,46.25377592586664],[-74.48979332917548,46.25377895461336],[-74.48979242996187,46.2537819889503],[-74.48979156847751,46.25378502763518],[-74.48979074023083,46.25378807191022],[-74.48978994971337,46.253791120533215],[-74.48978919423021,46.25379417288297],[-74.48978847288305,46.253797229580606],[-74.48978778926511,46.25380029000497],[-74.48978714068149,46.25380335477727],[-74.48978652713214,46.25380642265517],[-74.48978595131204,46.25380949363866],[-74.48978540872962,46.25381256897005],[-74.48978490477475,46.253815646785874],[-74.48978443585416,46.25381872708614],[-74.48978400196788,46.253821809870885],[-74.48978360491253,46.25382489451884],[-74.48978324289148,46.253827981651305],[-74.48978291949797,46.253831070647024],[-74.48978262934212,46.25383416088491],[-74.48978237601722,46.25383725360721],[-74.48978216042154,46.25384034695046],[-74.48978197896186,46.25384344153591],[-74.48978183523141,46.253846538605764],[-74.48978172653526,46.25384963505426],[-74.4897816528734,46.253852732123754],[-74.48978161783911,46.25385582857196],[-74.48978161783911,46.2538589256411],[-74.48978165467005,46.25386202395239],[-74.48978172743358,46.25386512102118],[-74.48978183523141,46.253868216847465],[-74.48978197986018,46.25387131267363],[-74.48978216221818,46.25387440787845],[-74.48978237781384,46.253877501840776],[-74.48978263113877,46.25388059393948],[-74.48978292129458,46.25388368355341],[-74.48978324648472,46.25388677378832],[-74.48978360670915,46.25388986091728],[-74.48978400466281,46.253892945561425],[-74.48978443944742,46.253896027720835],[-74.48978490836801,46.253899108016576],[-74.48978541322118,46.253902185827585],[-74.48978595400699,46.25390526053262],[-74.48978653252205,46.2539083321317],[-74.48978714517305,46.25391140000372],[-74.4897877937567,46.25391446352753],[-74.48978847827293,46.253917525808845],[-74.48978919782348,46.25392058187845],[-74.48978995510326,46.2539236348421],[-74.48979074741736,46.25392668283639],[-74.48979157296908,46.253929727103625],[-74.48979243625007,46.25393276578027],[-74.48979333546366,46.25393580010871],[-74.48979426881326,46.25393882884663],[-74.48979523719713,46.25394185261516],[-74.48979624151362,46.2539448695508],[-74.48979728086441,46.25394788275941],[-74.4897983561478,46.25395088851399],[-74.48979946377055,46.25395388867809],[-74.48980060912254,46.253956882630476],[-74.4898017886105,46.25395986975001],[-74.48980300313276,46.253962850657906],[-74.48980425179101,46.25396582411179],[-74.48980553728018,46.253968790732856],[-74.48997929481233,46.254364452440456],[-74.49001909107774,46.25442946540682],[-74.4900214051379,46.25443327862553],[-74.49002368865537,46.25443710054003],[-74.49002593534189,46.25444093177148],[-74.490028152384,46.25444477231982],[-74.49003033529013,46.25444862218512],[-74.49003248675525,46.25445248074616],[-74.49003460228775,46.25445634862413],[-74.4900366863792,46.254460224576775],[-74.49003873813132,46.25446410860401],[-74.49004075574743,46.25446800256932],[-74.49004273922759,46.254471903366955],[-74.49004469126669,46.25447581348151],[-74.49004660827153,46.25447973042837],[-74.49004849203867,46.25448365420758],[-74.49005034256815,46.25448758730368],[-74.49005215896165,46.25449152723212],[-74.4900539421175,46.25449547523517],[-74.49005569113736,46.25449943131283],[-74.49005740602124,46.254503392359354],[-74.49005908766743,46.25450736148049],[-74.49006073517768,46.25451133743396],[-74.49006234945024,46.25451532021973],[-74.49006392689188,46.254519309216676],[-74.4900654728925,46.254523305667064],[-74.49006698296047,46.25452730770747],[-74.49006846068912,46.254531315337886],[-74.49006990248515,46.25453532917949],[-74.4900713101452,46.25453934923226],[-74.49007268456758,46.254543375496155],[-74.49007402215905,46.25454740672895],[-74.49007532741115,46.25455144355172],[-74.49007659762896,46.25455548534339],[-74.49007783281249,46.25455953272502],[-74.49007903296169,46.254563584454395],[-74.49008019987325,46.25456764115262],[-74.4900813308522,46.25457170344086],[-74.49008242859345,46.25457577069799],[-74.49008348950382,46.25457984168166],[-74.49008451627819,46.25458391639186],[-74.49008550891658,46.25458799544981],[-74.49008646652068,46.25459207823434],[-74.49008738729385,46.25459616536655],[-74.49008827662597,46.254600256225345],[-74.49008912822885,46.25460435143184],[-74.49008994479745,46.25460844850143],[-74.49009072633176,46.25461255053992],[-74.49009147283174,46.25461665444146],[-74.49009218609409,46.25462076269079],[-74.49009286342383,46.25462487156092],[-74.49009350482093,46.25462898415763],[-74.49009411118374,46.25463310048086],[-74.49009468341056,46.25463721866724],[-74.49009521880649,46.254641338716745],[-74.49009572006642,46.25464546062935],[-74.49009618449543,46.254649585647364],[-74.49009661478843,46.254653711286224],[-74.49009701004715,46.25465783816704],[-74.49009736937327,46.25466196753217],[-74.49009769456342,46.25466609938156],[-74.4900979829226,46.254670231230584],[-74.4900980529912,46.25467137972556],[-74.49009808892382,46.25467252822051],[-74.49009808892382,46.25467367733659],[-74.49009805209288,46.25467482645264],[-74.4900979820243,46.25467597556863],[-74.49009787602309,46.254677121578915],[-74.4900977349876,46.25467826758917],[-74.4900975589178,46.254679409251374],[-74.49009734961034,46.254680549671285],[-74.49009710257364,46.2546816863643],[-74.49009682140095,46.254682818709306],[-74.49009650609229,46.25468394546399],[-74.49009615485102,46.25468507035523],[-74.49009577037208,46.25468618717154],[-74.49009535265546,46.25468729963984],[-74.49009489810793,46.25468840465441],[-74.49009441211936,46.2546895034575],[-74.49009389199482,46.2546905941857],[-74.49009333953092,46.25469167746019],[-74.49009275203271,46.25469275265977],[-74.49009213219517,46.25469381729986],[-74.49009148091659,46.25469487448622],[-74.49009079640034,46.254695921734275],[-74.49009008044305,46.25469695718062],[-74.49008933214643,46.25469798268856],[-74.49008855240876,46.25469899763711],[-74.49008774123004,46.25469999954163],[-74.49008690040695,46.254700989644384],[-74.49008602993945,46.25470196732424],[-74.49008512892921,46.254702931338905],[-74.4900841991729,46.254703882309606],[-74.49008324067049,46.25470481961509],[-74.49008225252366,46.25470574263425],[-74.49008123652908,46.25470664950367],[-74.49008019358504,46.25470754332906],[-74.49007912189491,46.25470841976246],[-74.49007802505194,46.25470928066723],[-74.49007690125953,46.254710125422264],[-74.49007575321258,46.25471095216414],[-74.4900745782162,46.25471176337739],[-74.49007268995746,46.25471305721905],[-74.49007082595325,46.25471437031608],[-74.4900689888985,46.25471570018399],[-74.49006717699658,46.25471704620156],[-74.49006539294243,46.254718410232314],[-74.4900636349394,46.254719791654985],[-74.4900619065808,46.254721188606226],[-74.49006020247671,46.25472260232831],[-74.49005852891534,46.25472403157892],[-74.49005688230342,46.2547254763581],[-74.4900552653359,46.254726936665804],[-74.49005367621616,46.25472841250205],[-74.49005211763915,46.2547299032457],[-74.49005058601158,46.25473140951788],[-74.49004908672339,46.25473292883402],[-74.49004761528295,46.25473446243641],[-74.49004617618186,46.254736010325054],[-74.49004476672519,46.25473757063651],[-74.49004338870955,46.25473914461306],[-74.4900420403383,46.25474073163361],[-74.4900407243064,46.25474233231921],[-74.49003943971555,46.254743943564236],[-74.49003818746405,46.254745567853206],[-74.49003696665358,46.25474720332271],[-74.49003577818246,46.25474885059385],[-74.49003462205069,46.2547505084244],[-74.49003349915658,46.25475217867774],[-74.49003241039844,46.254753857627044],[-74.49003135218305,46.25475554651457],[-74.49003033079856,46.254757246582614],[-74.49002934085512,46.25475895534662],[-74.49002838235272,46.25476067342772],[-74.49002746068123,46.254762401447046],[-74.4900265722474,46.25476413629886],[-74.49002571705128,46.25476588046779],[-74.49002489868606,46.2547676327115],[-74.49002411266017,46.25476939240887],[-74.49002336256692,46.25477115831765],[-74.49002264750794,46.254772932301194],[-74.49002196658496,46.25477471249607],[-74.49002132159458,46.25477649952353],[-74.49002071074018,46.25477829276232],[-74.49002013581841,46.25478009034904],[-74.49001959682924,46.25478189352602],[-74.49001909107774,46.25478370167204],[-74.49001862305546,46.254785514787166],[-74.4900181900675,46.25478733162911],[-74.49001779211383,46.25478915281897],[-74.49001743278772,46.2547909777356],[-74.4900171075976,46.25479280575787],[-74.49001681744174,46.25479463750698],[-74.49001656591346,46.25479647049831],[-74.49001634762284,46.254798305353006],[-74.49001616616316,46.25480014331331],[-74.49001602243271,46.2548019825159],[-74.49001591463488,46.254803823581796],[-74.49001584007472,46.25480566340537],[-74.49001580504041,46.254807505713444],[-74.49001580504041,46.25480934740036],[-74.49001584187135,46.25481118846601],[-74.49001591373657,46.254813030773946],[-74.49001602333104,46.25481487059721],[-74.4900161688581,46.25481670979926],[-74.49001634852115,46.254818547758994],[-74.49001656681179,46.254820383855204],[-74.49001681923838,46.25482221684563],[-74.49001710939423,46.25482404735149],[-74.49001743548267,46.254825875372674],[-74.4900177966054,46.25482769966697],[-74.49001819366076,46.254829521476644],[-74.49001862754704,46.25483133831708],[-74.49001909556931,46.25483315080948],[-74.4900196004225,46.25483495957496],[-74.49002013941166,46.254836763371294],[-74.49002071523178,46.254838561577245],[-74.49002132608615,46.25484035357171],[-74.49002197287315,46.25484214059702],[-74.49002265379615,46.254843920789696],[-74.49002336975342,46.25484569352859],[-74.49002411984668,46.25484746067717],[-74.49002490677087,46.25484922037197],[-74.49002572513609,46.25485097261303],[-74.49002658033226,46.254852715536934],[-74.49002746876607,46.25485445162819],[-74.49002839223418,46.254856178402264],[-74.49002934714333,46.25485789648032],[-74.4900303388834,46.254859605862286],[-74.49003136206451,46.254861305306],[-74.49003242027992,46.25486299481137],[-74.49003351083468,46.254864674378375],[-74.49003463372878,46.25486634338599],[-74.49003578986054,46.2548680018341],[-74.49003697833167,46.25486964848051],[-74.49003819824382,46.25487128332516],[-74.49003945229195,46.25487290761035],[-74.4900407359845,46.254874519472644],[-74.49004205201639,46.254876119533236],[-74.49004339948932,46.254877705307514],[-74.4900447793016,46.25487927928004],[-74.4900461896566,46.25488084145087],[-74.49004762965599,46.25488238871424],[-74.4900490992998,46.2548839216913],[-74.49005060038463,46.25488544162437],[-74.49005213021556,46.25488694665001],[-74.49005369058922,46.25488843738931],[-74.49005527881064,46.25488991260009],[-74.49005689757477,46.254891373524536],[-74.49005854328838,46.25489281829931],[-74.49006021774807,46.25489424754549],[-74.49006192005554,46.25489566064195],[-74.49006365110908,46.254897057588714],[-74.49006540821377,46.25489843838577],[-74.49006719316624,46.254899802411984],[-74.49006900506818,46.25490114842507],[-74.49007084212293,46.25490247828846],[-74.49007270612715,46.25490379075984],[-74.49007459438589,46.25490508459693],[-74.49007651049237,46.254906360420954],[-74.49007844905675,46.25490761823178],[-74.49008041367229,46.2549088574084],[-74.49008240254231,46.25491007857192],[-74.49008441297194,46.25491128047998],[-74.49008644855435,46.2549124637538],[-74.490088507493,46.25491362652995],[-74.49009058888952,46.25491476942956],[-74.49009269364221,46.25491589431602],[-74.49009481815787,46.25491699746257],[-74.4900969651314,46.25491808135368],[-74.4900991336645,46.25491914536829],[-74.49010132196051,46.25492018640064],[-74.49010353091782,46.25492120817764],[-74.49010576053634,46.25492220945691],[-74.4901080090195,46.254923188375116],[-74.49011027726557,46.25492414741679],[-74.49011256347801,46.25492508347624],[-74.49011486855503,46.254925998416866],[-74.4901171898017,46.25492689161757],[-74.49011952991303,46.25492776245716],[-74.49012188619402,46.25492861155683],[-74.49012425954298,46.25492943767422],[-74.49012664906165,46.25493024143056],[-74.49012905295336,46.2549310222047],[-74.49013147301471,46.2549317806177],[-74.49013390834746,46.254932515427406],[-74.4901363562566,46.254933227254824],[-74.4901388194371,46.2549339167212],[-74.49014129519404,46.25493458134193],[-74.49014378352737,46.25493522360156],[-74.49014628443712,46.25493584225786],[-74.49014879702497,46.25493643668962],[-74.49015132218923,46.25493700751808],[-74.49015385723497,46.25493755412201],[-74.49015640395879,46.254938076501446],[-74.49015895966579,46.254938575277485],[-74.49016152525422,46.25493905045019],[-74.49016409982583,46.25493950015616],[-74.49016668427892,46.25493992563759],[-74.49016927412187,46.254940326273434],[-74.49017187384632,46.25494070330589],[-74.49017447985894,46.2549410542504],[-74.4901770921598,46.254941382212735],[-74.49017971254548,46.25494168408717],[-74.49018233832105,46.25494196235823],[-74.49018496768988,46.254942214541394],[-74.49018760155032,46.254942442500074],[-74.49019024080062,46.25494264561307],[-74.49019288364417,46.25494282201708],[-74.49019553008101,46.25494297543885],[-74.49019817831446,46.254943103393835],[-74.49020083014118,46.254943205260936],[-74.4902034828662,46.25494328352465],[-74.49020613648956,46.254943335079325],[-74.49020879190955,46.25494336303068],[-74.49021144643119,46.25494336551523],[-74.4902141027495,46.254943342533004],[-74.49021675727117,46.254943294084036],[-74.49021940909789,46.254943221410585],[-74.49022206092461,46.25494312202806],[-74.49022471005637,46.25494299842103],[-74.49022735649321,46.254942849347266],[-74.49023000023509,46.254942676048984],[-74.49023263948538,46.25494247728395],[-74.49023527514244,46.254942254294384],[-74.49023790540959,46.254942005216925],[-74.49024053208348,46.25494173191499],[-74.49024315157084,46.25494143314631],[-74.49024576566832,46.25494111139535],[-74.49024837257927,46.2549407629354],[-74.49025097410033,46.25494039025091],[-74.49025356663824,46.25493999334193],[-74.49025615109132,46.25493957096621],[-74.49025872745956,46.25493912622941],[-74.49026129484463,46.25493865602582],[-74.49026385144994,46.25493816221884],[-74.49026639997041,46.25493764294512],[-74.49026893771106,46.254937100068055],[-74.49027146377367,46.254936532966454],[-74.49027397725982,46.25493594226152],[-74.49027648176282,46.254935327953234],[-74.49027897279112,46.254934690041566],[-74.49028145034467,46.2549340291477],[-74.49028391532181,46.25493334340818],[-74.4902863659259,46.25493263530759],[-74.49028880305526,46.25493190422475],[-74.49029122581159,46.254931148917414],[-74.49029363239823,46.25493037187018],[-74.49029602461182,46.25492957184066],[-74.49029839975745,46.254928750071244],[-74.4903007596317,46.25492790531958],[-74.49030310243796,46.25492703696457],[-74.49030542727792,46.25492614811186],[-74.49030773594819,46.25492523689807],[-74.49031002485553,46.254924303944314],[-74.49031229579658,46.25492334987177],[-74.49031454697469,46.25492237405928],[-74.49031677838984,46.254921375885694],[-74.4903189918387,46.25492035907786],[-74.49032118372799,46.25491931928781],[-74.49032335585436,46.25491826024233],[-74.49032550642114,46.25491717883573],[-74.49032763542836,46.25491607817379],[-74.49032974287603,46.25491495825645],[-74.4903318278658,46.25491381784141],[-74.49033389039768,46.254912658170966],[-74.49033592867507,46.254911478002875],[-74.49033794449457,46.25491027920047],[-74.49033993785618,46.254909061763826],[-74.49034190606497,46.254907826314074],[-74.49034384912092,46.25490657098781],[-74.49034576882069,46.25490529702725],[-74.490347661571,46.254904006916945],[-74.49034952916848,46.25490269817242],[-74.49035137161312,46.25490137079365],[-74.4903531871083,46.254900027265116],[-74.49035497655235,46.25489866572348],[-74.49035673814863,46.25489728803214],[-74.49035847369375,46.2548958941911],[-74.49036018139113,46.25489448420035],[-74.49036185944406,46.2548930568176],[-74.49036351054757,46.25489161390629],[-74.49036513470158,46.25489015608752],[-74.4903667274146,46.254888682740194],[-74.49036829227981,46.25488719510657],[-74.49036982750064,46.25488569318664],[-74.49037133217874,46.25488417511699],[-74.49037280811073,46.254882644003395],[-74.49037425439835,46.254881099224605],[-74.49037566834662,46.254879540780635],[-74.49037705265046,46.25487796867153],[-74.49037840551328,46.25487638289726],[-74.49037972693506,46.25487478718465],[-74.49038101691582,46.254873177185765],[-74.49038227545553,46.25487155414287],[-74.49038350165588,46.25486992116165],[-74.4903846955169,46.25486827575756],[-74.49038585614025,46.254866619794015],[-74.49038698532257,46.25486495202872],[-74.49038808126721,46.25486327370397],[-74.49038914397418,46.254861586683184],[-74.4903901734435,46.25485988910294],[-74.49039117057347,46.25485818096323],[-74.49039213087251,46.254856464748585],[-74.49039306062883,46.254854739216796],[-74.49039395445253,46.254853004988995],[-74.49039481414027,46.25485126206511],[-74.49039564059031,46.25484951168752],[-74.49039643110777,46.25484775385613],[-74.49039718838756,46.25484598794986],[-74.49039790883641,46.25484421583209],[-74.49039859694592,46.25484243563942],[-74.4903992482245,46.25484065109872],[-74.4903998653671,46.25483885972538],[-74.49040044657708,46.254837062140545],[-74.49040099185447,46.25483526020768],[-74.49040150299587,46.254833452063366],[-74.49040197730635,46.25483164019212],[-74.49040241748081,46.254829823972806],[-74.49040281992606,46.25482800278429],[-74.49040318643873,46.25482617911115],[-74.49040351791704,46.25482435108999],[-74.49040381525941,46.254822520584135],[-74.49040407307591,46.25482068759372],[-74.4904042976547,46.25481885273978],[-74.4904044854026,46.25481701602236],[-74.49040463631958,46.25481517682032],[-74.49040475040562,46.25481333699707],[-74.49040482945736,46.254811494689136],[-74.4904048716782,46.2548096536235],[-74.49040487796638,46.254807811936594],[-74.49040484742366,46.254805969628535],[-74.49040478005001,46.25480412918386],[-74.49040467943871,46.254802288739086],[-74.49040454019983,46.25480044891539],[-74.49040436502835,46.254798611576206],[-74.49040415392427,46.254796774858114],[-74.49040390688758,46.254794940624485],[-74.49040362301994,46.2547931101177],[-74.49040330411799,46.25479128209543],[-74.49040294928346,46.25478945717877],[-74.49040255941465,46.2547876341255],[-74.49040213181655,46.25478581666246],[-74.49040166828588,46.254784002926186],[-74.49040117061921,46.254782194159034],[-74.49040063701995,46.25478038911864],[-74.49040006838635,46.25477858966848],[-74.49039946292187,46.254776797050845],[-74.49039882332139,46.254775008781145],[-74.4903981495849,46.254773227965075],[-74.4903974381192,46.254771452739284],[-74.49039669431414,46.25476968496709],[-74.49039591457648,46.254767924648576],[-74.49039510160115,46.254766171162615],[-74.4903942526932,46.25476442575139],[-74.4903933705476,46.25476268903613],[-74.49039245336769,46.25476095977455],[-74.4903915020518,46.25475924107234],[-74.49039051749826,46.25475752982379],[-74.49038949970704,46.254755829134595],[-74.49038844867816,46.25475413776248],[-74.49038736351329,46.25475245694977],[-74.49038624600908,46.25475078607528],[-74.49038509616551,46.254749125760206],[-74.4903839130843,46.25474747662562],[-74.49038269856203,46.25474583867156],[-74.4903814517004,46.25474421376144],[-74.49038017249944,46.2547425987896],[-74.49037886006082,46.25474099686169],[-74.49037751977441,46.25473940797774],[-74.49037614535202,46.254737832137735],[-74.49037474128524,46.25473626872057],[-74.49037330667574,46.25473471896851],[-74.4903718415235,46.25473318288156],[-74.49037034672688,46.25473166108086],[-74.49036882048921,46.25473015294523],[-74.49036726640377,46.25472865971706],[-74.49036568267391,46.25472718201737],[-74.49036406840133,46.25472571798283],[-74.49036242807763,46.25472427071908],[-74.4903607572112,46.254722838983916],[-74.49035906029364,46.254721422777266],[-74.49035733462998,46.25472002272031],[-74.49035558201686,46.254718640055344],[-74.49035380245428,46.254717271676604],[-74.49035199684056,46.25471592317443],[-74.49035016248074,46.25471459020084],[-74.49034830296812,46.25471327586151],[-74.49034641920095,46.254711977671825],[-74.49034450938265,46.25471069811645],[-74.49034257351323,46.25470943781649],[-74.49034061338928,46.25470819490853],[-74.49033862901081,46.254706971256],[-74.49033662127616,46.254705766237684],[-74.49033459018528,46.25470457985368],[-74.49033253663656,46.254703412725114],[-74.49033045883331,46.25470226609426],[-74.49032835857219,46.254701138097644],[-74.49032623675146,46.254700031219926],[-74.4903240933712,46.25469894421879],[-74.49032276835615,46.254698265930045],[-74.49032146490067,46.25469757024926],[-74.49032018120815,46.254696855313064],[-74.49031892266842,46.25469611987909],[-74.49031768478997,46.254695367053074],[-74.4903164702677,46.25469459683506],[-74.49031527910164,46.254693809224996],[-74.49031411219008,46.254693002980616],[-74.49031297132967,46.25469218120766],[-74.49031185562208,46.254691342042605],[-74.49031076416902,46.254690486727846],[-74.49030970146204,46.25468961588451],[-74.49030866211125,46.254688728891374],[-74.49030765330319,46.2546878282331],[-74.49030667144459,46.2546869120462],[-74.49030571743374,46.25468598219413],[-74.49030479127069,46.254685038055726],[-74.49030389475203,46.25468408025218],[-74.49030302787779,46.25468310878342],[-74.49030219064794,46.2546821267552],[-74.49030138396081,46.254681132304114],[-74.49030060691808,46.25468012480895],[-74.4902998604181,46.254679107996644],[-74.49029914535913,46.25467807876146],[-74.49029846263952,46.254677040830245],[-74.49029781046261,46.254675992339514],[-74.4902971915234,46.25467493515279],[-74.49029660582183,46.25467386678546],[-74.49029605066299,46.25467279220666],[-74.49029552964012,46.254671710174065],[-74.4902950418549,46.25467061882438],[-74.49029458640906,46.25466952188433],[-74.49029416420088,46.25466841935395],[-74.49029377792532,46.25466730874869],[-74.4902934248874,46.25466619379541],[-74.49029310418885,46.254665073872964],[-74.4902928185246,46.254663950223616],[-74.49029256879294,46.25466282098395],[-74.49029235140064,46.25466168925969],[-74.49029216994094,46.25466055505084],[-74.49029202261725,46.254659418357335],[-74.49029190942952,46.254658279179296],[-74.49029154740846,46.25465374607028],[-74.49029115125141,46.254649216066625],[-74.49029071916176,46.254644687304896],[-74.49029025203781,46.25464015916391],[-74.49028974718463,46.25463563412827],[-74.49028920729715,46.25463111095573],[-74.49028863327368,46.25462658902508],[-74.4902880233176,46.25462207019978],[-74.4902873774289,46.25461755199522],[-74.49028669560761,46.25461303813832],[-74.49028597965032,46.25460852676562],[-74.49028522776044,46.25460401725603],[-74.49028443993794,46.25459951085175],[-74.49028361618281,46.25459500879512],[-74.4902827573934,46.25459050922271],[-74.49028186267138,46.25458601213451],[-74.49028093381337,46.25458151877277],[-74.49027996992108,46.254577029758714],[-74.49027896919786,46.25457254385002],[-74.49027793344031,46.254568062288946],[-74.49027686354682,46.25456358383324],[-74.49027575861903,46.25455911034637],[-74.49027461865693,46.25455463996482],[-74.49027344276223,46.254550175173215],[-74.49027223093492,46.2545457153504],[-74.49027098497162,46.25454125925411],[-74.49026970487232,46.254536808126616],[-74.49026838884043,46.254532361346804],[-74.49026703777425,46.254527920156896],[-74.49026565167377,46.254523483935834],[-74.49026423053898,46.25451905330472],[-74.49026277436991,46.254514627021244],[-74.49026128586146,46.25451020819115],[-74.49025975962381,46.254505794329866],[-74.49025820104679,46.254501384816265],[-74.49025660653716,46.25449698337721],[-74.49025497789155,46.254492586906956],[-74.49025331331335,46.25448819726898],[-74.49025161549746,46.25448381384207],[-74.49024988354559,46.25447943600518],[-74.49024811745772,46.25447506624279],[-74.49024631453895,46.25447070207037],[-74.49024448107747,46.25446634535138],[-74.49024261078503,46.2544619960858],[-74.49024070635663,46.254457653031295],[-74.49023876869056,46.254453316809084],[-74.49023679688852,46.25444898990374],[-74.49023479095048,46.25444466920954],[-74.49023275087647,46.254440357211],[-74.4902306766665,46.254436050802454],[-74.49022857011715,46.25443175433188],[-74.49022642763519,46.254427465314784],[-74.4902242528139,46.254423184372236],[-74.4902220438566,46.25441891212543],[-74.49021980255998,46.254414647332034],[-74.49021752622905,46.25441039185548],[-74.49021521755877,46.2544061438324],[-74.49021287385419,46.25440190636847],[-74.49021049781027,46.25439767697913],[-74.490208089427,46.25439345690668],[-74.49020564780605,46.254389246151085],[-74.4902031720491,46.25438504409124],[-74.49020066395285,46.254380851348245],[-74.4901981226189,46.25437666916447],[-74.49016238673859,46.254318287510266],[-74.48999162868118,46.253929464356226],[-74.48999060190681,46.25392708161615],[-74.4899896074718,46.25392469142219],[-74.48998865076601,46.25392229563773],[-74.48998772639959,46.253919891157004],[-74.48998683706745,46.25391748232818],[-74.48998598456625,46.25391506728767],[-74.48998516530271,46.25391264541439],[-74.48998438107347,46.253910218571754],[-74.48998363367515,46.25390778675985],[-74.48998292041281,46.25390534873628],[-74.48998224308309,46.25390290636452],[-74.48998159988935,46.253900459644605],[-74.48998099442484,46.253898008576485],[-74.489980422198,46.25389555253908],[-74.4899798868021,46.25389309339576],[-74.48997938644048,46.25389063052544],[-74.48997892290981,46.25388816454924],[-74.4899784935151,46.253885695467154],[-74.48997810184964,46.253883222658075],[-74.48997774432014,46.25388074860655],[-74.4899774236216,46.253878271449146],[-74.48997713975396,46.2538757924282],[-74.489976889124,46.253873311543636],[-74.48997667622328,46.25387082817436],[-74.48997649925516,46.25386834418385],[-74.48997635821966,46.25386585832974],[-74.48997625221845,46.25386337247551],[-74.48997618484482,46.253860886621226],[-74.48997615160717,46.25385839952445],[-74.48997615340379,46.2538559124276],[-74.48997619382797,46.25385342533065],[-74.48997626928644,46.25385093823353],[-74.48997637977924,46.253848452378676],[-74.48997652710295,46.25384596714483],[-74.48997670946095,46.253843484395475],[-74.48997692954819,46.25384100164601],[-74.48997718466971,46.253838520138764],[-74.48997747572388,46.253836041737124],[-74.48997780181232,46.2538335645777],[-74.4899781647317,46.253831090523946],[-74.48997856358368,46.253828618333515],[-74.48997899836829,46.2538261492488],[-74.48997946818719,46.25382368451198],[-74.48997997483701,46.25382122225971],[-74.48998051652111,46.253818763734216],[-74.48998109323952,46.253816308314384],[-74.48998170589054,46.253813858484826],[-74.48998235357587,46.25381141113977],[-74.48998303719381,46.25380897062732],[-74.48998375674435,46.25380653446282],[-74.48998451043087,46.253804102646306],[-74.48998529915168,46.25380167642003],[-74.48998612470344,46.2537992564052],[-74.48998698439115,46.25379684135952],[-74.48998787821486,46.25379443314637],[-74.48998880886951,46.25379203052353],[-74.48998977276179,46.25378963535443],[-74.4899907716884,46.253787247639096],[-74.48999180475099,46.25378486551401],[-74.48999287284784,46.253782490221525],[-74.4899939750807,46.25378012362506],[-74.4899951105512,46.25377776448237],[-74.48999628285266,46.25377541465691],[-74.48999748659516,46.25377307228519],[-74.48999872447361,46.25377073860948],[-74.48999999648804,46.253768413629885],[-74.49000130263848,46.25376609610399],[-74.49000264202657,46.25376378913765],[-74.49000401465231,46.2537614914885],[-74.49000542141404,46.25375920439891],[-74.49000685961681,46.253756926626515],[-74.49000833105725,46.25375465755019],[-74.49000983663367,46.25375240027572],[-74.49001137365111,46.253750153560766],[-74.49001294480456,46.2537479174053],[-74.49001454650072,46.25374569243056],[-74.4900161805362,46.253743479257686],[-74.49001784601273,46.2537412766443],[-74.49001954562527,46.25373908645397],[-74.4900212757805,46.2537369074443],[-74.49002303647845,46.25373474147877],[-74.49002482951576,46.253732587315106],[-74.49002665129915,46.25373044619559],[-74.49002850721854,46.25372831812023],[-74.490030391884,46.253726202467895],[-74.49003230709219,46.25372410048089],[-74.49003425463971,46.25372201153804],[-74.49003623093336,46.2537199362605],[-74.49003823687138,46.25371787526945],[-74.49004027425045,46.253715827322566],[-74.4900423403756,46.25371379552562],[-74.49004443524684,46.25371177739401],[-74.49004655886418,46.253709773548884],[-74.49004871302422,46.25370778399026],[-74.49005089413374,46.25370581120275],[-74.49005310488765,46.253703853322854],[-74.49005534438764,46.253701910350635],[-74.49005760993879,46.253699983528314],[-74.49005990513434,46.253698072234826],[-74.49006222638104,46.25369617709134],[-74.49006457637383,46.25369429934006],[-74.49006695331607,46.25369243649649],[-74.49006935720777,46.25369059104518],[-74.49007178715061,46.25368876236498],[-74.4900742431446,46.25368695107704],[-74.49007672608805,46.25368515593911],[-74.49007923508263,46.25368337943577],[-74.49008176833173,46.25368161908234],[-74.49008432673368,46.253679877984716],[-74.49008691208505,46.253678154279406],[-74.49008952169095,46.253676449208626],[-74.49009215644968,46.25367476090904],[-74.49009481546292,46.25367309248633],[-74.49009749693404,46.253671442077106],[-74.49010020265969,46.25366981092363],[-74.49010293263983,46.25366819840472],[-74.49010568507785,46.253666603899326],[-74.49010846087208,46.253665031134275],[-74.49011126002252,46.253663476382705],[-74.49011408073251,46.25366194088687],[-74.49011692390037,46.25366042588913],[-74.4901197877295,46.25365893014717],[-74.49012267401652,46.25365745490332],[-74.49012558186308,46.25365600015753],[-74.49012851126923,46.25365456404636],[-74.49013145864167,46.2536531509179],[-74.49013442937031,46.25365175580295],[-74.49013741896358,46.25365038429182],[-74.49014042831978,46.25364903079417],[-74.49014345654061,46.25364770027926],[-74.49014650452436,46.253646390883596],[-74.49014957137275,46.253645101986],[-74.49015265708576,46.253643836071156],[-74.49015576076505,46.253642590033266],[-74.49015888061403,46.25364136573579],[-74.49016202112428,46.25364016504218],[-74.49016517690586,46.25363898484669],[-74.49016834975545,46.253637825770454],[-74.49017153877472,46.25363669091926],[-74.49017474576026,46.25363557718732],[-74.4901779680172,46.25363448705929],[-74.49018120464717,46.25363341805052],[-74.49018445654849,46.253632372024505],[-74.4901877255178,46.253631350223486],[-74.49019100886018,46.25363034892066],[-74.49019430477895,46.25362937184282],[-74.49019761596908,46.25362841712659],[-74.49020094063395,46.253627486014274],[-74.49020427877356,46.25362657788468],[-74.49020762948957,46.25362569398014],[-74.49021099278198,46.25362483305836],[-74.49021436865083,46.25362399511935],[-74.49021775799439,46.253623180784174],[-74.49022115632111,46.25362239005298],[-74.49022456632592,46.25362162416797],[-74.49022798800884,46.25362088064456],[-74.49023142136986,46.253620161967376],[-74.49023486281571,46.25361946689409],[-74.49023831683797,46.25361879604584],[-74.49024177804677,46.25361814880156],[-74.49024525003533,46.253617525782325],[-74.49024872831212,46.2536169288516],[-74.4902522173687,46.25361635366137],[-74.49025571361177,46.253615803938494],[-74.4902592179397,46.25361527906185],[-74.49026273035247,46.253614777789096],[-74.49026624995174,46.253614301983745],[-74.49026977494091,46.25361384978229],[-74.4902733062183,46.253613423048286],[-74.4902768446822,46.253613019918134],[-74.49028038853601,46.25361264163422],[-74.49028393777968,46.253612288817706],[-74.49028749151495,46.25361196084742],[-74.49029104974178,46.25361165648109],[-74.49029461246022,46.25361137882441],[-74.4902981796702,46.25361112477167],[-74.49030174957512,46.25361089556517],[-74.49030532217503,46.25361069182606],[-74.49030889836817,46.253610512933165],[-74.49031247635794,46.2536103588865],[-74.49031605704268,46.25361022968611],[-74.49031963952403,46.253610124710754],[-74.490323223802,46.25361004582397],[-74.49032680807998,46.253609991783414],[-74.49033039235798,46.25360996258906],[-74.49033397753428,46.253609957619815],[-74.49033756271056,46.253609978739114],[-74.49034114698856,46.25361002346234],[-74.49034473216486,46.25361009551644],[-74.49034831464621,46.253610190553275],[-74.49035189533092,46.25361031167869],[-74.49035547332072,46.253610456408],[-74.49035905131049,46.25361062660467],[-74.49036262570701,46.253610822889954],[-74.49036619651025,46.25361104340027],[-74.49036976551689,46.25361128937798],[-74.4903733291336,46.25361155833848],[-74.49037688915708,46.2536118533875],[-74.49038044289235,46.253612173903875],[-74.49038399393265,46.25361251864537],[-74.49038754137972,46.25361288761193],[-74.49039108074194,46.25361328142473],[-74.49039461561259,46.25361370070492],[-74.49039814329672,46.25361414358901],[-74.4904016637943,46.25361461131934],[-74.4904051780037,46.253615104517024],[-74.49040868412824,46.25361562131865],[-74.4904121839646,46.25361616358768],[-74.49041567571612,46.25361672883943],[-74.49041915848446,46.253617318316294],[-74.49042263226967,46.25361793326051],[-74.49042609797004,46.253618571808616],[-74.4904295528906,46.25361923458183],[-74.49043299882803,46.25361992158011],[-74.49043643578231,46.25362063156111],[-74.4904398601602,46.25362136638833],[-74.49044327465657,46.253622125440614],[-74.4904466792715,46.25362290747567],[-74.4904500704117,46.25362371373577],[-74.4904534498738,46.25362454359982],[-74.49045681765779,46.25362539520424],[-74.49046017286538,46.2536262722761],[-74.49046351639487,46.25362717233063],[-74.490466844653,46.25362809661026],[-74.49047016033471,46.253629041388024],[-74.49047346164339,46.253630011633135],[-74.49047674857901,46.25363100361866],[-74.49048002293821,46.25363201920812],[-74.49048328112775,46.25363305715912],[-74.49048652404592,46.25363411747171],[-74.49048975079444,46.25363520138822],[-74.49049296316988,46.25363630642394],[-74.49049615757903,46.253637435684745],[-74.49049933671682,46.253638585443674],[-74.49050249788831,46.253639758185315],[-74.49050564289011,46.25364095142504],[-74.49050877082395,46.25364216826867],[-74.49051187989313,46.2536434062316],[-74.49051497189434,46.25364466655606],[-74.49051804592924,46.25364594613631],[-74.49052110020122,46.2536472505627],[-74.49052413381193,46.25364857362377],[-74.49052715035467,46.25364991842528],[-74.49053014713444,46.25365128434599],[-74.49053312415128,46.25365267014365],[-74.49053607960857,46.253654077060546],[-74.4905390144046,46.25365550509672],[-74.49054192943771,46.253656954252115],[-74.49054482380954,46.253658422042136],[-74.4910200523578,46.253902145452635],[-74.49102445859425,46.253904389676755],[-74.49102888549199,46.253906614645096],[-74.49103333215264,46.25390881849413],[-74.49103780037287,46.25391100370847],[-74.49104228835601,46.25391316656126],[-74.49104679700042,46.25391531015825],[-74.49105132630609,46.25391743449942],[-74.49105587447637,46.25391953710018],[-74.49106044240959,46.25392161920283],[-74.49106502920743,46.25392368142854],[-74.4910696348699,46.253925723156115],[-74.49107426029529,46.253927744385635],[-74.49107890548363,46.25392974325358],[-74.49108356773995,46.253931722244566],[-74.49108824886089,46.25393367949517],[-74.49109294794815,46.253935616247695],[-74.49109766590001,46.25393753125978],[-74.49110240091989,46.25393942639497],[-74.49110715390606,46.253941298547446],[-74.49111192396022,46.253943150201856],[-74.49111671198067,46.2539449801159],[-74.49112151617082,46.253946788289504],[-74.49112633832725,46.253948574101614],[-74.49113117575506,46.253950339415624],[-74.49113603114917,46.25395208236816],[-74.49114090091633,46.2539538029591],[-74.49114578775148,46.253955502430884],[-74.4911506907563,46.25395717891997],[-74.49115560813416,46.253958834289804],[-74.4911605407834,46.25396046605584],[-74.49116548960228,46.253962077323834],[-74.49117045279424,46.25396366498799],[-74.49117543215586,46.25396523091178],[-74.4911804249922,46.253966775095265],[-74.4911854313033,46.25396829629602],[-74.49119045378404,46.253969793892985],[-74.49119548794289,46.25397127037077],[-74.49120053737309,46.25397272200242],[-74.49120559937971,46.25397415313607],[-74.4912106748611,46.25397556004471],[-74.49121576381715,46.25397694521306],[-74.49122086445135,46.25397830615642],[-74.49122597945858,46.253979645359436],[-74.49123110524559,46.25398096095867],[-74.49123624450732,46.253982252954096],[-74.49124139544716,46.253983521966894],[-74.49205747625524,46.25418254169371],[-74.49206327577869,46.25418394362782],[-74.49206908698027,46.25418532444284],[-74.49207490806332,46.25418668351759],[-74.49208073992614,46.25418801960977],[-74.49208658167045,46.25418933458285],[-74.49209243419452,46.254190626573404],[-74.49209829570175,46.25419189744482],[-74.49210416798876,46.25419314657598],[-74.49211005015724,46.254194373345726],[-74.49211594041056,46.254195578375274],[-74.49212184144365,46.25419676042222],[-74.4921277505616,46.25419792135012],[-74.49213367045932,46.25419905929541],[-74.49213959664525,46.25420017425823],[-74.49214553361097,46.25420126810187],[-74.4921514777632,46.25420233958422],[-74.49215743089857,46.254203388083944],[-74.49216339301712,46.254204415464606],[-74.49216936052557,46.25420541924159],[-74.49217533791544,46.254206400036026],[-74.49218132159356,46.25420736033255],[-74.49218731335651,46.25420829702536],[-74.49295131343766,46.254326243792356],[-74.49295524895693,46.25432683760957],[-74.49295919525596,46.25432740906549],[-74.49296314784321,46.25432795505437],[-74.49296710582034,46.2543284761973],[-74.49297107278065,46.25432897311546],[-74.49297504423251,46.254329443945444],[-74.4929790219726,46.25432989117178],[-74.49298300600088,46.25433031293108],[-74.49298699452073,46.25433070984447],[-74.49299098932882,46.25433108315421],[-74.49299498773014,46.25433143099693],[-74.49299898972473,46.25433175275147],[-74.4930029962109,46.254332050902306],[-74.49300700808696,46.25433232296501],[-74.49301102086135,46.25433257080292],[-74.4930150381273,46.254332793794966],[-74.49301905718987,46.25433299069878],[-74.4930230798457,46.25433316399895],[-74.4930271051965,46.2543333118321],[-74.49303112964897,46.25433343481934],[-74.4930351576947,46.25433353171839],[-74.49303918663875,46.254333603771485],[-74.49304321468448,46.25433365097872],[-74.49304724452684,46.25433367271889],[-74.49305127526753,46.254333669613146],[-74.49305530421157,46.25433364041922],[-74.49305933315564,46.25433358762166],[-74.49306336209969,46.254333509978224],[-74.49306738745047,46.25433340686768],[-74.49307141369957,46.254333277669],[-74.49307543815205,46.25433312362436],[-74.49307945901126,46.25433294473386],[-74.49308347897215,46.254332740376235],[-74.49308749354314,46.25433251241507],[-74.49309150811416,46.25433225836568],[-74.49309551639696,46.254331979470365],[-74.49309952288314,46.25433167572914],[-74.49310352487771,46.25433134652084],[-74.49310752238073,46.254330993708955],[-74.49311151539216,46.254330614808886],[-74.49311550391204,46.25433021044172],[-74.49311948434706,46.25432978247094],[-74.49312346208713,46.25432932965427],[-74.49312743174237,46.25432885137053],[-74.49313139600773,46.25432834948315],[-74.49313535398485,46.25432782274989],[-74.49313930387716,46.25432726930724],[-74.49314324748127,46.2543266935033],[-74.49314718300052,46.25432609285345],[-74.49315111043494,46.25432546673652],[-74.49315502978453,46.254324817637084],[-74.49315893925265,46.254324142449455],[-74.49316284243255,46.25432344365823],[-74.493166735731,46.25432272064219],[-74.49317061824966,46.254321973401424],[-74.49317449178517,46.25432120255701],[-74.49317835454089,46.254320406245505],[-74.49318220741513,46.25431958757266],[-74.49318604861129,46.25431874343277],[-74.49318988082429,46.25431787631038],[-74.49319369956257,46.25431698434206],[-74.49319750752105,46.25431606939129],[-74.49320130200482,46.25431513145799],[-74.4932050866071,46.254314168678775],[-74.49320885773469,46.25431318229593],[-74.49321261538749,46.254312174172895],[-74.49321636046392,46.254311141203935],[-74.4932200911673,46.254310084631285],[-74.49322380839595,46.25430900631849],[-74.49322751214987,46.25430790315971],[-74.49323120153073,46.25430677763962],[-74.49323487474193,46.254305629137015],[-74.4932385344784,46.25430445827305],[-74.49324217804521,46.25430326442659],[-74.49324580634062,46.25430204821878],[-74.49324941846639,46.254300809649614],[-74.49325301352415,46.25429954747676],[-74.49325659331055,46.254298263563754],[-74.49326015602898,46.25429695728936],[-74.49326370347603,46.254295628032445],[-74.49326723116015,46.254294279519904],[-74.49327074177627,46.25429290616144],[-74.49327423442611,46.25429151106272],[-74.49327770910963,46.25429009608721],[-74.49328116492853,46.25428865812921],[-74.49328460278112,46.25428720029446],[-74.49328802087076,46.25428572009829],[-74.49329142099413,46.254284218161885],[-74.49329480045623,46.254282695106454],[-74.49329815925707,46.25428115217419],[-74.4933014991933,46.254279587501685],[-74.49330481846826,46.25427800233127],[-74.493308117082,46.25427639604178],[-74.49331139413616,46.25427476925432],[-74.49331465142737,46.2542731219689],[-74.4933178853624,46.25427145604903],[-74.49332109863616,46.25426976901004],[-74.49332429035037,46.25426806209422],[-74.49332745781005,46.25426633530164],[-74.49333060640512,46.25426458801108],[-74.49333372984738,46.25426282208603],[-74.49333682993343,46.254261036905305],[-74.49333990666327,46.25425923184776],[-74.49334296093522,46.25425740815572],[-74.493345991851,46.254255565829155],[-74.49334899761394,46.25425370486804],[-74.49335198002068,46.25425182403014],[-74.49335493817291,46.25424992517888],[-74.49369200672876,46.25403157734169],[-74.49369667347666,46.25402853618588],[-74.49370131776669,46.25402547763769],[-74.49370593690388,46.25402240045476],[-74.49371053088824,46.25401930525833],[-74.49371509792314,46.254016192048276],[-74.49371964160186,46.25401306144583],[-74.49372416012774,46.25400991220868],[-74.49372865170416,46.254006747442574],[-74.49373311812774,46.254003563420554],[-74.49373755760188,46.25400036200613],[-74.4937419728215,46.25399714444158],[-74.49374636109167,46.253993909484635],[-74.4937507233107,46.253990656514034],[-74.49375505858025,46.25398738801451],[-74.4937593695953,46.25398410150136],[-74.49376365096593,46.25398079945924],[-74.49376790718375,46.25397747940349],[-74.49377213645212,46.253974144439944],[-74.49377633787269,46.253970791462784],[-74.49378051144551,46.25396742233544],[-74.49378465986548,46.253964037057955],[-74.49378877774274,46.25396063625147],[-74.49379287046719,46.253957219916],[-74.49379693444553,46.253953786188035],[-74.49380097147441,46.25395033693102],[-74.49380497975721,46.2539468740085],[-74.49380896019224,46.25394339307232],[-74.49381291188116,46.253939897849456],[-74.49381683572234,46.25393638709753],[-74.49382073171572,46.25393286081659],[-74.4938245971664,46.253929320248915],[-74.4938284356676,46.25392576415218],[-74.4938322445244,46.25392219314757],[-74.49383602553343,46.2539186072351],[-74.49383977510143,46.253915007035886],[-74.49384349682164,46.253911391928746],[-74.49384718979577,46.25390776191374],[-74.49385085222718,46.25390411823313],[-74.4938544850142,46.25390046026576],[-74.49385808815681,46.253896788011645],[-74.49386166255333,46.25389310084962],[-74.49386520730545,46.253889401885445],[-74.4938687206165,46.25388568801333],[-74.49387220428319,46.25388195985448],[-74.49387565830546,46.25387821989347],[-74.49387908088669,46.25387446502451],[-74.49388247382352,46.2538706971111],[-74.4938858353193,46.253866916774385],[-74.49388916806902,46.253863122772046],[-74.49389246847936,46.253859315725194],[-74.49389573834699,46.25385549687619],[-74.4938989767736,46.253851664982726],[-74.49390218375918,46.25384781880242],[-74.49390536110032,46.25384396268345],[-74.49390850610213,46.253840092898784],[-74.49391162056124,46.253836210690814],[-74.49391470357928,46.25383231668068],[-74.49391775335967,46.253828412110614],[-74.49392077349566,46.25382449387491],[-74.49392376039397,46.25382056383703],[-74.49392671495295,46.25381662386039],[-74.49392963896919,46.253812670839245],[-74.4939325315444,46.253808707879344],[-74.49393538998365,46.253804732496086],[-74.49393821698183,46.25380074655294],[-74.49394101074238,46.253796750049894],[-74.49394377396018,46.25379274298695],[-74.49394650394032,46.25378872350062],[-74.49394920068282,46.25378469469666],[-74.49395186598426,46.25378065471168],[-74.49395449804805,46.25377660478791],[-74.49395709687417,46.25377254554655],[-74.49395966246263,46.253768474502955],[-74.49396219571172,46.253764396005224],[-74.49396469482484,46.25376030446295],[-74.49396716159859,46.2537562054665],[-74.49396959603303,46.25375209777357],[-74.49397199633147,46.25374797889959],[-74.49397436339224,46.253743850707984],[-74.49397669721534,46.25373971381988],[-74.49397899600416,46.253735567614186],[-74.4939812615553,46.25373141271196],[-74.49398349476711,46.25372724973445],[-74.49398569384292,46.253723076818126],[-74.49398785878276,46.25371889644765],[-74.49398998958661,46.25371470675955],[-74.4939920871528,46.25371051085958],[-74.4939941496847,46.253706304399614],[-74.49399617897892,46.2537020917278],[-74.49399817413716,46.2536978703595],[-74.49400013515942,46.25369364091586],[-74.4940020611474,46.25368940463922],[-74.49400395299939,46.25368516090834],[-74.49400580981708,46.2536809097233],[-74.49400763249878,46.25367665046291],[-74.49400942284116,46.25367238561179],[-74.4940111772509,46.25366811268533],[-74.49401289572803,46.25366383478925],[-74.49401458006919,46.25365954757558],[-74.49401623027437,46.25365525663459],[-74.49401784544526,46.253650957618234],[-74.49401942558184,46.25364665176886],[-74.49402097158243,46.25364234157107],[-74.49402248254876,46.253638024540216],[-74.49402395668412,46.25363370129746],[-74.49402539758185,46.25362937246399],[-74.49402680254694,46.25362503928208],[-74.49402817337607,46.25362069926707],[-74.4940295091709,46.25361635428249],[-74.49403080903312,46.253612005570666],[-74.49403207386102,46.25360765064691],[-74.49403330365466,46.25360329137471],[-74.49403449661735,46.253598926511785],[-74.49403565544408,46.2535945573004],[-74.4940367792365,46.25359018436176],[-74.49403786709631,46.25358580645349],[-74.4940389190235,46.25358142419678],[-74.49403993681473,46.25357703821279],[-74.49404091777501,46.253572648501525],[-74.494041863701,46.25356825444179],[-74.49404277369439,46.25356385851825],[-74.49404364865349,46.25355945762506],[-74.49404448767996,46.2535550523835],[-74.4940452898755,46.25355064652036],[-74.49404605883338,46.25354623568767],[-74.49404679006201,46.25354182361225],[-74.49404748715467,46.253537406567276],[-74.49404814561979,46.253532988279616],[-74.49404877084723,46.253528567506976],[-74.49404936014204,46.253524143628184],[-74.49404991260596,46.25351971726441],[-74.49405043003556,46.25351528965799],[-74.49405091063423,46.25351085956655],[-74.49405135619861,46.253506428232456],[-74.49405176493208,46.25350199565567],[-74.49410382679436,46.25291220383332],[-74.49410417084911,46.252908507287636],[-74.49410417174742,46.252908496727855],[-74.4941045517348,46.252904811984],[-74.49410455442974,46.252904790243264],[-74.49410496765476,46.25290111792247],[-74.49410497124802,46.2529010868643],[-74.49410541950736,46.25289742572421],[-74.49410542579555,46.25289738410621],[-74.49410590639424,46.252893737873826],[-74.49410591447908,46.25289368507488],[-74.49410643101037,46.2528900512655],[-74.49410643999352,46.252889987285634],[-74.49410698886416,46.252886365899286],[-74.49410700054224,46.252886291980765],[-74.49410758354887,46.252882684259816],[-74.49410759792191,46.2528825997815],[-74.49410821416619,46.25287900572588],[-74.49410823303083,46.25287891068778],[-74.49410888071614,46.25287533029757],[-74.49410890047908,46.252875224699636],[-74.49410958230038,46.25287165673245],[-74.4941096065549,46.252871541817065],[-74.49411031981722,46.25286798813643],[-74.49411034586838,46.252867862040084],[-74.49411109236837,46.25286432326717],[-74.49411112291111,46.25286418598985],[-74.49411190175044,46.2528606602611],[-74.49411193588642,46.252860514287505],[-74.49411274526848,46.25285700222413],[-74.49411278389606,46.252856845069566],[-74.49411362471916,46.25285334791393],[-74.49411366693998,46.2528531808207],[-74.49411453920413,46.25284969795162],[-74.49411458681482,46.25284952091975],[-74.49411548962169,46.252846051716055],[-74.49411554082566,46.25284586474552],[-74.49411647597186,46.25284241169188],[-74.49411653166742,46.252842212919234],[-74.49411749645803,46.25283877477328],[-74.49411755754348,46.25283856668318],[-74.49411855197849,46.25283514282379],[-74.49411861755551,46.25283492479501],[-74.49411964343156,46.252831517085674],[-74.49411971439847,46.252831289118234],[-74.49412076991894,46.25282789569551],[-74.49412084627573,46.25282765778942],[-74.4941219314406,46.25282427989554],[-74.49412201318728,46.25282403080846],[-74.49412312889487,46.25282066906468],[-74.49412321692976,46.2528204106601],[-74.4941243595868,46.25281706382403],[-74.49412445480822,46.25281679610198],[-74.49412562621136,46.25281346479485],[-74.494125727721,46.252813187134116],[-74.4941269278702,46.25280987197705],[-74.49412703476972,46.2528095837565],[-74.49412826366503,46.25280628599185],[-74.49412837775108,46.252805987832666],[-74.49412963449416,46.25280270373338],[-74.4941297557667,46.25280239812021],[-74.49413104035759,46.252799130170985],[-74.49413116881666,46.252798813998],[-74.49413248035697,46.252795562820026],[-74.49413261510428,46.25279523670835],[-74.49413395628899,46.252792001680454],[-74.4941340982228,46.252791666872476],[-74.49413546545867,46.252788448615846],[-74.49413561547732,46.25278810262682],[-74.49413700966265,46.25278490176262],[-74.49413716776613,46.252784547077304],[-74.49413858710427,46.25278136298436],[-74.4941387532926,46.25278099898152],[-74.49414019958022,46.25277783103862],[-74.4941403747517,46.2527774577183],[-74.49414184619214,46.25277430716785],[-74.49414202944845,46.25277392515118],[-74.49414352783835,46.252770790750866],[-74.49414371828118,46.2527703987955],[-74.49414524272223,46.25276728178758],[-74.49414544214821,46.25276688113591],[-74.49414699084375,46.25276378089922],[-74.49414719925291,46.252763370930026],[-74.49414877310127,46.252760288707],[-74.4941489913919,46.25275987004146],[-74.4941505894948,46.25275680458968],[-74.49415081766688,46.25275637660665],[-74.49415243912595,46.252753331031975],[-74.49415267717951,46.25275289311025],[-74.49415432379143,46.25274986368568],[-74.49415457082813,46.252749417688776],[-74.49415624169455,46.25274640565667],[-74.49415649861272,46.252745951584586],[-74.49415819283536,46.25274295756608],[-74.494158459635,46.25274249479763],[-74.4941601763155,46.252739517550424],[-74.49416045479323,46.25273904670679],[-74.49416219572826,46.25273608809441],[-74.49416248229083,46.252735607933246],[-74.49416424568373,46.252732666713285],[-74.4941645430261,46.25273217785581],[-74.49416633067352,46.25272925589176],[-74.49416663969396,46.2527287589591],[-74.49416844710433,46.252725855008705],[-74.49416876780288,46.25272535000085],[-74.49417059767111,46.25272246406413],[-74.49417092825112,46.25272195098105],[-74.49417278057724,46.252719083057926],[-74.49417312283538,46.25271856065736],[-74.49417499582275,46.252715711990206],[-74.49417534975896,46.25271518151444],[-74.49417724340759,46.25271235148214],[-74.4941776090219,46.25271181479467],[-74.49417952423009,46.25270900153364],[-74.49417990242084,46.25270845677098],[-74.49418183829026,46.252705662765926],[-74.4941822281591,46.25270510992808],[-74.49418418199484,46.252702333936696],[-74.49418458444009,46.25270177302367],[-74.49418656163203,46.25269901690939],[-74.49418697575538,46.25269844854234],[-74.4941889700153,46.252695710441714],[-74.49418939761337,46.25269513462064],[-74.49419141343287,46.252692415776],[-74.49419185270905,46.25269183250091],[-74.49419388739317,46.25268913291226],[-74.49419433924575,46.25268854280429],[-74.4941963918962,46.25268586185046],[-74.4941968572235,46.25268526366729],[-74.49419892963685,46.252682601969504],[-74.4941994084389,46.25268199695345],[-74.49420149792026,46.25267935389049],[-74.49420199019703,46.25267874142041],[-74.49420409944132,46.252676116992276],[-74.49420460339618,46.252675498931666],[-74.49420673060678,46.252672893759545],[-74.4942072489347,46.25267226762373],[-74.49420939231497,46.252669681707616],[-74.49420992411761,46.25266904998127],[-74.49421208636251,46.2526664839423],[-74.4942126334365,46.25266584351957],[-74.49421481095277,46.252663296736664],[-74.49421537239982,46.25266265196576],[-74.49421756698405,46.25266012381764],[-74.49421814190585,46.25265947159271],[-74.49422035445637,46.25265696394297],[-74.49422094285289,46.25265630550632],[-74.4942231706748,46.2526538158703],[-74.49422377434269,46.252653151843106],[-74.49422601743593,46.25265068146307],[-74.49422663637516,46.252650010603034],[-74.49422889653643,46.25264756072137],[-74.49422952895038,46.252646883649575],[-74.49423180348468,46.252644453645125],[-74.49423245206832,46.25264377036166],[-74.49423474097567,46.25264135961324],[-74.49423540483065,46.25264067136035],[-74.49423770990767,46.25263827986798],[-74.49423838813571,46.25263758540342],[-74.49424070758577,46.25263521378827],[-74.49424140108516,46.2526345143543],[-74.49424373490828,46.252632162616365],[-74.49424444457736,46.25263145759189],[-74.49424679187518,46.25262912448879],[-74.49424751681563,46.25262841387377],[-74.49424987848653,46.2526261006479],[-74.49425061959663,46.25262538568464],[-74.49425299384392,46.25262309171482],[-74.49425375112371,46.252622371782245],[-74.4942561379474,46.25262009768966],[-74.49425691139687,46.25261937154531],[-74.49425931079699,46.25261711857226],[-74.49426010131445,46.2526163874586],[-74.4942625141893,46.25261415374161],[-74.49426331907979,46.252613418279715],[-74.49426574542937,46.25261120381879],[-74.49426656648954,46.25261046338747],[-74.49426900631387,46.25260826880379],[-74.4942698435437,46.25260752464546],[-74.49427229324948,46.252605349317854],[-74.49427314844563,46.25260460081134],[-74.49427560982951,46.25260244536092],[-74.49427648209365,46.25260169250621],[-74.49427895425733,46.252599557554184],[-74.49427984269114,46.25259880035124],[-74.49428232743121,46.25259668465534],[-74.49428323293301,46.25259592372538],[-74.49428572575793,46.252593828527864],[-74.49428665012435,46.252593062628485],[-74.49428915462735,46.25259098668705],[-74.49429009516346,46.25259021830296],[-74.49429260864963,46.2525881622388],[-74.49429356715203,46.25258738950652],[-74.4942960923163,46.25258535331961],[-74.49429706698838,46.252584577481464],[-74.49429960113581,46.25258256117177],[-74.49430059467251,46.25258178160656],[-74.4943031387014,46.252579784553014],[-74.49430414930607,46.25257900250309],[-74.49430670231813,46.252577025326765],[-74.49430773088913,46.25257624017095],[-74.494310291986,46.2525742834931],[-74.49431129630248,46.252573527532114],[-74.49431390860333,46.25257155718847],[-74.49431488686868,46.25257083042234],[-74.49431755217013,46.2525688482764],[-74.49431850528265,46.25256814946276],[-74.49432122088974,46.2525661561357],[-74.49432214795112,46.25256548651693],[-74.49432491566051,46.25256348262993],[-74.49432581577241,46.2525628391002],[-74.49432863648241,46.25256082527439],[-74.49432950964487,46.25256021031832],[-74.49433238425378,46.252558185311436],[-74.49433322867016,46.2525575983079],[-74.49433615717798,46.25255556336219],[-74.49433697284826,46.25255500306884],[-74.494339955255,46.252552957563196],[-74.4943407421792,46.252552425222376],[-74.49434377668821,46.252550371641455],[-74.49434453486631,46.252549865389646],[-74.4943476259692,46.25254780249109],[-74.49434835270627,46.252547323570674],[-74.49435149770807,46.25254525135454],[-74.49435219480074,46.252544797280784],[-74.49435539459978,46.25254271823168],[-74.49435606204806,46.25254229148929],[-74.4943593166443,46.2525402031226],[-74.49435995265154,46.25253980122691],[-74.49436326384168,46.25253770726962],[-74.49436386750955,46.25253733022063],[-74.49436723259859,46.25253522943038],[-74.49436780482543,46.25253487722811],[-74.49437122740666,46.2525327702261],[-74.49437176639583,46.25253244224936],[-74.49437524557092,46.25253033027788],[-74.49437575311907,46.25253002652668],[-74.4943792870914,46.25252790834345],[-74.49437975960524,46.25252762819661],[-74.49438335196805,46.25252550504395],[-74.49438379034592,46.2525252491227],[-74.49438744109924,46.25252312100057],[-74.49438784444278,46.25252288930485],[-74.49439155089165,46.25252075745565],[-74.49439192099754,46.25252054750076],[-74.49439568493858,46.25251841130331],[-74.49439602001019,46.25251822433166],[-74.4943998414434,46.25251608502827],[-74.4944001405824,46.25251592103986],[-74.49440402040611,46.25251377925166],[-74.49440428451081,46.25251363514063],[-74.49440822182669,46.25251149148886],[-74.49440844730383,46.25251137036103],[-74.49441244570517,46.2525092242245],[-74.49441263524967,46.25250912421642],[-74.49441669024488,46.25250697745862],[-74.49441684295849,46.25250689732788],[-74.49442095724248,46.25250474932769],[-74.49442107222684,46.25250469031666],[-74.49442524669797,46.25250254107403],[-74.49442532395308,46.25250250194045],[-74.49442955681468,46.252500353940036],[-74.49442959544226,46.25250033406268],[-74.49443388759268,46.252498186062176],[-74.49467711094744,46.252377318350234],[-74.4946784781833,46.25237665556206],[-74.49467986248715,46.25237601140891],[-74.4946812701472,46.25237538961793],[-74.49468269397693,46.252374788325476],[-74.49468413667127,46.252374208774],[-74.4946855964336,46.25237364972115],[-74.49468707506055,46.25237311365155],[-74.49468856895888,46.25237259870172],[-74.49469007812854,46.25237210673517],[-74.49469160167128,46.25237163650957],[-74.49469313958704,46.25237118926727],[-74.49469469277417,46.252370766250586],[-74.49469625584277,46.25237036559597],[-74.4946978323861,46.25236998854585],[-74.49469942060752,46.25236963447902],[-74.4947010187104,46.25236930339546],[-74.49470262759307,46.252368997779826],[-74.49470424366227,46.25236871576872],[-74.49470586961293,46.25236845736201],[-74.49470750364844,46.252368223802144],[-74.49470914307383,46.25236801322554],[-74.49471078968574,46.252367828738045],[-74.49471244168757,46.25236766723386],[-74.49471409818095,46.252367531818834],[-74.49471575647095,46.25236742062939],[-74.49471742015086,46.25236733242329],[-74.49471908472908,46.25236727154863],[-74.49472075290056,46.25236723365727],[-74.49472241927543,46.25236722123384],[-74.49472408834521,46.25236723365727],[-74.49472575472005,46.25236727154863],[-74.49472741929829,46.2523673336656],[-74.4947290829782,46.25236741938708],[-74.49473074306485,46.25236753057648],[-74.49473239955823,46.252367666612685],[-74.49473405066172,46.252367826253376],[-74.49473569727364,46.25236801260436],[-74.49473733669903,46.25236822255979],[-74.4947389698362,46.25236845549851],[-74.49474059578687,46.25236871328405],[-74.49474221275439,46.25236899529515],[-74.49474382163706,46.2523693021531],[-74.49474542063827,46.25236963137316],[-74.49474700796138,46.25236998668235],[-74.49474858360638,46.25237036249012],[-74.49475014847161,46.25237076314473],[-74.4947517007604,46.252371187403774],[-74.49475323777786,46.252371634646074],[-74.4947547622189,46.25237210362932],[-74.4947562722869,46.25237259559591],[-74.49475776618522,46.252373109303385],[-74.49475924391386,46.2523736466153],[-74.49476070457452,46.252374204425834],[-74.49476214637055,46.25237478459849],[-74.49476357199691,46.25237538651207],[-74.49476497875862,46.25237600830307],[-74.49476636485912,46.252376651213844],[-74.49476773029835,46.252377314623196],[-74.49476907687296,46.25237799853117],[-74.4947704009897,46.25237870169541],[-74.49477170175022,46.25237942535822],[-74.49477298095118,46.25238016765615],[-74.49477423679593,46.25238092858915],[-74.4947754683862,46.25238170753604],[-74.49477667751857,46.25238250449683],[-74.49477785970149,46.25238332009274],[-74.49477901762991,46.25238415370254],[-74.49478014950715,46.25238500346273],[-74.49478125443495,46.25238586937332],[-74.4947823324133,46.252386752676664],[-74.49478338254386,46.252387651509274],[-74.49478440572497,46.25238856462873],[-74.49478539926169,46.25238949451976],[-74.49478636495061,46.25239043807646],[-74.49478729919849,46.252391395298936]]]]}},{"type":"Feature","properties":{"zone_code":"RE-02","prefix":"RE","kind":"unknown","n_lots":3,"source":"t3-raster-text","confidence":"raster-cadastre-residual-holdout"},"geometry":{"type":"MultiPolygon","coordinates":[[[[-74.49660132204895,46.25267906069994],[-74.4961170411776,46.25240192660837],[-74.49547347642996,46.252847518285435],[-74.49549540969593,46.25287035725691],[-74.49558549634588,46.252964167884514],[-74.49578090327638,46.25315695982384],[-74.4958418881044,46.253205105991185],[-74.49660132204895,46.25267906069994]]],[[[-74.49572159021311,46.253317852086745],[-74.49562537166302,46.25324188737354],[-74.49542225449245,46.25304149022206],[-74.49533122820472,46.25294622931023],[-74.49476402115454,46.253339077712596],[-74.49485701565106,46.253424936096046],[-74.49515635227004,46.25370129913426],[-74.49572159021311,46.253317852086745]]]]}},{"type":"Feature","properties":{"zone_code":"NA-24","prefix":"NA","kind":"unknown","n_lots":1,"source":"t3-raster-text","confidence":"raster-cadastre-residual-holdout"},"geometry":{"type":"MultiPolygon","coordinates":[[[[-74.49171502679083,46.24883288460212],[-74.49146920460996,46.24858679607075],[-74.49104860980067,46.24815010847968],[-74.4906881131822,46.247776583915304],[-74.489798097433,46.24685288746518],[-74.48938490833493,46.247138764198695],[-74.48865106110459,46.247646485601145],[-74.48817211532771,46.24797784392031],[-74.487327332448,46.248562289222185],[-74.48616012265325,46.249369749020694],[-74.47104291642093,46.259824314605524],[-74.47146692033672,46.26015942273195],[-74.47172151097308,46.26030544939779],[-74.47344012016394,46.26147273823994],[-74.47992348435162,46.25698953084248],[-74.49171502679083,46.24883288460212]]]]}},{"type":"Feature","properties":{"zone_code":"RE-07","prefix":"RE","kind":"unknown","n_lots":2,"source":"t3-raster-text","confidence":"raster-cadastre-residual-holdout"},"geometry":{"type":"MultiPolygon","coordinates":[[[[-74.4971715896593,46.25167089090525],[-74.49694101997363,46.25144999527831],[-74.49664867584085,46.251375608262805],[-74.49627095672174,46.25140233147012],[-74.49612781377448,46.251496184985456],[-74.49598964929052,46.25155394473773],[-74.49588474313333,46.25158198351494],[-74.4955749303615,46.251625965443175],[-74.4952727056589,46.25146681559657],[-74.49531249204283,46.25117526144084],[-74.49541325427164,46.25099576460253],[-74.49557793522615,46.25086854070133],[-74.49575878675408,46.250757219545726],[-74.49605312335018,46.25070698776244],[-74.49625552007191,46.25071643914835],[-74.49634291896253,46.25074091335381],[-74.49647476739173,46.25065143793126],[-74.49662940428304,46.25029723709399],[-74.49672846240775,46.25014410215158],[-74.49680882569307,46.24981783273446],[-74.49676039931272,46.24951552177309],[-74.49662394881432,46.249293383752736],[-74.4963857398555,46.249009534689456],[-74.49636059960395,46.24892508885614],[-74.49379912723313,46.250697470528934],[-74.49369353566138,46.25054981560462],[-74.49344131028917,46.250254149240625],[-74.4932868701289,46.25010019109369],[-74.4928736918106,46.24974571523233],[-74.49187832254317,46.24875400330396],[-74.49171502679083,46.24883288460212],[-74.49271087665693,46.24982344029583],[-74.4931287154349,46.25018256281245],[-74.4932749342137,46.25032832470792],[-74.49351973321346,46.25061528594041],[-74.49365153403195,46.25079959077453],[-74.4937743220532,46.25097129051073],[-74.49422767123437,46.25170764287885],[-74.49432263034643,46.251848823276966],[-74.49441365663417,46.251979906745156],[-74.49459886049968,46.252188409722116],[-74.49466892999014,46.25226740783062],[-74.49478729919849,46.252391395298936],[-74.49533122820472,46.25294622931023],[-74.49549540969593,46.25287035725691],[-74.49547347642996,46.252847518285435],[-74.4961170411776,46.25240192660837],[-74.4971715896593,46.25167089090525]]]]}},{"type":"Feature","properties":{"zone_code":"NA-21","prefix":"NA","kind":"unknown","n_lots":1,"source":"t3-raster-text","confidence":"raster-cadastre-residual-holdout"},"geometry":{"type":"MultiPolygon","coordinates":[[[[-74.49365153403195,46.25079959077453],[-74.49351973321346,46.25061528594041],[-74.4932749342137,46.25032832470792],[-74.4931287154349,46.25018256281245],[-74.49271087665693,46.24982344029583],[-74.49171502679083,46.24883288460212],[-74.47992348435162,46.25698953084248],[-74.48229308106932,46.258656834772694],[-74.49365153403195,46.25079959077453]]]]}},{"type":"Feature","properties":{"zone_code":"NA-65","prefix":"NA","kind":"unknown","n_lots":3,"source":"t3-raster-text","confidence":"raster-cadastre-residual-holdout"},"geometry":{"type":"MultiPolygon","coordinates":[[[[-74.50012026646029,46.25294560690453],[-74.49995238480841,46.252960687507134],[-74.49976331100068,46.252931185973495],[-74.49951612787216,46.25289297135747],[-74.4993787449225,46.252760491206956],[-74.49917281243182,46.25243919676831],[-74.49922945660036,46.25222272821993],[-74.49937316907952,46.25199555785119],[-74.49941571868126,46.25189211983486],[-74.49940011943637,46.251785631646825],[-74.49934538688274,46.251688963449865],[-74.49926102250114,46.25165416072043],[-74.49895888673173,46.25168673714928],[-74.49856890021911,46.25182020445771],[-74.498386398486,46.251965802980344],[-74.49821489303028,46.252076903029945],[-74.49788932560502,46.25217065724579],[-74.4976120749656,46.25216184840265],[-74.49739488209285,46.25208032507316],[-74.49730349558068,46.25190037773893],[-74.49721452733326,46.25171202776998],[-74.4971715896593,46.25167089090525],[-74.4961170411776,46.25240192660837],[-74.49660132204895,46.25267906069994],[-74.49665571054783,46.25274235876236],[-74.49669275796846,46.25278769700599],[-74.49676688065749,46.252824928391554],[-74.49683809639828,46.25290155584301],[-74.49687190898557,46.2529379367785],[-74.49695274388641,46.25300198552792],[-74.49704574377283,46.25307745302276],[-74.49707765462666,46.25311543022652],[-74.49645695559629,46.25354537849156],[-74.49657813293821,46.25359684874498],[-74.497049268762,46.253794914540535],[-74.49726745606979,46.25388855028507],[-74.49730299072748,46.25390580155645],[-74.49748812901596,46.25399568100872],[-74.49769272211856,46.25411281390509],[-74.49788056613266,46.25424316024891],[-74.4980453944109,46.25438266944586],[-74.49888462570215,46.25380132795279],[-74.50012026646029,46.25294560690453]]]]}},{"type":"Feature","properties":{"zone_code":"RC-05","prefix":"RC","kind":"unknown","n_lots":2,"source":"t3-raster-text","confidence":"raster-cadastre-residual-holdout"},"geometry":{"type":"MultiPolygon","coordinates":[[[[-74.50577278423158,46.255382629531],[-74.50561299640042,46.255360572994924],[-74.50572724144331,46.25546460075898],[-74.50574834376765,46.25548061671887],[-74.50577278423158,46.255382629531]]],[[[-74.50373499733206,46.25172296049042],[-74.50344474627387,46.25164358702727],[-74.5032327133241,46.25152810926974],[-74.503088134869,46.251427759502896],[-74.50306763082266,46.2513732813181],[-74.50308932423843,46.2513124235416],[-74.50305003282624,46.25125254654484],[-74.50291695640004,46.25114383576178],[-74.5027460438324,46.25105945284818],[-74.50253310807577,46.25099190020757],[-74.50238273458878,46.25095877113178],[-74.50218968124433,46.25092180248357],[-74.50200712201904,46.25084363979722],[-74.50190569234199,46.25082261695503],[-74.5017509216017,46.250733216208346],[-74.50165431767435,46.250665276165066],[-74.5015175707319,46.25056307677826],[-74.5013869556896,46.25043946907319],[-74.50133821130565,46.2502914096786],[-74.50127377604863,46.250175452617704],[-74.50119124153528,46.250081450861245],[-74.50106375442678,46.25004097931717],[-74.50099182183041,46.25007877537078],[-74.50102998765357,46.25020815664847],[-74.50115043107192,46.25045976340459],[-74.50117265090047,46.25055590016546],[-74.5011888565082,46.250665830265866],[-74.50118660173683,46.250862046812976],[-74.50119306152205,46.25094665365731],[-74.50129191572917,46.25117650194419],[-74.50143292158437,46.25132558762648],[-74.50147265317106,46.2513541712965],[-74.50170092766118,46.25151068891073],[-74.50209660230618,46.25169563117],[-74.50232251871866,46.25179310874812],[-74.50248084858411,46.251869720248344],[-74.50269928652186,46.25198132799202],[-74.50285231003895,46.25208603489676],[-74.50306086740687,46.25223614614542],[-74.50317695669105,46.25235591593984],[-74.50320510360383,46.252454984400444],[-74.50315622267597,46.25262055424745],[-74.50309550913919,46.2528177887234],[-74.50296282797171,46.25302768240359],[-74.5027948502001,46.253126238434916],[-74.50271025764643,46.25315561687375],[-74.50322092563094,46.25355459707576],[-74.50373499733206,46.25172296049042]]]]}},{"type":"Feature","properties":{"zone_code":"NA-25","prefix":"NA","kind":"unknown","n_lots":1,"source":"t3-raster-text","confidence":"raster-cadastre-residual-holdout"},"geometry":{"type":"MultiPolygon","coordinates":[[[[-74.48616012265325,46.249369749020694],[-74.48540394869485,46.24849863597097],[-74.4849001609071,46.247918260226555],[-74.4844842319474,46.247439087912724],[-74.474590856653,46.25460371600089],[-74.47266492258277,46.256014344586674],[-74.47185752219528,46.256586483678],[-74.47047800187136,46.25758122786097],[-74.4694724394204,46.25831776228202],[-74.4691982502395,46.25851180741431],[-74.46971997019695,46.25889400452347],[-74.4702377007362,46.259247526884735],[-74.47086173071969,46.25968111446785],[-74.47104291642093,46.259824314605524],[-74.48616012265325,46.249369749020694]]]]}},{"type":"Feature","properties":{"zone_code":"NA-71","prefix":"NA","kind":"unknown","n_lots":1,"source":"t3-raster-text","confidence":"raster-cadastre-residual-holdout"},"geometry":{"type":"MultiPolygon","coordinates":[[[[-74.50471671130884,46.2478646575835],[-74.50467424075883,46.24785831988719],[-74.49564881140374,46.246511125962584],[-74.49563254021899,46.24653456023174],[-74.49550712552387,46.24667393435002],[-74.49540624561578,46.24681499041265],[-74.49529619570527,46.246917636615215],[-74.49515641784707,46.247039845791676],[-74.4950331294642,46.24713690610229],[-74.49510668890956,46.24724661692813],[-74.49519637760582,46.247254331957286],[-74.49534673312652,46.24721931643874],[-74.49545953278012,46.24715817760625],[-74.49559886058236,46.247070674335255],[-74.49564047324128,46.24703869589446],[-74.49575154812952,46.2469878997342],[-74.49588809654428,46.24696966225681],[-74.496049498648,46.2469585999941],[-74.4962576472825,46.24692984133095],[-74.49647437572627,46.2469541227807],[-74.49669738429218,46.247006703767894],[-74.49694635776306,46.2471161750596],[-74.4970985736947,46.24709633174632],[-74.49724141211307,46.24701934518889],[-74.49745299231195,46.24698932173163],[-74.49765552647591,46.246978689364724],[-74.49781053437144,46.24699661001139],[-74.49792036419471,46.24702577803037],[-74.4980367777707,46.247049486663414],[-74.49814936182861,46.2470992763747],[-74.49824551390337,46.24717091901015],[-74.49831142419409,46.247223797979075],[-74.49837948594988,46.247271395841004],[-74.49842794377126,46.24730158252665],[-74.498441793098,46.247364117716714],[-74.49855143337673,46.2475491646567],[-74.49862595222281,46.24762199262063],[-74.49869013056166,46.247687075080734],[-74.49875343394142,46.24772030614953],[-74.49879001693306,46.247741530835576],[-74.49881420407208,46.24774023185968],[-74.49892298286646,46.247770982978096],[-74.4990154850862,46.24780057550095],[-74.49909173318922,46.247844386519525],[-74.49912952171996,46.247894791138904],[-74.49918762205759,46.24795339022457],[-74.49921716495234,46.24800148380773],[-74.4992652571594,46.24809715399388],[-74.49929812831226,46.24820529867464],[-74.4992657979452,46.2482765168173],[-74.49923941173034,46.24832196187444],[-74.4991983614168,46.248440887910256],[-74.49916548397573,46.248509613438046],[-74.49910914433606,46.248539913124304],[-74.4990554205905,46.24859421645657],[-74.49898856347546,46.248627953885006],[-74.49889500124368,46.24868962904853],[-74.49881226460938,46.24870770816639],[-74.49864970457725,46.248726544534726],[-74.49855518563969,46.24871798797143],[-74.49849119954031,46.24871526582357],[-74.49837025576035,46.248670177046655],[-74.49817019465837,46.24860465655569],[-74.49804901641812,46.24849936092736],[-74.4979410586839,46.248387826856195],[-74.49787457077646,46.248257251033834],[-74.49780199678298,46.24816284903196],[-74.497743864106,46.24806847420122],[-74.49761043913347,46.24789532663104],[-74.49754633715143,46.24786386552677],[-74.49746529833303,46.24784875991634],[-74.49737602465841,46.24784185939182],[-74.49727064958064,46.24784995825186],[-74.4970606944341,46.24792352693217],[-74.49691743919742,46.24801539725643],[-74.49676948128024,46.24814719186252],[-74.49668876226207,46.24826808380587],[-74.49663024869942,46.248444986682756],[-74.49661493871203,46.24859497992694],[-74.49660437093104,46.24872870324352],[-74.49664023706707,46.24891736412265],[-74.49668546185173,46.24896782801328],[-74.49677119346917,46.24901797690503],[-74.49679242874419,46.249051054350446],[-74.49891444437968,46.25029335215045],[-74.50250489648427,46.25301239621458],[-74.50261573242064,46.252944285689985],[-74.50268382471918,46.25289596288313],[-74.50276582024338,46.25282187163972],[-74.50281967783793,46.25273493148375],[-74.50285224086866,46.25264280196259],[-74.50285719867071,46.252540470224815],[-74.50282413887163,46.25242115925643],[-74.50277765464892,46.25235864536105],[-74.5027072824262,46.25228086115193],[-74.50264239711323,46.25222297730973],[-74.50256286926114,46.25215360544606],[-74.50242027787945,46.25209085085178],[-74.50235818273374,46.25206680213123],[-74.50218076995672,46.25196909147795],[-74.50214400999698,46.25196658006963],[-74.50199799244079,46.25189502941998],[-74.50182361237617,46.251836337020634],[-74.50163636843665,46.2517471230371],[-74.50149533203874,46.25169768540412],[-74.50132388766845,46.25158871895656],[-74.50123305990839,46.25153014487471],[-74.50115555057073,46.25147131542527],[-74.50110161931434,46.25139346224902],[-74.50103275895623,46.251310027643015],[-74.50095015886586,46.2511629967937],[-74.50089945615458,46.25104236467428],[-74.50086643049147,46.25089648727214],[-74.50084738351252,46.250684346049425],[-74.5008099093921,46.250483905387284],[-74.50076033945642,46.25044176624032],[-74.5006550254641,46.25030537721146],[-74.50058734549226,46.25023209561146],[-74.5005918963575,46.25017610922052],[-74.5005551040584,46.250098803342695],[-74.50056176776118,46.25004254845896],[-74.50059568814632,46.24997891121303],[-74.50064682833712,46.24991853331755],[-74.50068871138893,46.24984904920815],[-74.50074771543173,46.24978616276756],[-74.50081479712557,46.24974453371062],[-74.50086881551856,46.2497163697541],[-74.50095164378102,46.24967310067504],[-74.5010482279454,46.2496522482144],[-74.50113506628729,46.24964463105107],[-74.50131562316784,46.24969139067685],[-74.50136924540378,46.249712377301805],[-74.50144323334551,46.24976100108941],[-74.50156631062428,46.249855932707845],[-74.50160893478619,46.249940213111955],[-74.50164298542704,46.25005842374843],[-74.50168014423876,46.25019460591236],[-74.50175178847594,46.250356069045175],[-74.50187021607478,46.250482890360736],[-74.50191620352913,46.250535147430924],[-74.5019677533517,46.25054995723606],[-74.50199682373263,46.250557913443636],[-74.50210042284107,46.25061472500608],[-74.502160632423,46.25064262014745],[-74.50231825082274,46.25066098995935],[-74.5024673415155,46.25069938316939],[-74.50255115253488,46.250716780180895],[-74.50257369575694,46.25072495440144],[-74.50260728915529,46.250731499243464],[-74.50276263751233,46.2507836169307],[-74.50294964788986,46.250871880202084],[-74.50311296430345,46.2509649059633],[-74.50321068663332,46.25103970662384],[-74.50335724767025,46.251225590942155],[-74.50352290868675,46.25134908444172],[-74.50356274088475,46.25141184733894],[-74.50359676277951,46.25144836405877],[-74.50369070949024,46.2514974143003],[-74.50379006944887,46.251526729630164],[-74.50417609169612,46.25015124154658],[-74.50462395396755,46.24855532045399],[-74.50464973381956,46.24829299830358],[-74.50471452660607,46.24794123170685],[-74.50471671130884,46.2478646575835]],[[-74.50459733778399,46.248082603195776],[-74.50456436242655,46.24821383916632],[-74.50456248674425,46.24822126457232],[-74.50456064519791,46.24822869308341],[-74.50455883958418,46.248236126563214],[-74.50455706720813,46.24824356252692],[-74.50455532986636,46.2482510034593],[-74.5045536266606,46.24825844811802],[-74.50455195848912,46.24826589650302],[-74.50455032535191,46.24827334923549],[-74.5045487254524,46.24828080445181],[-74.50454716148549,46.24828826401565],[-74.50454563165455,46.248295726063354],[-74.50454413685793,46.248303192458515],[-74.50454267619726,46.24831066257998],[-74.50454125057092,46.24831813518529],[-74.50453985908054,46.248325610274435],[-74.50453850352278,46.248333089089876],[-74.504537182101,46.248340571631566],[-74.50453589571352,46.248348056657136],[-74.50453464346201,46.248355544166486],[-74.50453342624479,46.24836303415972],[-74.50453224316357,46.248370527257975],[-74.50453109691327,46.248378023461335],[-74.50452998390062,46.2483855215273],[-74.50452890502396,46.24839302269826],[-74.50452786207991,46.24840052511066],[-74.50452685417018,46.24840803062811],[-74.50452588129473,46.24841553738699],[-74.50452494255525,46.24842304725086],[-74.50452403974838,46.24843055959862],[-74.5045231701792,46.248438072566515],[-74.50452233744092,46.24844558863947],[-74.50452153883863,46.248453105332615],[-74.50452077437234,46.248460625130804],[-74.50452004583865,46.248468146170374],[-74.50451935144092,46.248475668451356],[-74.5045186920775,46.24848319259493],[-74.50451806774838,46.248490717358706],[-74.50451747845355,46.24849824460629],[-74.50451692419303,46.24850577247407],[-74.5045164049668,46.248513301583216],[-74.50451592167317,46.24852083255501],[-74.5045154716172,46.248528363525715],[-74.50182056618902,46.248397866932194],[-74.50187341048394,46.24771034795089],[-74.50459733778399,46.248082603195776]]]]}},{"type":"Feature","properties":{"zone_code":"NA-30","prefix":"NA","kind":"unknown","n_lots":1,"source":"t3-raster-text","confidence":"raster-cadastre-residual-holdout"},"geometry":{"type":"MultiPolygon","coordinates":[[[[-74.48769700715371,46.245110495523804],[-74.48706049777432,46.24489630911799],[-74.48621014444154,46.24471020703264],[-74.48530455549856,46.24453082198658],[-74.48501187988741,46.24422780098297],[-74.48504504478939,46.24398083382499],[-74.48514815251939,46.24379839783692],[-74.47215771131548,46.25291501025111],[-74.474590856653,46.25460371600089],[-74.4844842319474,46.247439087912724],[-74.4851092806204,46.246986080770206],[-74.48555762798209,46.24666113194968],[-74.48600597085218,46.24633618120422],[-74.48645430653576,46.24601122791259],[-74.48717695177449,46.24548744640854],[-74.48769700715371,46.245110495523804]]]]}},{"type":"Feature","properties":{"zone_code":"NA-40","prefix":"NA","kind":"unknown","n_lots":1,"source":"t3-raster-text","confidence":"raster-cadastre-residual-holdout"},"geometry":{"type":"MultiPolygon","coordinates":[[[[-74.4778082384201,46.24565689398366],[-74.47535651412586,46.24397945026801],[-74.46732847165431,46.24956775367445],[-74.46974750895029,46.25124347168805],[-74.4778082384201,46.24565689398366]]]]}},{"type":"Feature","properties":{"zone_code":"NA-39","prefix":"NA","kind":"unknown","n_lots":1,"source":"t3-raster-text","confidence":"raster-cadastre-residual-holdout"},"geometry":{"type":"MultiPolygon","coordinates":[[[[-74.48723514104535,46.24099161142766],[-74.48721051463014,46.24097404606614],[-74.48612810310327,46.24020205741201],[-74.48590559579728,46.24004335779782],[-74.4778082384201,46.24565689398366],[-74.46974750895029,46.25124347168805],[-74.47215771131548,46.25291501025111],[-74.48514815251939,46.24379839783692],[-74.48551699718178,46.24332629999727],[-74.48557549367645,46.24325143103937],[-74.48585452028517,46.24284010192408],[-74.48599134268609,46.242613413949115],[-74.48631543058609,46.242042179060746],[-74.48652475242034,46.24173146764767],[-74.48668692438027,46.24154516222558],[-74.48720332361628,46.24102373939869],[-74.48723514104535,46.24099161142766]]]]}}]}