city_slug,immo_source_slug,lots_served_status,lots_served_reason,lots_served_observed_lots,surface_m2_status,surface_m2_reason,surface_m2_observed_lots,surface_m2_completed_lots,postal_code_status,postal_code_reason,postal_code_observed_lots,postal_code_completed_lots,civic_address_status,civic_address_reason,civic_address_observed_lots,civic_address_completed_lots,tod_applicability_status,tod_applicability_reason,tod_completion_status,tod_completion_reason,tod_completion_observed_lots,tod_completion_joined_lots,tod_completion_in_tod_lots
abercorn,abercorn,complete,Canonical local Immo perMuni stats row is present and reports 455 served lots.,455,complete,Local Immo stats report 455/455 lots with surface_m2.,455,455,complete,Local Immo stats report 455/455 lots with code_postal.,455,455,incomplete,Local Immo stats report 454/455 lots with civic address.,455,454,N/A,The local coverage matrix has no TOD scope entry for this city.,N/A,TOD is not applicable according to the local coverage matrix.,,,
acton-vale,acton-vale,complete,Canonical local Immo perMuni stats row is present and reports 4273 served lots.,4273,complete,Local Immo stats report 4273/4273 lots with surface_m2.,4273,4273,complete,Local Immo stats report 4273/4273 lots with code_postal.,4273,4273,incomplete,Local Immo stats report 4223/4273 lots with civic address.,4273,4223,N/A,The local coverage matrix has no TOD scope entry for this city.,N/A,TOD is not applicable according to the local coverage matrix.,,,
adstock,adstock,complete,Canonical local Immo perMuni stats row is present and reports 3345 served lots.,3345,complete,Local Immo stats report 3345/3345 lots with surface_m2.,3345,3345,complete,Local Immo stats report 3345/3345 lots with code_postal.,3345,3345,incomplete,Local Immo stats report 3263/3345 lots with civic address.,3345,3263,N/A,The local coverage matrix has no TOD scope entry for this city.,N/A,TOD is not applicable according to the local coverage matrix.,,,
aguanish,aguanish,complete,Canonical local Immo perMuni stats row is present and reports zero lots.,0,N/A,Canonical local Immo stats report zero lots; surface_m2 has no per-lot denominator.,0,,N/A,Canonical local Immo stats report zero lots; code_postal has no per-lot denominator.,0,,N/A,Canonical local Immo stats report zero lots; civic address has no per-lot denominator.,0,,N/A,The local coverage matrix has no TOD scope entry for this city.,N/A,TOD is not applicable according to the local coverage matrix.,,,
albanel,albanel,complete,Canonical local Immo perMuni stats row is present and reports 1531 served lots.,1531,complete,Local Immo stats report 1531/1531 lots with surface_m2.,1531,1531,complete,Local Immo stats report 1531/1531 lots with code_postal.,1531,1531,incomplete,Local Immo stats report 1411/1531 lots with civic address.,1531,1411,N/A,The local coverage matrix has no TOD scope entry for this city.,N/A,TOD is not applicable according to the local coverage matrix.,,,
albertville,albertville,complete,Canonical local Immo perMuni stats row is present and reports 637 served lots.,637,complete,Local Immo stats report 637/637 lots with surface_m2.,637,637,complete,Local Immo stats report 637/637 lots with code_postal.,637,637,incomplete,Local Immo stats report 543/637 lots with civic address.,637,543,N/A,The local coverage matrix has no TOD scope entry for this city.,N/A,TOD is not applicable according to the local coverage matrix.,,,
alleyn-et-cawood,alleyn-et-cawood,complete,Canonical local Immo perMuni stats row is present and reports 892 served lots.,892,complete,Local Immo stats report 892/892 lots with surface_m2.,892,892,complete,Local Immo stats report 892/892 lots with code_postal.,892,892,incomplete,Local Immo stats report 851/892 lots with civic address.,892,851,N/A,The local coverage matrix has no TOD scope entry for this city.,N/A,TOD is not applicable according to the local coverage matrix.,,,
alma,alma,complete,Canonical local Immo perMuni stats row is present and reports 11838 served lots.,11838,complete,Local Immo stats report 11838/11838 lots with surface_m2.,11838,11838,complete,Local Immo stats report 11838/11838 lots with code_postal.,11838,11838,incomplete,Local Immo stats report 10766/11838 lots with civic address.,11838,10766,N/A,The local coverage matrix has no TOD scope entry for this city.,N/A,TOD is not applicable according to the local coverage matrix.,,,
amherst,amherst,complete,Canonical local Immo perMuni stats row is present and reports 1833 served lots.,1833,complete,Local Immo stats report 1833/1833 lots with surface_m2.,1833,1833,complete,Local Immo stats report 1833/1833 lots with code_postal.,1833,1833,incomplete,Local Immo stats report 1825/1833 lots with civic address.,1833,1825,N/A,The local coverage matrix has no TOD scope entry for this city.,N/A,TOD is not applicable according to the local coverage matrix.,,,
amos,amos,complete,Canonical local Immo perMuni stats row is present and reports 515 served lots.,515,complete,Local Immo stats report 515/515 lots with surface_m2.,515,515,complete,Local Immo stats report 515/515 lots with code_postal.,515,515,incomplete,Local Immo stats report 508/515 lots with civic address.,515,508,N/A,The local coverage matrix has no TOD scope entry for this city.,N/A,TOD is not applicable according to the local coverage matrix.,,,
amqui,amqui,complete,Canonical local Immo perMuni stats row is present and reports 4191 served lots.,4191,complete,Local Immo stats report 4191/4191 lots with surface_m2.,4191,4191,complete,Local Immo stats report 4191/4191 lots with code_postal.,4191,4191,incomplete,Local Immo stats report 3633/4191 lots with civic address.,4191,3633,N/A,The local coverage matrix has no TOD scope entry for this city.,N/A,TOD is not applicable according to the local coverage matrix.,,,
ange-gardien,ange-gardien,complete,Canonical local Immo perMuni stats row is present and reports 1555 served lots.,1555,complete,Local Immo stats report 1555/1555 lots with surface_m2.,1555,1555,complete,Local Immo stats report 1555/1555 lots with code_postal.,1555,1555,incomplete,Local Immo stats report 1403/1555 lots with civic address.,1555,1403,N/A,The local coverage matrix has no TOD scope entry for this city.,N/A,TOD is not applicable according to the local coverage matrix.,,,
armagh,armagh,complete,Canonical local Immo perMuni stats row is present and reports 1549 served lots.,1549,complete,Local Immo stats report 1549/1549 lots with surface_m2.,1549,1549,complete,Local Immo stats report 1549/1549 lots with code_postal.,1549,1549,incomplete,Local Immo stats report 1398/1549 lots with civic address.,1549,1398,N/A,The local coverage matrix has no TOD scope entry for this city.,N/A,TOD is not applicable according to the local coverage matrix.,,,
arundel,arundel,complete,Canonical local Immo perMuni stats row is present and reports 848 served lots.,848,complete,Local Immo stats report 848/848 lots with surface_m2.,848,848,complete,Local Immo stats report 848/848 lots with code_postal.,848,848,incomplete,Local Immo stats report 799/848 lots with civic address.,848,799,N/A,The local coverage matrix has no TOD scope entry for this city.,N/A,TOD is not applicable according to the local coverage matrix.,,,
ascot-corner,ascot-corner,complete,Canonical local Immo perMuni stats row is present and reports 2175 served lots.,2175,complete,Local Immo stats report 2175/2175 lots with surface_m2.,2175,2175,complete,Local Immo stats report 2175/2175 lots with code_postal.,2175,2175,incomplete,Local Immo stats report 1927/2175 lots with civic address.,2175,1927,N/A,The local coverage matrix has no TOD scope entry for this city.,N/A,TOD is not applicable according to the local coverage matrix.,,,
aston-jonction,aston-jonction,complete,Canonical local Immo perMuni stats row is present and reports 341 served lots.,341,complete,Local Immo stats report 341/341 lots with surface_m2.,341,341,complete,Local Immo stats report 341/341 lots with code_postal.,341,341,incomplete,Local Immo stats report 310/341 lots with civic address.,341,310,N/A,The local coverage matrix has no TOD scope entry for this city.,N/A,TOD is not applicable according to the local coverage matrix.,,,
auclair,auclair,complete,Canonical local Immo perMuni stats row is present and reports 541 served lots.,541,complete,Local Immo stats report 541/541 lots with surface_m2.,541,541,complete,Local Immo stats report 541/541 lots with code_postal.,541,541,incomplete,Local Immo stats report 480/541 lots with civic address.,541,480,N/A,The local coverage matrix has no TOD scope entry for this city.,N/A,TOD is not applicable according to the local coverage matrix.,,,
audet,audet,complete,Canonical local Immo perMuni stats row is present and reports 759 served lots.,759,complete,Local Immo stats report 759/759 lots with surface_m2.,759,759,complete,Local Immo stats report 759/759 lots with code_postal.,759,759,incomplete,Local Immo stats report 690/759 lots with civic address.,759,690,N/A,The local coverage matrix has no TOD scope entry for this city.,N/A,TOD is not applicable according to the local coverage matrix.,,,
aumond,aumond,complete,Canonical local Immo perMuni stats row is present and reports 1074 served lots.,1074,complete,Local Immo stats report 1074/1074 lots with surface_m2.,1074,1074,complete,Local Immo stats report 1074/1074 lots with code_postal.,1074,1074,incomplete,Local Immo stats report 1065/1074 lots with civic address.,1074,1065,N/A,The local coverage matrix has no TOD scope entry for this city.,N/A,TOD is not applicable according to the local coverage matrix.,,,
austin,,incomplete,No canonical local Immo perMuni stats row is present in the served-lots snapshot.,,unknown,No canonical local Immo perMuni stats row exists; surface_m2 cannot be measured.,,,unknown,No canonical local Immo perMuni stats row exists; code_postal cannot be measured.,,,unknown,No canonical local Immo perMuni stats row exists; civic address cannot be measured.,,,N/A,The local coverage matrix has no TOD scope entry for this city.,N/A,TOD is not applicable according to the local coverage matrix.,,,
authier,authier,complete,Canonical local Immo perMuni stats row is present and reports 508 served lots.,508,complete,Local Immo stats report 508/508 lots with surface_m2.,508,508,complete,Local Immo stats report 508/508 lots with code_postal.,508,508,incomplete,Local Immo stats report 506/508 lots with civic address.,508,506,N/A,The local coverage matrix has no TOD scope entry for this city.,N/A,TOD is not applicable according to the local coverage matrix.,,,
authier-nord,authier-nord,complete,Canonical local Immo perMuni stats row is present and reports 79 served lots.,79,complete,Local Immo stats report 79/79 lots with surface_m2.,79,79,complete,Local Immo stats report 79/79 lots with code_postal.,79,79,complete,Local Immo stats report 79/79 lots with civic address.,79,79,N/A,The local coverage matrix has no TOD scope entry for this city.,N/A,TOD is not applicable according to the local coverage matrix.,,,
ayers-cliff,ayers-cliff,complete,Canonical local Immo perMuni stats row is present and reports 978 served lots.,978,complete,Local Immo stats report 978/978 lots with surface_m2.,978,978,complete,Local Immo stats report 978/978 lots with code_postal.,978,978,incomplete,Local Immo stats report 849/978 lots with civic address.,978,849,N/A,The local coverage matrix has no TOD scope entry for this city.,N/A,TOD is not applicable according to the local coverage matrix.,,,
baie-comeau,baie-comeau,complete,Canonical local Immo perMuni stats row is present and reports 2443 served lots.,2443,complete,Local Immo stats report 2443/2443 lots with surface_m2.,2443,2443,complete,Local Immo stats report 2443/2443 lots with code_postal.,2443,2443,incomplete,Local Immo stats report 2433/2443 lots with civic address.,2443,2433,N/A,The local coverage matrix has no TOD scope entry for this city.,N/A,TOD is not applicable according to the local coverage matrix.,,,
baie-des-sables,baie-des-sables,complete,Canonical local Immo perMuni stats row is present and reports 1112 served lots.,1112,complete,Local Immo stats report 1112/1112 lots with surface_m2.,1112,1112,complete,Local Immo stats report 1112/1112 lots with code_postal.,1112,1112,incomplete,Local Immo stats report 1049/1112 lots with civic address.,1112,1049,N/A,The local coverage matrix has no TOD scope entry for this city.,N/A,TOD is not applicable according to the local coverage matrix.,,,
baie-du-febvre,baie-du-febvre,complete,Canonical local Immo perMuni stats row is present and reports 929 served lots.,929,complete,Local Immo stats report 929/929 lots with surface_m2.,929,929,complete,Local Immo stats report 929/929 lots with code_postal.,929,929,incomplete,Local Immo stats report 869/929 lots with civic address.,929,869,N/A,The local coverage matrix has no TOD scope entry for this city.,N/A,TOD is not applicable according to the local coverage matrix.,,,
baie-durfe,baie-durfe,complete,Canonical local Immo perMuni stats row is present and reports 1730 served lots.,1730,complete,Local Immo stats report 1730/1730 lots with surface_m2.,1730,1730,complete,Local Immo stats report 1730/1730 lots with code_postal.,1730,1730,incomplete,Local Immo stats report 1511/1730 lots with civic address.,1730,1511,complete,The local coverage matrix declares TOD scope with status done.,incomplete,Local Immo stats report the TOD join is absent: 0/1730 lots joined (0 lots in TOD).,1730,0,0
baie-johan-beetz,baie-johan-beetz,complete,Canonical local Immo perMuni stats row is present and reports 133 served lots.,133,complete,Local Immo stats report 133/133 lots with surface_m2.,133,133,complete,Local Immo stats report 133/133 lots with code_postal.,133,133,incomplete,Local Immo stats report 115/133 lots with civic address.,133,115,N/A,The local coverage matrix has no TOD scope entry for this city.,N/A,TOD is not applicable according to the local coverage matrix.,,,
baie-saint-paul,baie-saint-paul,complete,Canonical local Immo perMuni stats row is present and reports 895 served lots.,895,complete,Local Immo stats report 895/895 lots with surface_m2.,895,895,complete,Local Immo stats report 895/895 lots with code_postal.,895,895,incomplete,Local Immo stats report 848/895 lots with civic address.,895,848,N/A,The local coverage matrix has no TOD scope entry for this city.,N/A,TOD is not applicable according to the local coverage matrix.,,,
baie-sainte-catherine,baie-sainte-catherine,complete,Canonical local Immo perMuni stats row is present and reports 317 served lots.,317,complete,Local Immo stats report 317/317 lots with surface_m2.,317,317,complete,Local Immo stats report 317/317 lots with code_postal.,317,317,incomplete,Local Immo stats report 272/317 lots with civic address.,317,272,N/A,The local coverage matrix has no TOD scope entry for this city.,N/A,TOD is not applicable according to the local coverage matrix.,,,
baie-trinite,baie-trinite,complete,Canonical local Immo perMuni stats row is present and reports 411 served lots.,411,complete,Local Immo stats report 411/411 lots with surface_m2.,411,411,complete,Local Immo stats report 411/411 lots with code_postal.,411,411,incomplete,Local Immo stats report 406/411 lots with civic address.,411,406,N/A,The local coverage matrix has no TOD scope entry for this city.,N/A,TOD is not applicable according to the local coverage matrix.,,,
barkmere,barkmere,complete,Canonical local Immo perMuni stats row is present and reports 549 served lots.,549,complete,Local Immo stats report 549/549 lots with surface_m2.,549,549,complete,Local Immo stats report 549/549 lots with code_postal.,549,549,incomplete,Local Immo stats report 548/549 lots with civic address.,549,548,N/A,The local coverage matrix has no TOD scope entry for this city.,N/A,TOD is not applicable according to the local coverage matrix.,,,
barnston-ouest,barnston-ouest,complete,Canonical local Immo perMuni stats row is present and reports 650 served lots.,650,complete,Local Immo stats report 650/650 lots with surface_m2.,650,650,complete,Local Immo stats report 650/650 lots with code_postal.,650,650,incomplete,Local Immo stats report 542/650 lots with civic address.,650,542,N/A,The local coverage matrix has no TOD scope entry for this city.,N/A,TOD is not applicable according to the local coverage matrix.,,,
barraute,barraute,complete,Canonical local Immo perMuni stats row is present and reports 1428 served lots.,1428,complete,Local Immo stats report 1428/1428 lots with surface_m2.,1428,1428,complete,Local Immo stats report 1428/1428 lots with code_postal.,1428,1428,incomplete,Local Immo stats report 1267/1428 lots with civic address.,1428,1267,N/A,The local coverage matrix has no TOD scope entry for this city.,N/A,TOD is not applicable according to the local coverage matrix.,,,
batiscan,batiscan,complete,Canonical local Immo perMuni stats row is present and reports 1224 served lots.,1224,complete,Local Immo stats report 1224/1224 lots with surface_m2.,1224,1224,complete,Local Immo stats report 1224/1224 lots with code_postal.,1224,1224,incomplete,Local Immo stats report 1119/1224 lots with civic address.,1224,1119,N/A,The local coverage matrix has no TOD scope entry for this city.,N/A,TOD is not applicable according to the local coverage matrix.,,,
beaconsfield,beaconsfield,complete,Canonical local Immo perMuni stats row is present and reports 7111 served lots.,7111,complete,Local Immo stats report 7111/7111 lots with surface_m2.,7111,7111,complete,Local Immo stats report 7111/7111 lots with code_postal.,7111,7111,incomplete,Local Immo stats report 6570/7111 lots with civic address.,7111,6570,complete,The local coverage matrix declares TOD scope with status done.,incomplete,Local Immo stats report the TOD join is absent: 0/7111 lots joined (0 lots in TOD).,7111,0,0
bearn,bearn,complete,Canonical local Immo perMuni stats row is present and reports 44 served lots.,44,complete,Local Immo stats report 44/44 lots with surface_m2.,44,44,complete,Local Immo stats report 44/44 lots with code_postal.,44,44,complete,Local Immo stats report 44/44 lots with civic address.,44,44,N/A,The local coverage matrix has no TOD scope entry for this city.,N/A,TOD is not applicable according to the local coverage matrix.,,,
beauceville,beauceville,complete,Canonical local Immo perMuni stats row is present and reports 5045 served lots.,5045,complete,Local Immo stats report 5045/5045 lots with surface_m2.,5045,5045,complete,Local Immo stats report 5045/5045 lots with code_postal.,5045,5045,incomplete,Local Immo stats report 4462/5045 lots with civic address.,5045,4462,N/A,The local coverage matrix has no TOD scope entry for this city.,N/A,TOD is not applicable according to the local coverage matrix.,,,
beauharnois,beauharnois,complete,Canonical local Immo perMuni stats row is present and reports 6003 served lots.,6003,complete,Local Immo stats report 6003/6003 lots with surface_m2.,6003,6003,complete,Local Immo stats report 6003/6003 lots with code_postal.,6003,6003,incomplete,Local Immo stats report 5769/6003 lots with civic address.,6003,5769,N/A,The local coverage matrix has no TOD scope entry for this city.,N/A,TOD is not applicable according to the local coverage matrix.,,,
beaulac-garthby,beaulac-garthby,complete,Canonical local Immo perMuni stats row is present and reports 2084 served lots.,2084,complete,Local Immo stats report 2084/2084 lots with surface_m2.,2084,2084,complete,Local Immo stats report 2084/2084 lots with code_postal.,2084,2084,incomplete,Local Immo stats report 2061/2084 lots with civic address.,2084,2061,N/A,The local coverage matrix has no TOD scope entry for this city.,N/A,TOD is not applicable according to the local coverage matrix.,,,
beaumont,beaumont,complete,Canonical local Immo perMuni stats row is present and reports 2215 served lots.,2215,complete,Local Immo stats report 2215/2215 lots with surface_m2.,2215,2215,complete,Local Immo stats report 2215/2215 lots with code_postal.,2215,2215,incomplete,Local Immo stats report 2055/2215 lots with civic address.,2215,2055,N/A,The local coverage matrix has no TOD scope entry for this city.,N/A,TOD is not applicable according to the local coverage matrix.,,,
beaupre,beaupre,complete,Canonical local Immo perMuni stats row is present and reports 2933 served lots.,2933,complete,Local Immo stats report 2933/2933 lots with surface_m2.,2933,2933,complete,Local Immo stats report 2933/2933 lots with code_postal.,2933,2933,incomplete,Local Immo stats report 2873/2933 lots with civic address.,2933,2873,N/A,The local coverage matrix has no TOD scope entry for this city.,N/A,TOD is not applicable according to the local coverage matrix.,,,
becancour,becancour,complete,Canonical local Immo perMuni stats row is present and reports 2681 served lots.,2681,complete,Local Immo stats report 2681/2681 lots with surface_m2.,2681,2681,complete,Local Immo stats report 2681/2681 lots with code_postal.,2681,2681,incomplete,Local Immo stats report 2654/2681 lots with civic address.,2681,2654,N/A,The local coverage matrix has no TOD scope entry for this city.,N/A,TOD is not applicable according to the local coverage matrix.,,,
bedford--brome-missisquoi,bedford--brome-missisquoi,complete,Canonical local Immo perMuni stats row is present and reports 636 served lots.,636,complete,Local Immo stats report 636/636 lots with surface_m2.,636,636,complete,Local Immo stats report 636/636 lots with code_postal.,636,636,incomplete,Local Immo stats report 622/636 lots with civic address.,636,622,N/A,The local coverage matrix has no TOD scope entry for this city.,N/A,TOD is not applicable according to the local coverage matrix.,,,
bedford--brome-missisquoi--2,bedford--brome-missisquoi--2,complete,Canonical local Immo perMuni stats row is present and reports 644 served lots.,644,complete,Local Immo stats report 644/644 lots with surface_m2.,644,644,complete,Local Immo stats report 644/644 lots with code_postal.,644,644,incomplete,Local Immo stats report 630/644 lots with civic address.,644,630,N/A,The local coverage matrix has no TOD scope entry for this city.,N/A,TOD is not applicable according to the local coverage matrix.,,,
begin,begin,complete,Canonical local Immo perMuni stats row is present and reports 659 served lots.,659,complete,Local Immo stats report 659/659 lots with surface_m2.,659,659,complete,Local Immo stats report 659/659 lots with code_postal.,659,659,incomplete,Local Immo stats report 604/659 lots with civic address.,659,604,N/A,The local coverage matrix has no TOD scope entry for this city.,N/A,TOD is not applicable according to the local coverage matrix.,,,
belcourt,belcourt,complete,Canonical local Immo perMuni stats row is present and reports 169 served lots.,169,complete,Local Immo stats report 169/169 lots with surface_m2.,169,169,complete,Local Immo stats report 169/169 lots with code_postal.,169,169,complete,Local Immo stats report 169/169 lots with civic address.,169,169,N/A,The local coverage matrix has no TOD scope entry for this city.,N/A,TOD is not applicable according to the local coverage matrix.,,,
belleterre,belleterre,complete,Canonical local Immo perMuni stats row is present and reports 295 served lots.,295,complete,Local Immo stats report 295/295 lots with surface_m2.,295,295,complete,Local Immo stats report 295/295 lots with code_postal.,295,295,complete,Local Immo stats report 295/295 lots with civic address.,295,295,N/A,The local coverage matrix has no TOD scope entry for this city.,N/A,TOD is not applicable according to the local coverage matrix.,,,
beloeil,,incomplete,No canonical local Immo perMuni stats row is present in the served-lots snapshot.,,unknown,No canonical local Immo perMuni stats row exists; surface_m2 cannot be measured.,,,unknown,No canonical local Immo perMuni stats row exists; code_postal cannot be measured.,,,unknown,No canonical local Immo perMuni stats row exists; civic address cannot be measured.,,,N/A,The local coverage matrix has no TOD scope entry for this city.,N/A,TOD is not applicable according to the local coverage matrix.,,,
berry,berry,complete,Canonical local Immo perMuni stats row is present and reports 194 served lots.,194,complete,Local Immo stats report 194/194 lots with surface_m2.,194,194,complete,Local Immo stats report 194/194 lots with code_postal.,194,194,incomplete,Local Immo stats report 162/194 lots with civic address.,194,162,N/A,The local coverage matrix has no TOD scope entry for this city.,N/A,TOD is not applicable according to the local coverage matrix.,,,
berthier-sur-mer,berthier-sur-mer,complete,Canonical local Immo perMuni stats row is present and reports 1469 served lots.,1469,complete,Local Immo stats report 1469/1469 lots with surface_m2.,1469,1469,complete,Local Immo stats report 1469/1469 lots with code_postal.,1469,1469,incomplete,Local Immo stats report 1317/1469 lots with civic address.,1469,1317,N/A,The local coverage matrix has no TOD scope entry for this city.,N/A,TOD is not applicable according to the local coverage matrix.,,,
berthierville,berthierville,complete,Canonical local Immo perMuni stats row is present and reports 1987 served lots.,1987,complete,Local Immo stats report 1987/1987 lots with surface_m2.,1987,1987,complete,Local Immo stats report 1987/1987 lots with code_postal.,1987,1987,incomplete,Local Immo stats report 1962/1987 lots with civic address.,1987,1962,N/A,The local coverage matrix has no TOD scope entry for this city.,N/A,TOD is not applicable according to the local coverage matrix.,,,
bethanie,bethanie,complete,Canonical local Immo perMuni stats row is present and reports 333 served lots.,333,complete,Local Immo stats report 333/333 lots with surface_m2.,333,333,complete,Local Immo stats report 333/333 lots with code_postal.,333,333,incomplete,Local Immo stats report 331/333 lots with civic address.,333,331,N/A,The local coverage matrix has no TOD scope entry for this city.,N/A,TOD is not applicable according to the local coverage matrix.,,,
biencourt,biencourt,complete,Canonical local Immo perMuni stats row is present and reports 613 served lots.,613,complete,Local Immo stats report 613/613 lots with surface_m2.,613,613,complete,Local Immo stats report 613/613 lots with code_postal.,613,613,incomplete,Local Immo stats report 556/613 lots with civic address.,613,556,N/A,The local coverage matrix has no TOD scope entry for this city.,N/A,TOD is not applicable according to the local coverage matrix.,,,
blainville,blainville,complete,Canonical local Immo perMuni stats row is present and reports 20962 served lots.,20962,complete,Local Immo stats report 20962/20962 lots with surface_m2.,20962,20962,complete,Local Immo stats report 20962/20962 lots with code_postal.,20962,20962,incomplete,Local Immo stats report 20600/20962 lots with civic address.,20962,20600,complete,The local coverage matrix declares TOD scope with status done.,incomplete,Local Immo stats report the TOD join is absent: 0/20962 lots joined (0 lots in TOD).,20962,0,0
blanc-sablon,blanc-sablon,complete,Canonical local Immo perMuni stats row is present and reports 169 served lots.,169,complete,Local Immo stats report 169/169 lots with surface_m2.,169,169,complete,Local Immo stats report 169/169 lots with code_postal.,169,169,incomplete,Local Immo stats report 168/169 lots with civic address.,169,168,N/A,The local coverage matrix has no TOD scope entry for this city.,N/A,TOD is not applicable according to the local coverage matrix.,,,
blue-sea,blue-sea,complete,Canonical local Immo perMuni stats row is present and reports 2316 served lots.,2316,complete,Local Immo stats report 2316/2316 lots with surface_m2.,2316,2316,complete,Local Immo stats report 2316/2316 lots with code_postal.,2316,2316,incomplete,Local Immo stats report 2002/2316 lots with civic address.,2316,2002,N/A,The local coverage matrix has no TOD scope entry for this city.,N/A,TOD is not applicable according to the local coverage matrix.,,,
boileau,boileau,complete,Canonical local Immo perMuni stats row is present and reports 1251 served lots.,1251,complete,Local Immo stats report 1251/1251 lots with surface_m2.,1251,1251,complete,Local Immo stats report 1251/1251 lots with code_postal.,1251,1251,incomplete,Local Immo stats report 1097/1251 lots with civic address.,1251,1097,N/A,The local coverage matrix has no TOD scope entry for this city.,N/A,TOD is not applicable according to the local coverage matrix.,,,
bois-des-filion,bois-des-filion,complete,Canonical local Immo perMuni stats row is present and reports 3611 served lots.,3611,complete,Local Immo stats report 3611/3611 lots with surface_m2.,3611,3611,complete,Local Immo stats report 3611/3611 lots with code_postal.,3611,3611,incomplete,Local Immo stats report 3494/3611 lots with civic address.,3611,3494,complete,The local coverage matrix declares TOD scope with status done.,incomplete,Local Immo stats report the TOD join is absent: 0/3611 lots joined (0 lots in TOD).,3611,0,0
bois-franc,bois-franc,complete,Canonical local Immo perMuni stats row is present and reports 571 served lots.,571,complete,Local Immo stats report 571/571 lots with surface_m2.,571,571,complete,Local Immo stats report 571/571 lots with code_postal.,571,571,incomplete,Local Immo stats report 502/571 lots with civic address.,571,502,N/A,The local coverage matrix has no TOD scope entry for this city.,N/A,TOD is not applicable according to the local coverage matrix.,,,
boisbriand,boisbriand,complete,Canonical local Immo perMuni stats row is present and reports 9969 served lots.,9969,complete,Local Immo stats report 9969/9969 lots with surface_m2.,9969,9969,complete,Local Immo stats report 9969/9969 lots with code_postal.,9969,9969,incomplete,Local Immo stats report 9770/9969 lots with civic address.,9969,9770,complete,The local coverage matrix declares TOD scope with status done.,incomplete,Local Immo stats report the TOD join is absent: 0/9969 lots joined (0 lots in TOD).,9969,0,0
boischatel,boischatel,complete,Canonical local Immo perMuni stats row is present and reports 4077 served lots.,4077,complete,Local Immo stats report 4077/4077 lots with surface_m2.,4077,4077,complete,Local Immo stats report 4077/4077 lots with code_postal.,4077,4077,incomplete,Local Immo stats report 3751/4077 lots with civic address.,4077,3751,N/A,The local coverage matrix has no TOD scope entry for this city.,N/A,TOD is not applicable according to the local coverage matrix.,,,
bolton-est,bolton-est,complete,Canonical local Immo perMuni stats row is present and reports 2105 served lots.,2105,complete,Local Immo stats report 2105/2105 lots with surface_m2.,2105,2105,complete,Local Immo stats report 2105/2105 lots with code_postal.,2105,2105,incomplete,Local Immo stats report 1886/2105 lots with civic address.,2105,1886,N/A,The local coverage matrix has no TOD scope entry for this city.,N/A,TOD is not applicable according to the local coverage matrix.,,,
bolton-ouest,bolton-ouest,complete,Canonical local Immo perMuni stats row is present and reports 1041 served lots.,1041,complete,Local Immo stats report 1041/1041 lots with surface_m2.,1041,1041,complete,Local Immo stats report 1041/1041 lots with code_postal.,1041,1041,incomplete,Local Immo stats report 1028/1041 lots with civic address.,1041,1028,N/A,The local coverage matrix has no TOD scope entry for this city.,N/A,TOD is not applicable according to the local coverage matrix.,,,
bonaventure,bonaventure,complete,Canonical local Immo perMuni stats row is present and reports 2932 served lots.,2932,complete,Local Immo stats report 2932/2932 lots with surface_m2.,2932,2932,complete,Local Immo stats report 2932/2932 lots with code_postal.,2932,2932,incomplete,Local Immo stats report 2903/2932 lots with civic address.,2932,2903,N/A,The local coverage matrix has no TOD scope entry for this city.,N/A,TOD is not applicable according to the local coverage matrix.,,,
bonne-esperance,bonne-esperance,complete,Canonical local Immo perMuni stats row is present and reports 525 served lots.,525,complete,Local Immo stats report 525/525 lots with surface_m2.,525,525,complete,Local Immo stats report 525/525 lots with code_postal.,525,525,incomplete,Local Immo stats report 520/525 lots with civic address.,525,520,N/A,The local coverage matrix has no TOD scope entry for this city.,N/A,TOD is not applicable according to the local coverage matrix.,,,
bonsecours,bonsecours,complete,Canonical local Immo perMuni stats row is present and reports 832 served lots.,832,complete,Local Immo stats report 832/832 lots with surface_m2.,832,832,complete,Local Immo stats report 832/832 lots with code_postal.,832,832,incomplete,Local Immo stats report 748/832 lots with civic address.,832,748,N/A,The local coverage matrix has no TOD scope entry for this city.,N/A,TOD is not applicable according to the local coverage matrix.,,,
boucherville,boucherville,complete,Canonical local Immo perMuni stats row is present and reports 16269 served lots.,16269,complete,Local Immo stats report 16269/16269 lots with surface_m2.,16269,16269,complete,Local Immo stats report 16269/16269 lots with code_postal.,16269,16269,incomplete,Local Immo stats report 14970/16269 lots with civic address.,16269,14970,complete,The local coverage matrix declares TOD scope with status done.,incomplete,Local Immo stats report the TOD join is absent: 0/16269 lots joined (0 lots in TOD).,16269,0,0
bouchette,bouchette,complete,Canonical local Immo perMuni stats row is present and reports 1726 served lots.,1726,complete,Local Immo stats report 1726/1726 lots with surface_m2.,1726,1726,complete,Local Immo stats report 1726/1726 lots with code_postal.,1726,1726,incomplete,Local Immo stats report 1532/1726 lots with civic address.,1726,1532,N/A,The local coverage matrix has no TOD scope entry for this city.,N/A,TOD is not applicable according to the local coverage matrix.,,,
bowman,bowman,complete,Canonical local Immo perMuni stats row is present and reports 933 served lots.,933,complete,Local Immo stats report 933/933 lots with surface_m2.,933,933,complete,Local Immo stats report 933/933 lots with code_postal.,933,933,incomplete,Local Immo stats report 849/933 lots with civic address.,933,849,N/A,The local coverage matrix has no TOD scope entry for this city.,N/A,TOD is not applicable according to the local coverage matrix.,,,
brebeuf,brebeuf,complete,Canonical local Immo perMuni stats row is present and reports 1105 served lots.,1105,complete,Local Immo stats report 1105/1105 lots with surface_m2.,1105,1105,complete,Local Immo stats report 1105/1105 lots with code_postal.,1105,1105,incomplete,Local Immo stats report 1101/1105 lots with civic address.,1105,1101,N/A,The local coverage matrix has no TOD scope entry for this city.,N/A,TOD is not applicable according to the local coverage matrix.,,,
brigham,brigham,complete,Canonical local Immo perMuni stats row is present and reports 1875 served lots.,1875,complete,Local Immo stats report 1875/1875 lots with surface_m2.,1875,1875,complete,Local Immo stats report 1875/1875 lots with code_postal.,1875,1875,incomplete,Local Immo stats report 1866/1875 lots with civic address.,1875,1866,N/A,The local coverage matrix has no TOD scope entry for this city.,N/A,TOD is not applicable according to the local coverage matrix.,,,
bristol,bristol,complete,Canonical local Immo perMuni stats row is present and reports 1468 served lots.,1468,complete,Local Immo stats report 1468/1468 lots with surface_m2.,1468,1468,complete,Local Immo stats report 1468/1468 lots with code_postal.,1468,1468,incomplete,Local Immo stats report 1361/1468 lots with civic address.,1468,1361,N/A,The local coverage matrix has no TOD scope entry for this city.,N/A,TOD is not applicable according to the local coverage matrix.,,,
brome,brome,complete,Canonical local Immo perMuni stats row is present and reports 299 served lots.,299,complete,Local Immo stats report 299/299 lots with surface_m2.,299,299,complete,Local Immo stats report 299/299 lots with code_postal.,299,299,incomplete,Local Immo stats report 295/299 lots with civic address.,299,295,N/A,The local coverage matrix has no TOD scope entry for this city.,N/A,TOD is not applicable according to the local coverage matrix.,,,
bromont,bromont,complete,Canonical local Immo perMuni stats row is present and reports 7359 served lots.,7359,complete,Local Immo stats report 7359/7359 lots with surface_m2.,7359,7359,complete,Local Immo stats report 7359/7359 lots with code_postal.,7359,7359,incomplete,Local Immo stats report 6961/7359 lots with civic address.,7359,6961,N/A,The local coverage matrix has no TOD scope entry for this city.,N/A,TOD is not applicable according to the local coverage matrix.,,,
brossard,brossard,complete,Canonical local Immo perMuni stats row is present and reports 24823 served lots.,24823,complete,Local Immo stats report 24823/24823 lots with surface_m2.,24823,24823,complete,Local Immo stats report 24823/24823 lots with code_postal.,24823,24823,incomplete,Local Immo stats report 22797/24823 lots with civic address.,24823,22797,complete,The local coverage matrix declares TOD scope with status done.,incomplete,Local Immo stats report the TOD join is absent: 0/24823 lots joined (0 lots in TOD).,24823,0,0
brownsburg-chatham,brownsburg-chatham,complete,Canonical local Immo perMuni stats row is present and reports 4895 served lots.,4895,complete,Local Immo stats report 4895/4895 lots with surface_m2.,4895,4895,complete,Local Immo stats report 4895/4895 lots with code_postal.,4895,4895,incomplete,Local Immo stats report 4768/4895 lots with civic address.,4895,4768,N/A,The local coverage matrix has no TOD scope entry for this city.,N/A,TOD is not applicable according to the local coverage matrix.,,,
bryson,bryson,complete,Canonical local Immo perMuni stats row is present and reports 520 served lots.,520,complete,Local Immo stats report 520/520 lots with surface_m2.,520,520,complete,Local Immo stats report 520/520 lots with code_postal.,520,520,incomplete,Local Immo stats report 445/520 lots with civic address.,520,445,N/A,The local coverage matrix has no TOD scope entry for this city.,N/A,TOD is not applicable according to the local coverage matrix.,,,
bury,bury,complete,Canonical local Immo perMuni stats row is present and reports 1006 served lots.,1006,complete,Local Immo stats report 1006/1006 lots with surface_m2.,1006,1006,complete,Local Immo stats report 1006/1006 lots with code_postal.,1006,1006,incomplete,Local Immo stats report 911/1006 lots with civic address.,1006,911,N/A,The local coverage matrix has no TOD scope entry for this city.,N/A,TOD is not applicable according to the local coverage matrix.,,,
cacouna,cacouna,complete,Canonical local Immo perMuni stats row is present and reports 1264 served lots.,1264,complete,Local Immo stats report 1264/1264 lots with surface_m2.,1264,1264,complete,Local Immo stats report 1264/1264 lots with code_postal.,1264,1264,incomplete,Local Immo stats report 1180/1264 lots with civic address.,1264,1180,N/A,The local coverage matrix has no TOD scope entry for this city.,N/A,TOD is not applicable according to the local coverage matrix.,,,
calixa-lavallee,calixa-lavallee,complete,Canonical local Immo perMuni stats row is present and reports 509 served lots.,509,complete,Local Immo stats report 509/509 lots with surface_m2.,509,509,complete,Local Immo stats report 509/509 lots with code_postal.,509,509,incomplete,Local Immo stats report 465/509 lots with civic address.,509,465,N/A,The local coverage matrix has no TOD scope entry for this city.,N/A,TOD is not applicable according to the local coverage matrix.,,,
campbells-bay,campbells-bay,complete,Canonical local Immo perMuni stats row is present and reports 533 served lots.,533,complete,Local Immo stats report 533/533 lots with surface_m2.,533,533,complete,Local Immo stats report 533/533 lots with code_postal.,533,533,incomplete,Local Immo stats report 472/533 lots with civic address.,533,472,N/A,The local coverage matrix has no TOD scope entry for this city.,N/A,TOD is not applicable according to the local coverage matrix.,,,
candiac,candiac,complete,Canonical local Immo perMuni stats row is present and reports 7725 served lots.,7725,complete,Local Immo stats report 7725/7725 lots with surface_m2.,7725,7725,complete,Local Immo stats report 7725/7725 lots with code_postal.,7725,7725,incomplete,Local Immo stats report 7147/7725 lots with civic address.,7725,7147,complete,The local coverage matrix declares TOD scope with status done.,complete,Local Immo stats report a TOD join for 7725/7725 lots (686 lots are in TOD).,7725,7725,686
caniapiscau,caniapiscau,complete,Canonical local Immo perMuni stats row is present and reports zero lots.,0,N/A,Canonical local Immo stats report zero lots; surface_m2 has no per-lot denominator.,0,,N/A,Canonical local Immo stats report zero lots; code_postal has no per-lot denominator.,0,,N/A,Canonical local Immo stats report zero lots; civic address has no per-lot denominator.,0,,N/A,The local coverage matrix has no TOD scope entry for this city.,N/A,TOD is not applicable according to the local coverage matrix.,,,
cantley,cantley,complete,Canonical local Immo perMuni stats row is present and reports 5768 served lots.,5768,complete,Local Immo stats report 5768/5768 lots with surface_m2.,5768,5768,complete,Local Immo stats report 5768/5768 lots with code_postal.,5768,5768,incomplete,Local Immo stats report 5684/5768 lots with civic address.,5768,5684,N/A,The local coverage matrix has no TOD scope entry for this city.,N/A,TOD is not applicable according to the local coverage matrix.,,,
cap-chat,cap-chat,complete,Canonical local Immo perMuni stats row is present and reports 1982 served lots.,1982,complete,Local Immo stats report 1982/1982 lots with surface_m2.,1982,1982,complete,Local Immo stats report 1982/1982 lots with code_postal.,1982,1982,incomplete,Local Immo stats report 1806/1982 lots with civic address.,1982,1806,N/A,The local coverage matrix has no TOD scope entry for this city.,N/A,TOD is not applicable according to the local coverage matrix.,,,
cap-saint-ignace,cap-saint-ignace,complete,Canonical local Immo perMuni stats row is present and reports 1708 served lots.,1708,complete,Local Immo stats report 1708/1708 lots with surface_m2.,1708,1708,complete,Local Immo stats report 1708/1708 lots with code_postal.,1708,1708,incomplete,Local Immo stats report 1612/1708 lots with civic address.,1708,1612,N/A,The local coverage matrix has no TOD scope entry for this city.,N/A,TOD is not applicable according to the local coverage matrix.,,,
cap-sante,cap-sante,complete,Canonical local Immo perMuni stats row is present and reports 2669 served lots.,2669,complete,Local Immo stats report 2669/2669 lots with surface_m2.,2669,2669,complete,Local Immo stats report 2669/2669 lots with code_postal.,2669,2669,incomplete,Local Immo stats report 2406/2669 lots with civic address.,2669,2406,N/A,The local coverage matrix has no TOD scope entry for this city.,N/A,TOD is not applicable according to the local coverage matrix.,,,
caplan,caplan,complete,Canonical local Immo perMuni stats row is present and reports 1753 served lots.,1753,complete,Local Immo stats report 1753/1753 lots with surface_m2.,1753,1753,complete,Local Immo stats report 1753/1753 lots with code_postal.,1753,1753,incomplete,Local Immo stats report 1745/1753 lots with civic address.,1753,1745,N/A,The local coverage matrix has no TOD scope entry for this city.,N/A,TOD is not applicable according to the local coverage matrix.,,,
carignan,carignan,complete,Canonical local Immo perMuni stats row is present and reports 6654 served lots.,6654,complete,Local Immo stats report 6654/6654 lots with surface_m2.,6654,6654,complete,Local Immo stats report 6654/6654 lots with code_postal.,6654,6654,incomplete,Local Immo stats report 6574/6654 lots with civic address.,6654,6574,N/A,The local coverage matrix has no TOD scope entry for this city.,N/A,TOD is not applicable according to the local coverage matrix.,,,
carleton-sur-mer,carleton-sur-mer,complete,Canonical local Immo perMuni stats row is present and reports 2450 served lots.,2450,complete,Local Immo stats report 2450/2450 lots with surface_m2.,2450,2450,complete,Local Immo stats report 2450/2450 lots with code_postal.,2450,2450,incomplete,Local Immo stats report 2371/2450 lots with civic address.,2450,2371,N/A,The local coverage matrix has no TOD scope entry for this city.,N/A,TOD is not applicable according to the local coverage matrix.,,,
cascapedia-saint-jules,cascapedia-saint-jules,complete,Canonical local Immo perMuni stats row is present and reports 1131 served lots.,1131,complete,Local Immo stats report 1131/1131 lots with surface_m2.,1131,1131,complete,Local Immo stats report 1131/1131 lots with code_postal.,1131,1131,incomplete,Local Immo stats report 1118/1131 lots with civic address.,1131,1118,N/A,The local coverage matrix has no TOD scope entry for this city.,N/A,TOD is not applicable according to the local coverage matrix.,,,
causapscal,causapscal,complete,Canonical local Immo perMuni stats row is present and reports 2029 served lots.,2029,complete,Local Immo stats report 2029/2029 lots with surface_m2.,2029,2029,complete,Local Immo stats report 2029/2029 lots with code_postal.,2029,2029,incomplete,Local Immo stats report 1776/2029 lots with civic address.,2029,1776,N/A,The local coverage matrix has no TOD scope entry for this city.,N/A,TOD is not applicable according to the local coverage matrix.,,,
cayamant,cayamant,complete,Canonical local Immo perMuni stats row is present and reports 1773 served lots.,1773,complete,Local Immo stats report 1773/1773 lots with surface_m2.,1773,1773,complete,Local Immo stats report 1773/1773 lots with code_postal.,1773,1773,incomplete,Local Immo stats report 1650/1773 lots with civic address.,1773,1650,N/A,The local coverage matrix has no TOD scope entry for this city.,N/A,TOD is not applicable according to the local coverage matrix.,,,
chambly,chambly,complete,Canonical local Immo perMuni stats row is present and reports 12027 served lots.,12027,complete,Local Immo stats report 12027/12027 lots with surface_m2.,12027,12027,complete,Local Immo stats report 12027/12027 lots with code_postal.,12027,12027,incomplete,Local Immo stats report 11667/12027 lots with civic address.,12027,11667,complete,The local coverage matrix declares TOD scope with status done.,incomplete,Local Immo stats report the TOD join is absent: 0/12027 lots joined (0 lots in TOD).,12027,0,0
chambord,chambord,complete,Canonical local Immo perMuni stats row is present and reports 2377 served lots.,2377,complete,Local Immo stats report 2377/2377 lots with surface_m2.,2377,2377,complete,Local Immo stats report 2377/2377 lots with code_postal.,2377,2377,incomplete,Local Immo stats report 2218/2377 lots with civic address.,2377,2218,N/A,The local coverage matrix has no TOD scope entry for this city.,N/A,TOD is not applicable according to the local coverage matrix.,,,
champlain,champlain,complete,Canonical local Immo perMuni stats row is present and reports 1682 served lots.,1682,complete,Local Immo stats report 1682/1682 lots with surface_m2.,1682,1682,complete,Local Immo stats report 1682/1682 lots with code_postal.,1682,1682,incomplete,Local Immo stats report 1567/1682 lots with civic address.,1682,1567,N/A,The local coverage matrix has no TOD scope entry for this city.,N/A,TOD is not applicable according to the local coverage matrix.,,,
champneuf,champneuf,complete,Canonical local Immo perMuni stats row is present and reports 165 served lots.,165,complete,Local Immo stats report 165/165 lots with surface_m2.,165,165,complete,Local Immo stats report 165/165 lots with code_postal.,165,165,incomplete,Local Immo stats report 136/165 lots with civic address.,165,136,N/A,The local coverage matrix has no TOD scope entry for this city.,N/A,TOD is not applicable according to the local coverage matrix.,,,
chandler,chandler,complete,Canonical local Immo perMuni stats row is present and reports 2286 served lots.,2286,complete,Local Immo stats report 2286/2286 lots with surface_m2.,2286,2286,complete,Local Immo stats report 2286/2286 lots with code_postal.,2286,2286,incomplete,Local Immo stats report 2072/2286 lots with civic address.,2286,2072,N/A,The local coverage matrix has no TOD scope entry for this city.,N/A,TOD is not applicable according to the local coverage matrix.,,,
chapais,chapais,complete,Canonical local Immo perMuni stats row is present and reports 956 served lots.,956,complete,Local Immo stats report 956/956 lots with surface_m2.,956,956,complete,Local Immo stats report 956/956 lots with code_postal.,956,956,incomplete,Local Immo stats report 858/956 lots with civic address.,956,858,N/A,The local coverage matrix has no TOD scope entry for this city.,N/A,TOD is not applicable according to the local coverage matrix.,,,
charette,charette,complete,Canonical local Immo perMuni stats row is present and reports 1195 served lots.,1195,complete,Local Immo stats report 1195/1195 lots with surface_m2.,1195,1195,complete,Local Immo stats report 1195/1195 lots with code_postal.,1195,1195,incomplete,Local Immo stats report 1188/1195 lots with civic address.,1195,1188,N/A,The local coverage matrix has no TOD scope entry for this city.,N/A,TOD is not applicable according to the local coverage matrix.,,,
charlemagne,charlemagne,complete,Canonical local Immo perMuni stats row is present and reports 1599 served lots.,1599,complete,Local Immo stats report 1599/1599 lots with surface_m2.,1599,1599,complete,Local Immo stats report 1599/1599 lots with code_postal.,1599,1599,incomplete,Local Immo stats report 1549/1599 lots with civic address.,1599,1549,N/A,The local coverage matrix has no TOD scope entry for this city.,N/A,TOD is not applicable according to the local coverage matrix.,,,
chartierville,chartierville,complete,Canonical local Immo perMuni stats row is present and reports 661 served lots.,661,complete,Local Immo stats report 661/661 lots with surface_m2.,661,661,complete,Local Immo stats report 661/661 lots with code_postal.,661,661,incomplete,Local Immo stats report 556/661 lots with civic address.,661,556,N/A,The local coverage matrix has no TOD scope entry for this city.,N/A,TOD is not applicable according to the local coverage matrix.,,,
chateau-richer,chateau-richer,complete,Canonical local Immo perMuni stats row is present and reports 2955 served lots.,2955,complete,Local Immo stats report 2955/2955 lots with surface_m2.,2955,2955,complete,Local Immo stats report 2955/2955 lots with code_postal.,2955,2955,incomplete,Local Immo stats report 2681/2955 lots with civic address.,2955,2681,N/A,The local coverage matrix has no TOD scope entry for this city.,N/A,TOD is not applicable according to the local coverage matrix.,,,
chateauguay,chateauguay,complete,Canonical local Immo perMuni stats row is present and reports 18765 served lots.,18765,complete,Local Immo stats report 18765/18765 lots with surface_m2.,18765,18765,complete,Local Immo stats report 18765/18765 lots with code_postal.,18765,18765,incomplete,Local Immo stats report 18526/18765 lots with civic address.,18765,18526,complete,The local coverage matrix declares TOD scope with status done.,incomplete,Local Immo stats report the TOD join is absent: 0/18765 lots joined (0 lots in TOD).,18765,0,0
chazel,chazel,complete,Canonical local Immo perMuni stats row is present and reports 402 served lots.,402,complete,Local Immo stats report 402/402 lots with surface_m2.,402,402,complete,Local Immo stats report 402/402 lots with code_postal.,402,402,incomplete,Local Immo stats report 401/402 lots with civic address.,402,401,N/A,The local coverage matrix has no TOD scope entry for this city.,N/A,TOD is not applicable according to the local coverage matrix.,,,
chelsea,chelsea,complete,Canonical local Immo perMuni stats row is present and reports 4907 served lots.,4907,complete,Local Immo stats report 4907/4907 lots with surface_m2.,4907,4907,complete,Local Immo stats report 4907/4907 lots with code_postal.,4907,4907,incomplete,Local Immo stats report 4889/4907 lots with civic address.,4907,4889,N/A,The local coverage matrix has no TOD scope entry for this city.,N/A,TOD is not applicable according to the local coverage matrix.,,,
cheneville,cheneville,complete,Canonical local Immo perMuni stats row is present and reports 1253 served lots.,1253,complete,Local Immo stats report 1253/1253 lots with surface_m2.,1253,1253,complete,Local Immo stats report 1253/1253 lots with code_postal.,1253,1253,incomplete,Local Immo stats report 1150/1253 lots with civic address.,1253,1150,N/A,The local coverage matrix has no TOD scope entry for this city.,N/A,TOD is not applicable according to the local coverage matrix.,,,
chertsey,chertsey,complete,Canonical local Immo perMuni stats row is present and reports 8378 served lots.,8378,complete,Local Immo stats report 8378/8378 lots with surface_m2.,8378,8378,complete,Local Immo stats report 8378/8378 lots with code_postal.,8378,8378,incomplete,Local Immo stats report 8296/8378 lots with civic address.,8378,8296,N/A,The local coverage matrix has no TOD scope entry for this city.,N/A,TOD is not applicable according to the local coverage matrix.,,,
chesterville,chesterville,complete,Canonical local Immo perMuni stats row is present and reports 1022 served lots.,1022,complete,Local Immo stats report 1022/1022 lots with surface_m2.,1022,1022,complete,Local Immo stats report 1022/1022 lots with code_postal.,1022,1022,incomplete,Local Immo stats report 936/1022 lots with civic address.,1022,936,N/A,The local coverage matrix has no TOD scope entry for this city.,N/A,TOD is not applicable according to the local coverage matrix.,,,
chibougamau,chibougamau,complete,Canonical local Immo perMuni stats row is present and reports 40 served lots.,40,complete,Local Immo stats report 40/40 lots with surface_m2.,40,40,complete,Local Immo stats report 40/40 lots with code_postal.,40,40,incomplete,Local Immo stats report 38/40 lots with civic address.,40,38,N/A,The local coverage matrix has no TOD scope entry for this city.,N/A,TOD is not applicable according to the local coverage matrix.,,,
chichester,chichester,complete,Canonical local Immo perMuni stats row is present and reports 655 served lots.,655,complete,Local Immo stats report 655/655 lots with surface_m2.,655,655,complete,Local Immo stats report 655/655 lots with code_postal.,655,655,incomplete,Local Immo stats report 594/655 lots with civic address.,655,594,N/A,The local coverage matrix has no TOD scope entry for this city.,N/A,TOD is not applicable according to the local coverage matrix.,,,
chute-aux-outardes,chute-aux-outardes,complete,Canonical local Immo perMuni stats row is present and reports 766 served lots.,766,complete,Local Immo stats report 766/766 lots with surface_m2.,766,766,complete,Local Immo stats report 766/766 lots with code_postal.,766,766,incomplete,Local Immo stats report 685/766 lots with civic address.,766,685,N/A,The local coverage matrix has no TOD scope entry for this city.,N/A,TOD is not applicable according to the local coverage matrix.,,,
chute-saint-philippe,chute-saint-philippe,complete,Canonical local Immo perMuni stats row is present and reports 1022 served lots.,1022,complete,Local Immo stats report 1022/1022 lots with surface_m2.,1022,1022,complete,Local Immo stats report 1022/1022 lots with code_postal.,1022,1022,incomplete,Local Immo stats report 800/1022 lots with civic address.,1022,800,N/A,The local coverage matrix has no TOD scope entry for this city.,N/A,TOD is not applicable according to the local coverage matrix.,,,
clarenceville,clarenceville,complete,Canonical local Immo perMuni stats row is present and reports 1564 served lots.,1564,complete,Local Immo stats report 1564/1564 lots with surface_m2.,1564,1564,complete,Local Immo stats report 1564/1564 lots with code_postal.,1564,1564,incomplete,Local Immo stats report 1418/1564 lots with civic address.,1564,1418,N/A,The local coverage matrix has no TOD scope entry for this city.,N/A,TOD is not applicable according to the local coverage matrix.,,,
clarendon,clarendon,complete,Canonical local Immo perMuni stats row is present and reports 1077 served lots.,1077,complete,Local Immo stats report 1077/1077 lots with surface_m2.,1077,1077,complete,Local Immo stats report 1077/1077 lots with code_postal.,1077,1077,incomplete,Local Immo stats report 955/1077 lots with civic address.,1077,955,N/A,The local coverage matrix has no TOD scope entry for this city.,N/A,TOD is not applicable according to the local coverage matrix.,,,
clermont--abitibi-ouest,clermont--abitibi-ouest,complete,Canonical local Immo perMuni stats row is present and reports 321 served lots.,321,complete,Local Immo stats report 321/321 lots with surface_m2.,321,321,complete,Local Immo stats report 321/321 lots with code_postal.,321,321,incomplete,Local Immo stats report 320/321 lots with civic address.,321,320,N/A,The local coverage matrix has no TOD scope entry for this city.,N/A,TOD is not applicable according to the local coverage matrix.,,,
clermont--charlevoix-est,clermont--charlevoix-est,complete,Canonical local Immo perMuni stats row is present and reports 1995 served lots.,1995,complete,Local Immo stats report 1995/1995 lots with surface_m2.,1995,1995,complete,Local Immo stats report 1995/1995 lots with code_postal.,1995,1995,incomplete,Local Immo stats report 1756/1995 lots with civic address.,1995,1756,N/A,The local coverage matrix has no TOD scope entry for this city.,N/A,TOD is not applicable according to the local coverage matrix.,,,
clerval,clerval,complete,Canonical local Immo perMuni stats row is present and reports 673 served lots.,673,complete,Local Immo stats report 673/673 lots with surface_m2.,673,673,complete,Local Immo stats report 673/673 lots with code_postal.,673,673,incomplete,Local Immo stats report 667/673 lots with civic address.,673,667,N/A,The local coverage matrix has no TOD scope entry for this city.,N/A,TOD is not applicable according to the local coverage matrix.,,,
cleveland,cleveland,complete,Canonical local Immo perMuni stats row is present and reports 1112 served lots.,1112,complete,Local Immo stats report 1112/1112 lots with surface_m2.,1112,1112,complete,Local Immo stats report 1112/1112 lots with code_postal.,1112,1112,incomplete,Local Immo stats report 990/1112 lots with civic address.,1112,990,N/A,The local coverage matrix has no TOD scope entry for this city.,N/A,TOD is not applicable according to the local coverage matrix.,,,
cloridorme,cloridorme,complete,Canonical local Immo perMuni stats row is present and reports 749 served lots.,749,complete,Local Immo stats report 749/749 lots with surface_m2.,749,749,complete,Local Immo stats report 749/749 lots with code_postal.,749,749,incomplete,Local Immo stats report 717/749 lots with civic address.,749,717,N/A,The local coverage matrix has no TOD scope entry for this city.,N/A,TOD is not applicable according to the local coverage matrix.,,,
coaticook,coaticook,complete,Canonical local Immo perMuni stats row is present and reports 4064 served lots.,4064,complete,Local Immo stats report 4064/4064 lots with surface_m2.,4064,4064,complete,Local Immo stats report 4064/4064 lots with code_postal.,4064,4064,incomplete,Local Immo stats report 3541/4064 lots with civic address.,4064,3541,N/A,The local coverage matrix has no TOD scope entry for this city.,N/A,TOD is not applicable according to the local coverage matrix.,,,
colombier,colombier,complete,Canonical local Immo perMuni stats row is present and reports 520 served lots.,520,complete,Local Immo stats report 520/520 lots with surface_m2.,520,520,complete,Local Immo stats report 520/520 lots with code_postal.,520,520,incomplete,Local Immo stats report 471/520 lots with civic address.,520,471,N/A,The local coverage matrix has no TOD scope entry for this city.,N/A,TOD is not applicable according to the local coverage matrix.,,,
compton,compton,complete,Canonical local Immo perMuni stats row is present and reports 1806 served lots.,1806,complete,Local Immo stats report 1806/1806 lots with surface_m2.,1806,1806,complete,Local Immo stats report 1806/1806 lots with code_postal.,1806,1806,incomplete,Local Immo stats report 1531/1806 lots with civic address.,1806,1531,N/A,The local coverage matrix has no TOD scope entry for this city.,N/A,TOD is not applicable according to the local coverage matrix.,,,
contrecoeur,contrecoeur,complete,Canonical local Immo perMuni stats row is present and reports 4654 served lots.,4654,complete,Local Immo stats report 4654/4654 lots with surface_m2.,4654,4654,complete,Local Immo stats report 4654/4654 lots with code_postal.,4654,4654,incomplete,Local Immo stats report 4278/4654 lots with civic address.,4654,4278,N/A,The local coverage matrix has no TOD scope entry for this city.,N/A,TOD is not applicable according to the local coverage matrix.,,,
cookshire-eaton,cookshire-eaton,complete,Canonical local Immo perMuni stats row is present and reports 2078 served lots.,2078,complete,Local Immo stats report 2078/2078 lots with surface_m2.,2078,2078,complete,Local Immo stats report 2078/2078 lots with code_postal.,2078,2078,incomplete,Local Immo stats report 1800/2078 lots with civic address.,2078,1800,N/A,The local coverage matrix has no TOD scope entry for this city.,N/A,TOD is not applicable according to the local coverage matrix.,,,
cote-nord-du-golfe-du-saint-laurent,cote-nord-du-golfe-du-saint-laurent,complete,Canonical local Immo perMuni stats row is present and reports zero lots.,0,N/A,Canonical local Immo stats report zero lots; surface_m2 has no per-lot denominator.,0,,N/A,Canonical local Immo stats report zero lots; code_postal has no per-lot denominator.,0,,N/A,Canonical local Immo stats report zero lots; civic address has no per-lot denominator.,0,,N/A,The local coverage matrix has no TOD scope entry for this city.,N/A,TOD is not applicable according to the local coverage matrix.,,,
cote-saint-luc,cote-saint-luc,complete,Canonical local Immo perMuni stats row is present and reports 4945 served lots.,4945,complete,Local Immo stats report 4945/4945 lots with surface_m2.,4945,4945,complete,Local Immo stats report 4945/4945 lots with code_postal.,4945,4945,incomplete,Local Immo stats report 4842/4945 lots with civic address.,4945,4842,N/A,The local coverage matrix has no TOD scope entry for this city.,N/A,TOD is not applicable according to the local coverage matrix.,,,
coteau-du-lac,coteau-du-lac,complete,Canonical local Immo perMuni stats row is present and reports 3909 served lots.,3909,complete,Local Immo stats report 3909/3909 lots with surface_m2.,3909,3909,complete,Local Immo stats report 3909/3909 lots with code_postal.,3909,3909,incomplete,Local Immo stats report 3725/3909 lots with civic address.,3909,3725,N/A,The local coverage matrix has no TOD scope entry for this city.,N/A,TOD is not applicable according to the local coverage matrix.,,,
courcelles-saint-evariste,courcelles-saint-evariste,complete,Canonical local Immo perMuni stats row is present and reports 1191 served lots.,1191,complete,Local Immo stats report 1191/1191 lots with surface_m2.,1191,1191,complete,Local Immo stats report 1191/1191 lots with code_postal.,1191,1191,incomplete,Local Immo stats report 1073/1191 lots with civic address.,1191,1073,N/A,The local coverage matrix has no TOD scope entry for this city.,N/A,TOD is not applicable according to the local coverage matrix.,,,
cowansville,cowansville,complete,Canonical local Immo perMuni stats row is present and reports 6820 served lots.,6820,complete,Local Immo stats report 6820/6820 lots with surface_m2.,6820,6820,complete,Local Immo stats report 6820/6820 lots with code_postal.,6820,6820,incomplete,Local Immo stats report 6676/6820 lots with civic address.,6820,6676,N/A,The local coverage matrix has no TOD scope entry for this city.,N/A,TOD is not applicable according to the local coverage matrix.,,,
crabtree,crabtree,complete,Canonical local Immo perMuni stats row is present and reports 1830 served lots.,1830,complete,Local Immo stats report 1830/1830 lots with surface_m2.,1830,1830,complete,Local Immo stats report 1830/1830 lots with code_postal.,1830,1830,incomplete,Local Immo stats report 1808/1830 lots with civic address.,1830,1808,N/A,The local coverage matrix has no TOD scope entry for this city.,N/A,TOD is not applicable according to the local coverage matrix.,,,
danville,danville,complete,Canonical local Immo perMuni stats row is present and reports 2362 served lots.,2362,complete,Local Immo stats report 2362/2362 lots with surface_m2.,2362,2362,complete,Local Immo stats report 2362/2362 lots with code_postal.,2362,2362,incomplete,Local Immo stats report 2355/2362 lots with civic address.,2362,2355,N/A,The local coverage matrix has no TOD scope entry for this city.,N/A,TOD is not applicable according to the local coverage matrix.,,,
daveluyville,daveluyville,complete,Canonical local Immo perMuni stats row is present and reports 1868 served lots.,1868,complete,Local Immo stats report 1868/1868 lots with surface_m2.,1868,1868,complete,Local Immo stats report 1868/1868 lots with code_postal.,1868,1868,incomplete,Local Immo stats report 1668/1868 lots with civic address.,1868,1668,N/A,The local coverage matrix has no TOD scope entry for this city.,N/A,TOD is not applicable according to the local coverage matrix.,,,
degelis,degelis,complete,Canonical local Immo perMuni stats row is present and reports 327 served lots.,327,complete,Local Immo stats report 327/327 lots with surface_m2.,327,327,complete,Local Immo stats report 327/327 lots with code_postal.,327,327,incomplete,Local Immo stats report 267/327 lots with civic address.,327,267,N/A,The local coverage matrix has no TOD scope entry for this city.,N/A,TOD is not applicable according to the local coverage matrix.,,,
deleage,,incomplete,No canonical local Immo perMuni stats row is present in the served-lots snapshot.,,unknown,No canonical local Immo perMuni stats row exists; surface_m2 cannot be measured.,,,unknown,No canonical local Immo perMuni stats row exists; code_postal cannot be measured.,,,unknown,No canonical local Immo perMuni stats row exists; civic address cannot be measured.,,,N/A,The local coverage matrix has no TOD scope entry for this city.,N/A,TOD is not applicable according to the local coverage matrix.,,,
delson,delson,complete,Canonical local Immo perMuni stats row is present and reports 3330 served lots.,3330,complete,Local Immo stats report 3330/3330 lots with surface_m2.,3330,3330,complete,Local Immo stats report 3330/3330 lots with code_postal.,3330,3330,incomplete,Local Immo stats report 3174/3330 lots with civic address.,3330,3174,complete,The local coverage matrix declares TOD scope with status done.,complete,Local Immo stats report a TOD join for 3330/3330 lots (1247 lots are in TOD).,3330,3330,1247
denholm,denholm,complete,Canonical local Immo perMuni stats row is present and reports 855 served lots.,855,complete,Local Immo stats report 855/855 lots with surface_m2.,855,855,complete,Local Immo stats report 855/855 lots with code_postal.,855,855,incomplete,Local Immo stats report 789/855 lots with civic address.,855,789,N/A,The local coverage matrix has no TOD scope entry for this city.,N/A,TOD is not applicable according to the local coverage matrix.,,,
desbiens,,incomplete,No canonical local Immo perMuni stats row is present in the served-lots snapshot.,,unknown,No canonical local Immo perMuni stats row exists; surface_m2 cannot be measured.,,,unknown,No canonical local Immo perMuni stats row exists; code_postal cannot be measured.,,,unknown,No canonical local Immo perMuni stats row exists; civic address cannot be measured.,,,N/A,The local coverage matrix has no TOD scope entry for this city.,N/A,TOD is not applicable according to the local coverage matrix.,,,
deschaillons-sur-saint-laurent,deschaillons-sur-saint-laurent,complete,Canonical local Immo perMuni stats row is present and reports 1070 served lots.,1070,complete,Local Immo stats report 1070/1070 lots with surface_m2.,1070,1070,complete,Local Immo stats report 1070/1070 lots with code_postal.,1070,1070,incomplete,Local Immo stats report 1047/1070 lots with civic address.,1070,1047,N/A,The local coverage matrix has no TOD scope entry for this city.,N/A,TOD is not applicable according to the local coverage matrix.,,,
deschambault-grondines,deschambault-grondines,complete,Canonical local Immo perMuni stats row is present and reports 2191 served lots.,2191,complete,Local Immo stats report 2191/2191 lots with surface_m2.,2191,2191,complete,Local Immo stats report 2191/2191 lots with code_postal.,2191,2191,incomplete,Local Immo stats report 1964/2191 lots with civic address.,2191,1964,N/A,The local coverage matrix has no TOD scope entry for this city.,N/A,TOD is not applicable according to the local coverage matrix.,,,
deux-montagnes,deux-montagnes,complete,Canonical local Immo perMuni stats row is present and reports 6429 served lots.,6429,complete,Local Immo stats report 6429/6429 lots with surface_m2.,6429,6429,complete,Local Immo stats report 6429/6429 lots with code_postal.,6429,6429,incomplete,Local Immo stats report 6331/6429 lots with civic address.,6429,6331,complete,The local coverage matrix declares TOD scope with status done.,incomplete,Local Immo stats report the TOD join is absent: 0/6429 lots joined (0 lots in TOD).,6429,0,0
disraeli--les-appalaches,disraeli--les-appalaches,complete,Canonical local Immo perMuni stats row is present and reports 1482 served lots.,1482,complete,Local Immo stats report 1482/1482 lots with surface_m2.,1482,1482,complete,Local Immo stats report 1482/1482 lots with code_postal.,1482,1482,incomplete,Local Immo stats report 1464/1482 lots with civic address.,1482,1464,N/A,The local coverage matrix has no TOD scope entry for this city.,N/A,TOD is not applicable according to the local coverage matrix.,,,
disraeli--les-appalaches--2,disraeli--les-appalaches--2,complete,Canonical local Immo perMuni stats row is present and reports 1482 served lots.,1482,complete,Local Immo stats report 1482/1482 lots with surface_m2.,1482,1482,complete,Local Immo stats report 1482/1482 lots with code_postal.,1482,1482,incomplete,Local Immo stats report 1464/1482 lots with civic address.,1482,1464,N/A,The local coverage matrix has no TOD scope entry for this city.,N/A,TOD is not applicable according to the local coverage matrix.,,,
dixville,dixville,complete,Canonical local Immo perMuni stats row is present and reports 837 served lots.,837,complete,Local Immo stats report 837/837 lots with surface_m2.,837,837,complete,Local Immo stats report 837/837 lots with code_postal.,837,837,incomplete,Local Immo stats report 719/837 lots with civic address.,837,719,N/A,The local coverage matrix has no TOD scope entry for this city.,N/A,TOD is not applicable according to the local coverage matrix.,,,
dolbeau-mistassini,,incomplete,No canonical local Immo perMuni stats row is present in the served-lots snapshot.,,unknown,No canonical local Immo perMuni stats row exists; surface_m2 cannot be measured.,,,unknown,No canonical local Immo perMuni stats row exists; code_postal cannot be measured.,,,unknown,No canonical local Immo perMuni stats row exists; civic address cannot be measured.,,,N/A,The local coverage matrix has no TOD scope entry for this city.,N/A,TOD is not applicable according to the local coverage matrix.,,,
dollard-des-ormeaux,dollard-des-ormeaux,complete,Canonical local Immo perMuni stats row is present and reports 12563 served lots.,12563,complete,Local Immo stats report 12563/12563 lots with surface_m2.,12563,12563,complete,Local Immo stats report 12563/12563 lots with code_postal.,12563,12563,incomplete,Local Immo stats report 11667/12563 lots with civic address.,12563,11667,N/A,The local coverage matrix has no TOD scope entry for this city.,N/A,TOD is not applicable according to the local coverage matrix.,,,
donnacona,donnacona,complete,Canonical local Immo perMuni stats row is present and reports 3613 served lots.,3613,complete,Local Immo stats report 3613/3613 lots with surface_m2.,3613,3613,complete,Local Immo stats report 3613/3613 lots with code_postal.,3613,3613,incomplete,Local Immo stats report 3287/3613 lots with civic address.,3613,3287,N/A,The local coverage matrix has no TOD scope entry for this city.,N/A,TOD is not applicable according to the local coverage matrix.,,,
dorval,dorval,complete,Canonical local Immo perMuni stats row is present and reports 6245 served lots.,6245,complete,Local Immo stats report 6245/6245 lots with surface_m2.,6245,6245,complete,Local Immo stats report 6245/6245 lots with code_postal.,6245,6245,incomplete,Local Immo stats report 5601/6245 lots with civic address.,6245,5601,complete,The local coverage matrix declares TOD scope with status done.,incomplete,Local Immo stats report the TOD join is absent: 0/6245 lots joined (0 lots in TOD).,6245,0,0
dosquet,dosquet,complete,Canonical local Immo perMuni stats row is present and reports 855 served lots.,855,complete,Local Immo stats report 855/855 lots with surface_m2.,855,855,complete,Local Immo stats report 855/855 lots with code_postal.,855,855,incomplete,Local Immo stats report 738/855 lots with civic address.,855,738,N/A,The local coverage matrix has no TOD scope entry for this city.,N/A,TOD is not applicable according to the local coverage matrix.,,,
drummondville,drummondville,complete,Canonical local Immo perMuni stats row is present and reports 30722 served lots.,30722,complete,Local Immo stats report 30722/30722 lots with surface_m2.,30722,30722,complete,Local Immo stats report 30722/30722 lots with code_postal.,30722,30722,incomplete,Local Immo stats report 27456/30722 lots with civic address.,30722,27456,N/A,The local coverage matrix has no TOD scope entry for this city.,N/A,TOD is not applicable according to the local coverage matrix.,,,
dudswell,dudswell,complete,Canonical local Immo perMuni stats row is present and reports 1987 served lots.,1987,complete,Local Immo stats report 1987/1987 lots with surface_m2.,1987,1987,complete,Local Immo stats report 1987/1987 lots with code_postal.,1987,1987,incomplete,Local Immo stats report 1810/1987 lots with civic address.,1987,1810,N/A,The local coverage matrix has no TOD scope entry for this city.,N/A,TOD is not applicable according to the local coverage matrix.,,,
duhamel,duhamel,complete,Canonical local Immo perMuni stats row is present and reports 218 served lots.,218,complete,Local Immo stats report 218/218 lots with surface_m2.,218,218,complete,Local Immo stats report 218/218 lots with code_postal.,218,218,incomplete,Local Immo stats report 199/218 lots with civic address.,218,199,N/A,The local coverage matrix has no TOD scope entry for this city.,N/A,TOD is not applicable according to the local coverage matrix.,,,
duhamel-ouest,duhamel-ouest,complete,Canonical local Immo perMuni stats row is present and reports 973 served lots.,973,complete,Local Immo stats report 973/973 lots with surface_m2.,973,973,complete,Local Immo stats report 973/973 lots with code_postal.,973,973,incomplete,Local Immo stats report 919/973 lots with civic address.,973,919,N/A,The local coverage matrix has no TOD scope entry for this city.,N/A,TOD is not applicable according to the local coverage matrix.,,,
dundee,dundee,complete,Canonical local Immo perMuni stats row is present and reports 559 served lots.,559,complete,Local Immo stats report 559/559 lots with surface_m2.,559,559,complete,Local Immo stats report 559/559 lots with code_postal.,559,559,incomplete,Local Immo stats report 553/559 lots with civic address.,559,553,N/A,The local coverage matrix has no TOD scope entry for this city.,N/A,TOD is not applicable according to the local coverage matrix.,,,
dunham,dunham,complete,Canonical local Immo perMuni stats row is present and reports 2823 served lots.,2823,complete,Local Immo stats report 2823/2823 lots with surface_m2.,2823,2823,complete,Local Immo stats report 2823/2823 lots with code_postal.,2823,2823,incomplete,Local Immo stats report 2785/2823 lots with civic address.,2823,2785,N/A,The local coverage matrix has no TOD scope entry for this city.,N/A,TOD is not applicable according to the local coverage matrix.,,,
duparquet,duparquet,complete,Canonical local Immo perMuni stats row is present and reports 470 served lots.,470,complete,Local Immo stats report 470/470 lots with surface_m2.,470,470,complete,Local Immo stats report 470/470 lots with code_postal.,470,470,complete,Local Immo stats report 470/470 lots with civic address.,470,470,N/A,The local coverage matrix has no TOD scope entry for this city.,N/A,TOD is not applicable according to the local coverage matrix.,,,
dupuy,dupuy,complete,Canonical local Immo perMuni stats row is present and reports 936 served lots.,936,complete,Local Immo stats report 936/936 lots with surface_m2.,936,936,complete,Local Immo stats report 936/936 lots with code_postal.,936,936,complete,Local Immo stats report 936/936 lots with civic address.,936,936,N/A,The local coverage matrix has no TOD scope entry for this city.,N/A,TOD is not applicable according to the local coverage matrix.,,,
durham-sud,durham-sud,complete,Canonical local Immo perMuni stats row is present and reports 774 served lots.,774,complete,Local Immo stats report 774/774 lots with surface_m2.,774,774,complete,Local Immo stats report 774/774 lots with code_postal.,774,774,incomplete,Local Immo stats report 658/774 lots with civic address.,774,658,N/A,The local coverage matrix has no TOD scope entry for this city.,N/A,TOD is not applicable according to the local coverage matrix.,,,
east-angus,east-angus,complete,Canonical local Immo perMuni stats row is present and reports 2010 served lots.,2010,complete,Local Immo stats report 2010/2010 lots with surface_m2.,2010,2010,complete,Local Immo stats report 2010/2010 lots with code_postal.,2010,2010,incomplete,Local Immo stats report 1740/2010 lots with civic address.,2010,1740,N/A,The local coverage matrix has no TOD scope entry for this city.,N/A,TOD is not applicable according to the local coverage matrix.,,,
east-broughton,east-broughton,complete,Canonical local Immo perMuni stats row is present and reports 1279 served lots.,1279,complete,Local Immo stats report 1279/1279 lots with surface_m2.,1279,1279,complete,Local Immo stats report 1279/1279 lots with code_postal.,1279,1279,incomplete,Local Immo stats report 1269/1279 lots with civic address.,1279,1269,N/A,The local coverage matrix has no TOD scope entry for this city.,N/A,TOD is not applicable according to the local coverage matrix.,,,
east-farnham,,incomplete,No canonical local Immo perMuni stats row is present in the served-lots snapshot.,,unknown,No canonical local Immo perMuni stats row exists; surface_m2 cannot be measured.,,,unknown,No canonical local Immo perMuni stats row exists; code_postal cannot be measured.,,,unknown,No canonical local Immo perMuni stats row exists; civic address cannot be measured.,,,N/A,The local coverage matrix has no TOD scope entry for this city.,N/A,TOD is not applicable according to the local coverage matrix.,,,
east-hereford,east-hereford,complete,Canonical local Immo perMuni stats row is present and reports 394 served lots.,394,complete,Local Immo stats report 394/394 lots with surface_m2.,394,394,complete,Local Immo stats report 394/394 lots with code_postal.,394,394,incomplete,Local Immo stats report 330/394 lots with civic address.,394,330,N/A,The local coverage matrix has no TOD scope entry for this city.,N/A,TOD is not applicable according to the local coverage matrix.,,,
eastman,,incomplete,No canonical local Immo perMuni stats row is present in the served-lots snapshot.,,unknown,No canonical local Immo perMuni stats row exists; surface_m2 cannot be measured.,,,unknown,No canonical local Immo perMuni stats row exists; code_postal cannot be measured.,,,unknown,No canonical local Immo perMuni stats row exists; civic address cannot be measured.,,,N/A,The local coverage matrix has no TOD scope entry for this city.,N/A,TOD is not applicable according to the local coverage matrix.,,,
eeyou-istchee-james-bay,,incomplete,No canonical local Immo perMuni stats row is present in the served-lots snapshot.,,unknown,No canonical local Immo perMuni stats row exists; surface_m2 cannot be measured.,,,unknown,No canonical local Immo perMuni stats row exists; code_postal cannot be measured.,,,unknown,No canonical local Immo perMuni stats row exists; civic address cannot be measured.,,,N/A,The local coverage matrix has no TOD scope entry for this city.,N/A,TOD is not applicable according to the local coverage matrix.,,,
egan-sud,,incomplete,No canonical local Immo perMuni stats row is present in the served-lots snapshot.,,unknown,No canonical local Immo perMuni stats row exists; surface_m2 cannot be measured.,,,unknown,No canonical local Immo perMuni stats row exists; code_postal cannot be measured.,,,unknown,No canonical local Immo perMuni stats row exists; civic address cannot be measured.,,,N/A,The local coverage matrix has no TOD scope entry for this city.,N/A,TOD is not applicable according to the local coverage matrix.,,,
elgin,elgin,complete,Canonical local Immo perMuni stats row is present and reports 521 served lots.,521,complete,Local Immo stats report 521/521 lots with surface_m2.,521,521,complete,Local Immo stats report 521/521 lots with code_postal.,521,521,incomplete,Local Immo stats report 497/521 lots with civic address.,521,497,N/A,The local coverage matrix has no TOD scope entry for this city.,N/A,TOD is not applicable according to the local coverage matrix.,,,
entrelacs,entrelacs,complete,Canonical local Immo perMuni stats row is present and reports 2564 served lots.,2564,complete,Local Immo stats report 2564/2564 lots with surface_m2.,2564,2564,complete,Local Immo stats report 2564/2564 lots with code_postal.,2564,2564,incomplete,Local Immo stats report 2557/2564 lots with civic address.,2564,2557,N/A,The local coverage matrix has no TOD scope entry for this city.,N/A,TOD is not applicable according to the local coverage matrix.,,,
escuminac,escuminac,complete,Canonical local Immo perMuni stats row is present and reports 686 served lots.,686,complete,Local Immo stats report 686/686 lots with surface_m2.,686,686,complete,Local Immo stats report 686/686 lots with code_postal.,686,686,incomplete,Local Immo stats report 674/686 lots with civic address.,686,674,N/A,The local coverage matrix has no TOD scope entry for this city.,N/A,TOD is not applicable according to the local coverage matrix.,,,
esprit-saint,esprit-saint,complete,Canonical local Immo perMuni stats row is present and reports 509 served lots.,509,complete,Local Immo stats report 509/509 lots with surface_m2.,509,509,complete,Local Immo stats report 509/509 lots with code_postal.,509,509,incomplete,Local Immo stats report 461/509 lots with civic address.,509,461,N/A,The local coverage matrix has no TOD scope entry for this city.,N/A,TOD is not applicable according to the local coverage matrix.,,,
esterel,esterel,complete,Canonical local Immo perMuni stats row is present and reports 905 served lots.,905,complete,Local Immo stats report 905/905 lots with surface_m2.,905,905,complete,Local Immo stats report 905/905 lots with code_postal.,905,905,incomplete,Local Immo stats report 895/905 lots with civic address.,905,895,N/A,The local coverage matrix has no TOD scope entry for this city.,N/A,TOD is not applicable according to the local coverage matrix.,,,
farnham,farnham,complete,Canonical local Immo perMuni stats row is present and reports 4950 served lots.,4950,complete,Local Immo stats report 4950/4950 lots with surface_m2.,4950,4950,complete,Local Immo stats report 4950/4950 lots with code_postal.,4950,4950,incomplete,Local Immo stats report 4907/4950 lots with civic address.,4950,4907,N/A,The local coverage matrix has no TOD scope entry for this city.,N/A,TOD is not applicable according to the local coverage matrix.,,,
fassett,fassett,complete,Canonical local Immo perMuni stats row is present and reports 596 served lots.,596,complete,Local Immo stats report 596/596 lots with surface_m2.,596,596,complete,Local Immo stats report 596/596 lots with code_postal.,596,596,incomplete,Local Immo stats report 553/596 lots with civic address.,596,553,N/A,The local coverage matrix has no TOD scope entry for this city.,N/A,TOD is not applicable according to the local coverage matrix.,,,
ferland-et-boilleau,,incomplete,No canonical local Immo perMuni stats row is present in the served-lots snapshot.,,unknown,No canonical local Immo perMuni stats row exists; surface_m2 cannot be measured.,,,unknown,No canonical local Immo perMuni stats row exists; code_postal cannot be measured.,,,unknown,No canonical local Immo perMuni stats row exists; civic address cannot be measured.,,,N/A,The local coverage matrix has no TOD scope entry for this city.,N/A,TOD is not applicable according to the local coverage matrix.,,,
ferme-neuve,ferme-neuve,complete,Canonical local Immo perMuni stats row is present and reports 116 served lots.,116,complete,Local Immo stats report 116/116 lots with surface_m2.,116,116,complete,Local Immo stats report 116/116 lots with code_postal.,116,116,incomplete,Local Immo stats report 96/116 lots with civic address.,116,96,N/A,The local coverage matrix has no TOD scope entry for this city.,N/A,TOD is not applicable according to the local coverage matrix.,,,
fermont,fermont,complete,Canonical local Immo perMuni stats row is present and reports 30 served lots.,30,complete,Local Immo stats report 30/30 lots with surface_m2.,30,30,complete,Local Immo stats report 30/30 lots with code_postal.,30,30,complete,Local Immo stats report 30/30 lots with civic address.,30,30,N/A,The local coverage matrix has no TOD scope entry for this city.,N/A,TOD is not applicable according to the local coverage matrix.,,,
forestville,forestville,complete,Canonical local Immo perMuni stats row is present and reports 1989 served lots.,1989,complete,Local Immo stats report 1989/1989 lots with surface_m2.,1989,1989,complete,Local Immo stats report 1989/1989 lots with code_postal.,1989,1989,incomplete,Local Immo stats report 1737/1989 lots with civic address.,1989,1737,N/A,The local coverage matrix has no TOD scope entry for this city.,N/A,TOD is not applicable according to the local coverage matrix.,,,
fort-coulonge,fort-coulonge,complete,Canonical local Immo perMuni stats row is present and reports 931 served lots.,931,complete,Local Immo stats report 931/931 lots with surface_m2.,931,931,complete,Local Immo stats report 931/931 lots with code_postal.,931,931,incomplete,Local Immo stats report 801/931 lots with civic address.,931,801,N/A,The local coverage matrix has no TOD scope entry for this city.,N/A,TOD is not applicable according to the local coverage matrix.,,,
fortierville,fortierville,complete,Canonical local Immo perMuni stats row is present and reports 651 served lots.,651,complete,Local Immo stats report 651/651 lots with surface_m2.,651,651,complete,Local Immo stats report 651/651 lots with code_postal.,651,651,incomplete,Local Immo stats report 644/651 lots with civic address.,651,644,N/A,The local coverage matrix has no TOD scope entry for this city.,N/A,TOD is not applicable according to the local coverage matrix.,,,
fossambault-sur-le-lac,fossambault-sur-le-lac,complete,Canonical local Immo perMuni stats row is present and reports 2115 served lots.,2115,complete,Local Immo stats report 2115/2115 lots with surface_m2.,2115,2115,complete,Local Immo stats report 2115/2115 lots with code_postal.,2115,2115,incomplete,Local Immo stats report 2103/2115 lots with civic address.,2115,2103,N/A,The local coverage matrix has no TOD scope entry for this city.,N/A,TOD is not applicable according to the local coverage matrix.,,,
frampton,frampton,complete,Canonical local Immo perMuni stats row is present and reports 1545 served lots.,1545,complete,Local Immo stats report 1545/1545 lots with surface_m2.,1545,1545,complete,Local Immo stats report 1545/1545 lots with code_postal.,1545,1545,incomplete,Local Immo stats report 1406/1545 lots with civic address.,1545,1406,N/A,The local coverage matrix has no TOD scope entry for this city.,N/A,TOD is not applicable according to the local coverage matrix.,,,
franklin,franklin,complete,Canonical local Immo perMuni stats row is present and reports 1371 served lots.,1371,complete,Local Immo stats report 1371/1371 lots with surface_m2.,1371,1371,complete,Local Immo stats report 1371/1371 lots with code_postal.,1371,1371,incomplete,Local Immo stats report 1347/1371 lots with civic address.,1371,1347,N/A,The local coverage matrix has no TOD scope entry for this city.,N/A,TOD is not applicable according to the local coverage matrix.,,,
franquelin,franquelin,complete,Canonical local Immo perMuni stats row is present and reports 43 served lots.,43,complete,Local Immo stats report 43/43 lots with surface_m2.,43,43,complete,Local Immo stats report 43/43 lots with code_postal.,43,43,incomplete,Local Immo stats report 0/43 lots with civic address.,43,0,N/A,The local coverage matrix has no TOD scope entry for this city.,N/A,TOD is not applicable according to the local coverage matrix.,,,
frelighsburg,frelighsburg,complete,Canonical local Immo perMuni stats row is present and reports 986 served lots.,986,complete,Local Immo stats report 986/986 lots with surface_m2.,986,986,complete,Local Immo stats report 986/986 lots with code_postal.,986,986,incomplete,Local Immo stats report 978/986 lots with civic address.,986,978,N/A,The local coverage matrix has no TOD scope entry for this city.,N/A,TOD is not applicable according to the local coverage matrix.,,,
frontenac,frontenac,complete,Canonical local Immo perMuni stats row is present and reports 1339 served lots.,1339,complete,Local Immo stats report 1339/1339 lots with surface_m2.,1339,1339,complete,Local Immo stats report 1339/1339 lots with code_postal.,1339,1339,incomplete,Local Immo stats report 1229/1339 lots with civic address.,1339,1229,N/A,The local coverage matrix has no TOD scope entry for this city.,N/A,TOD is not applicable according to the local coverage matrix.,,,
fugereville,fugereville,complete,Canonical local Immo perMuni stats row is present and reports 494 served lots.,494,complete,Local Immo stats report 494/494 lots with surface_m2.,494,494,complete,Local Immo stats report 494/494 lots with code_postal.,494,494,complete,Local Immo stats report 494/494 lots with civic address.,494,494,N/A,The local coverage matrix has no TOD scope entry for this city.,N/A,TOD is not applicable according to the local coverage matrix.,,,
gallichan,gallichan,complete,Canonical local Immo perMuni stats row is present and reports 675 served lots.,675,complete,Local Immo stats report 675/675 lots with surface_m2.,675,675,complete,Local Immo stats report 675/675 lots with code_postal.,675,675,incomplete,Local Immo stats report 671/675 lots with civic address.,675,671,N/A,The local coverage matrix has no TOD scope entry for this city.,N/A,TOD is not applicable according to the local coverage matrix.,,,
gaspe,gaspe,complete,Canonical local Immo perMuni stats row is present and reports 1614 served lots.,1614,complete,Local Immo stats report 1614/1614 lots with surface_m2.,1614,1614,complete,Local Immo stats report 1614/1614 lots with code_postal.,1614,1614,incomplete,Local Immo stats report 1608/1614 lots with civic address.,1614,1608,N/A,The local coverage matrix has no TOD scope entry for this city.,N/A,TOD is not applicable according to the local coverage matrix.,,,
gatineau,gatineau,complete,Canonical local Immo perMuni stats row is present and reports 39666 served lots.,39666,complete,Local Immo stats report 39666/39666 lots with surface_m2.,39666,39666,complete,Local Immo stats report 39666/39666 lots with code_postal.,39666,39666,incomplete,Local Immo stats report 37169/39666 lots with civic address.,39666,37169,N/A,The local coverage matrix has no TOD scope entry for this city.,N/A,TOD is not applicable according to the local coverage matrix.,,,
girardville,girardville,complete,Canonical local Immo perMuni stats row is present and reports 886 served lots.,886,complete,Local Immo stats report 886/886 lots with surface_m2.,886,886,complete,Local Immo stats report 886/886 lots with code_postal.,886,886,incomplete,Local Immo stats report 810/886 lots with civic address.,886,810,N/A,The local coverage matrix has no TOD scope entry for this city.,N/A,TOD is not applicable according to the local coverage matrix.,,,
godbout,godbout,complete,Canonical local Immo perMuni stats row is present and reports 377 served lots.,377,complete,Local Immo stats report 377/377 lots with surface_m2.,377,377,complete,Local Immo stats report 377/377 lots with code_postal.,377,377,complete,Local Immo stats report 377/377 lots with civic address.,377,377,N/A,The local coverage matrix has no TOD scope entry for this city.,N/A,TOD is not applicable according to the local coverage matrix.,,,
godmanchester,godmanchester,complete,Canonical local Immo perMuni stats row is present and reports 813 served lots.,813,complete,Local Immo stats report 813/813 lots with surface_m2.,813,813,complete,Local Immo stats report 813/813 lots with code_postal.,813,813,incomplete,Local Immo stats report 801/813 lots with civic address.,813,801,N/A,The local coverage matrix has no TOD scope entry for this city.,N/A,TOD is not applicable according to the local coverage matrix.,,,
gore,gore,complete,Canonical local Immo perMuni stats row is present and reports 5016 served lots.,5016,complete,Local Immo stats report 5016/5016 lots with surface_m2.,5016,5016,complete,Local Immo stats report 5016/5016 lots with code_postal.,5016,5016,incomplete,Local Immo stats report 4973/5016 lots with civic address.,5016,4973,N/A,The local coverage matrix has no TOD scope entry for this city.,N/A,TOD is not applicable according to the local coverage matrix.,,,
gracefield,,incomplete,No canonical local Immo perMuni stats row is present in the served-lots snapshot.,,unknown,No canonical local Immo perMuni stats row exists; surface_m2 cannot be measured.,,,unknown,No canonical local Immo perMuni stats row exists; code_postal cannot be measured.,,,unknown,No canonical local Immo perMuni stats row exists; civic address cannot be measured.,,,N/A,The local coverage matrix has no TOD scope entry for this city.,N/A,TOD is not applicable according to the local coverage matrix.,,,
granby,granby,complete,Canonical local Immo perMuni stats row is present and reports 25947 served lots.,25947,complete,Local Immo stats report 25947/25947 lots with surface_m2.,25947,25947,complete,Local Immo stats report 25947/25947 lots with code_postal.,25947,25947,incomplete,Local Immo stats report 25494/25947 lots with civic address.,25947,25494,N/A,The local coverage matrix has no TOD scope entry for this city.,N/A,TOD is not applicable according to the local coverage matrix.,,,
grand-metis,grand-metis,complete,Canonical local Immo perMuni stats row is present and reports 585 served lots.,585,complete,Local Immo stats report 585/585 lots with surface_m2.,585,585,complete,Local Immo stats report 585/585 lots with code_postal.,585,585,incomplete,Local Immo stats report 538/585 lots with civic address.,585,538,N/A,The local coverage matrix has no TOD scope entry for this city.,N/A,TOD is not applicable according to the local coverage matrix.,,,
grand-remous,grand-remous,complete,Canonical local Immo perMuni stats row is present and reports 1104 served lots.,1104,complete,Local Immo stats report 1104/1104 lots with surface_m2.,1104,1104,complete,Local Immo stats report 1104/1104 lots with code_postal.,1104,1104,incomplete,Local Immo stats report 943/1104 lots with civic address.,1104,943,N/A,The local coverage matrix has no TOD scope entry for this city.,N/A,TOD is not applicable according to the local coverage matrix.,,,
grand-saint-esprit,grand-saint-esprit,complete,Canonical local Immo perMuni stats row is present and reports 348 served lots.,348,complete,Local Immo stats report 348/348 lots with surface_m2.,348,348,complete,Local Immo stats report 348/348 lots with code_postal.,348,348,incomplete,Local Immo stats report 327/348 lots with civic address.,348,327,N/A,The local coverage matrix has no TOD scope entry for this city.,N/A,TOD is not applicable according to the local coverage matrix.,,,
grande-riviere,grande-riviere,complete,Canonical local Immo perMuni stats row is present and reports 2718 served lots.,2718,complete,Local Immo stats report 2718/2718 lots with surface_m2.,2718,2718,complete,Local Immo stats report 2718/2718 lots with code_postal.,2718,2718,incomplete,Local Immo stats report 2601/2718 lots with civic address.,2718,2601,N/A,The local coverage matrix has no TOD scope entry for this city.,N/A,TOD is not applicable according to the local coverage matrix.,,,
grande-vallee,,incomplete,No canonical local Immo perMuni stats row is present in the served-lots snapshot.,,unknown,No canonical local Immo perMuni stats row exists; surface_m2 cannot be measured.,,,unknown,No canonical local Immo perMuni stats row exists; code_postal cannot be measured.,,,unknown,No canonical local Immo perMuni stats row exists; civic address cannot be measured.,,,N/A,The local coverage matrix has no TOD scope entry for this city.,N/A,TOD is not applicable according to the local coverage matrix.,,,
grandes-piles,,incomplete,No canonical local Immo perMuni stats row is present in the served-lots snapshot.,,unknown,No canonical local Immo perMuni stats row exists; surface_m2 cannot be measured.,,,unknown,No canonical local Immo perMuni stats row exists; code_postal cannot be measured.,,,unknown,No canonical local Immo perMuni stats row exists; civic address cannot be measured.,,,N/A,The local coverage matrix has no TOD scope entry for this city.,N/A,TOD is not applicable according to the local coverage matrix.,,,
grenville,grenville,complete,Canonical local Immo perMuni stats row is present and reports 916 served lots.,916,complete,Local Immo stats report 916/916 lots with surface_m2.,916,916,complete,Local Immo stats report 916/916 lots with code_postal.,916,916,incomplete,Local Immo stats report 894/916 lots with civic address.,916,894,N/A,The local coverage matrix has no TOD scope entry for this city.,N/A,TOD is not applicable according to the local coverage matrix.,,,
grenville-sur-la-rouge,grenville-sur-la-rouge,complete,Canonical local Immo perMuni stats row is present and reports 1415 served lots.,1415,complete,Local Immo stats report 1415/1415 lots with surface_m2.,1415,1415,complete,Local Immo stats report 1415/1415 lots with code_postal.,1415,1415,incomplete,Local Immo stats report 1413/1415 lots with civic address.,1415,1413,N/A,The local coverage matrix has no TOD scope entry for this city.,N/A,TOD is not applicable according to the local coverage matrix.,,,
gros-mecatina,,incomplete,No canonical local Immo perMuni stats row is present in the served-lots snapshot.,,unknown,No canonical local Immo perMuni stats row exists; surface_m2 cannot be measured.,,,unknown,No canonical local Immo perMuni stats row exists; code_postal cannot be measured.,,,unknown,No canonical local Immo perMuni stats row exists; civic address cannot be measured.,,,N/A,The local coverage matrix has no TOD scope entry for this city.,N/A,TOD is not applicable according to the local coverage matrix.,,,
grosse-ile,grosse-ile,complete,Canonical local Immo perMuni stats row is present and reports 760 served lots.,760,complete,Local Immo stats report 760/760 lots with surface_m2.,760,760,complete,Local Immo stats report 760/760 lots with code_postal.,760,760,incomplete,Local Immo stats report 698/760 lots with civic address.,760,698,N/A,The local coverage matrix has no TOD scope entry for this city.,N/A,TOD is not applicable according to the local coverage matrix.,,,
grosses-roches,grosses-roches,complete,Canonical local Immo perMuni stats row is present and reports 790 served lots.,790,complete,Local Immo stats report 790/790 lots with surface_m2.,790,790,complete,Local Immo stats report 790/790 lots with code_postal.,790,790,incomplete,Local Immo stats report 685/790 lots with civic address.,790,685,N/A,The local coverage matrix has no TOD scope entry for this city.,N/A,TOD is not applicable according to the local coverage matrix.,,,
guerin,guerin,complete,Canonical local Immo perMuni stats row is present and reports 689 served lots.,689,complete,Local Immo stats report 689/689 lots with surface_m2.,689,689,complete,Local Immo stats report 689/689 lots with code_postal.,689,689,incomplete,Local Immo stats report 588/689 lots with civic address.,689,588,N/A,The local coverage matrix has no TOD scope entry for this city.,N/A,TOD is not applicable according to the local coverage matrix.,,,
ham-nord,ham-nord,complete,Canonical local Immo perMuni stats row is present and reports 760 served lots.,760,complete,Local Immo stats report 760/760 lots with surface_m2.,760,760,complete,Local Immo stats report 760/760 lots with code_postal.,760,760,incomplete,Local Immo stats report 681/760 lots with civic address.,760,681,N/A,The local coverage matrix has no TOD scope entry for this city.,N/A,TOD is not applicable according to the local coverage matrix.,,,
ham-sud,ham-sud,complete,Canonical local Immo perMuni stats row is present and reports 575 served lots.,575,complete,Local Immo stats report 575/575 lots with surface_m2.,575,575,complete,Local Immo stats report 575/575 lots with code_postal.,575,575,incomplete,Local Immo stats report 569/575 lots with civic address.,575,569,N/A,The local coverage matrix has no TOD scope entry for this city.,N/A,TOD is not applicable according to the local coverage matrix.,,,
hampden,,incomplete,No canonical local Immo perMuni stats row is present in the served-lots snapshot.,,unknown,No canonical local Immo perMuni stats row exists; surface_m2 cannot be measured.,,,unknown,No canonical local Immo perMuni stats row exists; code_postal cannot be measured.,,,unknown,No canonical local Immo perMuni stats row exists; civic address cannot be measured.,,,N/A,The local coverage matrix has no TOD scope entry for this city.,N/A,TOD is not applicable according to the local coverage matrix.,,,
hampstead,hampstead,complete,Canonical local Immo perMuni stats row is present and reports 1866 served lots.,1866,complete,Local Immo stats report 1866/1866 lots with surface_m2.,1866,1866,complete,Local Immo stats report 1866/1866 lots with code_postal.,1866,1866,incomplete,Local Immo stats report 1717/1866 lots with civic address.,1866,1717,N/A,The local coverage matrix has no TOD scope entry for this city.,N/A,TOD is not applicable according to the local coverage matrix.,,,
harrington,harrington,complete,Canonical local Immo perMuni stats row is present and reports 986 served lots.,986,complete,Local Immo stats report 986/986 lots with surface_m2.,986,986,complete,Local Immo stats report 986/986 lots with code_postal.,986,986,incomplete,Local Immo stats report 974/986 lots with civic address.,986,974,N/A,The local coverage matrix has no TOD scope entry for this city.,N/A,TOD is not applicable according to the local coverage matrix.,,,
hatley,hatley,complete,Canonical local Immo perMuni stats row is present and reports 1111 served lots.,1111,complete,Local Immo stats report 1111/1111 lots with surface_m2.,1111,1111,complete,Local Immo stats report 1111/1111 lots with code_postal.,1111,1111,incomplete,Local Immo stats report 1010/1111 lots with civic address.,1111,1010,N/A,The local coverage matrix has no TOD scope entry for this city.,N/A,TOD is not applicable according to the local coverage matrix.,,,
hatley-township-municipality,hatley-township-municipality,complete,Canonical local Immo perMuni stats row is present and reports 276 served lots.,276,complete,Local Immo stats report 276/276 lots with surface_m2.,276,276,complete,Local Immo stats report 276/276 lots with code_postal.,276,276,incomplete,Local Immo stats report 245/276 lots with civic address.,276,245,N/A,The local coverage matrix has no TOD scope entry for this city.,N/A,TOD is not applicable according to the local coverage matrix.,,,
havelock,havelock,complete,Canonical local Immo perMuni stats row is present and reports 566 served lots.,566,complete,Local Immo stats report 566/566 lots with surface_m2.,566,566,complete,Local Immo stats report 566/566 lots with code_postal.,566,566,incomplete,Local Immo stats report 564/566 lots with civic address.,566,564,N/A,The local coverage matrix has no TOD scope entry for this city.,N/A,TOD is not applicable according to the local coverage matrix.,,,
havre-saint-pierre,havre-saint-pierre,complete,Canonical local Immo perMuni stats row is present and reports zero lots.,0,N/A,Canonical local Immo stats report zero lots; surface_m2 has no per-lot denominator.,0,,N/A,Canonical local Immo stats report zero lots; code_postal has no per-lot denominator.,0,,N/A,Canonical local Immo stats report zero lots; civic address has no per-lot denominator.,0,,N/A,The local coverage matrix has no TOD scope entry for this city.,N/A,TOD is not applicable according to the local coverage matrix.,,,
hebertville,,incomplete,No canonical local Immo perMuni stats row is present in the served-lots snapshot.,,unknown,No canonical local Immo perMuni stats row exists; surface_m2 cannot be measured.,,,unknown,No canonical local Immo perMuni stats row exists; code_postal cannot be measured.,,,unknown,No canonical local Immo perMuni stats row exists; civic address cannot be measured.,,,N/A,The local coverage matrix has no TOD scope entry for this city.,N/A,TOD is not applicable according to the local coverage matrix.,,,
hebertville-station,,incomplete,No canonical local Immo perMuni stats row is present in the served-lots snapshot.,,unknown,No canonical local Immo perMuni stats row exists; surface_m2 cannot be measured.,,,unknown,No canonical local Immo perMuni stats row exists; code_postal cannot be measured.,,,unknown,No canonical local Immo perMuni stats row exists; civic address cannot be measured.,,,N/A,The local coverage matrix has no TOD scope entry for this city.,N/A,TOD is not applicable according to the local coverage matrix.,,,
hemmingford--les-jardins-de-napierville,hemmingford--les-jardins-de-napierville,complete,Canonical local Immo perMuni stats row is present and reports 492 served lots.,492,complete,Local Immo stats report 492/492 lots with surface_m2.,492,492,complete,Local Immo stats report 492/492 lots with code_postal.,492,492,incomplete,Local Immo stats report 489/492 lots with civic address.,492,489,N/A,The local coverage matrix has no TOD scope entry for this city.,N/A,TOD is not applicable according to the local coverage matrix.,,,
hemmingford--les-jardins-de-napierville--2,hemmingford--les-jardins-de-napierville--2,complete,Canonical local Immo perMuni stats row is present and reports 1618 served lots.,1618,complete,Local Immo stats report 1618/1618 lots with surface_m2.,1618,1618,complete,Local Immo stats report 1618/1618 lots with code_postal.,1618,1618,incomplete,Local Immo stats report 1105/1618 lots with civic address.,1618,1105,N/A,The local coverage matrix has no TOD scope entry for this city.,N/A,TOD is not applicable according to the local coverage matrix.,,,
henryville,,incomplete,No canonical local Immo perMuni stats row is present in the served-lots snapshot.,,unknown,No canonical local Immo perMuni stats row exists; surface_m2 cannot be measured.,,,unknown,No canonical local Immo perMuni stats row exists; code_postal cannot be measured.,,,unknown,No canonical local Immo perMuni stats row exists; civic address cannot be measured.,,,N/A,The local coverage matrix has no TOD scope entry for this city.,N/A,TOD is not applicable according to the local coverage matrix.,,,
herouxville,herouxville,complete,Canonical local Immo perMuni stats row is present and reports 1385 served lots.,1385,complete,Local Immo stats report 1385/1385 lots with surface_m2.,1385,1385,complete,Local Immo stats report 1385/1385 lots with code_postal.,1385,1385,incomplete,Local Immo stats report 1270/1385 lots with civic address.,1385,1270,N/A,The local coverage matrix has no TOD scope entry for this city.,N/A,TOD is not applicable according to the local coverage matrix.,,,
hinchinbrooke,hinchinbrooke,complete,Canonical local Immo perMuni stats row is present and reports 1911 served lots.,1911,complete,Local Immo stats report 1911/1911 lots with surface_m2.,1911,1911,complete,Local Immo stats report 1911/1911 lots with code_postal.,1911,1911,incomplete,Local Immo stats report 1899/1911 lots with civic address.,1911,1899,N/A,The local coverage matrix has no TOD scope entry for this city.,N/A,TOD is not applicable according to the local coverage matrix.,,,
honfleur,honfleur,complete,Canonical local Immo perMuni stats row is present and reports 923 served lots.,923,complete,Local Immo stats report 923/923 lots with surface_m2.,923,923,complete,Local Immo stats report 923/923 lots with code_postal.,923,923,incomplete,Local Immo stats report 850/923 lots with civic address.,923,850,N/A,The local coverage matrix has no TOD scope entry for this city.,N/A,TOD is not applicable according to the local coverage matrix.,,,
hope,hope,complete,Canonical local Immo perMuni stats row is present and reports 315 served lots.,315,complete,Local Immo stats report 315/315 lots with surface_m2.,315,315,complete,Local Immo stats report 315/315 lots with code_postal.,315,315,incomplete,Local Immo stats report 314/315 lots with civic address.,315,314,N/A,The local coverage matrix has no TOD scope entry for this city.,N/A,TOD is not applicable according to the local coverage matrix.,,,
hope-town,,incomplete,No canonical local Immo perMuni stats row is present in the served-lots snapshot.,,unknown,No canonical local Immo perMuni stats row exists; surface_m2 cannot be measured.,,,unknown,No canonical local Immo perMuni stats row exists; code_postal cannot be measured.,,,unknown,No canonical local Immo perMuni stats row exists; civic address cannot be measured.,,,N/A,The local coverage matrix has no TOD scope entry for this city.,N/A,TOD is not applicable according to the local coverage matrix.,,,
howick,howick,complete,Canonical local Immo perMuni stats row is present and reports 394 served lots.,394,complete,Local Immo stats report 394/394 lots with surface_m2.,394,394,complete,Local Immo stats report 394/394 lots with code_postal.,394,394,incomplete,Local Immo stats report 393/394 lots with civic address.,394,393,N/A,The local coverage matrix has no TOD scope entry for this city.,N/A,TOD is not applicable according to the local coverage matrix.,,,
huberdeau,huberdeau,complete,Canonical local Immo perMuni stats row is present and reports 876 served lots.,876,complete,Local Immo stats report 876/876 lots with surface_m2.,876,876,complete,Local Immo stats report 876/876 lots with code_postal.,876,876,incomplete,Local Immo stats report 859/876 lots with civic address.,876,859,N/A,The local coverage matrix has no TOD scope entry for this city.,N/A,TOD is not applicable according to the local coverage matrix.,,,
hudson,hudson,complete,Canonical local Immo perMuni stats row is present and reports 3331 served lots.,3331,complete,Local Immo stats report 3331/3331 lots with surface_m2.,3331,3331,complete,Local Immo stats report 3331/3331 lots with code_postal.,3331,3331,incomplete,Local Immo stats report 3303/3331 lots with civic address.,3331,3303,N/A,The local coverage matrix has no TOD scope entry for this city.,N/A,TOD is not applicable according to the local coverage matrix.,,,
huntingdon,huntingdon,complete,Canonical local Immo perMuni stats row is present and reports 1853 served lots.,1853,complete,Local Immo stats report 1853/1853 lots with surface_m2.,1853,1853,complete,Local Immo stats report 1853/1853 lots with code_postal.,1853,1853,incomplete,Local Immo stats report 1640/1853 lots with civic address.,1853,1640,N/A,The local coverage matrix has no TOD scope entry for this city.,N/A,TOD is not applicable according to the local coverage matrix.,,,
inverness,inverness,complete,Canonical local Immo perMuni stats row is present and reports 982 served lots.,982,complete,Local Immo stats report 982/982 lots with surface_m2.,982,982,complete,Local Immo stats report 982/982 lots with code_postal.,982,982,incomplete,Local Immo stats report 872/982 lots with civic address.,982,872,N/A,The local coverage matrix has no TOD scope entry for this city.,N/A,TOD is not applicable according to the local coverage matrix.,,,
irlande,irlande,complete,Canonical local Immo perMuni stats row is present and reports 926 served lots.,926,complete,Local Immo stats report 926/926 lots with surface_m2.,926,926,complete,Local Immo stats report 926/926 lots with code_postal.,926,926,incomplete,Local Immo stats report 925/926 lots with civic address.,926,925,N/A,The local coverage matrix has no TOD scope entry for this city.,N/A,TOD is not applicable according to the local coverage matrix.,,,
ivry-sur-le-lac,ivry-sur-le-lac,complete,Canonical local Immo perMuni stats row is present and reports 1537 served lots.,1537,complete,Local Immo stats report 1537/1537 lots with surface_m2.,1537,1537,complete,Local Immo stats report 1537/1537 lots with code_postal.,1537,1537,incomplete,Local Immo stats report 1528/1537 lots with civic address.,1537,1528,N/A,The local coverage matrix has no TOD scope entry for this city.,N/A,TOD is not applicable according to the local coverage matrix.,,,
joliette,joliette,complete,Canonical local Immo perMuni stats row is present and reports 7253 served lots.,7253,complete,Local Immo stats report 7253/7253 lots with surface_m2.,7253,7253,complete,Local Immo stats report 7253/7253 lots with code_postal.,7253,7253,incomplete,Local Immo stats report 7027/7253 lots with civic address.,7253,7027,N/A,The local coverage matrix has no TOD scope entry for this city.,N/A,TOD is not applicable according to the local coverage matrix.,,,
kamouraska,kamouraska,complete,Canonical local Immo perMuni stats row is present and reports 858 served lots.,858,complete,Local Immo stats report 858/858 lots with surface_m2.,858,858,complete,Local Immo stats report 858/858 lots with code_postal.,858,858,incomplete,Local Immo stats report 780/858 lots with civic address.,858,780,N/A,The local coverage matrix has no TOD scope entry for this city.,N/A,TOD is not applicable according to the local coverage matrix.,,,
kazabazua,,incomplete,No canonical local Immo perMuni stats row is present in the served-lots snapshot.,,unknown,No canonical local Immo perMuni stats row exists; surface_m2 cannot be measured.,,,unknown,No canonical local Immo perMuni stats row exists; code_postal cannot be measured.,,,unknown,No canonical local Immo perMuni stats row exists; civic address cannot be measured.,,,N/A,The local coverage matrix has no TOD scope entry for this city.,N/A,TOD is not applicable according to the local coverage matrix.,,,
kiamika,kiamika,complete,Canonical local Immo perMuni stats row is present and reports 721 served lots.,721,complete,Local Immo stats report 721/721 lots with surface_m2.,721,721,complete,Local Immo stats report 721/721 lots with code_postal.,721,721,incomplete,Local Immo stats report 631/721 lots with civic address.,721,631,N/A,The local coverage matrix has no TOD scope entry for this city.,N/A,TOD is not applicable according to the local coverage matrix.,,,
kingsbury,kingsbury,complete,Canonical local Immo perMuni stats row is present and reports 165 served lots.,165,complete,Local Immo stats report 165/165 lots with surface_m2.,165,165,complete,Local Immo stats report 165/165 lots with code_postal.,165,165,incomplete,Local Immo stats report 140/165 lots with civic address.,165,140,N/A,The local coverage matrix has no TOD scope entry for this city.,N/A,TOD is not applicable according to the local coverage matrix.,,,
kingsey-falls,kingsey-falls,complete,Canonical local Immo perMuni stats row is present and reports 1289 served lots.,1289,complete,Local Immo stats report 1289/1289 lots with surface_m2.,1289,1289,complete,Local Immo stats report 1289/1289 lots with code_postal.,1289,1289,incomplete,Local Immo stats report 1166/1289 lots with civic address.,1289,1166,N/A,The local coverage matrix has no TOD scope entry for this city.,N/A,TOD is not applicable according to the local coverage matrix.,,,
kinnears-mills,kinnears-mills,complete,Canonical local Immo perMuni stats row is present and reports 697 served lots.,697,complete,Local Immo stats report 697/697 lots with surface_m2.,697,697,complete,Local Immo stats report 697/697 lots with code_postal.,697,697,incomplete,Local Immo stats report 688/697 lots with civic address.,697,688,N/A,The local coverage matrix has no TOD scope entry for this city.,N/A,TOD is not applicable according to the local coverage matrix.,,,
kipawa,,incomplete,No canonical local Immo perMuni stats row is present in the served-lots snapshot.,,unknown,No canonical local Immo perMuni stats row exists; surface_m2 cannot be measured.,,,unknown,No canonical local Immo perMuni stats row exists; code_postal cannot be measured.,,,unknown,No canonical local Immo perMuni stats row exists; civic address cannot be measured.,,,N/A,The local coverage matrix has no TOD scope entry for this city.,N/A,TOD is not applicable according to the local coverage matrix.,,,
kirkland,kirkland,complete,Canonical local Immo perMuni stats row is present and reports 6878 served lots.,6878,complete,Local Immo stats report 6878/6878 lots with surface_m2.,6878,6878,complete,Local Immo stats report 6878/6878 lots with code_postal.,6878,6878,incomplete,Local Immo stats report 6397/6878 lots with civic address.,6878,6397,complete,The local coverage matrix declares TOD scope with status done.,incomplete,Local Immo stats report the TOD join is absent: 0/6878 lots joined (0 lots in TOD).,6878,0,0
la-bostonnais,la-bostonnais,complete,Canonical local Immo perMuni stats row is present and reports 707 served lots.,707,complete,Local Immo stats report 707/707 lots with surface_m2.,707,707,complete,Local Immo stats report 707/707 lots with code_postal.,707,707,incomplete,Local Immo stats report 635/707 lots with civic address.,707,635,N/A,The local coverage matrix has no TOD scope entry for this city.,N/A,TOD is not applicable according to the local coverage matrix.,,,
la-conception,la-conception,complete,Canonical local Immo perMuni stats row is present and reports 3083 served lots.,3083,complete,Local Immo stats report 3083/3083 lots with surface_m2.,3083,3083,complete,Local Immo stats report 3083/3083 lots with code_postal.,3083,3083,incomplete,Local Immo stats report 3044/3083 lots with civic address.,3083,3044,N/A,The local coverage matrix has no TOD scope entry for this city.,N/A,TOD is not applicable according to the local coverage matrix.,,,
la-corne,la-corne,complete,Canonical local Immo perMuni stats row is present and reports 328 served lots.,328,complete,Local Immo stats report 328/328 lots with surface_m2.,328,328,complete,Local Immo stats report 328/328 lots with code_postal.,328,328,incomplete,Local Immo stats report 294/328 lots with civic address.,328,294,N/A,The local coverage matrix has no TOD scope entry for this city.,N/A,TOD is not applicable according to the local coverage matrix.,,,
la-dore,,incomplete,No canonical local Immo perMuni stats row is present in the served-lots snapshot.,,unknown,No canonical local Immo perMuni stats row exists; surface_m2 cannot be measured.,,,unknown,No canonical local Immo perMuni stats row exists; code_postal cannot be measured.,,,unknown,No canonical local Immo perMuni stats row exists; civic address cannot be measured.,,,N/A,The local coverage matrix has no TOD scope entry for this city.,N/A,TOD is not applicable according to the local coverage matrix.,,,
la-durantaye,la-durantaye,complete,Canonical local Immo perMuni stats row is present and reports 1011 served lots.,1011,complete,Local Immo stats report 1011/1011 lots with surface_m2.,1011,1011,complete,Local Immo stats report 1011/1011 lots with code_postal.,1011,1011,incomplete,Local Immo stats report 936/1011 lots with civic address.,1011,936,N/A,The local coverage matrix has no TOD scope entry for this city.,N/A,TOD is not applicable according to the local coverage matrix.,,,
la-guadeloupe,la-guadeloupe,complete,Canonical local Immo perMuni stats row is present and reports 1137 served lots.,1137,complete,Local Immo stats report 1137/1137 lots with surface_m2.,1137,1137,complete,Local Immo stats report 1137/1137 lots with code_postal.,1137,1137,incomplete,Local Immo stats report 1020/1137 lots with civic address.,1137,1020,N/A,The local coverage matrix has no TOD scope entry for this city.,N/A,TOD is not applicable according to the local coverage matrix.,,,
la-macaza,la-macaza,complete,Canonical local Immo perMuni stats row is present and reports 1565 served lots.,1565,complete,Local Immo stats report 1565/1565 lots with surface_m2.,1565,1565,complete,Local Immo stats report 1565/1565 lots with code_postal.,1565,1565,incomplete,Local Immo stats report 1372/1565 lots with civic address.,1565,1372,N/A,The local coverage matrix has no TOD scope entry for this city.,N/A,TOD is not applicable according to the local coverage matrix.,,,
la-malbaie,la-malbaie,complete,Canonical local Immo perMuni stats row is present and reports 3026 served lots.,3026,complete,Local Immo stats report 3026/3026 lots with surface_m2.,3026,3026,complete,Local Immo stats report 3026/3026 lots with code_postal.,3026,3026,incomplete,Local Immo stats report 2779/3026 lots with civic address.,3026,2779,N/A,The local coverage matrix has no TOD scope entry for this city.,N/A,TOD is not applicable according to the local coverage matrix.,,,
la-martre,,incomplete,No canonical local Immo perMuni stats row is present in the served-lots snapshot.,,unknown,No canonical local Immo perMuni stats row exists; surface_m2 cannot be measured.,,,unknown,No canonical local Immo perMuni stats row exists; code_postal cannot be measured.,,,unknown,No canonical local Immo perMuni stats row exists; civic address cannot be measured.,,,N/A,The local coverage matrix has no TOD scope entry for this city.,N/A,TOD is not applicable according to the local coverage matrix.,,,
la-minerve,la-minerve,complete,Canonical local Immo perMuni stats row is present and reports 2127 served lots.,2127,complete,Local Immo stats report 2127/2127 lots with surface_m2.,2127,2127,complete,Local Immo stats report 2127/2127 lots with code_postal.,2127,2127,incomplete,Local Immo stats report 2107/2127 lots with civic address.,2127,2107,N/A,The local coverage matrix has no TOD scope entry for this city.,N/A,TOD is not applicable according to the local coverage matrix.,,,
la-morandiere-rochebaucourt,,incomplete,No canonical local Immo perMuni stats row is present in the served-lots snapshot.,,unknown,No canonical local Immo perMuni stats row exists; surface_m2 cannot be measured.,,,unknown,No canonical local Immo perMuni stats row exists; code_postal cannot be measured.,,,unknown,No canonical local Immo perMuni stats row exists; civic address cannot be measured.,,,N/A,The local coverage matrix has no TOD scope entry for this city.,N/A,TOD is not applicable according to the local coverage matrix.,,,
la-motte,la-motte,complete,Canonical local Immo perMuni stats row is present and reports 557 served lots.,557,complete,Local Immo stats report 557/557 lots with surface_m2.,557,557,complete,Local Immo stats report 557/557 lots with code_postal.,557,557,incomplete,Local Immo stats report 491/557 lots with civic address.,557,491,N/A,The local coverage matrix has no TOD scope entry for this city.,N/A,TOD is not applicable according to the local coverage matrix.,,,
la-patrie,,incomplete,No canonical local Immo perMuni stats row is present in the served-lots snapshot.,,unknown,No canonical local Immo perMuni stats row exists; surface_m2 cannot be measured.,,,unknown,No canonical local Immo perMuni stats row exists; code_postal cannot be measured.,,,unknown,No canonical local Immo perMuni stats row exists; civic address cannot be measured.,,,N/A,The local coverage matrix has no TOD scope entry for this city.,N/A,TOD is not applicable according to the local coverage matrix.,,,
la-peche,la-peche,complete,Canonical local Immo perMuni stats row is present and reports 2233 served lots.,2233,complete,Local Immo stats report 2233/2233 lots with surface_m2.,2233,2233,complete,Local Immo stats report 2233/2233 lots with code_postal.,2233,2233,incomplete,Local Immo stats report 2175/2233 lots with civic address.,2233,2175,N/A,The local coverage matrix has no TOD scope entry for this city.,N/A,TOD is not applicable according to the local coverage matrix.,,,
la-pocatiere,la-pocatiere,complete,Canonical local Immo perMuni stats row is present and reports 3567 served lots.,3567,complete,Local Immo stats report 3567/3567 lots with surface_m2.,3567,3567,complete,Local Immo stats report 3567/3567 lots with code_postal.,3567,3567,incomplete,Local Immo stats report 3260/3567 lots with civic address.,3567,3260,N/A,The local coverage matrix has no TOD scope entry for this city.,N/A,TOD is not applicable according to the local coverage matrix.,,,
la-prairie,la-prairie,complete,Canonical local Immo perMuni stats row is present and reports 9468 served lots.,9468,complete,Local Immo stats report 9468/9468 lots with surface_m2.,9468,9468,complete,Local Immo stats report 9468/9468 lots with code_postal.,9468,9468,incomplete,Local Immo stats report 9085/9468 lots with civic address.,9468,9085,N/A,The local coverage matrix has no TOD scope entry for this city.,N/A,TOD is not applicable according to the local coverage matrix.,,,
la-presentation,la-presentation,complete,Canonical local Immo perMuni stats row is present and reports 1758 served lots.,1758,complete,Local Immo stats report 1758/1758 lots with surface_m2.,1758,1758,complete,Local Immo stats report 1758/1758 lots with code_postal.,1758,1758,incomplete,Local Immo stats report 1623/1758 lots with civic address.,1758,1623,N/A,The local coverage matrix has no TOD scope entry for this city.,N/A,TOD is not applicable according to the local coverage matrix.,,,
la-redemption,la-redemption,complete,Canonical local Immo perMuni stats row is present and reports 652 served lots.,652,complete,Local Immo stats report 652/652 lots with surface_m2.,652,652,complete,Local Immo stats report 652/652 lots with code_postal.,652,652,incomplete,Local Immo stats report 586/652 lots with civic address.,652,586,N/A,The local coverage matrix has no TOD scope entry for this city.,N/A,TOD is not applicable according to the local coverage matrix.,,,
la-reine,la-reine,complete,Canonical local Immo perMuni stats row is present and reports 1085 served lots.,1085,complete,Local Immo stats report 1085/1085 lots with surface_m2.,1085,1085,complete,Local Immo stats report 1085/1085 lots with code_postal.,1085,1085,incomplete,Local Immo stats report 1084/1085 lots with civic address.,1085,1084,N/A,The local coverage matrix has no TOD scope entry for this city.,N/A,TOD is not applicable according to the local coverage matrix.,,,
la-sarre,la-sarre,complete,Canonical local Immo perMuni stats row is present and reports 4234 served lots.,4234,complete,Local Immo stats report 4234/4234 lots with surface_m2.,4234,4234,complete,Local Immo stats report 4234/4234 lots with code_postal.,4234,4234,incomplete,Local Immo stats report 4214/4234 lots with civic address.,4234,4214,N/A,The local coverage matrix has no TOD scope entry for this city.,N/A,TOD is not applicable according to the local coverage matrix.,,,
la-trinite-des-monts,la-trinite-des-monts,complete,Canonical local Immo perMuni stats row is present and reports 539 served lots.,539,complete,Local Immo stats report 539/539 lots with surface_m2.,539,539,complete,Local Immo stats report 539/539 lots with code_postal.,539,539,incomplete,Local Immo stats report 491/539 lots with civic address.,539,491,N/A,The local coverage matrix has no TOD scope entry for this city.,N/A,TOD is not applicable according to the local coverage matrix.,,,
la-tuque,,incomplete,No canonical local Immo perMuni stats row is present in the served-lots snapshot.,,unknown,No canonical local Immo perMuni stats row exists; surface_m2 cannot be measured.,,,unknown,No canonical local Immo perMuni stats row exists; code_postal cannot be measured.,,,unknown,No canonical local Immo perMuni stats row exists; civic address cannot be measured.,,,N/A,The local coverage matrix has no TOD scope entry for this city.,N/A,TOD is not applicable according to the local coverage matrix.,,,
la-visitation-de-lile-dupas,la-visitation-de-lile-dupas,complete,Canonical local Immo perMuni stats row is present and reports 843 served lots.,843,complete,Local Immo stats report 843/843 lots with surface_m2.,843,843,complete,Local Immo stats report 843/843 lots with code_postal.,843,843,incomplete,Local Immo stats report 810/843 lots with civic address.,843,810,N/A,The local coverage matrix has no TOD scope entry for this city.,N/A,TOD is not applicable according to the local coverage matrix.,,,
la-visitation-de-yamaska,la-visitation-de-yamaska,complete,Canonical local Immo perMuni stats row is present and reports 524 served lots.,524,complete,Local Immo stats report 524/524 lots with surface_m2.,524,524,complete,Local Immo stats report 524/524 lots with code_postal.,524,524,incomplete,Local Immo stats report 473/524 lots with civic address.,524,473,N/A,The local coverage matrix has no TOD scope entry for this city.,N/A,TOD is not applicable according to the local coverage matrix.,,,
labelle,,incomplete,No canonical local Immo perMuni stats row is present in the served-lots snapshot.,,unknown,No canonical local Immo perMuni stats row exists; surface_m2 cannot be measured.,,,unknown,No canonical local Immo perMuni stats row exists; code_postal cannot be measured.,,,unknown,No canonical local Immo perMuni stats row exists; civic address cannot be measured.,,,N/A,The local coverage matrix has no TOD scope entry for this city.,N/A,TOD is not applicable according to the local coverage matrix.,,,
labrecque,labrecque,complete,Canonical local Immo perMuni stats row is present and reports 1415 served lots.,1415,complete,Local Immo stats report 1415/1415 lots with surface_m2.,1415,1415,complete,Local Immo stats report 1415/1415 lots with code_postal.,1415,1415,incomplete,Local Immo stats report 1286/1415 lots with civic address.,1415,1286,N/A,The local coverage matrix has no TOD scope entry for this city.,N/A,TOD is not applicable according to the local coverage matrix.,,,
lac-au-saumon,lac-au-saumon,complete,Canonical local Immo perMuni stats row is present and reports 1331 served lots.,1331,complete,Local Immo stats report 1331/1331 lots with surface_m2.,1331,1331,complete,Local Immo stats report 1331/1331 lots with code_postal.,1331,1331,incomplete,Local Immo stats report 1149/1331 lots with civic address.,1331,1149,N/A,The local coverage matrix has no TOD scope entry for this city.,N/A,TOD is not applicable according to the local coverage matrix.,,,
lac-aux-sables,,incomplete,No canonical local Immo perMuni stats row is present in the served-lots snapshot.,,unknown,No canonical local Immo perMuni stats row exists; surface_m2 cannot be measured.,,,unknown,No canonical local Immo perMuni stats row exists; code_postal cannot be measured.,,,unknown,No canonical local Immo perMuni stats row exists; civic address cannot be measured.,,,N/A,The local coverage matrix has no TOD scope entry for this city.,N/A,TOD is not applicable according to the local coverage matrix.,,,
lac-beauport,lac-beauport,complete,Canonical local Immo perMuni stats row is present and reports 4987 served lots.,4987,complete,Local Immo stats report 4987/4987 lots with surface_m2.,4987,4987,complete,Local Immo stats report 4987/4987 lots with code_postal.,4987,4987,incomplete,Local Immo stats report 4916/4987 lots with civic address.,4987,4916,N/A,The local coverage matrix has no TOD scope entry for this city.,N/A,TOD is not applicable according to the local coverage matrix.,,,
lac-bouchette,,incomplete,No canonical local Immo perMuni stats row is present in the served-lots snapshot.,,unknown,No canonical local Immo perMuni stats row exists; surface_m2 cannot be measured.,,,unknown,No canonical local Immo perMuni stats row exists; code_postal cannot be measured.,,,unknown,No canonical local Immo perMuni stats row exists; civic address cannot be measured.,,,N/A,The local coverage matrix has no TOD scope entry for this city.,N/A,TOD is not applicable according to the local coverage matrix.,,,
lac-brome,lac-brome,complete,Canonical local Immo perMuni stats row is present and reports 4365 served lots.,4365,complete,Local Immo stats report 4365/4365 lots with surface_m2.,4365,4365,complete,Local Immo stats report 4365/4365 lots with code_postal.,4365,4365,incomplete,Local Immo stats report 3938/4365 lots with civic address.,4365,3938,N/A,The local coverage matrix has no TOD scope entry for this city.,N/A,TOD is not applicable according to the local coverage matrix.,,,
lac-delage,lac-delage,complete,Canonical local Immo perMuni stats row is present and reports 436 served lots.,436,complete,Local Immo stats report 436/436 lots with surface_m2.,436,436,complete,Local Immo stats report 436/436 lots with code_postal.,436,436,incomplete,Local Immo stats report 434/436 lots with civic address.,436,434,N/A,The local coverage matrix has no TOD scope entry for this city.,N/A,TOD is not applicable according to the local coverage matrix.,,,
lac-des-aigles,lac-des-aigles,complete,Canonical local Immo perMuni stats row is present and reports 826 served lots.,826,complete,Local Immo stats report 826/826 lots with surface_m2.,826,826,complete,Local Immo stats report 826/826 lots with code_postal.,826,826,incomplete,Local Immo stats report 738/826 lots with civic address.,826,738,N/A,The local coverage matrix has no TOD scope entry for this city.,N/A,TOD is not applicable according to the local coverage matrix.,,,
lac-des-ecorces,lac-des-ecorces,complete,Canonical local Immo perMuni stats row is present and reports 3149 served lots.,3149,complete,Local Immo stats report 3149/3149 lots with surface_m2.,3149,3149,complete,Local Immo stats report 3149/3149 lots with code_postal.,3149,3149,incomplete,Local Immo stats report 2722/3149 lots with civic address.,3149,2722,N/A,The local coverage matrix has no TOD scope entry for this city.,N/A,TOD is not applicable according to the local coverage matrix.,,,
lac-des-plages,lac-des-plages,complete,Canonical local Immo perMuni stats row is present and reports 1409 served lots.,1409,complete,Local Immo stats report 1409/1409 lots with surface_m2.,1409,1409,complete,Local Immo stats report 1409/1409 lots with code_postal.,1409,1409,incomplete,Local Immo stats report 1319/1409 lots with civic address.,1409,1319,N/A,The local coverage matrix has no TOD scope entry for this city.,N/A,TOD is not applicable according to the local coverage matrix.,,,
lac-des-seize-iles,lac-des-seize-iles,complete,Canonical local Immo perMuni stats row is present and reports 711 served lots.,711,complete,Local Immo stats report 711/711 lots with surface_m2.,711,711,complete,Local Immo stats report 711/711 lots with code_postal.,711,711,incomplete,Local Immo stats report 705/711 lots with civic address.,711,705,N/A,The local coverage matrix has no TOD scope entry for this city.,N/A,TOD is not applicable according to the local coverage matrix.,,,
lac-drolet,lac-drolet,complete,Canonical local Immo perMuni stats row is present and reports 1242 served lots.,1242,complete,Local Immo stats report 1242/1242 lots with surface_m2.,1242,1242,complete,Local Immo stats report 1242/1242 lots with code_postal.,1242,1242,incomplete,Local Immo stats report 1137/1242 lots with civic address.,1242,1137,N/A,The local coverage matrix has no TOD scope entry for this city.,N/A,TOD is not applicable according to the local coverage matrix.,,,
lac-du-cerf,lac-du-cerf,complete,Canonical local Immo perMuni stats row is present and reports 1161 served lots.,1161,complete,Local Immo stats report 1161/1161 lots with surface_m2.,1161,1161,complete,Local Immo stats report 1161/1161 lots with code_postal.,1161,1161,incomplete,Local Immo stats report 1024/1161 lots with civic address.,1161,1024,N/A,The local coverage matrix has no TOD scope entry for this city.,N/A,TOD is not applicable according to the local coverage matrix.,,,
lac-edouard,,incomplete,No canonical local Immo perMuni stats row is present in the served-lots snapshot.,,unknown,No canonical local Immo perMuni stats row exists; surface_m2 cannot be measured.,,,unknown,No canonical local Immo perMuni stats row exists; code_postal cannot be measured.,,,unknown,No canonical local Immo perMuni stats row exists; civic address cannot be measured.,,,N/A,The local coverage matrix has no TOD scope entry for this city.,N/A,TOD is not applicable according to the local coverage matrix.,,,
lac-etchemin,lac-etchemin,complete,Canonical local Immo perMuni stats row is present and reports 3450 served lots.,3450,complete,Local Immo stats report 3450/3450 lots with surface_m2.,3450,3450,complete,Local Immo stats report 3450/3450 lots with code_postal.,3450,3450,incomplete,Local Immo stats report 3152/3450 lots with civic address.,3450,3152,N/A,The local coverage matrix has no TOD scope entry for this city.,N/A,TOD is not applicable according to the local coverage matrix.,,,
lac-frontiere,lac-frontiere,complete,Canonical local Immo perMuni stats row is present and reports 464 served lots.,464,complete,Local Immo stats report 464/464 lots with surface_m2.,464,464,complete,Local Immo stats report 464/464 lots with code_postal.,464,464,incomplete,Local Immo stats report 427/464 lots with civic address.,464,427,N/A,The local coverage matrix has no TOD scope entry for this city.,N/A,TOD is not applicable according to the local coverage matrix.,,,
lac-megantic,lac-megantic,complete,Canonical local Immo perMuni stats row is present and reports 3320 served lots.,3320,complete,Local Immo stats report 3320/3320 lots with surface_m2.,3320,3320,complete,Local Immo stats report 3320/3320 lots with code_postal.,3320,3320,incomplete,Local Immo stats report 2975/3320 lots with civic address.,3320,2975,N/A,The local coverage matrix has no TOD scope entry for this city.,N/A,TOD is not applicable according to the local coverage matrix.,,,
lac-poulin,,incomplete,No canonical local Immo perMuni stats row is present in the served-lots snapshot.,,unknown,No canonical local Immo perMuni stats row exists; surface_m2 cannot be measured.,,,unknown,No canonical local Immo perMuni stats row exists; code_postal cannot be measured.,,,unknown,No canonical local Immo perMuni stats row exists; civic address cannot be measured.,,,N/A,The local coverage matrix has no TOD scope entry for this city.,N/A,TOD is not applicable according to the local coverage matrix.,,,
lac-saguay,lac-saguay,complete,Canonical local Immo perMuni stats row is present and reports 1476 served lots.,1476,complete,Local Immo stats report 1476/1476 lots with surface_m2.,1476,1476,complete,Local Immo stats report 1476/1476 lots with code_postal.,1476,1476,incomplete,Local Immo stats report 1314/1476 lots with civic address.,1476,1314,N/A,The local coverage matrix has no TOD scope entry for this city.,N/A,TOD is not applicable according to the local coverage matrix.,,,
lac-saint-joseph,lac-saint-joseph,complete,Canonical local Immo perMuni stats row is present and reports 550 served lots.,550,complete,Local Immo stats report 550/550 lots with surface_m2.,550,550,complete,Local Immo stats report 550/550 lots with code_postal.,550,550,incomplete,Local Immo stats report 536/550 lots with civic address.,550,536,N/A,The local coverage matrix has no TOD scope entry for this city.,N/A,TOD is not applicable according to the local coverage matrix.,,,
lac-saint-paul,lac-saint-paul,complete,Canonical local Immo perMuni stats row is present and reports 766 served lots.,766,complete,Local Immo stats report 766/766 lots with surface_m2.,766,766,complete,Local Immo stats report 766/766 lots with code_postal.,766,766,incomplete,Local Immo stats report 680/766 lots with civic address.,766,680,N/A,The local coverage matrix has no TOD scope entry for this city.,N/A,TOD is not applicable according to the local coverage matrix.,,,
lac-sainte-marie,lac-sainte-marie,complete,Canonical local Immo perMuni stats row is present and reports 2995 served lots.,2995,complete,Local Immo stats report 2995/2995 lots with surface_m2.,2995,2995,complete,Local Immo stats report 2995/2995 lots with code_postal.,2995,2995,incomplete,Local Immo stats report 2556/2995 lots with civic address.,2995,2556,N/A,The local coverage matrix has no TOD scope entry for this city.,N/A,TOD is not applicable according to the local coverage matrix.,,,
lac-sergent,lac-sergent,complete,Canonical local Immo perMuni stats row is present and reports 724 served lots.,724,complete,Local Immo stats report 724/724 lots with surface_m2.,724,724,complete,Local Immo stats report 724/724 lots with code_postal.,724,724,incomplete,Local Immo stats report 639/724 lots with civic address.,724,639,N/A,The local coverage matrix has no TOD scope entry for this city.,N/A,TOD is not applicable according to the local coverage matrix.,,,
lac-simon,lac-simon,complete,Canonical local Immo perMuni stats row is present and reports 2899 served lots.,2899,complete,Local Immo stats report 2899/2899 lots with surface_m2.,2899,2899,complete,Local Immo stats report 2899/2899 lots with code_postal.,2899,2899,incomplete,Local Immo stats report 2709/2899 lots with civic address.,2899,2709,N/A,The local coverage matrix has no TOD scope entry for this city.,N/A,TOD is not applicable according to the local coverage matrix.,,,
lac-superieur,lac-superieur,complete,Canonical local Immo perMuni stats row is present and reports 66 served lots.,66,complete,Local Immo stats report 66/66 lots with surface_m2.,66,66,complete,Local Immo stats report 66/66 lots with code_postal.,66,66,incomplete,Local Immo stats report 65/66 lots with civic address.,66,65,N/A,The local coverage matrix has no TOD scope entry for this city.,N/A,TOD is not applicable according to the local coverage matrix.,,,
lac-tremblant-nord,lac-tremblant-nord,complete,Canonical local Immo perMuni stats row is present and reports 336 served lots.,336,complete,Local Immo stats report 336/336 lots with surface_m2.,336,336,complete,Local Immo stats report 336/336 lots with code_postal.,336,336,incomplete,Local Immo stats report 331/336 lots with civic address.,336,331,N/A,The local coverage matrix has no TOD scope entry for this city.,N/A,TOD is not applicable according to the local coverage matrix.,,,
lachute,lachute,complete,Canonical local Immo perMuni stats row is present and reports 7243 served lots.,7243,complete,Local Immo stats report 7243/7243 lots with surface_m2.,7243,7243,complete,Local Immo stats report 7243/7243 lots with code_postal.,7243,7243,incomplete,Local Immo stats report 7115/7243 lots with civic address.,7243,7115,N/A,The local coverage matrix has no TOD scope entry for this city.,N/A,TOD is not applicable according to the local coverage matrix.,,,
lacolle,lacolle,complete,Canonical local Immo perMuni stats row is present and reports 1812 served lots.,1812,complete,Local Immo stats report 1812/1812 lots with surface_m2.,1812,1812,complete,Local Immo stats report 1812/1812 lots with code_postal.,1812,1812,incomplete,Local Immo stats report 1791/1812 lots with civic address.,1812,1791,N/A,The local coverage matrix has no TOD scope entry for this city.,N/A,TOD is not applicable according to the local coverage matrix.,,,
laforce,,incomplete,No canonical local Immo perMuni stats row is present in the served-lots snapshot.,,unknown,No canonical local Immo perMuni stats row exists; surface_m2 cannot be measured.,,,unknown,No canonical local Immo perMuni stats row exists; code_postal cannot be measured.,,,unknown,No canonical local Immo perMuni stats row exists; civic address cannot be measured.,,,N/A,The local coverage matrix has no TOD scope entry for this city.,N/A,TOD is not applicable according to the local coverage matrix.,,,
lamarche,,incomplete,No canonical local Immo perMuni stats row is present in the served-lots snapshot.,,unknown,No canonical local Immo perMuni stats row exists; surface_m2 cannot be measured.,,,unknown,No canonical local Immo perMuni stats row exists; code_postal cannot be measured.,,,unknown,No canonical local Immo perMuni stats row exists; civic address cannot be measured.,,,N/A,The local coverage matrix has no TOD scope entry for this city.,N/A,TOD is not applicable according to the local coverage matrix.,,,
lambton,lambton,complete,Canonical local Immo perMuni stats row is present and reports 2170 served lots.,2170,complete,Local Immo stats report 2170/2170 lots with surface_m2.,2170,2170,complete,Local Immo stats report 2170/2170 lots with code_postal.,2170,2170,incomplete,Local Immo stats report 2005/2170 lots with civic address.,2170,2005,N/A,The local coverage matrix has no TOD scope entry for this city.,N/A,TOD is not applicable according to the local coverage matrix.,,,
lancienne-lorette,lancienne-lorette,complete,Canonical local Immo perMuni stats row is present and reports 6188 served lots.,6188,complete,Local Immo stats report 6188/6188 lots with surface_m2.,6188,6188,complete,Local Immo stats report 6188/6188 lots with code_postal.,6188,6188,incomplete,Local Immo stats report 5768/6188 lots with civic address.,6188,5768,N/A,The local coverage matrix has no TOD scope entry for this city.,N/A,TOD is not applicable according to the local coverage matrix.,,,
landrienne,landrienne,complete,Canonical local Immo perMuni stats row is present and reports 858 served lots.,858,complete,Local Immo stats report 858/858 lots with surface_m2.,858,858,complete,Local Immo stats report 858/858 lots with code_postal.,858,858,incomplete,Local Immo stats report 794/858 lots with civic address.,858,794,N/A,The local coverage matrix has no TOD scope entry for this city.,N/A,TOD is not applicable according to the local coverage matrix.,,,
lange-gardien--la-cote-de-beaupre,lange-gardien--la-cote-de-beaupre,complete,Canonical local Immo perMuni stats row is present and reports 2505 served lots.,2505,complete,Local Immo stats report 2505/2505 lots with surface_m2.,2505,2505,complete,Local Immo stats report 2505/2505 lots with code_postal.,2505,2505,incomplete,Local Immo stats report 2219/2505 lots with civic address.,2505,2219,N/A,The local coverage matrix has no TOD scope entry for this city.,N/A,TOD is not applicable according to the local coverage matrix.,,,
lange-gardien--les-collines-de-loutaouais,lange-gardien--les-collines-de-loutaouais,complete,Canonical local Immo perMuni stats row is present and reports 2894 served lots.,2894,complete,Local Immo stats report 2894/2894 lots with surface_m2.,2894,2894,complete,Local Immo stats report 2894/2894 lots with code_postal.,2894,2894,incomplete,Local Immo stats report 2861/2894 lots with civic address.,2894,2861,N/A,The local coverage matrix has no TOD scope entry for this city.,N/A,TOD is not applicable according to the local coverage matrix.,,,
lanoraie,lanoraie,complete,Canonical local Immo perMuni stats row is present and reports 3591 served lots.,3591,complete,Local Immo stats report 3591/3591 lots with surface_m2.,3591,3591,complete,Local Immo stats report 3591/3591 lots with code_postal.,3591,3591,incomplete,Local Immo stats report 3505/3591 lots with civic address.,3591,3505,N/A,The local coverage matrix has no TOD scope entry for this city.,N/A,TOD is not applicable according to the local coverage matrix.,,,
lanse-saint-jean,,incomplete,No canonical local Immo perMuni stats row is present in the served-lots snapshot.,,unknown,No canonical local Immo perMuni stats row exists; surface_m2 cannot be measured.,,,unknown,No canonical local Immo perMuni stats row exists; code_postal cannot be measured.,,,unknown,No canonical local Immo perMuni stats row exists; civic address cannot be measured.,,,N/A,The local coverage matrix has no TOD scope entry for this city.,N/A,TOD is not applicable according to the local coverage matrix.,,,
lantier,,incomplete,No canonical local Immo perMuni stats row is present in the served-lots snapshot.,,unknown,No canonical local Immo perMuni stats row exists; surface_m2 cannot be measured.,,,unknown,No canonical local Immo perMuni stats row exists; code_postal cannot be measured.,,,unknown,No canonical local Immo perMuni stats row exists; civic address cannot be measured.,,,N/A,The local coverage matrix has no TOD scope entry for this city.,N/A,TOD is not applicable according to the local coverage matrix.,,,
larouche,,incomplete,No canonical local Immo perMuni stats row is present in the served-lots snapshot.,,unknown,No canonical local Immo perMuni stats row exists; surface_m2 cannot be measured.,,,unknown,No canonical local Immo perMuni stats row exists; code_postal cannot be measured.,,,unknown,No canonical local Immo perMuni stats row exists; civic address cannot be measured.,,,N/A,The local coverage matrix has no TOD scope entry for this city.,N/A,TOD is not applicable according to the local coverage matrix.,,,
lascension,lascension,complete,Canonical local Immo perMuni stats row is present and reports 1588 served lots.,1588,complete,Local Immo stats report 1588/1588 lots with surface_m2.,1588,1588,complete,Local Immo stats report 1588/1588 lots with code_postal.,1588,1588,incomplete,Local Immo stats report 1378/1588 lots with civic address.,1588,1378,N/A,The local coverage matrix has no TOD scope entry for this city.,N/A,TOD is not applicable according to the local coverage matrix.,,,
lascension-de-notre-seigneur,,incomplete,No canonical local Immo perMuni stats row is present in the served-lots snapshot.,,unknown,No canonical local Immo perMuni stats row exists; surface_m2 cannot be measured.,,,unknown,No canonical local Immo perMuni stats row exists; code_postal cannot be measured.,,,unknown,No canonical local Immo perMuni stats row exists; civic address cannot be measured.,,,N/A,The local coverage matrix has no TOD scope entry for this city.,N/A,TOD is not applicable according to the local coverage matrix.,,,
lascension-de-patapedia,lascension-de-patapedia,complete,Canonical local Immo perMuni stats row is present and reports 346 served lots.,346,complete,Local Immo stats report 346/346 lots with surface_m2.,346,346,complete,Local Immo stats report 346/346 lots with code_postal.,346,346,complete,Local Immo stats report 346/346 lots with civic address.,346,346,N/A,The local coverage matrix has no TOD scope entry for this city.,N/A,TOD is not applicable according to the local coverage matrix.,,,
lassomption,lassomption,complete,Canonical local Immo perMuni stats row is present and reports 9390 served lots.,9390,complete,Local Immo stats report 9390/9390 lots with surface_m2.,9390,9390,complete,Local Immo stats report 9390/9390 lots with code_postal.,9390,9390,incomplete,Local Immo stats report 9264/9390 lots with civic address.,9390,9264,N/A,The local coverage matrix has no TOD scope entry for this city.,N/A,TOD is not applicable according to the local coverage matrix.,,,
latulipe-et-gaboury,latulipe-et-gaboury,complete,Canonical local Immo perMuni stats row is present and reports 415 served lots.,415,complete,Local Immo stats report 415/415 lots with surface_m2.,415,415,complete,Local Immo stats report 415/415 lots with code_postal.,415,415,incomplete,Local Immo stats report 413/415 lots with civic address.,415,413,N/A,The local coverage matrix has no TOD scope entry for this city.,N/A,TOD is not applicable according to the local coverage matrix.,,,
launay,launay,complete,Canonical local Immo perMuni stats row is present and reports 327 served lots.,327,complete,Local Immo stats report 327/327 lots with surface_m2.,327,327,complete,Local Immo stats report 327/327 lots with code_postal.,327,327,incomplete,Local Immo stats report 274/327 lots with civic address.,327,274,N/A,The local coverage matrix has no TOD scope entry for this city.,N/A,TOD is not applicable according to the local coverage matrix.,,,
laurier-station,laurier-station,complete,Canonical local Immo perMuni stats row is present and reports 1558 served lots.,1558,complete,Local Immo stats report 1558/1558 lots with surface_m2.,1558,1558,complete,Local Immo stats report 1558/1558 lots with code_postal.,1558,1558,incomplete,Local Immo stats report 1348/1558 lots with civic address.,1558,1348,N/A,The local coverage matrix has no TOD scope entry for this city.,N/A,TOD is not applicable according to the local coverage matrix.,,,
laurierville,,incomplete,No canonical local Immo perMuni stats row is present in the served-lots snapshot.,,unknown,No canonical local Immo perMuni stats row exists; surface_m2 cannot be measured.,,,unknown,No canonical local Immo perMuni stats row exists; code_postal cannot be measured.,,,unknown,No canonical local Immo perMuni stats row exists; civic address cannot be measured.,,,N/A,The local coverage matrix has no TOD scope entry for this city.,N/A,TOD is not applicable according to the local coverage matrix.,,,
laval,laval,complete,Canonical local Immo perMuni stats row is present and reports 401594 served lots.,401594,complete,Local Immo stats report 401594/401594 lots with surface_m2.,401594,401594,complete,Local Immo stats report 401594/401594 lots with code_postal.,401594,401594,incomplete,Local Immo stats report 137261/401594 lots with civic address.,401594,137261,complete,The local coverage matrix declares TOD scope with status done.,incomplete,Local Immo stats report the TOD join is absent: 0/401594 lots joined (0 lots in TOD).,401594,0,0
lavaltrie,lavaltrie,complete,Canonical local Immo perMuni stats row is present and reports 7190 served lots.,7190,complete,Local Immo stats report 7190/7190 lots with surface_m2.,7190,7190,complete,Local Immo stats report 7190/7190 lots with code_postal.,7190,7190,incomplete,Local Immo stats report 7111/7190 lots with civic address.,7190,7111,N/A,The local coverage matrix has no TOD scope entry for this city.,N/A,TOD is not applicable according to the local coverage matrix.,,,
lavenir,lavenir,complete,Canonical local Immo perMuni stats row is present and reports 1093 served lots.,1093,complete,Local Immo stats report 1093/1093 lots with surface_m2.,1093,1093,complete,Local Immo stats report 1093/1093 lots with code_postal.,1093,1093,incomplete,Local Immo stats report 956/1093 lots with civic address.,1093,956,N/A,The local coverage matrix has no TOD scope entry for this city.,N/A,TOD is not applicable according to the local coverage matrix.,,,
laverlochere-angliers,laverlochere-angliers,complete,Canonical local Immo perMuni stats row is present and reports 512 served lots.,512,complete,Local Immo stats report 512/512 lots with surface_m2.,512,512,complete,Local Immo stats report 512/512 lots with code_postal.,512,512,incomplete,Local Immo stats report 506/512 lots with civic address.,512,506,N/A,The local coverage matrix has no TOD scope entry for this city.,N/A,TOD is not applicable according to the local coverage matrix.,,,
lawrenceville,lawrenceville,complete,Canonical local Immo perMuni stats row is present and reports 469 served lots.,469,complete,Local Immo stats report 469/469 lots with surface_m2.,469,469,complete,Local Immo stats report 469/469 lots with code_postal.,469,469,incomplete,Local Immo stats report 427/469 lots with civic address.,469,427,N/A,The local coverage matrix has no TOD scope entry for this city.,N/A,TOD is not applicable according to the local coverage matrix.,,,
lebel-sur-quevillon,,incomplete,No canonical local Immo perMuni stats row is present in the served-lots snapshot.,,unknown,No canonical local Immo perMuni stats row exists; surface_m2 cannot be measured.,,,unknown,No canonical local Immo perMuni stats row exists; code_postal cannot be measured.,,,unknown,No canonical local Immo perMuni stats row exists; civic address cannot be measured.,,,N/A,The local coverage matrix has no TOD scope entry for this city.,N/A,TOD is not applicable according to the local coverage matrix.,,,
leclercville,leclercville,complete,Canonical local Immo perMuni stats row is present and reports 252 served lots.,252,complete,Local Immo stats report 252/252 lots with surface_m2.,252,252,complete,Local Immo stats report 252/252 lots with code_postal.,252,252,incomplete,Local Immo stats report 223/252 lots with civic address.,252,223,N/A,The local coverage matrix has no TOD scope entry for this city.,N/A,TOD is not applicable according to the local coverage matrix.,,,
lefebvre,lefebvre,complete,Canonical local Immo perMuni stats row is present and reports 741 served lots.,741,complete,Local Immo stats report 741/741 lots with surface_m2.,741,741,complete,Local Immo stats report 741/741 lots with code_postal.,741,741,incomplete,Local Immo stats report 624/741 lots with civic address.,741,624,N/A,The local coverage matrix has no TOD scope entry for this city.,N/A,TOD is not applicable according to the local coverage matrix.,,,
lejeune,lejeune,complete,Canonical local Immo perMuni stats row is present and reports 355 served lots.,355,complete,Local Immo stats report 355/355 lots with surface_m2.,355,355,complete,Local Immo stats report 355/355 lots with code_postal.,355,355,incomplete,Local Immo stats report 320/355 lots with civic address.,355,320,N/A,The local coverage matrix has no TOD scope entry for this city.,N/A,TOD is not applicable according to the local coverage matrix.,,,
lemieux,lemieux,complete,Canonical local Immo perMuni stats row is present and reports 334 served lots.,334,complete,Local Immo stats report 334/334 lots with surface_m2.,334,334,complete,Local Immo stats report 334/334 lots with code_postal.,334,334,complete,Local Immo stats report 334/334 lots with civic address.,334,334,N/A,The local coverage matrix has no TOD scope entry for this city.,N/A,TOD is not applicable according to the local coverage matrix.,,,
lepiphanie,lepiphanie,complete,Canonical local Immo perMuni stats row is present and reports 4493 served lots.,4493,complete,Local Immo stats report 4493/4493 lots with surface_m2.,4493,4493,complete,Local Immo stats report 4493/4493 lots with code_postal.,4493,4493,incomplete,Local Immo stats report 4455/4493 lots with civic address.,4493,4455,N/A,The local coverage matrix has no TOD scope entry for this city.,N/A,TOD is not applicable according to the local coverage matrix.,,,
lery,,incomplete,No canonical local Immo perMuni stats row is present in the served-lots snapshot.,,unknown,No canonical local Immo perMuni stats row exists; surface_m2 cannot be measured.,,,unknown,No canonical local Immo perMuni stats row exists; code_postal cannot be measured.,,,unknown,No canonical local Immo perMuni stats row exists; civic address cannot be measured.,,,N/A,The local coverage matrix has no TOD scope entry for this city.,N/A,TOD is not applicable according to the local coverage matrix.,,,
les-bergeronnes,les-bergeronnes,complete,Canonical local Immo perMuni stats row is present and reports 577 served lots.,577,complete,Local Immo stats report 577/577 lots with surface_m2.,577,577,complete,Local Immo stats report 577/577 lots with code_postal.,577,577,incomplete,Local Immo stats report 478/577 lots with civic address.,577,478,N/A,The local coverage matrix has no TOD scope entry for this city.,N/A,TOD is not applicable according to the local coverage matrix.,,,
les-cedres,,incomplete,No canonical local Immo perMuni stats row is present in the served-lots snapshot.,,unknown,No canonical local Immo perMuni stats row exists; surface_m2 cannot be measured.,,,unknown,No canonical local Immo perMuni stats row exists; code_postal cannot be measured.,,,unknown,No canonical local Immo perMuni stats row exists; civic address cannot be measured.,,,N/A,The local coverage matrix has no TOD scope entry for this city.,N/A,TOD is not applicable according to the local coverage matrix.,,,
les-coteaux,les-coteaux,complete,Canonical local Immo perMuni stats row is present and reports 2486 served lots.,2486,complete,Local Immo stats report 2486/2486 lots with surface_m2.,2486,2486,complete,Local Immo stats report 2486/2486 lots with code_postal.,2486,2486,incomplete,Local Immo stats report 2254/2486 lots with civic address.,2486,2254,N/A,The local coverage matrix has no TOD scope entry for this city.,N/A,TOD is not applicable according to the local coverage matrix.,,,
les-eboulements,les-eboulements,complete,Canonical local Immo perMuni stats row is present and reports 2100 served lots.,2100,complete,Local Immo stats report 2100/2100 lots with surface_m2.,2100,2100,complete,Local Immo stats report 2100/2100 lots with code_postal.,2100,2100,incomplete,Local Immo stats report 1942/2100 lots with civic address.,2100,1942,N/A,The local coverage matrix has no TOD scope entry for this city.,N/A,TOD is not applicable according to the local coverage matrix.,,,
les-escoumins,les-escoumins,complete,Canonical local Immo perMuni stats row is present and reports 165 served lots.,165,complete,Local Immo stats report 165/165 lots with surface_m2.,165,165,complete,Local Immo stats report 165/165 lots with code_postal.,165,165,incomplete,Local Immo stats report 161/165 lots with civic address.,165,161,N/A,The local coverage matrix has no TOD scope entry for this city.,N/A,TOD is not applicable according to the local coverage matrix.,,,
les-hauteurs,les-hauteurs,complete,Canonical local Immo perMuni stats row is present and reports 626 served lots.,626,complete,Local Immo stats report 626/626 lots with surface_m2.,626,626,complete,Local Immo stats report 626/626 lots with code_postal.,626,626,incomplete,Local Immo stats report 611/626 lots with civic address.,626,611,N/A,The local coverage matrix has no TOD scope entry for this city.,N/A,TOD is not applicable according to the local coverage matrix.,,,
les-iles-de-la-madeleine,les-iles-de-la-madeleine,complete,Canonical local Immo perMuni stats row is present and reports 3932 served lots.,3932,complete,Local Immo stats report 3932/3932 lots with surface_m2.,3932,3932,complete,Local Immo stats report 3932/3932 lots with code_postal.,3932,3932,incomplete,Local Immo stats report 3482/3932 lots with civic address.,3932,3482,N/A,The local coverage matrix has no TOD scope entry for this city.,N/A,TOD is not applicable according to the local coverage matrix.,,,
les-mechins,,incomplete,No canonical local Immo perMuni stats row is present in the served-lots snapshot.,,unknown,No canonical local Immo perMuni stats row exists; surface_m2 cannot be measured.,,,unknown,No canonical local Immo perMuni stats row exists; code_postal cannot be measured.,,,unknown,No canonical local Immo perMuni stats row exists; civic address cannot be measured.,,,N/A,The local coverage matrix has no TOD scope entry for this city.,N/A,TOD is not applicable according to the local coverage matrix.,,,
levis,levis,complete,Canonical local Immo perMuni stats row is present and reports 30225 served lots.,30225,complete,Local Immo stats report 30225/30225 lots with surface_m2.,30225,30225,complete,Local Immo stats report 30225/30225 lots with code_postal.,30225,30225,incomplete,Local Immo stats report 29669/30225 lots with civic address.,30225,29669,N/A,The local coverage matrix has no TOD scope entry for this city.,N/A,TOD is not applicable according to the local coverage matrix.,,,
lile-cadieux,,incomplete,No canonical local Immo perMuni stats row is present in the served-lots snapshot.,,unknown,No canonical local Immo perMuni stats row exists; surface_m2 cannot be measured.,,,unknown,No canonical local Immo perMuni stats row exists; code_postal cannot be measured.,,,unknown,No canonical local Immo perMuni stats row exists; civic address cannot be measured.,,,N/A,The local coverage matrix has no TOD scope entry for this city.,N/A,TOD is not applicable according to the local coverage matrix.,,,
lile-danticosti,lile-danticosti,complete,Canonical local Immo perMuni stats row is present and reports zero lots.,0,N/A,Canonical local Immo stats report zero lots; surface_m2 has no per-lot denominator.,0,,N/A,Canonical local Immo stats report zero lots; code_postal has no per-lot denominator.,0,,N/A,Canonical local Immo stats report zero lots; civic address has no per-lot denominator.,0,,N/A,The local coverage matrix has no TOD scope entry for this city.,N/A,TOD is not applicable according to the local coverage matrix.,,,
lile-dorval,,incomplete,No canonical local Immo perMuni stats row is present in the served-lots snapshot.,,unknown,No canonical local Immo perMuni stats row exists; surface_m2 cannot be measured.,,,unknown,No canonical local Immo perMuni stats row exists; code_postal cannot be measured.,,,unknown,No canonical local Immo perMuni stats row exists; civic address cannot be measured.,,,N/A,The local coverage matrix has no TOD scope entry for this city.,N/A,TOD is not applicable according to the local coverage matrix.,,,
lile-du-grand-calumet,lile-du-grand-calumet,complete,Canonical local Immo perMuni stats row is present and reports 805 served lots.,805,complete,Local Immo stats report 805/805 lots with surface_m2.,805,805,complete,Local Immo stats report 805/805 lots with code_postal.,805,805,incomplete,Local Immo stats report 740/805 lots with civic address.,805,740,N/A,The local coverage matrix has no TOD scope entry for this city.,N/A,TOD is not applicable according to the local coverage matrix.,,,
lile-perrot,,incomplete,No canonical local Immo perMuni stats row is present in the served-lots snapshot.,,unknown,No canonical local Immo perMuni stats row exists; surface_m2 cannot be measured.,,,unknown,No canonical local Immo perMuni stats row exists; code_postal cannot be measured.,,,unknown,No canonical local Immo perMuni stats row exists; civic address cannot be measured.,,,complete,The local coverage matrix declares TOD scope with status done.,unknown,"TOD scope is confirmed, but no canonical local Immo perMuni stats row is available.",,,
lingwick,lingwick,complete,Canonical local Immo perMuni stats row is present and reports 811 served lots.,811,complete,Local Immo stats report 811/811 lots with surface_m2.,811,811,complete,Local Immo stats report 811/811 lots with code_postal.,811,811,incomplete,Local Immo stats report 576/811 lots with civic address.,811,576,N/A,The local coverage matrix has no TOD scope entry for this city.,N/A,TOD is not applicable according to the local coverage matrix.,,,
lisle-aux-allumettes,,incomplete,No canonical local Immo perMuni stats row is present in the served-lots snapshot.,,unknown,No canonical local Immo perMuni stats row exists; surface_m2 cannot be measured.,,,unknown,No canonical local Immo perMuni stats row exists; code_postal cannot be measured.,,,unknown,No canonical local Immo perMuni stats row exists; civic address cannot be measured.,,,N/A,The local coverage matrix has no TOD scope entry for this city.,N/A,TOD is not applicable according to the local coverage matrix.,,,
lisle-aux-coudres,lisle-aux-coudres,complete,Canonical local Immo perMuni stats row is present and reports 2084 served lots.,2084,complete,Local Immo stats report 2084/2084 lots with surface_m2.,2084,2084,complete,Local Immo stats report 2084/2084 lots with code_postal.,2084,2084,incomplete,Local Immo stats report 1911/2084 lots with civic address.,2084,1911,N/A,The local coverage matrix has no TOD scope entry for this city.,N/A,TOD is not applicable according to the local coverage matrix.,,,
lisle-verte,,incomplete,No canonical local Immo perMuni stats row is present in the served-lots snapshot.,,unknown,No canonical local Immo perMuni stats row exists; surface_m2 cannot be measured.,,,unknown,No canonical local Immo perMuni stats row exists; code_postal cannot be measured.,,,unknown,No canonical local Immo perMuni stats row exists; civic address cannot be measured.,,,N/A,The local coverage matrix has no TOD scope entry for this city.,N/A,TOD is not applicable according to the local coverage matrix.,,,
lislet,lislet,complete,Canonical local Immo perMuni stats row is present and reports 3800 served lots.,3800,complete,Local Immo stats report 3800/3800 lots with surface_m2.,3800,3800,complete,Local Immo stats report 3800/3800 lots with code_postal.,3800,3800,incomplete,Local Immo stats report 3372/3800 lots with civic address.,3800,3372,N/A,The local coverage matrix has no TOD scope entry for this city.,N/A,TOD is not applicable according to the local coverage matrix.,,,
litchfield,,incomplete,No canonical local Immo perMuni stats row is present in the served-lots snapshot.,,unknown,No canonical local Immo perMuni stats row exists; surface_m2 cannot be measured.,,,unknown,No canonical local Immo perMuni stats row exists; code_postal cannot be measured.,,,unknown,No canonical local Immo perMuni stats row exists; civic address cannot be measured.,,,N/A,The local coverage matrix has no TOD scope entry for this city.,N/A,TOD is not applicable according to the local coverage matrix.,,,
lochaber,,incomplete,No canonical local Immo perMuni stats row is present in the served-lots snapshot.,,unknown,No canonical local Immo perMuni stats row exists; surface_m2 cannot be measured.,,,unknown,No canonical local Immo perMuni stats row exists; code_postal cannot be measured.,,,unknown,No canonical local Immo perMuni stats row exists; civic address cannot be measured.,,,N/A,The local coverage matrix has no TOD scope entry for this city.,N/A,TOD is not applicable according to the local coverage matrix.,,,
lochaber-partie-ouest,,incomplete,No canonical local Immo perMuni stats row is present in the served-lots snapshot.,,unknown,No canonical local Immo perMuni stats row exists; surface_m2 cannot be measured.,,,unknown,No canonical local Immo perMuni stats row exists; code_postal cannot be measured.,,,unknown,No canonical local Immo perMuni stats row exists; civic address cannot be measured.,,,N/A,The local coverage matrix has no TOD scope entry for this city.,N/A,TOD is not applicable according to the local coverage matrix.,,,
longue-pointe-de-mingan,,incomplete,No canonical local Immo perMuni stats row is present in the served-lots snapshot.,,unknown,No canonical local Immo perMuni stats row exists; surface_m2 cannot be measured.,,,unknown,No canonical local Immo perMuni stats row exists; code_postal cannot be measured.,,,unknown,No canonical local Immo perMuni stats row exists; civic address cannot be measured.,,,N/A,The local coverage matrix has no TOD scope entry for this city.,N/A,TOD is not applicable according to the local coverage matrix.,,,
longue-rive,,incomplete,No canonical local Immo perMuni stats row is present in the served-lots snapshot.,,unknown,No canonical local Immo perMuni stats row exists; surface_m2 cannot be measured.,,,unknown,No canonical local Immo perMuni stats row exists; code_postal cannot be measured.,,,unknown,No canonical local Immo perMuni stats row exists; civic address cannot be measured.,,,N/A,The local coverage matrix has no TOD scope entry for this city.,N/A,TOD is not applicable according to the local coverage matrix.,,,
longueuil,longueuil,complete,Canonical local Immo perMuni stats row is present and reports 67010 served lots.,67010,complete,Local Immo stats report 67010/67010 lots with surface_m2.,67010,67010,complete,Local Immo stats report 67010/67010 lots with code_postal.,67010,67010,incomplete,Local Immo stats report 62140/67010 lots with civic address.,67010,62140,complete,The local coverage matrix declares TOD scope with status done.,incomplete,Local Immo stats report the TOD join is absent: 0/67010 lots joined (0 lots in TOD).,67010,0,0
lorraine,,incomplete,No canonical local Immo perMuni stats row is present in the served-lots snapshot.,,unknown,No canonical local Immo perMuni stats row exists; surface_m2 cannot be measured.,,,unknown,No canonical local Immo perMuni stats row exists; code_postal cannot be measured.,,,unknown,No canonical local Immo perMuni stats row exists; civic address cannot be measured.,,,N/A,The local coverage matrix has no TOD scope entry for this city.,N/A,TOD is not applicable according to the local coverage matrix.,,,
lorrainville,lorrainville,complete,Canonical local Immo perMuni stats row is present and reports 1014 served lots.,1014,complete,Local Immo stats report 1014/1014 lots with surface_m2.,1014,1014,complete,Local Immo stats report 1014/1014 lots with code_postal.,1014,1014,incomplete,Local Immo stats report 883/1014 lots with civic address.,1014,883,N/A,The local coverage matrix has no TOD scope entry for this city.,N/A,TOD is not applicable according to the local coverage matrix.,,,
lotbiniere,lotbiniere,complete,Canonical local Immo perMuni stats row is present and reports 1135 served lots.,1135,complete,Local Immo stats report 1135/1135 lots with surface_m2.,1135,1135,complete,Local Immo stats report 1135/1135 lots with code_postal.,1135,1135,incomplete,Local Immo stats report 1071/1135 lots with civic address.,1135,1071,N/A,The local coverage matrix has no TOD scope entry for this city.,N/A,TOD is not applicable according to the local coverage matrix.,,,
louiseville,louiseville,complete,Canonical local Immo perMuni stats row is present and reports 4141 served lots.,4141,complete,Local Immo stats report 4141/4141 lots with surface_m2.,4141,4141,complete,Local Immo stats report 4141/4141 lots with code_postal.,4141,4141,incomplete,Local Immo stats report 4119/4141 lots with civic address.,4141,4119,N/A,The local coverage matrix has no TOD scope entry for this city.,N/A,TOD is not applicable according to the local coverage matrix.,,,
low,low,complete,Canonical local Immo perMuni stats row is present and reports 1262 served lots.,1262,complete,Local Immo stats report 1262/1262 lots with surface_m2.,1262,1262,complete,Local Immo stats report 1262/1262 lots with code_postal.,1262,1262,incomplete,Local Immo stats report 1140/1262 lots with civic address.,1262,1140,N/A,The local coverage matrix has no TOD scope entry for this city.,N/A,TOD is not applicable according to the local coverage matrix.,,,
lyster,lyster,complete,Canonical local Immo perMuni stats row is present and reports 1370 served lots.,1370,complete,Local Immo stats report 1370/1370 lots with surface_m2.,1370,1370,complete,Local Immo stats report 1370/1370 lots with code_postal.,1370,1370,incomplete,Local Immo stats report 1224/1370 lots with civic address.,1370,1224,N/A,The local coverage matrix has no TOD scope entry for this city.,N/A,TOD is not applicable according to the local coverage matrix.,,,
macamic,macamic,complete,Canonical local Immo perMuni stats row is present and reports 1825 served lots.,1825,complete,Local Immo stats report 1825/1825 lots with surface_m2.,1825,1825,complete,Local Immo stats report 1825/1825 lots with code_postal.,1825,1825,incomplete,Local Immo stats report 1822/1825 lots with civic address.,1825,1822,N/A,The local coverage matrix has no TOD scope entry for this city.,N/A,TOD is not applicable according to the local coverage matrix.,,,
maddington-falls,maddington-falls,complete,Canonical local Immo perMuni stats row is present and reports 439 served lots.,439,complete,Local Immo stats report 439/439 lots with surface_m2.,439,439,complete,Local Immo stats report 439/439 lots with code_postal.,439,439,incomplete,Local Immo stats report 391/439 lots with civic address.,439,391,N/A,The local coverage matrix has no TOD scope entry for this city.,N/A,TOD is not applicable according to the local coverage matrix.,,,
magog,magog,complete,Canonical local Immo perMuni stats row is present and reports 12510 served lots.,12510,complete,Local Immo stats report 12510/12510 lots with surface_m2.,12510,12510,complete,Local Immo stats report 12510/12510 lots with code_postal.,12510,12510,incomplete,Local Immo stats report 11299/12510 lots with civic address.,12510,11299,N/A,The local coverage matrix has no TOD scope entry for this city.,N/A,TOD is not applicable according to the local coverage matrix.,,,
malartic,,incomplete,No canonical local Immo perMuni stats row is present in the served-lots snapshot.,,unknown,No canonical local Immo perMuni stats row exists; surface_m2 cannot be measured.,,,unknown,No canonical local Immo perMuni stats row exists; code_postal cannot be measured.,,,unknown,No canonical local Immo perMuni stats row exists; civic address cannot be measured.,,,N/A,The local coverage matrix has no TOD scope entry for this city.,N/A,TOD is not applicable according to the local coverage matrix.,,,
mandeville,mandeville,complete,Canonical local Immo perMuni stats row is present and reports 1964 served lots.,1964,complete,Local Immo stats report 1964/1964 lots with surface_m2.,1964,1964,complete,Local Immo stats report 1964/1964 lots with code_postal.,1964,1964,incomplete,Local Immo stats report 1928/1964 lots with civic address.,1964,1928,N/A,The local coverage matrix has no TOD scope entry for this city.,N/A,TOD is not applicable according to the local coverage matrix.,,,
maniwaki,,incomplete,No canonical local Immo perMuni stats row is present in the served-lots snapshot.,,unknown,No canonical local Immo perMuni stats row exists; surface_m2 cannot be measured.,,,unknown,No canonical local Immo perMuni stats row exists; code_postal cannot be measured.,,,unknown,No canonical local Immo perMuni stats row exists; civic address cannot be measured.,,,N/A,The local coverage matrix has no TOD scope entry for this city.,N/A,TOD is not applicable according to the local coverage matrix.,,,
manseau,manseau,complete,Canonical local Immo perMuni stats row is present and reports 764 served lots.,764,complete,Local Immo stats report 764/764 lots with surface_m2.,764,764,complete,Local Immo stats report 764/764 lots with code_postal.,764,764,incomplete,Local Immo stats report 758/764 lots with civic address.,764,758,N/A,The local coverage matrix has no TOD scope entry for this city.,N/A,TOD is not applicable according to the local coverage matrix.,,,
mansfield-et-pontefract,,incomplete,No canonical local Immo perMuni stats row is present in the served-lots snapshot.,,unknown,No canonical local Immo perMuni stats row exists; surface_m2 cannot be measured.,,,unknown,No canonical local Immo perMuni stats row exists; code_postal cannot be measured.,,,unknown,No canonical local Immo perMuni stats row exists; civic address cannot be measured.,,,N/A,The local coverage matrix has no TOD scope entry for this city.,N/A,TOD is not applicable according to the local coverage matrix.,,,
maria,maria,complete,Canonical local Immo perMuni stats row is present and reports 2200 served lots.,2200,complete,Local Immo stats report 2200/2200 lots with surface_m2.,2200,2200,complete,Local Immo stats report 2200/2200 lots with code_postal.,2200,2200,incomplete,Local Immo stats report 2168/2200 lots with civic address.,2200,2168,N/A,The local coverage matrix has no TOD scope entry for this city.,N/A,TOD is not applicable according to the local coverage matrix.,,,
maricourt,maricourt,complete,Canonical local Immo perMuni stats row is present and reports 488 served lots.,488,complete,Local Immo stats report 488/488 lots with surface_m2.,488,488,complete,Local Immo stats report 488/488 lots with code_postal.,488,488,incomplete,Local Immo stats report 434/488 lots with civic address.,488,434,N/A,The local coverage matrix has no TOD scope entry for this city.,N/A,TOD is not applicable according to the local coverage matrix.,,,
marieville,,incomplete,No canonical local Immo perMuni stats row is present in the served-lots snapshot.,,unknown,No canonical local Immo perMuni stats row exists; surface_m2 cannot be measured.,,,unknown,No canonical local Immo perMuni stats row exists; code_postal cannot be measured.,,,unknown,No canonical local Immo perMuni stats row exists; civic address cannot be measured.,,,N/A,The local coverage matrix has no TOD scope entry for this city.,N/A,TOD is not applicable according to the local coverage matrix.,,,
marsoui,,incomplete,No canonical local Immo perMuni stats row is present in the served-lots snapshot.,,unknown,No canonical local Immo perMuni stats row exists; surface_m2 cannot be measured.,,,unknown,No canonical local Immo perMuni stats row exists; code_postal cannot be measured.,,,unknown,No canonical local Immo perMuni stats row exists; civic address cannot be measured.,,,N/A,The local coverage matrix has no TOD scope entry for this city.,N/A,TOD is not applicable according to the local coverage matrix.,,,
marston,marston,complete,Canonical local Immo perMuni stats row is present and reports 946 served lots.,946,complete,Local Immo stats report 946/946 lots with surface_m2.,946,946,complete,Local Immo stats report 946/946 lots with code_postal.,946,946,incomplete,Local Immo stats report 856/946 lots with civic address.,946,856,N/A,The local coverage matrix has no TOD scope entry for this city.,N/A,TOD is not applicable according to the local coverage matrix.,,,
martinville,martinville,complete,Canonical local Immo perMuni stats row is present and reports 410 served lots.,410,complete,Local Immo stats report 410/410 lots with surface_m2.,410,410,complete,Local Immo stats report 410/410 lots with code_postal.,410,410,incomplete,Local Immo stats report 347/410 lots with civic address.,410,347,N/A,The local coverage matrix has no TOD scope entry for this city.,N/A,TOD is not applicable according to the local coverage matrix.,,,
mascouche,,incomplete,No canonical local Immo perMuni stats row is present in the served-lots snapshot.,,unknown,No canonical local Immo perMuni stats row exists; surface_m2 cannot be measured.,,,unknown,No canonical local Immo perMuni stats row exists; code_postal cannot be measured.,,,unknown,No canonical local Immo perMuni stats row exists; civic address cannot be measured.,,,complete,The local coverage matrix declares TOD scope with status done.,unknown,"TOD scope is confirmed, but no canonical local Immo perMuni stats row is available.",,,
maskinonge,maskinonge,complete,Canonical local Immo perMuni stats row is present and reports 2527 served lots.,2527,complete,Local Immo stats report 2527/2527 lots with surface_m2.,2527,2527,complete,Local Immo stats report 2527/2527 lots with code_postal.,2527,2527,incomplete,Local Immo stats report 2522/2527 lots with civic address.,2527,2522,N/A,The local coverage matrix has no TOD scope entry for this city.,N/A,TOD is not applicable according to the local coverage matrix.,,,
massueville,,incomplete,No canonical local Immo perMuni stats row is present in the served-lots snapshot.,,unknown,No canonical local Immo perMuni stats row exists; surface_m2 cannot be measured.,,,unknown,No canonical local Immo perMuni stats row exists; code_postal cannot be measured.,,,unknown,No canonical local Immo perMuni stats row exists; civic address cannot be measured.,,,N/A,The local coverage matrix has no TOD scope entry for this city.,N/A,TOD is not applicable according to the local coverage matrix.,,,
matagami,,incomplete,No canonical local Immo perMuni stats row is present in the served-lots snapshot.,,unknown,No canonical local Immo perMuni stats row exists; surface_m2 cannot be measured.,,,unknown,No canonical local Immo perMuni stats row exists; code_postal cannot be measured.,,,unknown,No canonical local Immo perMuni stats row exists; civic address cannot be measured.,,,N/A,The local coverage matrix has no TOD scope entry for this city.,N/A,TOD is not applicable according to the local coverage matrix.,,,
matane,matane,complete,Canonical local Immo perMuni stats row is present and reports 7252 served lots.,7252,complete,Local Immo stats report 7252/7252 lots with surface_m2.,7252,7252,complete,Local Immo stats report 7252/7252 lots with code_postal.,7252,7252,incomplete,Local Immo stats report 6498/7252 lots with civic address.,7252,6498,N/A,The local coverage matrix has no TOD scope entry for this city.,N/A,TOD is not applicable according to the local coverage matrix.,,,
matapedia,matapedia,complete,Canonical local Immo perMuni stats row is present and reports 739 served lots.,739,complete,Local Immo stats report 739/739 lots with surface_m2.,739,739,complete,Local Immo stats report 739/739 lots with code_postal.,739,739,incomplete,Local Immo stats report 723/739 lots with civic address.,739,723,N/A,The local coverage matrix has no TOD scope entry for this city.,N/A,TOD is not applicable according to the local coverage matrix.,,,
mayo,mayo,complete,Canonical local Immo perMuni stats row is present and reports 1005 served lots.,1005,complete,Local Immo stats report 1005/1005 lots with surface_m2.,1005,1005,complete,Local Immo stats report 1005/1005 lots with code_postal.,1005,1005,incomplete,Local Immo stats report 910/1005 lots with civic address.,1005,910,N/A,The local coverage matrix has no TOD scope entry for this city.,N/A,TOD is not applicable according to the local coverage matrix.,,,
mcmasterville,,incomplete,No canonical local Immo perMuni stats row is present in the served-lots snapshot.,,unknown,No canonical local Immo perMuni stats row exists; surface_m2 cannot be measured.,,,unknown,No canonical local Immo perMuni stats row exists; code_postal cannot be measured.,,,unknown,No canonical local Immo perMuni stats row exists; civic address cannot be measured.,,,complete,The local coverage matrix declares TOD scope with status done.,unknown,"TOD scope is confirmed, but no canonical local Immo perMuni stats row is available.",,,
melbourne,melbourne,complete,Canonical local Immo perMuni stats row is present and reports 674 served lots.,674,complete,Local Immo stats report 674/674 lots with surface_m2.,674,674,complete,Local Immo stats report 674/674 lots with code_postal.,674,674,incomplete,Local Immo stats report 585/674 lots with civic address.,674,585,N/A,The local coverage matrix has no TOD scope entry for this city.,N/A,TOD is not applicable according to the local coverage matrix.,,,
mercier,,incomplete,No canonical local Immo perMuni stats row is present in the served-lots snapshot.,,unknown,No canonical local Immo perMuni stats row exists; surface_m2 cannot be measured.,,,unknown,No canonical local Immo perMuni stats row exists; code_postal cannot be measured.,,,unknown,No canonical local Immo perMuni stats row exists; civic address cannot be measured.,,,complete,The local coverage matrix declares TOD scope with status done.,unknown,"TOD scope is confirmed, but no canonical local Immo perMuni stats row is available.",,,
messines,,incomplete,No canonical local Immo perMuni stats row is present in the served-lots snapshot.,,unknown,No canonical local Immo perMuni stats row exists; surface_m2 cannot be measured.,,,unknown,No canonical local Immo perMuni stats row exists; code_postal cannot be measured.,,,unknown,No canonical local Immo perMuni stats row exists; civic address cannot be measured.,,,N/A,The local coverage matrix has no TOD scope entry for this city.,N/A,TOD is not applicable according to the local coverage matrix.,,,
metabetchouan-lac-a-la-croix,,incomplete,No canonical local Immo perMuni stats row is present in the served-lots snapshot.,,unknown,No canonical local Immo perMuni stats row exists; surface_m2 cannot be measured.,,,unknown,No canonical local Immo perMuni stats row exists; code_postal cannot be measured.,,,unknown,No canonical local Immo perMuni stats row exists; civic address cannot be measured.,,,N/A,The local coverage matrix has no TOD scope entry for this city.,N/A,TOD is not applicable according to the local coverage matrix.,,,
metis-sur-mer,metis-sur-mer,complete,Canonical local Immo perMuni stats row is present and reports zero lots.,0,N/A,Canonical local Immo stats report zero lots; surface_m2 has no per-lot denominator.,0,,N/A,Canonical local Immo stats report zero lots; code_postal has no per-lot denominator.,0,,N/A,Canonical local Immo stats report zero lots; civic address has no per-lot denominator.,0,,N/A,The local coverage matrix has no TOD scope entry for this city.,N/A,TOD is not applicable according to the local coverage matrix.,,,
milan,milan,complete,Canonical local Immo perMuni stats row is present and reports 754 served lots.,754,complete,Local Immo stats report 754/754 lots with surface_m2.,754,754,complete,Local Immo stats report 754/754 lots with code_postal.,754,754,incomplete,Local Immo stats report 677/754 lots with civic address.,754,677,N/A,The local coverage matrix has no TOD scope entry for this city.,N/A,TOD is not applicable according to the local coverage matrix.,,,
mille-isles,mille-isles,complete,Canonical local Immo perMuni stats row is present and reports 1870 served lots.,1870,complete,Local Immo stats report 1870/1870 lots with surface_m2.,1870,1870,complete,Local Immo stats report 1870/1870 lots with code_postal.,1870,1870,incomplete,Local Immo stats report 1813/1870 lots with civic address.,1870,1813,N/A,The local coverage matrix has no TOD scope entry for this city.,N/A,TOD is not applicable according to the local coverage matrix.,,,
mirabel,mirabel,complete,Canonical local Immo perMuni stats row is present and reports 7746 served lots.,7746,complete,Local Immo stats report 7746/7746 lots with surface_m2.,7746,7746,complete,Local Immo stats report 7746/7746 lots with code_postal.,7746,7746,incomplete,Local Immo stats report 7577/7746 lots with civic address.,7746,7577,complete,The local coverage matrix declares TOD scope with status done.,incomplete,Local Immo stats report the TOD join is absent: 0/7746 lots joined (0 lots in TOD).,7746,0,0
moffet,moffet,complete,Canonical local Immo perMuni stats row is present and reports 503 served lots.,503,complete,Local Immo stats report 503/503 lots with surface_m2.,503,503,complete,Local Immo stats report 503/503 lots with code_postal.,503,503,complete,Local Immo stats report 503/503 lots with civic address.,503,503,N/A,The local coverage matrix has no TOD scope entry for this city.,N/A,TOD is not applicable according to the local coverage matrix.,,,
mont-blanc,mont-blanc,complete,Canonical local Immo perMuni stats row is present and reports 4996 served lots.,4996,complete,Local Immo stats report 4996/4996 lots with surface_m2.,4996,4996,complete,Local Immo stats report 4996/4996 lots with code_postal.,4996,4996,incomplete,Local Immo stats report 4823/4996 lots with civic address.,4996,4823,N/A,The local coverage matrix has no TOD scope entry for this city.,N/A,TOD is not applicable according to the local coverage matrix.,,,
mont-carmel,mont-carmel,complete,Canonical local Immo perMuni stats row is present and reports 49 served lots.,49,complete,Local Immo stats report 49/49 lots with surface_m2.,49,49,complete,Local Immo stats report 49/49 lots with code_postal.,49,49,incomplete,Local Immo stats report 45/49 lots with civic address.,49,45,N/A,The local coverage matrix has no TOD scope entry for this city.,N/A,TOD is not applicable according to the local coverage matrix.,,,
mont-joli,mont-joli,complete,Canonical local Immo perMuni stats row is present and reports 3343 served lots.,3343,complete,Local Immo stats report 3343/3343 lots with surface_m2.,3343,3343,complete,Local Immo stats report 3343/3343 lots with code_postal.,3343,3343,incomplete,Local Immo stats report 3028/3343 lots with civic address.,3343,3028,N/A,The local coverage matrix has no TOD scope entry for this city.,N/A,TOD is not applicable according to the local coverage matrix.,,,
mont-laurier,mont-laurier,complete,Canonical local Immo perMuni stats row is present and reports 2774 served lots.,2774,complete,Local Immo stats report 2774/2774 lots with surface_m2.,2774,2774,complete,Local Immo stats report 2774/2774 lots with code_postal.,2774,2774,incomplete,Local Immo stats report 2364/2774 lots with civic address.,2774,2364,N/A,The local coverage matrix has no TOD scope entry for this city.,N/A,TOD is not applicable according to the local coverage matrix.,,,
mont-royal,mont-royal,complete,Canonical local Immo perMuni stats row is present and reports 5795 served lots.,5795,complete,Local Immo stats report 5795/5795 lots with surface_m2.,5795,5795,complete,Local Immo stats report 5795/5795 lots with code_postal.,5795,5795,incomplete,Local Immo stats report 4893/5795 lots with civic address.,5795,4893,complete,The local coverage matrix declares TOD scope with status done.,incomplete,Local Immo stats report the TOD join is absent: 0/5795 lots joined (0 lots in TOD).,5795,0,0
mont-saint-gregoire,,incomplete,No canonical local Immo perMuni stats row is present in the served-lots snapshot.,,unknown,No canonical local Immo perMuni stats row exists; surface_m2 cannot be measured.,,,unknown,No canonical local Immo perMuni stats row exists; code_postal cannot be measured.,,,unknown,No canonical local Immo perMuni stats row exists; civic address cannot be measured.,,,N/A,The local coverage matrix has no TOD scope entry for this city.,N/A,TOD is not applicable according to the local coverage matrix.,,,
mont-saint-hilaire,mont-saint-hilaire,complete,Canonical local Immo perMuni stats row is present and reports 8547 served lots.,8547,complete,Local Immo stats report 8547/8547 lots with surface_m2.,8547,8547,complete,Local Immo stats report 8547/8547 lots with code_postal.,8547,8547,incomplete,Local Immo stats report 8338/8547 lots with civic address.,8547,8338,complete,The local coverage matrix declares TOD scope with status done.,incomplete,Local Immo stats report the TOD join is absent: 0/8547 lots joined (0 lots in TOD).,8547,0,0
mont-saint-michel,mont-saint-michel,complete,Canonical local Immo perMuni stats row is present and reports 575 served lots.,575,complete,Local Immo stats report 575/575 lots with surface_m2.,575,575,complete,Local Immo stats report 575/575 lots with code_postal.,575,575,incomplete,Local Immo stats report 512/575 lots with civic address.,575,512,N/A,The local coverage matrix has no TOD scope entry for this city.,N/A,TOD is not applicable according to the local coverage matrix.,,,
mont-saint-pierre,,incomplete,No canonical local Immo perMuni stats row is present in the served-lots snapshot.,,unknown,No canonical local Immo perMuni stats row exists; surface_m2 cannot be measured.,,,unknown,No canonical local Immo perMuni stats row exists; code_postal cannot be measured.,,,unknown,No canonical local Immo perMuni stats row exists; civic address cannot be measured.,,,N/A,The local coverage matrix has no TOD scope entry for this city.,N/A,TOD is not applicable according to the local coverage matrix.,,,
mont-tremblant,mont-tremblant,complete,Canonical local Immo perMuni stats row is present and reports 10016 served lots.,10016,complete,Local Immo stats report 10016/10016 lots with surface_m2.,10016,10016,complete,Local Immo stats report 10016/10016 lots with code_postal.,10016,10016,incomplete,Local Immo stats report 9529/10016 lots with civic address.,10016,9529,N/A,The local coverage matrix has no TOD scope entry for this city.,N/A,TOD is not applicable according to the local coverage matrix.,,,
montcalm,,incomplete,No canonical local Immo perMuni stats row is present in the served-lots snapshot.,,unknown,No canonical local Immo perMuni stats row exists; surface_m2 cannot be measured.,,,unknown,No canonical local Immo perMuni stats row exists; code_postal cannot be measured.,,,unknown,No canonical local Immo perMuni stats row exists; civic address cannot be measured.,,,N/A,The local coverage matrix has no TOD scope entry for this city.,N/A,TOD is not applicable according to the local coverage matrix.,,,
montcerf-lytton,,incomplete,No canonical local Immo perMuni stats row is present in the served-lots snapshot.,,unknown,No canonical local Immo perMuni stats row exists; surface_m2 cannot be measured.,,,unknown,No canonical local Immo perMuni stats row exists; code_postal cannot be measured.,,,unknown,No canonical local Immo perMuni stats row exists; civic address cannot be measured.,,,N/A,The local coverage matrix has no TOD scope entry for this city.,N/A,TOD is not applicable according to the local coverage matrix.,,,
montebello,montebello,complete,Canonical local Immo perMuni stats row is present and reports 1800 served lots.,1800,complete,Local Immo stats report 1800/1800 lots with surface_m2.,1800,1800,complete,Local Immo stats report 1800/1800 lots with code_postal.,1800,1800,incomplete,Local Immo stats report 1678/1800 lots with civic address.,1800,1678,N/A,The local coverage matrix has no TOD scope entry for this city.,N/A,TOD is not applicable according to the local coverage matrix.,,,
montmagny,montmagny,complete,Canonical local Immo perMuni stats row is present and reports 6626 served lots.,6626,complete,Local Immo stats report 6626/6626 lots with surface_m2.,6626,6626,complete,Local Immo stats report 6626/6626 lots with code_postal.,6626,6626,incomplete,Local Immo stats report 6059/6626 lots with civic address.,6626,6059,N/A,The local coverage matrix has no TOD scope entry for this city.,N/A,TOD is not applicable according to the local coverage matrix.,,,
montpellier,montpellier,complete,Canonical local Immo perMuni stats row is present and reports 698 served lots.,698,complete,Local Immo stats report 698/698 lots with surface_m2.,698,698,complete,Local Immo stats report 698/698 lots with code_postal.,698,698,incomplete,Local Immo stats report 620/698 lots with civic address.,698,620,N/A,The local coverage matrix has no TOD scope entry for this city.,N/A,TOD is not applicable according to the local coverage matrix.,,,
montreal,montreal,complete,Canonical local Immo perMuni stats row is present and reports 680087 served lots.,680087,complete,Local Immo stats report 680087/680087 lots with surface_m2.,680087,680087,complete,Local Immo stats report 680087/680087 lots with code_postal.,680087,680087,incomplete,Local Immo stats report 279149/680087 lots with civic address.,680087,279149,complete,The local coverage matrix declares TOD scope with status done.,incomplete,Local Immo stats report the TOD join is absent: 0/680087 lots joined (0 lots in TOD).,680087,0,0
montreal-est,montreal-est,complete,Canonical local Immo perMuni stats row is present and reports 1678 served lots.,1678,complete,Local Immo stats report 1678/1678 lots with surface_m2.,1678,1678,complete,Local Immo stats report 1678/1678 lots with code_postal.,1678,1678,incomplete,Local Immo stats report 1355/1678 lots with civic address.,1678,1355,N/A,The local coverage matrix has no TOD scope entry for this city.,N/A,TOD is not applicable according to the local coverage matrix.,,,
montreal-ouest,montreal-ouest,complete,Canonical local Immo perMuni stats row is present and reports 1601 served lots.,1601,complete,Local Immo stats report 1601/1601 lots with surface_m2.,1601,1601,complete,Local Immo stats report 1601/1601 lots with code_postal.,1601,1601,incomplete,Local Immo stats report 1471/1601 lots with civic address.,1601,1471,N/A,The local coverage matrix has no TOD scope entry for this city.,N/A,TOD is not applicable according to the local coverage matrix.,,,
morin-heights,morin-heights,complete,Canonical local Immo perMuni stats row is present and reports 5535 served lots.,5535,complete,Local Immo stats report 5535/5535 lots with surface_m2.,5535,5535,complete,Local Immo stats report 5535/5535 lots with code_postal.,5535,5535,incomplete,Local Immo stats report 5485/5535 lots with civic address.,5535,5485,N/A,The local coverage matrix has no TOD scope entry for this city.,N/A,TOD is not applicable according to the local coverage matrix.,,,
mulgrave-et-derry,mulgrave-et-derry,complete,Canonical local Immo perMuni stats row is present and reports 1091 served lots.,1091,complete,Local Immo stats report 1091/1091 lots with surface_m2.,1091,1091,complete,Local Immo stats report 1091/1091 lots with code_postal.,1091,1091,incomplete,Local Immo stats report 1026/1091 lots with civic address.,1091,1026,N/A,The local coverage matrix has no TOD scope entry for this city.,N/A,TOD is not applicable according to the local coverage matrix.,,,
murdochville,murdochville,complete,Canonical local Immo perMuni stats row is present and reports 750 served lots.,750,complete,Local Immo stats report 750/750 lots with surface_m2.,750,750,complete,Local Immo stats report 750/750 lots with code_postal.,750,750,incomplete,Local Immo stats report 738/750 lots with civic address.,750,738,N/A,The local coverage matrix has no TOD scope entry for this city.,N/A,TOD is not applicable according to the local coverage matrix.,,,
namur,namur,complete,Canonical local Immo perMuni stats row is present and reports 1011 served lots.,1011,complete,Local Immo stats report 1011/1011 lots with surface_m2.,1011,1011,complete,Local Immo stats report 1011/1011 lots with code_postal.,1011,1011,incomplete,Local Immo stats report 856/1011 lots with civic address.,1011,856,N/A,The local coverage matrix has no TOD scope entry for this city.,N/A,TOD is not applicable according to the local coverage matrix.,,,
nantes,nantes,complete,Canonical local Immo perMuni stats row is present and reports 1022 served lots.,1022,complete,Local Immo stats report 1022/1022 lots with surface_m2.,1022,1022,complete,Local Immo stats report 1022/1022 lots with code_postal.,1022,1022,incomplete,Local Immo stats report 944/1022 lots with civic address.,1022,944,N/A,The local coverage matrix has no TOD scope entry for this city.,N/A,TOD is not applicable according to the local coverage matrix.,,,
napierville,,incomplete,No canonical local Immo perMuni stats row is present in the served-lots snapshot.,,unknown,No canonical local Immo perMuni stats row exists; surface_m2 cannot be measured.,,,unknown,No canonical local Immo perMuni stats row exists; code_postal cannot be measured.,,,unknown,No canonical local Immo perMuni stats row exists; civic address cannot be measured.,,,N/A,The local coverage matrix has no TOD scope entry for this city.,N/A,TOD is not applicable according to the local coverage matrix.,,,
natashquan,,incomplete,No canonical local Immo perMuni stats row is present in the served-lots snapshot.,,unknown,No canonical local Immo perMuni stats row exists; surface_m2 cannot be measured.,,,unknown,No canonical local Immo perMuni stats row exists; code_postal cannot be measured.,,,unknown,No canonical local Immo perMuni stats row exists; civic address cannot be measured.,,,N/A,The local coverage matrix has no TOD scope entry for this city.,N/A,TOD is not applicable according to the local coverage matrix.,,,
nedelec,nedelec,complete,Canonical local Immo perMuni stats row is present and reports 430 served lots.,430,complete,Local Immo stats report 430/430 lots with surface_m2.,430,430,complete,Local Immo stats report 430/430 lots with code_postal.,430,430,incomplete,Local Immo stats report 366/430 lots with civic address.,430,366,N/A,The local coverage matrix has no TOD scope entry for this city.,N/A,TOD is not applicable according to the local coverage matrix.,,,
neuville,neuville,complete,Canonical local Immo perMuni stats row is present and reports 3086 served lots.,3086,complete,Local Immo stats report 3086/3086 lots with surface_m2.,3086,3086,complete,Local Immo stats report 3086/3086 lots with code_postal.,3086,3086,incomplete,Local Immo stats report 3044/3086 lots with civic address.,3086,3044,N/A,The local coverage matrix has no TOD scope entry for this city.,N/A,TOD is not applicable according to the local coverage matrix.,,,
new-carlisle,new-carlisle,complete,Canonical local Immo perMuni stats row is present and reports 1730 served lots.,1730,complete,Local Immo stats report 1730/1730 lots with surface_m2.,1730,1730,complete,Local Immo stats report 1730/1730 lots with code_postal.,1730,1730,incomplete,Local Immo stats report 1723/1730 lots with civic address.,1730,1723,N/A,The local coverage matrix has no TOD scope entry for this city.,N/A,TOD is not applicable according to the local coverage matrix.,,,
new-richmond,new-richmond,complete,Canonical local Immo perMuni stats row is present and reports 2836 served lots.,2836,complete,Local Immo stats report 2836/2836 lots with surface_m2.,2836,2836,complete,Local Immo stats report 2836/2836 lots with code_postal.,2836,2836,incomplete,Local Immo stats report 2794/2836 lots with civic address.,2836,2794,N/A,The local coverage matrix has no TOD scope entry for this city.,N/A,TOD is not applicable according to the local coverage matrix.,,,
newport,,incomplete,No canonical local Immo perMuni stats row is present in the served-lots snapshot.,,unknown,No canonical local Immo perMuni stats row exists; surface_m2 cannot be measured.,,,unknown,No canonical local Immo perMuni stats row exists; code_postal cannot be measured.,,,unknown,No canonical local Immo perMuni stats row exists; civic address cannot be measured.,,,N/A,The local coverage matrix has no TOD scope entry for this city.,N/A,TOD is not applicable according to the local coverage matrix.,,,
nicolet,nicolet,complete,Canonical local Immo perMuni stats row is present and reports 4522 served lots.,4522,complete,Local Immo stats report 4522/4522 lots with surface_m2.,4522,4522,complete,Local Immo stats report 4522/4522 lots with code_postal.,4522,4522,incomplete,Local Immo stats report 4068/4522 lots with civic address.,4522,4068,N/A,The local coverage matrix has no TOD scope entry for this city.,N/A,TOD is not applicable according to the local coverage matrix.,,,
nominingue,nominingue,complete,Canonical local Immo perMuni stats row is present and reports 3600 served lots.,3600,complete,Local Immo stats report 3600/3600 lots with surface_m2.,3600,3600,complete,Local Immo stats report 3600/3600 lots with code_postal.,3600,3600,incomplete,Local Immo stats report 3233/3600 lots with civic address.,3600,3233,N/A,The local coverage matrix has no TOD scope entry for this city.,N/A,TOD is not applicable according to the local coverage matrix.,,,
normandin,normandin,complete,Canonical local Immo perMuni stats row is present and reports 2395 served lots.,2395,complete,Local Immo stats report 2395/2395 lots with surface_m2.,2395,2395,complete,Local Immo stats report 2395/2395 lots with code_postal.,2395,2395,incomplete,Local Immo stats report 2184/2395 lots with civic address.,2395,2184,N/A,The local coverage matrix has no TOD scope entry for this city.,N/A,TOD is not applicable according to the local coverage matrix.,,,
normetal,normetal,complete,Canonical local Immo perMuni stats row is present and reports 653 served lots.,653,complete,Local Immo stats report 653/653 lots with surface_m2.,653,653,complete,Local Immo stats report 653/653 lots with code_postal.,653,653,incomplete,Local Immo stats report 646/653 lots with civic address.,653,646,N/A,The local coverage matrix has no TOD scope entry for this city.,N/A,TOD is not applicable according to the local coverage matrix.,,,
north-hatley,,incomplete,No canonical local Immo perMuni stats row is present in the served-lots snapshot.,,unknown,No canonical local Immo perMuni stats row exists; surface_m2 cannot be measured.,,,unknown,No canonical local Immo perMuni stats row exists; code_postal cannot be measured.,,,unknown,No canonical local Immo perMuni stats row exists; civic address cannot be measured.,,,N/A,The local coverage matrix has no TOD scope entry for this city.,N/A,TOD is not applicable according to the local coverage matrix.,,,
notre-dame-auxiliatrice-de-buckland,notre-dame-auxiliatrice-de-buckland,complete,Canonical local Immo perMuni stats row is present and reports 1365 served lots.,1365,complete,Local Immo stats report 1365/1365 lots with surface_m2.,1365,1365,complete,Local Immo stats report 1365/1365 lots with code_postal.,1365,1365,incomplete,Local Immo stats report 1252/1365 lots with civic address.,1365,1252,N/A,The local coverage matrix has no TOD scope entry for this city.,N/A,TOD is not applicable according to the local coverage matrix.,,,
notre-dame-de-bonsecours,,incomplete,No canonical local Immo perMuni stats row is present in the served-lots snapshot.,,unknown,No canonical local Immo perMuni stats row exists; surface_m2 cannot be measured.,,,unknown,No canonical local Immo perMuni stats row exists; code_postal cannot be measured.,,,unknown,No canonical local Immo perMuni stats row exists; civic address cannot be measured.,,,N/A,The local coverage matrix has no TOD scope entry for this city.,N/A,TOD is not applicable according to the local coverage matrix.,,,
notre-dame-de-ham,,incomplete,No canonical local Immo perMuni stats row is present in the served-lots snapshot.,,unknown,No canonical local Immo perMuni stats row exists; surface_m2 cannot be measured.,,,unknown,No canonical local Immo perMuni stats row exists; code_postal cannot be measured.,,,unknown,No canonical local Immo perMuni stats row exists; civic address cannot be measured.,,,N/A,The local coverage matrix has no TOD scope entry for this city.,N/A,TOD is not applicable according to the local coverage matrix.,,,
notre-dame-de-la-merci,notre-dame-de-la-merci,complete,Canonical local Immo perMuni stats row is present and reports 1598 served lots.,1598,complete,Local Immo stats report 1598/1598 lots with surface_m2.,1598,1598,complete,Local Immo stats report 1598/1598 lots with code_postal.,1598,1598,incomplete,Local Immo stats report 1534/1598 lots with civic address.,1598,1534,N/A,The local coverage matrix has no TOD scope entry for this city.,N/A,TOD is not applicable according to the local coverage matrix.,,,
notre-dame-de-la-paix,notre-dame-de-la-paix,complete,Canonical local Immo perMuni stats row is present and reports 884 served lots.,884,complete,Local Immo stats report 884/884 lots with surface_m2.,884,884,complete,Local Immo stats report 884/884 lots with code_postal.,884,884,incomplete,Local Immo stats report 817/884 lots with civic address.,884,817,N/A,The local coverage matrix has no TOD scope entry for this city.,N/A,TOD is not applicable according to the local coverage matrix.,,,
notre-dame-de-la-salette,,incomplete,No canonical local Immo perMuni stats row is present in the served-lots snapshot.,,unknown,No canonical local Immo perMuni stats row exists; surface_m2 cannot be measured.,,,unknown,No canonical local Immo perMuni stats row exists; code_postal cannot be measured.,,,unknown,No canonical local Immo perMuni stats row exists; civic address cannot be measured.,,,N/A,The local coverage matrix has no TOD scope entry for this city.,N/A,TOD is not applicable according to the local coverage matrix.,,,
notre-dame-de-lile-perrot,notre-dame-de-lile-perrot,complete,Canonical local Immo perMuni stats row is present and reports 5351 served lots.,5351,complete,Local Immo stats report 5351/5351 lots with surface_m2.,5351,5351,complete,Local Immo stats report 5351/5351 lots with code_postal.,5351,5351,incomplete,Local Immo stats report 5277/5351 lots with civic address.,5351,5277,N/A,The local coverage matrix has no TOD scope entry for this city.,N/A,TOD is not applicable according to the local coverage matrix.,,,
notre-dame-de-lorette,,incomplete,No canonical local Immo perMuni stats row is present in the served-lots snapshot.,,unknown,No canonical local Immo perMuni stats row exists; surface_m2 cannot be measured.,,,unknown,No canonical local Immo perMuni stats row exists; code_postal cannot be measured.,,,unknown,No canonical local Immo perMuni stats row exists; civic address cannot be measured.,,,N/A,The local coverage matrix has no TOD scope entry for this city.,N/A,TOD is not applicable according to the local coverage matrix.,,,
notre-dame-de-lourdes--joliette,notre-dame-de-lourdes--joliette,complete,Canonical local Immo perMuni stats row is present and reports 1746 served lots.,1746,complete,Local Immo stats report 1746/1746 lots with surface_m2.,1746,1746,complete,Local Immo stats report 1746/1746 lots with code_postal.,1746,1746,incomplete,Local Immo stats report 1699/1746 lots with civic address.,1746,1699,N/A,The local coverage matrix has no TOD scope entry for this city.,N/A,TOD is not applicable according to the local coverage matrix.,,,
notre-dame-de-lourdes--lerable,notre-dame-de-lourdes--lerable,complete,Canonical local Immo perMuni stats row is present and reports 795 served lots.,795,complete,Local Immo stats report 795/795 lots with surface_m2.,795,795,complete,Local Immo stats report 795/795 lots with code_postal.,795,795,incomplete,Local Immo stats report 689/795 lots with civic address.,795,689,N/A,The local coverage matrix has no TOD scope entry for this city.,N/A,TOD is not applicable according to the local coverage matrix.,,,
notre-dame-de-montauban,,incomplete,No canonical local Immo perMuni stats row is present in the served-lots snapshot.,,unknown,No canonical local Immo perMuni stats row exists; surface_m2 cannot be measured.,,,unknown,No canonical local Immo perMuni stats row exists; code_postal cannot be measured.,,,unknown,No canonical local Immo perMuni stats row exists; civic address cannot be measured.,,,N/A,The local coverage matrix has no TOD scope entry for this city.,N/A,TOD is not applicable according to the local coverage matrix.,,,
notre-dame-de-pontmain,notre-dame-de-pontmain,complete,Canonical local Immo perMuni stats row is present and reports 1162 served lots.,1162,complete,Local Immo stats report 1162/1162 lots with surface_m2.,1162,1162,complete,Local Immo stats report 1162/1162 lots with code_postal.,1162,1162,incomplete,Local Immo stats report 1020/1162 lots with civic address.,1162,1020,N/A,The local coverage matrix has no TOD scope entry for this city.,N/A,TOD is not applicable according to the local coverage matrix.,,,
notre-dame-de-stanbridge,notre-dame-de-stanbridge,complete,Canonical local Immo perMuni stats row is present and reports 564 served lots.,564,complete,Local Immo stats report 564/564 lots with surface_m2.,564,564,complete,Local Immo stats report 564/564 lots with code_postal.,564,564,incomplete,Local Immo stats report 559/564 lots with civic address.,564,559,N/A,The local coverage matrix has no TOD scope entry for this city.,N/A,TOD is not applicable according to the local coverage matrix.,,,
notre-dame-des-anges,,incomplete,No canonical local Immo perMuni stats row is present in the served-lots snapshot.,,unknown,No canonical local Immo perMuni stats row exists; surface_m2 cannot be measured.,,,unknown,No canonical local Immo perMuni stats row exists; code_postal cannot be measured.,,,unknown,No canonical local Immo perMuni stats row exists; civic address cannot be measured.,,,N/A,The local coverage matrix has no TOD scope entry for this city.,N/A,TOD is not applicable according to the local coverage matrix.,,,
notre-dame-des-bois,notre-dame-des-bois,complete,Canonical local Immo perMuni stats row is present and reports 2694 served lots.,2694,complete,Local Immo stats report 2694/2694 lots with surface_m2.,2694,2694,complete,Local Immo stats report 2694/2694 lots with code_postal.,2694,2694,incomplete,Local Immo stats report 2576/2694 lots with civic address.,2694,2576,N/A,The local coverage matrix has no TOD scope entry for this city.,N/A,TOD is not applicable according to the local coverage matrix.,,,
notre-dame-des-monts,notre-dame-des-monts,complete,Canonical local Immo perMuni stats row is present and reports 869 served lots.,869,complete,Local Immo stats report 869/869 lots with surface_m2.,869,869,complete,Local Immo stats report 869/869 lots with code_postal.,869,869,incomplete,Local Immo stats report 807/869 lots with civic address.,869,807,N/A,The local coverage matrix has no TOD scope entry for this city.,N/A,TOD is not applicable according to the local coverage matrix.,,,
notre-dame-des-neiges,notre-dame-des-neiges,complete,Canonical local Immo perMuni stats row is present and reports 1679 served lots.,1679,complete,Local Immo stats report 1679/1679 lots with surface_m2.,1679,1679,complete,Local Immo stats report 1679/1679 lots with code_postal.,1679,1679,incomplete,Local Immo stats report 1531/1679 lots with civic address.,1679,1531,N/A,The local coverage matrix has no TOD scope entry for this city.,N/A,TOD is not applicable according to the local coverage matrix.,,,
notre-dame-des-pins,notre-dame-des-pins,complete,Canonical local Immo perMuni stats row is present and reports 1298 served lots.,1298,complete,Local Immo stats report 1298/1298 lots with surface_m2.,1298,1298,complete,Local Immo stats report 1298/1298 lots with code_postal.,1298,1298,incomplete,Local Immo stats report 1117/1298 lots with civic address.,1298,1117,N/A,The local coverage matrix has no TOD scope entry for this city.,N/A,TOD is not applicable according to the local coverage matrix.,,,
notre-dame-des-prairies,notre-dame-des-prairies,complete,Canonical local Immo perMuni stats row is present and reports 4342 served lots.,4342,complete,Local Immo stats report 4342/4342 lots with surface_m2.,4342,4342,complete,Local Immo stats report 4342/4342 lots with code_postal.,4342,4342,incomplete,Local Immo stats report 4238/4342 lots with civic address.,4342,4238,N/A,The local coverage matrix has no TOD scope entry for this city.,N/A,TOD is not applicable according to the local coverage matrix.,,,
notre-dame-des-sept-douleurs,,incomplete,No canonical local Immo perMuni stats row is present in the served-lots snapshot.,,unknown,No canonical local Immo perMuni stats row exists; surface_m2 cannot be measured.,,,unknown,No canonical local Immo perMuni stats row exists; code_postal cannot be measured.,,,unknown,No canonical local Immo perMuni stats row exists; civic address cannot be measured.,,,N/A,The local coverage matrix has no TOD scope entry for this city.,N/A,TOD is not applicable according to the local coverage matrix.,,,
notre-dame-du-bon-conseil--drummond,notre-dame-du-bon-conseil--drummond,complete,Canonical local Immo perMuni stats row is present and reports 911 served lots.,911,complete,Local Immo stats report 911/911 lots with surface_m2.,911,911,complete,Local Immo stats report 911/911 lots with code_postal.,911,911,incomplete,Local Immo stats report 790/911 lots with civic address.,911,790,N/A,The local coverage matrix has no TOD scope entry for this city.,N/A,TOD is not applicable according to the local coverage matrix.,,,
notre-dame-du-bon-conseil--drummond--2,notre-dame-du-bon-conseil--drummond--2,complete,Canonical local Immo perMuni stats row is present and reports 911 served lots.,911,complete,Local Immo stats report 911/911 lots with surface_m2.,911,911,complete,Local Immo stats report 911/911 lots with code_postal.,911,911,incomplete,Local Immo stats report 790/911 lots with civic address.,911,790,N/A,The local coverage matrix has no TOD scope entry for this city.,N/A,TOD is not applicable according to the local coverage matrix.,,,
notre-dame-du-laus,notre-dame-du-laus,complete,Canonical local Immo perMuni stats row is present and reports 569 served lots.,569,complete,Local Immo stats report 569/569 lots with surface_m2.,569,569,complete,Local Immo stats report 569/569 lots with code_postal.,569,569,incomplete,Local Immo stats report 518/569 lots with civic address.,569,518,N/A,The local coverage matrix has no TOD scope entry for this city.,N/A,TOD is not applicable according to the local coverage matrix.,,,
notre-dame-du-mont-carmel,notre-dame-du-mont-carmel,complete,Canonical local Immo perMuni stats row is present and reports 4208 served lots.,4208,complete,Local Immo stats report 4208/4208 lots with surface_m2.,4208,4208,complete,Local Immo stats report 4208/4208 lots with code_postal.,4208,4208,incomplete,Local Immo stats report 3818/4208 lots with civic address.,4208,3818,N/A,The local coverage matrix has no TOD scope entry for this city.,N/A,TOD is not applicable according to the local coverage matrix.,,,
notre-dame-du-nord,notre-dame-du-nord,complete,Canonical local Immo perMuni stats row is present and reports 1168 served lots.,1168,complete,Local Immo stats report 1168/1168 lots with surface_m2.,1168,1168,complete,Local Immo stats report 1168/1168 lots with code_postal.,1168,1168,incomplete,Local Immo stats report 1153/1168 lots with civic address.,1168,1153,N/A,The local coverage matrix has no TOD scope entry for this city.,N/A,TOD is not applicable according to the local coverage matrix.,,,
notre-dame-du-portage,,incomplete,No canonical local Immo perMuni stats row is present in the served-lots snapshot.,,unknown,No canonical local Immo perMuni stats row exists; surface_m2 cannot be measured.,,,unknown,No canonical local Immo perMuni stats row exists; code_postal cannot be measured.,,,unknown,No canonical local Immo perMuni stats row exists; civic address cannot be measured.,,,N/A,The local coverage matrix has no TOD scope entry for this city.,N/A,TOD is not applicable according to the local coverage matrix.,,,
notre-dame-du-rosaire,notre-dame-du-rosaire,complete,Canonical local Immo perMuni stats row is present and reports 743 served lots.,743,complete,Local Immo stats report 743/743 lots with surface_m2.,743,743,complete,Local Immo stats report 743/743 lots with code_postal.,743,743,incomplete,Local Immo stats report 685/743 lots with civic address.,743,685,N/A,The local coverage matrix has no TOD scope entry for this city.,N/A,TOD is not applicable according to the local coverage matrix.,,,
notre-dame-du-sacre-coeur-dissoudun,notre-dame-du-sacre-coeur-dissoudun,complete,Canonical local Immo perMuni stats row is present and reports 1009 served lots.,1009,complete,Local Immo stats report 1009/1009 lots with surface_m2.,1009,1009,complete,Local Immo stats report 1009/1009 lots with code_postal.,1009,1009,incomplete,Local Immo stats report 910/1009 lots with civic address.,1009,910,N/A,The local coverage matrix has no TOD scope entry for this city.,N/A,TOD is not applicable according to the local coverage matrix.,,,
nouvelle,nouvelle,complete,Canonical local Immo perMuni stats row is present and reports 1257 served lots.,1257,complete,Local Immo stats report 1257/1257 lots with surface_m2.,1257,1257,complete,Local Immo stats report 1257/1257 lots with code_postal.,1257,1257,incomplete,Local Immo stats report 1253/1257 lots with civic address.,1257,1253,N/A,The local coverage matrix has no TOD scope entry for this city.,N/A,TOD is not applicable according to the local coverage matrix.,,,
noyan,,incomplete,No canonical local Immo perMuni stats row is present in the served-lots snapshot.,,unknown,No canonical local Immo perMuni stats row exists; surface_m2 cannot be measured.,,,unknown,No canonical local Immo perMuni stats row exists; code_postal cannot be measured.,,,unknown,No canonical local Immo perMuni stats row exists; civic address cannot be measured.,,,N/A,The local coverage matrix has no TOD scope entry for this city.,N/A,TOD is not applicable according to the local coverage matrix.,,,
ogden,ogden,complete,Canonical local Immo perMuni stats row is present and reports 1162 served lots.,1162,complete,Local Immo stats report 1162/1162 lots with surface_m2.,1162,1162,complete,Local Immo stats report 1162/1162 lots with code_postal.,1162,1162,incomplete,Local Immo stats report 1060/1162 lots with civic address.,1162,1060,N/A,The local coverage matrix has no TOD scope entry for this city.,N/A,TOD is not applicable according to the local coverage matrix.,,,
oka,oka,complete,Canonical local Immo perMuni stats row is present and reports 1913 served lots.,1913,complete,Local Immo stats report 1913/1913 lots with surface_m2.,1913,1913,complete,Local Immo stats report 1913/1913 lots with code_postal.,1913,1913,incomplete,Local Immo stats report 1892/1913 lots with civic address.,1913,1892,N/A,The local coverage matrix has no TOD scope entry for this city.,N/A,TOD is not applicable according to the local coverage matrix.,,,
orford,orford,complete,Canonical local Immo perMuni stats row is present and reports 2622 served lots.,2622,complete,Local Immo stats report 2622/2622 lots with surface_m2.,2622,2622,complete,Local Immo stats report 2622/2622 lots with code_postal.,2622,2622,incomplete,Local Immo stats report 2383/2622 lots with civic address.,2622,2383,N/A,The local coverage matrix has no TOD scope entry for this city.,N/A,TOD is not applicable according to the local coverage matrix.,,,
ormstown,ormstown,complete,Canonical local Immo perMuni stats row is present and reports 2421 served lots.,2421,complete,Local Immo stats report 2421/2421 lots with surface_m2.,2421,2421,complete,Local Immo stats report 2421/2421 lots with code_postal.,2421,2421,incomplete,Local Immo stats report 2401/2421 lots with civic address.,2421,2401,N/A,The local coverage matrix has no TOD scope entry for this city.,N/A,TOD is not applicable according to the local coverage matrix.,,,
otter-lake,,incomplete,No canonical local Immo perMuni stats row is present in the served-lots snapshot.,,unknown,No canonical local Immo perMuni stats row exists; surface_m2 cannot be measured.,,,unknown,No canonical local Immo perMuni stats row exists; code_postal cannot be measured.,,,unknown,No canonical local Immo perMuni stats row exists; civic address cannot be measured.,,,N/A,The local coverage matrix has no TOD scope entry for this city.,N/A,TOD is not applicable according to the local coverage matrix.,,,
otterburn-park,otterburn-park,complete,Canonical local Immo perMuni stats row is present and reports 3947 served lots.,3947,complete,Local Immo stats report 3947/3947 lots with surface_m2.,3947,3947,complete,Local Immo stats report 3947/3947 lots with code_postal.,3947,3947,incomplete,Local Immo stats report 3846/3947 lots with civic address.,3947,3846,N/A,The local coverage matrix has no TOD scope entry for this city.,N/A,TOD is not applicable according to the local coverage matrix.,,,
packington,packington,complete,Canonical local Immo perMuni stats row is present and reports 937 served lots.,937,complete,Local Immo stats report 937/937 lots with surface_m2.,937,937,complete,Local Immo stats report 937/937 lots with code_postal.,937,937,incomplete,Local Immo stats report 827/937 lots with civic address.,937,827,N/A,The local coverage matrix has no TOD scope entry for this city.,N/A,TOD is not applicable according to the local coverage matrix.,,,
padoue,padoue,complete,Canonical local Immo perMuni stats row is present and reports 524 served lots.,524,complete,Local Immo stats report 524/524 lots with surface_m2.,524,524,complete,Local Immo stats report 524/524 lots with code_postal.,524,524,incomplete,Local Immo stats report 523/524 lots with civic address.,524,523,N/A,The local coverage matrix has no TOD scope entry for this city.,N/A,TOD is not applicable according to the local coverage matrix.,,,
palmarolle,palmarolle,complete,Canonical local Immo perMuni stats row is present and reports 1194 served lots.,1194,complete,Local Immo stats report 1194/1194 lots with surface_m2.,1194,1194,complete,Local Immo stats report 1194/1194 lots with code_postal.,1194,1194,incomplete,Local Immo stats report 1186/1194 lots with civic address.,1194,1186,N/A,The local coverage matrix has no TOD scope entry for this city.,N/A,TOD is not applicable according to the local coverage matrix.,,,
papineauville,papineauville,complete,Canonical local Immo perMuni stats row is present and reports 1803 served lots.,1803,complete,Local Immo stats report 1803/1803 lots with surface_m2.,1803,1803,complete,Local Immo stats report 1803/1803 lots with code_postal.,1803,1803,incomplete,Local Immo stats report 1642/1803 lots with civic address.,1803,1642,N/A,The local coverage matrix has no TOD scope entry for this city.,N/A,TOD is not applicable according to the local coverage matrix.,,,
parisville,parisville,complete,Canonical local Immo perMuni stats row is present and reports 555 served lots.,555,complete,Local Immo stats report 555/555 lots with surface_m2.,555,555,complete,Local Immo stats report 555/555 lots with code_postal.,555,555,incomplete,Local Immo stats report 545/555 lots with civic address.,555,545,N/A,The local coverage matrix has no TOD scope entry for this city.,N/A,TOD is not applicable according to the local coverage matrix.,,,
paspebiac,paspebiac,complete,Canonical local Immo perMuni stats row is present and reports 1470 served lots.,1470,complete,Local Immo stats report 1470/1470 lots with surface_m2.,1470,1470,complete,Local Immo stats report 1470/1470 lots with code_postal.,1470,1470,incomplete,Local Immo stats report 1458/1470 lots with civic address.,1470,1458,N/A,The local coverage matrix has no TOD scope entry for this city.,N/A,TOD is not applicable according to the local coverage matrix.,,,
perce,perce,complete,Canonical local Immo perMuni stats row is present and reports 1484 served lots.,1484,complete,Local Immo stats report 1484/1484 lots with surface_m2.,1484,1484,complete,Local Immo stats report 1484/1484 lots with code_postal.,1484,1484,incomplete,Local Immo stats report 1367/1484 lots with civic address.,1484,1367,N/A,The local coverage matrix has no TOD scope entry for this city.,N/A,TOD is not applicable according to the local coverage matrix.,,,
peribonka,peribonka,complete,Canonical local Immo perMuni stats row is present and reports 952 served lots.,952,complete,Local Immo stats report 952/952 lots with surface_m2.,952,952,complete,Local Immo stats report 952/952 lots with code_postal.,952,952,incomplete,Local Immo stats report 877/952 lots with civic address.,952,877,N/A,The local coverage matrix has no TOD scope entry for this city.,N/A,TOD is not applicable according to the local coverage matrix.,,,
petit-saguenay,,incomplete,No canonical local Immo perMuni stats row is present in the served-lots snapshot.,,unknown,No canonical local Immo perMuni stats row exists; surface_m2 cannot be measured.,,,unknown,No canonical local Immo perMuni stats row exists; code_postal cannot be measured.,,,unknown,No canonical local Immo perMuni stats row exists; civic address cannot be measured.,,,N/A,The local coverage matrix has no TOD scope entry for this city.,N/A,TOD is not applicable according to the local coverage matrix.,,,
petite-riviere-saint-francois,petite-riviere-saint-francois,complete,Canonical local Immo perMuni stats row is present and reports 2736 served lots.,2736,complete,Local Immo stats report 2736/2736 lots with surface_m2.,2736,2736,complete,Local Immo stats report 2736/2736 lots with code_postal.,2736,2736,incomplete,Local Immo stats report 2442/2736 lots with civic address.,2736,2442,N/A,The local coverage matrix has no TOD scope entry for this city.,N/A,TOD is not applicable according to the local coverage matrix.,,,
petite-vallee,,incomplete,No canonical local Immo perMuni stats row is present in the served-lots snapshot.,,unknown,No canonical local Immo perMuni stats row exists; surface_m2 cannot be measured.,,,unknown,No canonical local Immo perMuni stats row exists; code_postal cannot be measured.,,,unknown,No canonical local Immo perMuni stats row exists; civic address cannot be measured.,,,N/A,The local coverage matrix has no TOD scope entry for this city.,N/A,TOD is not applicable according to the local coverage matrix.,,,
piedmont,piedmont,complete,Canonical local Immo perMuni stats row is present and reports 2665 served lots.,2665,complete,Local Immo stats report 2665/2665 lots with surface_m2.,2665,2665,complete,Local Immo stats report 2665/2665 lots with code_postal.,2665,2665,incomplete,Local Immo stats report 2527/2665 lots with civic address.,2665,2527,N/A,The local coverage matrix has no TOD scope entry for this city.,N/A,TOD is not applicable according to the local coverage matrix.,,,
pierreville,pierreville,complete,Canonical local Immo perMuni stats row is present and reports 1831 served lots.,1831,complete,Local Immo stats report 1831/1831 lots with surface_m2.,1831,1831,incomplete,Local Immo stats report 1830/1831 lots with code_postal.,1831,1830,incomplete,Local Immo stats report 1713/1831 lots with civic address.,1831,1713,N/A,The local coverage matrix has no TOD scope entry for this city.,N/A,TOD is not applicable according to the local coverage matrix.,,,
pike-river,,incomplete,No canonical local Immo perMuni stats row is present in the served-lots snapshot.,,unknown,No canonical local Immo perMuni stats row exists; surface_m2 cannot be measured.,,,unknown,No canonical local Immo perMuni stats row exists; code_postal cannot be measured.,,,unknown,No canonical local Immo perMuni stats row exists; civic address cannot be measured.,,,N/A,The local coverage matrix has no TOD scope entry for this city.,N/A,TOD is not applicable according to the local coverage matrix.,,,
pincourt,,incomplete,No canonical local Immo perMuni stats row is present in the served-lots snapshot.,,unknown,No canonical local Immo perMuni stats row exists; surface_m2 cannot be measured.,,,unknown,No canonical local Immo perMuni stats row exists; code_postal cannot be measured.,,,unknown,No canonical local Immo perMuni stats row exists; civic address cannot be measured.,,,N/A,The local coverage matrix has no TOD scope entry for this city.,N/A,TOD is not applicable according to the local coverage matrix.,,,
piopolis,piopolis,complete,Canonical local Immo perMuni stats row is present and reports 727 served lots.,727,complete,Local Immo stats report 727/727 lots with surface_m2.,727,727,complete,Local Immo stats report 727/727 lots with code_postal.,727,727,incomplete,Local Immo stats report 679/727 lots with civic address.,727,679,N/A,The local coverage matrix has no TOD scope entry for this city.,N/A,TOD is not applicable according to the local coverage matrix.,,,
plaisance,plaisance,complete,Canonical local Immo perMuni stats row is present and reports 837 served lots.,837,complete,Local Immo stats report 837/837 lots with surface_m2.,837,837,complete,Local Immo stats report 837/837 lots with code_postal.,837,837,incomplete,Local Immo stats report 711/837 lots with civic address.,837,711,N/A,The local coverage matrix has no TOD scope entry for this city.,N/A,TOD is not applicable according to the local coverage matrix.,,,
plessisville,plessisville,complete,Canonical local Immo perMuni stats row is present and reports 5191 served lots.,5191,complete,Local Immo stats report 5191/5191 lots with surface_m2.,5191,5191,complete,Local Immo stats report 5191/5191 lots with code_postal.,5191,5191,incomplete,Local Immo stats report 4599/5191 lots with civic address.,5191,4599,N/A,The local coverage matrix has no TOD scope entry for this city.,N/A,TOD is not applicable according to the local coverage matrix.,,,
pohenegamook,pohenegamook,complete,Canonical local Immo perMuni stats row is present and reports 1552 served lots.,1552,complete,Local Immo stats report 1552/1552 lots with surface_m2.,1552,1552,complete,Local Immo stats report 1552/1552 lots with code_postal.,1552,1552,incomplete,Local Immo stats report 1442/1552 lots with civic address.,1552,1442,N/A,The local coverage matrix has no TOD scope entry for this city.,N/A,TOD is not applicable according to the local coverage matrix.,,,
pointe-a-la-croix,pointe-a-la-croix,complete,Canonical local Immo perMuni stats row is present and reports 326 served lots.,326,complete,Local Immo stats report 326/326 lots with surface_m2.,326,326,complete,Local Immo stats report 326/326 lots with code_postal.,326,326,incomplete,Local Immo stats report 312/326 lots with civic address.,326,312,N/A,The local coverage matrix has no TOD scope entry for this city.,N/A,TOD is not applicable according to the local coverage matrix.,,,
pointe-aux-outardes,pointe-aux-outardes,complete,Canonical local Immo perMuni stats row is present and reports 1102 served lots.,1102,complete,Local Immo stats report 1102/1102 lots with surface_m2.,1102,1102,complete,Local Immo stats report 1102/1102 lots with code_postal.,1102,1102,incomplete,Local Immo stats report 1017/1102 lots with civic address.,1102,1017,N/A,The local coverage matrix has no TOD scope entry for this city.,N/A,TOD is not applicable according to the local coverage matrix.,,,
pointe-calumet,,incomplete,No canonical local Immo perMuni stats row is present in the served-lots snapshot.,,unknown,No canonical local Immo perMuni stats row exists; surface_m2 cannot be measured.,,,unknown,No canonical local Immo perMuni stats row exists; code_postal cannot be measured.,,,unknown,No canonical local Immo perMuni stats row exists; civic address cannot be measured.,,,N/A,The local coverage matrix has no TOD scope entry for this city.,N/A,TOD is not applicable according to the local coverage matrix.,,,
pointe-claire,pointe-claire,complete,Canonical local Immo perMuni stats row is present and reports 10815 served lots.,10815,complete,Local Immo stats report 10815/10815 lots with surface_m2.,10815,10815,complete,Local Immo stats report 10815/10815 lots with code_postal.,10815,10815,incomplete,Local Immo stats report 10030/10815 lots with civic address.,10815,10030,complete,The local coverage matrix declares TOD scope with status done.,incomplete,Local Immo stats report the TOD join is absent: 0/10815 lots joined (0 lots in TOD).,10815,0,0
pointe-des-cascades,,incomplete,No canonical local Immo perMuni stats row is present in the served-lots snapshot.,,unknown,No canonical local Immo perMuni stats row exists; surface_m2 cannot be measured.,,,unknown,No canonical local Immo perMuni stats row exists; code_postal cannot be measured.,,,unknown,No canonical local Immo perMuni stats row exists; civic address cannot be measured.,,,N/A,The local coverage matrix has no TOD scope entry for this city.,N/A,TOD is not applicable according to the local coverage matrix.,,,
pointe-fortune,pointe-fortune,complete,Canonical local Immo perMuni stats row is present and reports 502 served lots.,502,complete,Local Immo stats report 502/502 lots with surface_m2.,502,502,complete,Local Immo stats report 502/502 lots with code_postal.,502,502,complete,Local Immo stats report 502/502 lots with civic address.,502,502,N/A,The local coverage matrix has no TOD scope entry for this city.,N/A,TOD is not applicable according to the local coverage matrix.,,,
pointe-lebel,pointe-lebel,complete,Canonical local Immo perMuni stats row is present and reports 1325 served lots.,1325,complete,Local Immo stats report 1325/1325 lots with surface_m2.,1325,1325,complete,Local Immo stats report 1325/1325 lots with code_postal.,1325,1325,incomplete,Local Immo stats report 1272/1325 lots with civic address.,1325,1272,N/A,The local coverage matrix has no TOD scope entry for this city.,N/A,TOD is not applicable according to the local coverage matrix.,,,
pont-rouge,pont-rouge,complete,Canonical local Immo perMuni stats row is present and reports 5906 served lots.,5906,complete,Local Immo stats report 5906/5906 lots with surface_m2.,5906,5906,complete,Local Immo stats report 5906/5906 lots with code_postal.,5906,5906,incomplete,Local Immo stats report 5845/5906 lots with civic address.,5906,5845,N/A,The local coverage matrix has no TOD scope entry for this city.,N/A,TOD is not applicable according to the local coverage matrix.,,,
pontiac,pontiac,complete,Canonical local Immo perMuni stats row is present and reports 1158 served lots.,1158,complete,Local Immo stats report 1158/1158 lots with surface_m2.,1158,1158,complete,Local Immo stats report 1158/1158 lots with code_postal.,1158,1158,incomplete,Local Immo stats report 1145/1158 lots with civic address.,1158,1145,N/A,The local coverage matrix has no TOD scope entry for this city.,N/A,TOD is not applicable according to the local coverage matrix.,,,
port-cartier,,incomplete,No canonical local Immo perMuni stats row is present in the served-lots snapshot.,,unknown,No canonical local Immo perMuni stats row exists; surface_m2 cannot be measured.,,,unknown,No canonical local Immo perMuni stats row exists; code_postal cannot be measured.,,,unknown,No canonical local Immo perMuni stats row exists; civic address cannot be measured.,,,N/A,The local coverage matrix has no TOD scope entry for this city.,N/A,TOD is not applicable according to the local coverage matrix.,,,
port-daniel-gascons,port-daniel-gascons,complete,Canonical local Immo perMuni stats row is present and reports 1687 served lots.,1687,complete,Local Immo stats report 1687/1687 lots with surface_m2.,1687,1687,complete,Local Immo stats report 1687/1687 lots with code_postal.,1687,1687,incomplete,Local Immo stats report 1604/1687 lots with civic address.,1687,1604,N/A,The local coverage matrix has no TOD scope entry for this city.,N/A,TOD is not applicable according to the local coverage matrix.,,,
portage-du-fort,,incomplete,No canonical local Immo perMuni stats row is present in the served-lots snapshot.,,unknown,No canonical local Immo perMuni stats row exists; surface_m2 cannot be measured.,,,unknown,No canonical local Immo perMuni stats row exists; code_postal cannot be measured.,,,unknown,No canonical local Immo perMuni stats row exists; civic address cannot be measured.,,,N/A,The local coverage matrix has no TOD scope entry for this city.,N/A,TOD is not applicable according to the local coverage matrix.,,,
portneuf,portneuf,complete,Canonical local Immo perMuni stats row is present and reports 2890 served lots.,2890,complete,Local Immo stats report 2890/2890 lots with surface_m2.,2890,2890,complete,Local Immo stats report 2890/2890 lots with code_postal.,2890,2890,incomplete,Local Immo stats report 2551/2890 lots with civic address.,2890,2551,N/A,The local coverage matrix has no TOD scope entry for this city.,N/A,TOD is not applicable according to the local coverage matrix.,,,
portneuf-sur-mer,,incomplete,No canonical local Immo perMuni stats row is present in the served-lots snapshot.,,unknown,No canonical local Immo perMuni stats row exists; surface_m2 cannot be measured.,,,unknown,No canonical local Immo perMuni stats row exists; code_postal cannot be measured.,,,unknown,No canonical local Immo perMuni stats row exists; civic address cannot be measured.,,,N/A,The local coverage matrix has no TOD scope entry for this city.,N/A,TOD is not applicable according to the local coverage matrix.,,,
potton,potton,complete,Canonical local Immo perMuni stats row is present and reports 3052 served lots.,3052,complete,Local Immo stats report 3052/3052 lots with surface_m2.,3052,3052,complete,Local Immo stats report 3052/3052 lots with code_postal.,3052,3052,incomplete,Local Immo stats report 2825/3052 lots with civic address.,3052,2825,N/A,The local coverage matrix has no TOD scope entry for this city.,N/A,TOD is not applicable according to the local coverage matrix.,,,
poularies,poularies,complete,Canonical local Immo perMuni stats row is present and reports 617 served lots.,617,complete,Local Immo stats report 617/617 lots with surface_m2.,617,617,complete,Local Immo stats report 617/617 lots with code_postal.,617,617,complete,Local Immo stats report 617/617 lots with civic address.,617,617,N/A,The local coverage matrix has no TOD scope entry for this city.,N/A,TOD is not applicable according to the local coverage matrix.,,,
preissac,preissac,complete,Canonical local Immo perMuni stats row is present and reports 683 served lots.,683,complete,Local Immo stats report 683/683 lots with surface_m2.,683,683,complete,Local Immo stats report 683/683 lots with code_postal.,683,683,incomplete,Local Immo stats report 587/683 lots with civic address.,683,587,N/A,The local coverage matrix has no TOD scope entry for this city.,N/A,TOD is not applicable according to the local coverage matrix.,,,
prevost,prevost,complete,Canonical local Immo perMuni stats row is present and reports 7393 served lots.,7393,complete,Local Immo stats report 7393/7393 lots with surface_m2.,7393,7393,complete,Local Immo stats report 7393/7393 lots with code_postal.,7393,7393,incomplete,Local Immo stats report 7245/7393 lots with civic address.,7393,7245,N/A,The local coverage matrix has no TOD scope entry for this city.,N/A,TOD is not applicable according to the local coverage matrix.,,,
price,price,complete,Canonical local Immo perMuni stats row is present and reports 809 served lots.,809,complete,Local Immo stats report 809/809 lots with surface_m2.,809,809,complete,Local Immo stats report 809/809 lots with code_postal.,809,809,complete,Local Immo stats report 809/809 lots with civic address.,809,809,N/A,The local coverage matrix has no TOD scope entry for this city.,N/A,TOD is not applicable according to the local coverage matrix.,,,
princeville,princeville,complete,Canonical local Immo perMuni stats row is present and reports 3895 served lots.,3895,complete,Local Immo stats report 3895/3895 lots with surface_m2.,3895,3895,complete,Local Immo stats report 3895/3895 lots with code_postal.,3895,3895,incomplete,Local Immo stats report 3585/3895 lots with civic address.,3895,3585,N/A,The local coverage matrix has no TOD scope entry for this city.,N/A,TOD is not applicable according to the local coverage matrix.,,,
quebec,quebec,complete,Canonical local Immo perMuni stats row is present and reports 66054 served lots.,66054,complete,Local Immo stats report 66054/66054 lots with surface_m2.,66054,66054,complete,Local Immo stats report 66054/66054 lots with code_postal.,66054,66054,incomplete,Local Immo stats report 59513/66054 lots with civic address.,66054,59513,N/A,The local coverage matrix has no TOD scope entry for this city.,N/A,TOD is not applicable according to the local coverage matrix.,,,
racine,racine,complete,Canonical local Immo perMuni stats row is present and reports 1497 served lots.,1497,complete,Local Immo stats report 1497/1497 lots with surface_m2.,1497,1497,complete,Local Immo stats report 1497/1497 lots with code_postal.,1497,1497,incomplete,Local Immo stats report 1368/1497 lots with civic address.,1497,1368,N/A,The local coverage matrix has no TOD scope entry for this city.,N/A,TOD is not applicable according to the local coverage matrix.,,,
ragueneau,ragueneau,complete,Canonical local Immo perMuni stats row is present and reports 675 served lots.,675,complete,Local Immo stats report 675/675 lots with surface_m2.,675,675,complete,Local Immo stats report 675/675 lots with code_postal.,675,675,incomplete,Local Immo stats report 623/675 lots with civic address.,675,623,N/A,The local coverage matrix has no TOD scope entry for this city.,N/A,TOD is not applicable according to the local coverage matrix.,,,
rapide-danseur,rapide-danseur,complete,Canonical local Immo perMuni stats row is present and reports 527 served lots.,527,complete,Local Immo stats report 527/527 lots with surface_m2.,527,527,complete,Local Immo stats report 527/527 lots with code_postal.,527,527,incomplete,Local Immo stats report 525/527 lots with civic address.,527,525,N/A,The local coverage matrix has no TOD scope entry for this city.,N/A,TOD is not applicable according to the local coverage matrix.,,,
rapides-des-joachims,,incomplete,No canonical local Immo perMuni stats row is present in the served-lots snapshot.,,unknown,No canonical local Immo perMuni stats row exists; surface_m2 cannot be measured.,,,unknown,No canonical local Immo perMuni stats row exists; code_postal cannot be measured.,,,unknown,No canonical local Immo perMuni stats row exists; civic address cannot be measured.,,,N/A,The local coverage matrix has no TOD scope entry for this city.,N/A,TOD is not applicable according to the local coverage matrix.,,,
rawdon,rawdon,complete,Canonical local Immo perMuni stats row is present and reports 9298 served lots.,9298,complete,Local Immo stats report 9298/9298 lots with surface_m2.,9298,9298,complete,Local Immo stats report 9298/9298 lots with code_postal.,9298,9298,incomplete,Local Immo stats report 9199/9298 lots with civic address.,9298,9199,N/A,The local coverage matrix has no TOD scope entry for this city.,N/A,TOD is not applicable according to the local coverage matrix.,,,
remigny,remigny,complete,Canonical local Immo perMuni stats row is present and reports 1 served lots.,1,complete,Local Immo stats report 1/1 lots with surface_m2.,1,1,complete,Local Immo stats report 1/1 lots with code_postal.,1,1,incomplete,Local Immo stats report 0/1 lots with civic address.,1,0,N/A,The local coverage matrix has no TOD scope entry for this city.,N/A,TOD is not applicable according to the local coverage matrix.,,,
repentigny,repentigny,complete,Canonical local Immo perMuni stats row is present and reports 28902 served lots.,28902,complete,Local Immo stats report 28902/28902 lots with surface_m2.,28902,28902,complete,Local Immo stats report 28902/28902 lots with code_postal.,28902,28902,incomplete,Local Immo stats report 28294/28902 lots with civic address.,28902,28294,complete,The local coverage matrix declares TOD scope with status done.,incomplete,Local Immo stats report the TOD join is absent: 0/28902 lots joined (0 lots in TOD).,28902,0,0
richelieu,,incomplete,No canonical local Immo perMuni stats row is present in the served-lots snapshot.,,unknown,No canonical local Immo perMuni stats row exists; surface_m2 cannot be measured.,,,unknown,No canonical local Immo perMuni stats row exists; code_postal cannot be measured.,,,unknown,No canonical local Immo perMuni stats row exists; civic address cannot be measured.,,,N/A,The local coverage matrix has no TOD scope entry for this city.,N/A,TOD is not applicable according to the local coverage matrix.,,,
richmond,richmond,complete,Canonical local Immo perMuni stats row is present and reports 1464 served lots.,1464,complete,Local Immo stats report 1464/1464 lots with surface_m2.,1464,1464,complete,Local Immo stats report 1464/1464 lots with code_postal.,1464,1464,incomplete,Local Immo stats report 1359/1464 lots with civic address.,1464,1359,N/A,The local coverage matrix has no TOD scope entry for this city.,N/A,TOD is not applicable according to the local coverage matrix.,,,
rigaud,rigaud,complete,Canonical local Immo perMuni stats row is present and reports 4757 served lots.,4757,complete,Local Immo stats report 4757/4757 lots with surface_m2.,4757,4757,complete,Local Immo stats report 4757/4757 lots with code_postal.,4757,4757,incomplete,Local Immo stats report 4712/4757 lots with civic address.,4757,4712,N/A,The local coverage matrix has no TOD scope entry for this city.,N/A,TOD is not applicable according to the local coverage matrix.,,,
rimouski,rimouski,complete,Canonical local Immo perMuni stats row is present and reports 9704 served lots.,9704,complete,Local Immo stats report 9704/9704 lots with surface_m2.,9704,9704,complete,Local Immo stats report 9704/9704 lots with code_postal.,9704,9704,incomplete,Local Immo stats report 8945/9704 lots with civic address.,9704,8945,N/A,The local coverage matrix has no TOD scope entry for this city.,N/A,TOD is not applicable according to the local coverage matrix.,,,
ripon,ripon,complete,Canonical local Immo perMuni stats row is present and reports 1695 served lots.,1695,complete,Local Immo stats report 1695/1695 lots with surface_m2.,1695,1695,complete,Local Immo stats report 1695/1695 lots with code_postal.,1695,1695,incomplete,Local Immo stats report 1533/1695 lots with civic address.,1695,1533,N/A,The local coverage matrix has no TOD scope entry for this city.,N/A,TOD is not applicable according to the local coverage matrix.,,,
ristigouche-sud-est,ristigouche-sud-est,complete,Canonical local Immo perMuni stats row is present and reports 430 served lots.,430,complete,Local Immo stats report 430/430 lots with surface_m2.,430,430,complete,Local Immo stats report 430/430 lots with code_postal.,430,430,incomplete,Local Immo stats report 415/430 lots with civic address.,430,415,N/A,The local coverage matrix has no TOD scope entry for this city.,N/A,TOD is not applicable according to the local coverage matrix.,,,
riviere-a-claude,,incomplete,No canonical local Immo perMuni stats row is present in the served-lots snapshot.,,unknown,No canonical local Immo perMuni stats row exists; surface_m2 cannot be measured.,,,unknown,No canonical local Immo perMuni stats row exists; code_postal cannot be measured.,,,unknown,No canonical local Immo perMuni stats row exists; civic address cannot be measured.,,,N/A,The local coverage matrix has no TOD scope entry for this city.,N/A,TOD is not applicable according to the local coverage matrix.,,,
riviere-a-pierre,riviere-a-pierre,complete,Canonical local Immo perMuni stats row is present and reports 1028 served lots.,1028,complete,Local Immo stats report 1028/1028 lots with surface_m2.,1028,1028,complete,Local Immo stats report 1028/1028 lots with code_postal.,1028,1028,incomplete,Local Immo stats report 968/1028 lots with civic address.,1028,968,N/A,The local coverage matrix has no TOD scope entry for this city.,N/A,TOD is not applicable according to the local coverage matrix.,,,
riviere-au-tonnerre,riviere-au-tonnerre,complete,Canonical local Immo perMuni stats row is present and reports 63 served lots.,63,complete,Local Immo stats report 63/63 lots with surface_m2.,63,63,complete,Local Immo stats report 63/63 lots with code_postal.,63,63,incomplete,Local Immo stats report 62/63 lots with civic address.,63,62,N/A,The local coverage matrix has no TOD scope entry for this city.,N/A,TOD is not applicable according to the local coverage matrix.,,,
riviere-beaudette,riviere-beaudette,complete,Canonical local Immo perMuni stats row is present and reports 1848 served lots.,1848,complete,Local Immo stats report 1848/1848 lots with surface_m2.,1848,1848,complete,Local Immo stats report 1848/1848 lots with code_postal.,1848,1848,complete,Local Immo stats report 1848/1848 lots with civic address.,1848,1848,N/A,The local coverage matrix has no TOD scope entry for this city.,N/A,TOD is not applicable according to the local coverage matrix.,,,
riviere-bleue,riviere-bleue,complete,Canonical local Immo perMuni stats row is present and reports 1209 served lots.,1209,complete,Local Immo stats report 1209/1209 lots with surface_m2.,1209,1209,complete,Local Immo stats report 1209/1209 lots with code_postal.,1209,1209,incomplete,Local Immo stats report 1103/1209 lots with civic address.,1209,1103,N/A,The local coverage matrix has no TOD scope entry for this city.,N/A,TOD is not applicable according to the local coverage matrix.,,,
riviere-du-loup,riviere-du-loup,complete,Canonical local Immo perMuni stats row is present and reports 8812 served lots.,8812,complete,Local Immo stats report 8812/8812 lots with surface_m2.,8812,8812,complete,Local Immo stats report 8812/8812 lots with code_postal.,8812,8812,incomplete,Local Immo stats report 8012/8812 lots with civic address.,8812,8012,N/A,The local coverage matrix has no TOD scope entry for this city.,N/A,TOD is not applicable according to the local coverage matrix.,,,
riviere-eternite,,incomplete,No canonical local Immo perMuni stats row is present in the served-lots snapshot.,,unknown,No canonical local Immo perMuni stats row exists; surface_m2 cannot be measured.,,,unknown,No canonical local Immo perMuni stats row exists; code_postal cannot be measured.,,,unknown,No canonical local Immo perMuni stats row exists; civic address cannot be measured.,,,N/A,The local coverage matrix has no TOD scope entry for this city.,N/A,TOD is not applicable according to the local coverage matrix.,,,
riviere-heva,,incomplete,No canonical local Immo perMuni stats row is present in the served-lots snapshot.,,unknown,No canonical local Immo perMuni stats row exists; surface_m2 cannot be measured.,,,unknown,No canonical local Immo perMuni stats row exists; code_postal cannot be measured.,,,unknown,No canonical local Immo perMuni stats row exists; civic address cannot be measured.,,,N/A,The local coverage matrix has no TOD scope entry for this city.,N/A,TOD is not applicable according to the local coverage matrix.,,,
riviere-ouelle,riviere-ouelle,complete,Canonical local Immo perMuni stats row is present and reports 1445 served lots.,1445,complete,Local Immo stats report 1445/1445 lots with surface_m2.,1445,1445,complete,Local Immo stats report 1445/1445 lots with code_postal.,1445,1445,incomplete,Local Immo stats report 1307/1445 lots with civic address.,1445,1307,N/A,The local coverage matrix has no TOD scope entry for this city.,N/A,TOD is not applicable according to the local coverage matrix.,,,
riviere-rouge,riviere-rouge,complete,Canonical local Immo perMuni stats row is present and reports 1641 served lots.,1641,complete,Local Immo stats report 1641/1641 lots with surface_m2.,1641,1641,complete,Local Immo stats report 1641/1641 lots with code_postal.,1641,1641,incomplete,Local Immo stats report 1433/1641 lots with civic address.,1641,1433,N/A,The local coverage matrix has no TOD scope entry for this city.,N/A,TOD is not applicable according to the local coverage matrix.,,,
riviere-saint-jean,,incomplete,No canonical local Immo perMuni stats row is present in the served-lots snapshot.,,unknown,No canonical local Immo perMuni stats row exists; surface_m2 cannot be measured.,,,unknown,No canonical local Immo perMuni stats row exists; code_postal cannot be measured.,,,unknown,No canonical local Immo perMuni stats row exists; civic address cannot be measured.,,,N/A,The local coverage matrix has no TOD scope entry for this city.,N/A,TOD is not applicable according to the local coverage matrix.,,,
roberval,roberval,complete,Canonical local Immo perMuni stats row is present and reports 5278 served lots.,5278,complete,Local Immo stats report 5278/5278 lots with surface_m2.,5278,5278,complete,Local Immo stats report 5278/5278 lots with code_postal.,5278,5278,incomplete,Local Immo stats report 4852/5278 lots with civic address.,5278,4852,N/A,The local coverage matrix has no TOD scope entry for this city.,N/A,TOD is not applicable according to the local coverage matrix.,,,
roquemaure,roquemaure,complete,Canonical local Immo perMuni stats row is present and reports 593 served lots.,593,complete,Local Immo stats report 593/593 lots with surface_m2.,593,593,complete,Local Immo stats report 593/593 lots with code_postal.,593,593,incomplete,Local Immo stats report 591/593 lots with civic address.,593,591,N/A,The local coverage matrix has no TOD scope entry for this city.,N/A,TOD is not applicable according to the local coverage matrix.,,,
rosemere,rosemere,complete,Canonical local Immo perMuni stats row is present and reports 5767 served lots.,5767,complete,Local Immo stats report 5767/5767 lots with surface_m2.,5767,5767,complete,Local Immo stats report 5767/5767 lots with code_postal.,5767,5767,incomplete,Local Immo stats report 5666/5767 lots with civic address.,5767,5666,complete,The local coverage matrix declares TOD scope with status done.,incomplete,Local Immo stats report the TOD join is absent: 0/5767 lots joined (0 lots in TOD).,5767,0,0
rougemont,rougemont,complete,Canonical local Immo perMuni stats row is present and reports 1740 served lots.,1740,complete,Local Immo stats report 1740/1740 lots with surface_m2.,1740,1740,complete,Local Immo stats report 1740/1740 lots with code_postal.,1740,1740,incomplete,Local Immo stats report 1609/1740 lots with civic address.,1740,1609,N/A,The local coverage matrix has no TOD scope entry for this city.,N/A,TOD is not applicable according to the local coverage matrix.,,,
rouyn-noranda,rouyn-noranda,complete,Canonical local Immo perMuni stats row is present and reports 629 served lots.,629,complete,Local Immo stats report 629/629 lots with surface_m2.,629,629,complete,Local Immo stats report 629/629 lots with code_postal.,629,629,incomplete,Local Immo stats report 579/629 lots with civic address.,629,579,N/A,The local coverage matrix has no TOD scope entry for this city.,N/A,TOD is not applicable according to the local coverage matrix.,,,
roxton,,incomplete,No canonical local Immo perMuni stats row is present in the served-lots snapshot.,,unknown,No canonical local Immo perMuni stats row exists; surface_m2 cannot be measured.,,,unknown,No canonical local Immo perMuni stats row exists; code_postal cannot be measured.,,,unknown,No canonical local Immo perMuni stats row exists; civic address cannot be measured.,,,N/A,The local coverage matrix has no TOD scope entry for this city.,N/A,TOD is not applicable according to the local coverage matrix.,,,
roxton-falls,roxton-falls,complete,Canonical local Immo perMuni stats row is present and reports 837 served lots.,837,complete,Local Immo stats report 837/837 lots with surface_m2.,837,837,complete,Local Immo stats report 837/837 lots with code_postal.,837,837,incomplete,Local Immo stats report 822/837 lots with civic address.,837,822,N/A,The local coverage matrix has no TOD scope entry for this city.,N/A,TOD is not applicable according to the local coverage matrix.,,,
roxton-pond,roxton-pond,complete,Canonical local Immo perMuni stats row is present and reports 2951 served lots.,2951,complete,Local Immo stats report 2951/2951 lots with surface_m2.,2951,2951,complete,Local Immo stats report 2951/2951 lots with code_postal.,2951,2951,incomplete,Local Immo stats report 2918/2951 lots with civic address.,2951,2918,N/A,The local coverage matrix has no TOD scope entry for this city.,N/A,TOD is not applicable according to the local coverage matrix.,,,
sacre-coeur,sacre-coeur,complete,Canonical local Immo perMuni stats row is present and reports 1649 served lots.,1649,complete,Local Immo stats report 1649/1649 lots with surface_m2.,1649,1649,complete,Local Immo stats report 1649/1649 lots with code_postal.,1649,1649,incomplete,Local Immo stats report 1495/1649 lots with civic address.,1649,1495,N/A,The local coverage matrix has no TOD scope entry for this city.,N/A,TOD is not applicable according to the local coverage matrix.,,,
sacre-coeur-de-jesus,sacre-coeur-de-jesus,complete,Canonical local Immo perMuni stats row is present and reports 818 served lots.,818,complete,Local Immo stats report 818/818 lots with surface_m2.,818,818,complete,Local Immo stats report 818/818 lots with code_postal.,818,818,incomplete,Local Immo stats report 799/818 lots with civic address.,818,799,N/A,The local coverage matrix has no TOD scope entry for this city.,N/A,TOD is not applicable according to the local coverage matrix.,,,
saguenay,saguenay,complete,Canonical local Immo perMuni stats row is present and reports 19135 served lots.,19135,complete,Local Immo stats report 19135/19135 lots with surface_m2.,19135,19135,complete,Local Immo stats report 19135/19135 lots with code_postal.,19135,19135,incomplete,Local Immo stats report 17434/19135 lots with civic address.,19135,17434,N/A,The local coverage matrix has no TOD scope entry for this city.,N/A,TOD is not applicable according to the local coverage matrix.,,,
saint-adalbert,,incomplete,No canonical local Immo perMuni stats row is present in the served-lots snapshot.,,unknown,No canonical local Immo perMuni stats row exists; surface_m2 cannot be measured.,,,unknown,No canonical local Immo perMuni stats row exists; code_postal cannot be measured.,,,unknown,No canonical local Immo perMuni stats row exists; civic address cannot be measured.,,,N/A,The local coverage matrix has no TOD scope entry for this city.,N/A,TOD is not applicable according to the local coverage matrix.,,,
saint-adelme,,incomplete,No canonical local Immo perMuni stats row is present in the served-lots snapshot.,,unknown,No canonical local Immo perMuni stats row exists; surface_m2 cannot be measured.,,,unknown,No canonical local Immo perMuni stats row exists; code_postal cannot be measured.,,,unknown,No canonical local Immo perMuni stats row exists; civic address cannot be measured.,,,N/A,The local coverage matrix has no TOD scope entry for this city.,N/A,TOD is not applicable according to the local coverage matrix.,,,
saint-adelphe,,incomplete,No canonical local Immo perMuni stats row is present in the served-lots snapshot.,,unknown,No canonical local Immo perMuni stats row exists; surface_m2 cannot be measured.,,,unknown,No canonical local Immo perMuni stats row exists; code_postal cannot be measured.,,,unknown,No canonical local Immo perMuni stats row exists; civic address cannot be measured.,,,N/A,The local coverage matrix has no TOD scope entry for this city.,N/A,TOD is not applicable according to the local coverage matrix.,,,
saint-adolphe-dhoward,saint-adolphe-dhoward,complete,Canonical local Immo perMuni stats row is present and reports 9398 served lots.,9398,complete,Local Immo stats report 9398/9398 lots with surface_m2.,9398,9398,complete,Local Immo stats report 9398/9398 lots with code_postal.,9398,9398,incomplete,Local Immo stats report 9214/9398 lots with civic address.,9398,9214,N/A,The local coverage matrix has no TOD scope entry for this city.,N/A,TOD is not applicable according to the local coverage matrix.,,,
saint-adrien,saint-adrien,complete,Canonical local Immo perMuni stats row is present and reports 610 served lots.,610,complete,Local Immo stats report 610/610 lots with surface_m2.,610,610,complete,Local Immo stats report 610/610 lots with code_postal.,610,610,incomplete,Local Immo stats report 598/610 lots with civic address.,610,598,N/A,The local coverage matrix has no TOD scope entry for this city.,N/A,TOD is not applicable according to the local coverage matrix.,,,
saint-adrien-dirlande,saint-adrien-dirlande,complete,Canonical local Immo perMuni stats row is present and reports 513 served lots.,513,complete,Local Immo stats report 513/513 lots with surface_m2.,513,513,complete,Local Immo stats report 513/513 lots with code_postal.,513,513,incomplete,Local Immo stats report 508/513 lots with civic address.,513,508,N/A,The local coverage matrix has no TOD scope entry for this city.,N/A,TOD is not applicable according to the local coverage matrix.,,,
saint-agapit,saint-agapit,complete,Canonical local Immo perMuni stats row is present and reports 3005 served lots.,3005,complete,Local Immo stats report 3005/3005 lots with surface_m2.,3005,3005,complete,Local Immo stats report 3005/3005 lots with code_postal.,3005,3005,incomplete,Local Immo stats report 2696/3005 lots with civic address.,3005,2696,N/A,The local coverage matrix has no TOD scope entry for this city.,N/A,TOD is not applicable according to the local coverage matrix.,,,
saint-aime,saint-aime,complete,Canonical local Immo perMuni stats row is present and reports 619 served lots.,619,complete,Local Immo stats report 619/619 lots with surface_m2.,619,619,complete,Local Immo stats report 619/619 lots with code_postal.,619,619,incomplete,Local Immo stats report 614/619 lots with civic address.,619,614,N/A,The local coverage matrix has no TOD scope entry for this city.,N/A,TOD is not applicable according to the local coverage matrix.,,,
saint-aime-des-lacs,saint-aime-des-lacs,complete,Canonical local Immo perMuni stats row is present and reports 1324 served lots.,1324,complete,Local Immo stats report 1324/1324 lots with surface_m2.,1324,1324,complete,Local Immo stats report 1324/1324 lots with code_postal.,1324,1324,incomplete,Local Immo stats report 1221/1324 lots with civic address.,1324,1221,N/A,The local coverage matrix has no TOD scope entry for this city.,N/A,TOD is not applicable according to the local coverage matrix.,,,
saint-aime-du-lac-des-iles,saint-aime-du-lac-des-iles,complete,Canonical local Immo perMuni stats row is present and reports 1517 served lots.,1517,complete,Local Immo stats report 1517/1517 lots with surface_m2.,1517,1517,complete,Local Immo stats report 1517/1517 lots with code_postal.,1517,1517,incomplete,Local Immo stats report 1380/1517 lots with civic address.,1517,1380,N/A,The local coverage matrix has no TOD scope entry for this city.,N/A,TOD is not applicable according to the local coverage matrix.,,,
saint-alban,saint-alban,complete,Canonical local Immo perMuni stats row is present and reports 1330 served lots.,1330,complete,Local Immo stats report 1330/1330 lots with surface_m2.,1330,1330,complete,Local Immo stats report 1330/1330 lots with code_postal.,1330,1330,incomplete,Local Immo stats report 1230/1330 lots with civic address.,1330,1230,N/A,The local coverage matrix has no TOD scope entry for this city.,N/A,TOD is not applicable according to the local coverage matrix.,,,
saint-albert,saint-albert,complete,Canonical local Immo perMuni stats row is present and reports 1231 served lots.,1231,complete,Local Immo stats report 1231/1231 lots with surface_m2.,1231,1231,complete,Local Immo stats report 1231/1231 lots with code_postal.,1231,1231,incomplete,Local Immo stats report 1116/1231 lots with civic address.,1231,1116,N/A,The local coverage matrix has no TOD scope entry for this city.,N/A,TOD is not applicable according to the local coverage matrix.,,,
saint-alexandre,,incomplete,No canonical local Immo perMuni stats row is present in the served-lots snapshot.,,unknown,No canonical local Immo perMuni stats row exists; surface_m2 cannot be measured.,,,unknown,No canonical local Immo perMuni stats row exists; code_postal cannot be measured.,,,unknown,No canonical local Immo perMuni stats row exists; civic address cannot be measured.,,,N/A,The local coverage matrix has no TOD scope entry for this city.,N/A,TOD is not applicable according to the local coverage matrix.,,,
saint-alexandre-de-kamouraska,saint-alexandre-de-kamouraska,complete,Canonical local Immo perMuni stats row is present and reports 1956 served lots.,1956,complete,Local Immo stats report 1956/1956 lots with surface_m2.,1956,1956,complete,Local Immo stats report 1956/1956 lots with code_postal.,1956,1956,incomplete,Local Immo stats report 1764/1956 lots with civic address.,1956,1764,N/A,The local coverage matrix has no TOD scope entry for this city.,N/A,TOD is not applicable according to the local coverage matrix.,,,
saint-alexandre-des-lacs,saint-alexandre-des-lacs,complete,Canonical local Immo perMuni stats row is present and reports 515 served lots.,515,complete,Local Immo stats report 515/515 lots with surface_m2.,515,515,complete,Local Immo stats report 515/515 lots with code_postal.,515,515,incomplete,Local Immo stats report 445/515 lots with civic address.,515,445,N/A,The local coverage matrix has no TOD scope entry for this city.,N/A,TOD is not applicable according to the local coverage matrix.,,,
saint-alexis,saint-alexis,complete,Canonical local Immo perMuni stats row is present and reports 1060 served lots.,1060,complete,Local Immo stats report 1060/1060 lots with surface_m2.,1060,1060,complete,Local Immo stats report 1060/1060 lots with code_postal.,1060,1060,incomplete,Local Immo stats report 1058/1060 lots with civic address.,1060,1058,N/A,The local coverage matrix has no TOD scope entry for this city.,N/A,TOD is not applicable according to the local coverage matrix.,,,
saint-alexis-de-matapedia,saint-alexis-de-matapedia,complete,Canonical local Immo perMuni stats row is present and reports 762 served lots.,762,complete,Local Immo stats report 762/762 lots with surface_m2.,762,762,complete,Local Immo stats report 762/762 lots with code_postal.,762,762,incomplete,Local Immo stats report 756/762 lots with civic address.,762,756,N/A,The local coverage matrix has no TOD scope entry for this city.,N/A,TOD is not applicable according to the local coverage matrix.,,,
saint-alexis-des-monts,,incomplete,No canonical local Immo perMuni stats row is present in the served-lots snapshot.,,unknown,No canonical local Immo perMuni stats row exists; surface_m2 cannot be measured.,,,unknown,No canonical local Immo perMuni stats row exists; code_postal cannot be measured.,,,unknown,No canonical local Immo perMuni stats row exists; civic address cannot be measured.,,,N/A,The local coverage matrix has no TOD scope entry for this city.,N/A,TOD is not applicable according to the local coverage matrix.,,,
saint-alfred,saint-alfred,complete,Canonical local Immo perMuni stats row is present and reports 817 served lots.,817,complete,Local Immo stats report 817/817 lots with surface_m2.,817,817,complete,Local Immo stats report 817/817 lots with code_postal.,817,817,incomplete,Local Immo stats report 808/817 lots with civic address.,817,808,N/A,The local coverage matrix has no TOD scope entry for this city.,N/A,TOD is not applicable according to the local coverage matrix.,,,
saint-alphonse,saint-alphonse,complete,Canonical local Immo perMuni stats row is present and reports 906 served lots.,906,complete,Local Immo stats report 906/906 lots with surface_m2.,906,906,complete,Local Immo stats report 906/906 lots with code_postal.,906,906,incomplete,Local Immo stats report 898/906 lots with civic address.,906,898,N/A,The local coverage matrix has no TOD scope entry for this city.,N/A,TOD is not applicable according to the local coverage matrix.,,,
saint-alphonse-de-granby,saint-alphonse-de-granby,complete,Canonical local Immo perMuni stats row is present and reports 2249 served lots.,2249,complete,Local Immo stats report 2249/2249 lots with surface_m2.,2249,2249,complete,Local Immo stats report 2249/2249 lots with code_postal.,2249,2249,incomplete,Local Immo stats report 2194/2249 lots with civic address.,2249,2194,N/A,The local coverage matrix has no TOD scope entry for this city.,N/A,TOD is not applicable according to the local coverage matrix.,,,
saint-alphonse-rodriguez,saint-alphonse-rodriguez,complete,Canonical local Immo perMuni stats row is present and reports 5477 served lots.,5477,complete,Local Immo stats report 5477/5477 lots with surface_m2.,5477,5477,complete,Local Immo stats report 5477/5477 lots with code_postal.,5477,5477,incomplete,Local Immo stats report 5263/5477 lots with civic address.,5477,5263,N/A,The local coverage matrix has no TOD scope entry for this city.,N/A,TOD is not applicable according to the local coverage matrix.,,,
saint-amable,saint-amable,complete,Canonical local Immo perMuni stats row is present and reports 5213 served lots.,5213,complete,Local Immo stats report 5213/5213 lots with surface_m2.,5213,5213,complete,Local Immo stats report 5213/5213 lots with code_postal.,5213,5213,incomplete,Local Immo stats report 5119/5213 lots with civic address.,5213,5119,N/A,The local coverage matrix has no TOD scope entry for this city.,N/A,TOD is not applicable according to the local coverage matrix.,,,
saint-ambroise,saint-ambroise,complete,Canonical local Immo perMuni stats row is present and reports 2785 served lots.,2785,complete,Local Immo stats report 2785/2785 lots with surface_m2.,2785,2785,complete,Local Immo stats report 2785/2785 lots with code_postal.,2785,2785,incomplete,Local Immo stats report 2595/2785 lots with civic address.,2785,2595,N/A,The local coverage matrix has no TOD scope entry for this city.,N/A,TOD is not applicable according to the local coverage matrix.,,,
saint-ambroise-de-kildare,saint-ambroise-de-kildare,complete,Canonical local Immo perMuni stats row is present and reports 2472 served lots.,2472,complete,Local Immo stats report 2472/2472 lots with surface_m2.,2472,2472,complete,Local Immo stats report 2472/2472 lots with code_postal.,2472,2472,incomplete,Local Immo stats report 2433/2472 lots with civic address.,2472,2433,N/A,The local coverage matrix has no TOD scope entry for this city.,N/A,TOD is not applicable according to the local coverage matrix.,,,
saint-anaclet-de-lessard,saint-anaclet-de-lessard,complete,Canonical local Immo perMuni stats row is present and reports 2310 served lots.,2310,complete,Local Immo stats report 2310/2310 lots with surface_m2.,2310,2310,complete,Local Immo stats report 2310/2310 lots with code_postal.,2310,2310,incomplete,Local Immo stats report 2137/2310 lots with civic address.,2310,2137,N/A,The local coverage matrix has no TOD scope entry for this city.,N/A,TOD is not applicable according to the local coverage matrix.,,,
saint-andre-avellin,saint-andre-avellin,complete,Canonical local Immo perMuni stats row is present and reports 2419 served lots.,2419,complete,Local Immo stats report 2419/2419 lots with surface_m2.,2419,2419,complete,Local Immo stats report 2419/2419 lots with code_postal.,2419,2419,incomplete,Local Immo stats report 2252/2419 lots with civic address.,2419,2252,N/A,The local coverage matrix has no TOD scope entry for this city.,N/A,TOD is not applicable according to the local coverage matrix.,,,
saint-andre-dargenteuil,saint-andre-dargenteuil,complete,Canonical local Immo perMuni stats row is present and reports 3224 served lots.,3224,complete,Local Immo stats report 3224/3224 lots with surface_m2.,3224,3224,complete,Local Immo stats report 3224/3224 lots with code_postal.,3224,3224,incomplete,Local Immo stats report 3198/3224 lots with civic address.,3224,3198,N/A,The local coverage matrix has no TOD scope entry for this city.,N/A,TOD is not applicable according to the local coverage matrix.,,,
saint-andre-de-kamouraska,saint-andre-de-kamouraska,complete,Canonical local Immo perMuni stats row is present and reports 709 served lots.,709,complete,Local Immo stats report 709/709 lots with surface_m2.,709,709,complete,Local Immo stats report 709/709 lots with code_postal.,709,709,incomplete,Local Immo stats report 636/709 lots with civic address.,709,636,N/A,The local coverage matrix has no TOD scope entry for this city.,N/A,TOD is not applicable according to the local coverage matrix.,,,
saint-andre-de-restigouche,saint-andre-de-restigouche,complete,Canonical local Immo perMuni stats row is present and reports 404 served lots.,404,complete,Local Immo stats report 404/404 lots with surface_m2.,404,404,complete,Local Immo stats report 404/404 lots with code_postal.,404,404,incomplete,Local Immo stats report 397/404 lots with civic address.,404,397,N/A,The local coverage matrix has no TOD scope entry for this city.,N/A,TOD is not applicable according to the local coverage matrix.,,,
saint-andre-du-lac-saint-jean,,incomplete,No canonical local Immo perMuni stats row is present in the served-lots snapshot.,,unknown,No canonical local Immo perMuni stats row exists; surface_m2 cannot be measured.,,,unknown,No canonical local Immo perMuni stats row exists; code_postal cannot be measured.,,,unknown,No canonical local Immo perMuni stats row exists; civic address cannot be measured.,,,N/A,The local coverage matrix has no TOD scope entry for this city.,N/A,TOD is not applicable according to the local coverage matrix.,,,
saint-anicet,saint-anicet,complete,Canonical local Immo perMuni stats row is present and reports 2874 served lots.,2874,complete,Local Immo stats report 2874/2874 lots with surface_m2.,2874,2874,complete,Local Immo stats report 2874/2874 lots with code_postal.,2874,2874,incomplete,Local Immo stats report 2769/2874 lots with civic address.,2874,2769,N/A,The local coverage matrix has no TOD scope entry for this city.,N/A,TOD is not applicable according to the local coverage matrix.,,,
saint-anselme,saint-anselme,complete,Canonical local Immo perMuni stats row is present and reports 2882 served lots.,2882,complete,Local Immo stats report 2882/2882 lots with surface_m2.,2882,2882,complete,Local Immo stats report 2882/2882 lots with code_postal.,2882,2882,incomplete,Local Immo stats report 2591/2882 lots with civic address.,2882,2591,N/A,The local coverage matrix has no TOD scope entry for this city.,N/A,TOD is not applicable according to the local coverage matrix.,,,
saint-antoine-de-lisle-aux-grues,saint-antoine-de-lisle-aux-grues,complete,Canonical local Immo perMuni stats row is present and reports 396 served lots.,396,complete,Local Immo stats report 396/396 lots with surface_m2.,396,396,complete,Local Immo stats report 396/396 lots with code_postal.,396,396,incomplete,Local Immo stats report 360/396 lots with civic address.,396,360,N/A,The local coverage matrix has no TOD scope entry for this city.,N/A,TOD is not applicable according to the local coverage matrix.,,,
saint-antoine-de-tilly,saint-antoine-de-tilly,complete,Canonical local Immo perMuni stats row is present and reports 1620 served lots.,1620,complete,Local Immo stats report 1620/1620 lots with surface_m2.,1620,1620,complete,Local Immo stats report 1620/1620 lots with code_postal.,1620,1620,incomplete,Local Immo stats report 1491/1620 lots with civic address.,1620,1491,N/A,The local coverage matrix has no TOD scope entry for this city.,N/A,TOD is not applicable according to the local coverage matrix.,,,
saint-antoine-sur-richelieu,saint-antoine-sur-richelieu,complete,Canonical local Immo perMuni stats row is present and reports 1307 served lots.,1307,complete,Local Immo stats report 1307/1307 lots with surface_m2.,1307,1307,complete,Local Immo stats report 1307/1307 lots with code_postal.,1307,1307,incomplete,Local Immo stats report 1298/1307 lots with civic address.,1307,1298,N/A,The local coverage matrix has no TOD scope entry for this city.,N/A,TOD is not applicable according to the local coverage matrix.,,,
saint-antonin,saint-antonin,complete,Canonical local Immo perMuni stats row is present and reports 1868 served lots.,1868,complete,Local Immo stats report 1868/1868 lots with surface_m2.,1868,1868,complete,Local Immo stats report 1868/1868 lots with code_postal.,1868,1868,incomplete,Local Immo stats report 1640/1868 lots with civic address.,1868,1640,N/A,The local coverage matrix has no TOD scope entry for this city.,N/A,TOD is not applicable according to the local coverage matrix.,,,
saint-apollinaire,saint-apollinaire,complete,Canonical local Immo perMuni stats row is present and reports 5371 served lots.,5371,complete,Local Immo stats report 5371/5371 lots with surface_m2.,5371,5371,complete,Local Immo stats report 5371/5371 lots with code_postal.,5371,5371,incomplete,Local Immo stats report 4827/5371 lots with civic address.,5371,4827,N/A,The local coverage matrix has no TOD scope entry for this city.,N/A,TOD is not applicable according to the local coverage matrix.,,,
saint-armand,saint-armand,complete,Canonical local Immo perMuni stats row is present and reports 1024 served lots.,1024,complete,Local Immo stats report 1024/1024 lots with surface_m2.,1024,1024,complete,Local Immo stats report 1024/1024 lots with code_postal.,1024,1024,incomplete,Local Immo stats report 1020/1024 lots with civic address.,1024,1020,N/A,The local coverage matrix has no TOD scope entry for this city.,N/A,TOD is not applicable according to the local coverage matrix.,,,
saint-arsene,,incomplete,No canonical local Immo perMuni stats row is present in the served-lots snapshot.,,unknown,No canonical local Immo perMuni stats row exists; surface_m2 cannot be measured.,,,unknown,No canonical local Immo perMuni stats row exists; code_postal cannot be measured.,,,unknown,No canonical local Immo perMuni stats row exists; civic address cannot be measured.,,,N/A,The local coverage matrix has no TOD scope entry for this city.,N/A,TOD is not applicable according to the local coverage matrix.,,,
saint-athanase,saint-athanase,complete,Canonical local Immo perMuni stats row is present and reports 428 served lots.,428,complete,Local Immo stats report 428/428 lots with surface_m2.,428,428,complete,Local Immo stats report 428/428 lots with code_postal.,428,428,incomplete,Local Immo stats report 384/428 lots with civic address.,428,384,N/A,The local coverage matrix has no TOD scope entry for this city.,N/A,TOD is not applicable according to the local coverage matrix.,,,
saint-aubert,,incomplete,No canonical local Immo perMuni stats row is present in the served-lots snapshot.,,unknown,No canonical local Immo perMuni stats row exists; surface_m2 cannot be measured.,,,unknown,No canonical local Immo perMuni stats row exists; code_postal cannot be measured.,,,unknown,No canonical local Immo perMuni stats row exists; civic address cannot be measured.,,,N/A,The local coverage matrix has no TOD scope entry for this city.,N/A,TOD is not applicable according to the local coverage matrix.,,,
saint-augustin--le-golfe-du-saint-laurent,,incomplete,No canonical local Immo perMuni stats row is present in the served-lots snapshot.,,unknown,No canonical local Immo perMuni stats row exists; surface_m2 cannot be measured.,,,unknown,No canonical local Immo perMuni stats row exists; code_postal cannot be measured.,,,unknown,No canonical local Immo perMuni stats row exists; civic address cannot be measured.,,,N/A,The local coverage matrix has no TOD scope entry for this city.,N/A,TOD is not applicable according to the local coverage matrix.,,,
saint-augustin--maria-chapdelaine,,incomplete,No canonical local Immo perMuni stats row is present in the served-lots snapshot.,,unknown,No canonical local Immo perMuni stats row exists; surface_m2 cannot be measured.,,,unknown,No canonical local Immo perMuni stats row exists; code_postal cannot be measured.,,,unknown,No canonical local Immo perMuni stats row exists; civic address cannot be measured.,,,N/A,The local coverage matrix has no TOD scope entry for this city.,N/A,TOD is not applicable according to the local coverage matrix.,,,
saint-augustin-de-desmaures,saint-augustin-de-desmaures,complete,Canonical local Immo perMuni stats row is present and reports 5092 served lots.,5092,complete,Local Immo stats report 5092/5092 lots with surface_m2.,5092,5092,complete,Local Immo stats report 5092/5092 lots with code_postal.,5092,5092,incomplete,Local Immo stats report 4557/5092 lots with civic address.,5092,4557,N/A,The local coverage matrix has no TOD scope entry for this city.,N/A,TOD is not applicable according to the local coverage matrix.,,,
saint-augustin-de-woburn,saint-augustin-de-woburn,complete,Canonical local Immo perMuni stats row is present and reports 863 served lots.,863,complete,Local Immo stats report 863/863 lots with surface_m2.,863,863,complete,Local Immo stats report 863/863 lots with code_postal.,863,863,incomplete,Local Immo stats report 779/863 lots with civic address.,863,779,N/A,The local coverage matrix has no TOD scope entry for this city.,N/A,TOD is not applicable according to the local coverage matrix.,,,
saint-barnabe,,incomplete,No canonical local Immo perMuni stats row is present in the served-lots snapshot.,,unknown,No canonical local Immo perMuni stats row exists; surface_m2 cannot be measured.,,,unknown,No canonical local Immo perMuni stats row exists; code_postal cannot be measured.,,,unknown,No canonical local Immo perMuni stats row exists; civic address cannot be measured.,,,N/A,The local coverage matrix has no TOD scope entry for this city.,N/A,TOD is not applicable according to the local coverage matrix.,,,
saint-barnabe-sud,saint-barnabe-sud,complete,Canonical local Immo perMuni stats row is present and reports 681 served lots.,681,complete,Local Immo stats report 681/681 lots with surface_m2.,681,681,complete,Local Immo stats report 681/681 lots with code_postal.,681,681,incomplete,Local Immo stats report 607/681 lots with civic address.,681,607,N/A,The local coverage matrix has no TOD scope entry for this city.,N/A,TOD is not applicable according to the local coverage matrix.,,,
saint-barthelemy,saint-barthelemy,complete,Canonical local Immo perMuni stats row is present and reports 2066 served lots.,2066,complete,Local Immo stats report 2066/2066 lots with surface_m2.,2066,2066,complete,Local Immo stats report 2066/2066 lots with code_postal.,2066,2066,incomplete,Local Immo stats report 2054/2066 lots with civic address.,2066,2054,N/A,The local coverage matrix has no TOD scope entry for this city.,N/A,TOD is not applicable according to the local coverage matrix.,,,
saint-basile,saint-basile,complete,Canonical local Immo perMuni stats row is present and reports 2380 served lots.,2380,complete,Local Immo stats report 2380/2380 lots with surface_m2.,2380,2380,complete,Local Immo stats report 2380/2380 lots with code_postal.,2380,2380,incomplete,Local Immo stats report 2185/2380 lots with civic address.,2380,2185,N/A,The local coverage matrix has no TOD scope entry for this city.,N/A,TOD is not applicable according to the local coverage matrix.,,,
saint-basile-le-grand,saint-basile-le-grand,complete,Canonical local Immo perMuni stats row is present and reports 10312 served lots.,10312,complete,Local Immo stats report 10312/10312 lots with surface_m2.,10312,10312,complete,Local Immo stats report 10312/10312 lots with code_postal.,10312,10312,incomplete,Local Immo stats report 10170/10312 lots with civic address.,10312,10170,complete,The local coverage matrix declares TOD scope with status done.,incomplete,Local Immo stats report the TOD join is absent: 0/10312 lots joined (0 lots in TOD).,10312,0,0
saint-benjamin,saint-benjamin,complete,Canonical local Immo perMuni stats row is present and reports 1065 served lots.,1065,complete,Local Immo stats report 1065/1065 lots with surface_m2.,1065,1065,complete,Local Immo stats report 1065/1065 lots with code_postal.,1065,1065,incomplete,Local Immo stats report 932/1065 lots with civic address.,1065,932,N/A,The local coverage matrix has no TOD scope entry for this city.,N/A,TOD is not applicable according to the local coverage matrix.,,,
saint-benoit-du-lac,,incomplete,No canonical local Immo perMuni stats row is present in the served-lots snapshot.,,unknown,No canonical local Immo perMuni stats row exists; surface_m2 cannot be measured.,,,unknown,No canonical local Immo perMuni stats row exists; code_postal cannot be measured.,,,unknown,No canonical local Immo perMuni stats row exists; civic address cannot be measured.,,,N/A,The local coverage matrix has no TOD scope entry for this city.,N/A,TOD is not applicable according to the local coverage matrix.,,,
saint-benoit-labre,saint-benoit-labre,complete,Canonical local Immo perMuni stats row is present and reports 1710 served lots.,1710,complete,Local Immo stats report 1710/1710 lots with surface_m2.,1710,1710,complete,Local Immo stats report 1710/1710 lots with code_postal.,1710,1710,incomplete,Local Immo stats report 1539/1710 lots with civic address.,1710,1539,N/A,The local coverage matrix has no TOD scope entry for this city.,N/A,TOD is not applicable according to the local coverage matrix.,,,
saint-bernard,,incomplete,No canonical local Immo perMuni stats row is present in the served-lots snapshot.,,unknown,No canonical local Immo perMuni stats row exists; surface_m2 cannot be measured.,,,unknown,No canonical local Immo perMuni stats row exists; code_postal cannot be measured.,,,unknown,No canonical local Immo perMuni stats row exists; civic address cannot be measured.,,,N/A,The local coverage matrix has no TOD scope entry for this city.,N/A,TOD is not applicable according to the local coverage matrix.,,,
saint-bernard-de-lacolle,saint-bernard-de-lacolle,complete,Canonical local Immo perMuni stats row is present and reports 1136 served lots.,1136,complete,Local Immo stats report 1136/1136 lots with surface_m2.,1136,1136,complete,Local Immo stats report 1136/1136 lots with code_postal.,1136,1136,incomplete,Local Immo stats report 1131/1136 lots with civic address.,1136,1131,N/A,The local coverage matrix has no TOD scope entry for this city.,N/A,TOD is not applicable according to the local coverage matrix.,,,
saint-bernard-de-michaudville,saint-bernard-de-michaudville,complete,Canonical local Immo perMuni stats row is present and reports 644 served lots.,644,complete,Local Immo stats report 644/644 lots with surface_m2.,644,644,complete,Local Immo stats report 644/644 lots with code_postal.,644,644,incomplete,Local Immo stats report 596/644 lots with civic address.,644,596,N/A,The local coverage matrix has no TOD scope entry for this city.,N/A,TOD is not applicable according to the local coverage matrix.,,,
saint-blaise-sur-richelieu,,incomplete,No canonical local Immo perMuni stats row is present in the served-lots snapshot.,,unknown,No canonical local Immo perMuni stats row exists; surface_m2 cannot be measured.,,,unknown,No canonical local Immo perMuni stats row exists; code_postal cannot be measured.,,,unknown,No canonical local Immo perMuni stats row exists; civic address cannot be measured.,,,N/A,The local coverage matrix has no TOD scope entry for this city.,N/A,TOD is not applicable according to the local coverage matrix.,,,
saint-bonaventure,saint-bonaventure,complete,Canonical local Immo perMuni stats row is present and reports 1104 served lots.,1104,complete,Local Immo stats report 1104/1104 lots with surface_m2.,1104,1104,complete,Local Immo stats report 1104/1104 lots with code_postal.,1104,1104,incomplete,Local Immo stats report 1013/1104 lots with civic address.,1104,1013,N/A,The local coverage matrix has no TOD scope entry for this city.,N/A,TOD is not applicable according to the local coverage matrix.,,,
saint-boniface,saint-boniface,complete,Canonical local Immo perMuni stats row is present and reports 3842 served lots.,3842,complete,Local Immo stats report 3842/3842 lots with surface_m2.,3842,3842,complete,Local Immo stats report 3842/3842 lots with code_postal.,3842,3842,incomplete,Local Immo stats report 3817/3842 lots with civic address.,3842,3817,N/A,The local coverage matrix has no TOD scope entry for this city.,N/A,TOD is not applicable according to the local coverage matrix.,,,
saint-bruno,,incomplete,No canonical local Immo perMuni stats row is present in the served-lots snapshot.,,unknown,No canonical local Immo perMuni stats row exists; surface_m2 cannot be measured.,,,unknown,No canonical local Immo perMuni stats row exists; code_postal cannot be measured.,,,unknown,No canonical local Immo perMuni stats row exists; civic address cannot be measured.,,,N/A,The local coverage matrix has no TOD scope entry for this city.,N/A,TOD is not applicable according to the local coverage matrix.,,,
saint-bruno-de-guigues,saint-bruno-de-guigues,complete,Canonical local Immo perMuni stats row is present and reports 1409 served lots.,1409,complete,Local Immo stats report 1409/1409 lots with surface_m2.,1409,1409,complete,Local Immo stats report 1409/1409 lots with code_postal.,1409,1409,incomplete,Local Immo stats report 1268/1409 lots with civic address.,1409,1268,N/A,The local coverage matrix has no TOD scope entry for this city.,N/A,TOD is not applicable according to the local coverage matrix.,,,
saint-bruno-de-kamouraska,saint-bruno-de-kamouraska,complete,Canonical local Immo perMuni stats row is present and reports 1552 served lots.,1552,complete,Local Immo stats report 1552/1552 lots with surface_m2.,1552,1552,complete,Local Immo stats report 1552/1552 lots with code_postal.,1552,1552,incomplete,Local Immo stats report 1407/1552 lots with civic address.,1552,1407,N/A,The local coverage matrix has no TOD scope entry for this city.,N/A,TOD is not applicable according to the local coverage matrix.,,,
saint-bruno-de-montarville,saint-bruno-de-montarville,complete,Canonical local Immo perMuni stats row is present and reports 10261 served lots.,10261,complete,Local Immo stats report 10261/10261 lots with surface_m2.,10261,10261,complete,Local Immo stats report 10261/10261 lots with code_postal.,10261,10261,incomplete,Local Immo stats report 9228/10261 lots with civic address.,10261,9228,complete,The local coverage matrix declares TOD scope with status done.,incomplete,Local Immo stats report the TOD join is absent: 0/10261 lots joined (0 lots in TOD).,10261,0,0
saint-calixte,saint-calixte,complete,Canonical local Immo perMuni stats row is present and reports 6937 served lots.,6937,complete,Local Immo stats report 6937/6937 lots with surface_m2.,6937,6937,complete,Local Immo stats report 6937/6937 lots with code_postal.,6937,6937,incomplete,Local Immo stats report 6867/6937 lots with civic address.,6937,6867,N/A,The local coverage matrix has no TOD scope entry for this city.,N/A,TOD is not applicable according to the local coverage matrix.,,,
saint-camille,saint-camille,complete,Canonical local Immo perMuni stats row is present and reports 549 served lots.,549,complete,Local Immo stats report 549/549 lots with surface_m2.,549,549,complete,Local Immo stats report 549/549 lots with code_postal.,549,549,incomplete,Local Immo stats report 543/549 lots with civic address.,549,543,N/A,The local coverage matrix has no TOD scope entry for this city.,N/A,TOD is not applicable according to the local coverage matrix.,,,
saint-camille-de-lellis,saint-camille-de-lellis,complete,Canonical local Immo perMuni stats row is present and reports 930 served lots.,930,complete,Local Immo stats report 930/930 lots with surface_m2.,930,930,complete,Local Immo stats report 930/930 lots with code_postal.,930,930,incomplete,Local Immo stats report 859/930 lots with civic address.,930,859,N/A,The local coverage matrix has no TOD scope entry for this city.,N/A,TOD is not applicable according to the local coverage matrix.,,,
saint-casimir,saint-casimir,complete,Canonical local Immo perMuni stats row is present and reports 1672 served lots.,1672,complete,Local Immo stats report 1672/1672 lots with surface_m2.,1672,1672,complete,Local Immo stats report 1672/1672 lots with code_postal.,1672,1672,incomplete,Local Immo stats report 1481/1672 lots with civic address.,1672,1481,N/A,The local coverage matrix has no TOD scope entry for this city.,N/A,TOD is not applicable according to the local coverage matrix.,,,
saint-celestin--nicolet-yamaska,saint-celestin--nicolet-yamaska,complete,Canonical local Immo perMuni stats row is present and reports 677 served lots.,677,complete,Local Immo stats report 677/677 lots with surface_m2.,677,677,complete,Local Immo stats report 677/677 lots with code_postal.,677,677,incomplete,Local Immo stats report 612/677 lots with civic address.,677,612,N/A,The local coverage matrix has no TOD scope entry for this city.,N/A,TOD is not applicable according to the local coverage matrix.,,,
saint-celestin--nicolet-yamaska--2,saint-celestin--nicolet-yamaska--2,complete,Canonical local Immo perMuni stats row is present and reports 721 served lots.,721,complete,Local Immo stats report 721/721 lots with surface_m2.,721,721,complete,Local Immo stats report 721/721 lots with code_postal.,721,721,incomplete,Local Immo stats report 649/721 lots with civic address.,721,649,N/A,The local coverage matrix has no TOD scope entry for this city.,N/A,TOD is not applicable according to the local coverage matrix.,,,
saint-cesaire,,incomplete,No canonical local Immo perMuni stats row is present in the served-lots snapshot.,,unknown,No canonical local Immo perMuni stats row exists; surface_m2 cannot be measured.,,,unknown,No canonical local Immo perMuni stats row exists; code_postal cannot be measured.,,,unknown,No canonical local Immo perMuni stats row exists; civic address cannot be measured.,,,N/A,The local coverage matrix has no TOD scope entry for this city.,N/A,TOD is not applicable according to the local coverage matrix.,,,
saint-charles-borromee,saint-charles-borromee,complete,Canonical local Immo perMuni stats row is present and reports 5120 served lots.,5120,complete,Local Immo stats report 5120/5120 lots with surface_m2.,5120,5120,complete,Local Immo stats report 5120/5120 lots with code_postal.,5120,5120,incomplete,Local Immo stats report 5021/5120 lots with civic address.,5120,5021,N/A,The local coverage matrix has no TOD scope entry for this city.,N/A,TOD is not applicable according to the local coverage matrix.,,,
saint-charles-de-bellechasse,saint-charles-de-bellechasse,complete,Canonical local Immo perMuni stats row is present and reports 2386 served lots.,2386,complete,Local Immo stats report 2386/2386 lots with surface_m2.,2386,2386,complete,Local Immo stats report 2386/2386 lots with code_postal.,2386,2386,incomplete,Local Immo stats report 2215/2386 lots with civic address.,2386,2215,N/A,The local coverage matrix has no TOD scope entry for this city.,N/A,TOD is not applicable according to the local coverage matrix.,,,
saint-charles-de-bourget,,incomplete,No canonical local Immo perMuni stats row is present in the served-lots snapshot.,,unknown,No canonical local Immo perMuni stats row exists; surface_m2 cannot be measured.,,,unknown,No canonical local Immo perMuni stats row exists; code_postal cannot be measured.,,,unknown,No canonical local Immo perMuni stats row exists; civic address cannot be measured.,,,N/A,The local coverage matrix has no TOD scope entry for this city.,N/A,TOD is not applicable according to the local coverage matrix.,,,
saint-charles-garnier,saint-charles-garnier,complete,Canonical local Immo perMuni stats row is present and reports 484 served lots.,484,complete,Local Immo stats report 484/484 lots with surface_m2.,484,484,complete,Local Immo stats report 484/484 lots with code_postal.,484,484,incomplete,Local Immo stats report 418/484 lots with civic address.,484,418,N/A,The local coverage matrix has no TOD scope entry for this city.,N/A,TOD is not applicable according to the local coverage matrix.,,,
saint-charles-sur-richelieu,saint-charles-sur-richelieu,complete,Canonical local Immo perMuni stats row is present and reports 1370 served lots.,1370,complete,Local Immo stats report 1370/1370 lots with surface_m2.,1370,1370,complete,Local Immo stats report 1370/1370 lots with code_postal.,1370,1370,incomplete,Local Immo stats report 1360/1370 lots with civic address.,1370,1360,N/A,The local coverage matrix has no TOD scope entry for this city.,N/A,TOD is not applicable according to the local coverage matrix.,,,
saint-christophe-darthabaska,saint-christophe-darthabaska,complete,Canonical local Immo perMuni stats row is present and reports 2096 served lots.,2096,complete,Local Immo stats report 2096/2096 lots with surface_m2.,2096,2096,complete,Local Immo stats report 2096/2096 lots with code_postal.,2096,2096,incomplete,Local Immo stats report 1925/2096 lots with civic address.,2096,1925,N/A,The local coverage matrix has no TOD scope entry for this city.,N/A,TOD is not applicable according to the local coverage matrix.,,,
saint-chrysostome,saint-chrysostome,complete,Canonical local Immo perMuni stats row is present and reports 1740 served lots.,1740,complete,Local Immo stats report 1740/1740 lots with surface_m2.,1740,1740,complete,Local Immo stats report 1740/1740 lots with code_postal.,1740,1740,incomplete,Local Immo stats report 1723/1740 lots with civic address.,1740,1723,N/A,The local coverage matrix has no TOD scope entry for this city.,N/A,TOD is not applicable according to the local coverage matrix.,,,
saint-claude,saint-claude,complete,Canonical local Immo perMuni stats row is present and reports 1129 served lots.,1129,complete,Local Immo stats report 1129/1129 lots with surface_m2.,1129,1129,complete,Local Immo stats report 1129/1129 lots with code_postal.,1129,1129,incomplete,Local Immo stats report 1023/1129 lots with civic address.,1129,1023,N/A,The local coverage matrix has no TOD scope entry for this city.,N/A,TOD is not applicable according to the local coverage matrix.,,,
saint-clement,,incomplete,No canonical local Immo perMuni stats row is present in the served-lots snapshot.,,unknown,No canonical local Immo perMuni stats row exists; surface_m2 cannot be measured.,,,unknown,No canonical local Immo perMuni stats row exists; code_postal cannot be measured.,,,unknown,No canonical local Immo perMuni stats row exists; civic address cannot be measured.,,,N/A,The local coverage matrix has no TOD scope entry for this city.,N/A,TOD is not applicable according to the local coverage matrix.,,,
saint-cleophas,saint-cleophas,complete,Canonical local Immo perMuni stats row is present and reports 494 served lots.,494,complete,Local Immo stats report 494/494 lots with surface_m2.,494,494,complete,Local Immo stats report 494/494 lots with code_postal.,494,494,incomplete,Local Immo stats report 429/494 lots with civic address.,494,429,N/A,The local coverage matrix has no TOD scope entry for this city.,N/A,TOD is not applicable according to the local coverage matrix.,,,
saint-cleophas-de-brandon,saint-cleophas-de-brandon,complete,Canonical local Immo perMuni stats row is present and reports 222 served lots.,222,complete,Local Immo stats report 222/222 lots with surface_m2.,222,222,complete,Local Immo stats report 222/222 lots with code_postal.,222,222,complete,Local Immo stats report 222/222 lots with civic address.,222,222,N/A,The local coverage matrix has no TOD scope entry for this city.,N/A,TOD is not applicable according to the local coverage matrix.,,,
saint-clet,,incomplete,No canonical local Immo perMuni stats row is present in the served-lots snapshot.,,unknown,No canonical local Immo perMuni stats row exists; surface_m2 cannot be measured.,,,unknown,No canonical local Immo perMuni stats row exists; code_postal cannot be measured.,,,unknown,No canonical local Immo perMuni stats row exists; civic address cannot be measured.,,,N/A,The local coverage matrix has no TOD scope entry for this city.,N/A,TOD is not applicable according to the local coverage matrix.,,,
saint-colomban,saint-colomban,complete,Canonical local Immo perMuni stats row is present and reports 10729 served lots.,10729,complete,Local Immo stats report 10729/10729 lots with surface_m2.,10729,10729,complete,Local Immo stats report 10729/10729 lots with code_postal.,10729,10729,incomplete,Local Immo stats report 10532/10729 lots with civic address.,10729,10532,N/A,The local coverage matrix has no TOD scope entry for this city.,N/A,TOD is not applicable according to the local coverage matrix.,,,
saint-come,saint-come,complete,Canonical local Immo perMuni stats row is present and reports 5301 served lots.,5301,complete,Local Immo stats report 5301/5301 lots with surface_m2.,5301,5301,complete,Local Immo stats report 5301/5301 lots with code_postal.,5301,5301,incomplete,Local Immo stats report 4924/5301 lots with civic address.,5301,4924,N/A,The local coverage matrix has no TOD scope entry for this city.,N/A,TOD is not applicable according to the local coverage matrix.,,,
saint-come-liniere,saint-come-liniere,complete,Canonical local Immo perMuni stats row is present and reports 2827 served lots.,2827,complete,Local Immo stats report 2827/2827 lots with surface_m2.,2827,2827,complete,Local Immo stats report 2827/2827 lots with code_postal.,2827,2827,incomplete,Local Immo stats report 2553/2827 lots with civic address.,2827,2553,N/A,The local coverage matrix has no TOD scope entry for this city.,N/A,TOD is not applicable according to the local coverage matrix.,,,
saint-constant,saint-constant,complete,Canonical local Immo perMuni stats row is present and reports 11622 served lots.,11622,complete,Local Immo stats report 11622/11622 lots with surface_m2.,11622,11622,complete,Local Immo stats report 11622/11622 lots with code_postal.,11622,11622,incomplete,Local Immo stats report 11468/11622 lots with civic address.,11622,11468,complete,The local coverage matrix declares TOD scope with status done.,complete,Local Immo stats report a TOD join for 11622/11622 lots (5141 lots are in TOD).,11622,11622,5141
saint-cuthbert,saint-cuthbert,complete,Canonical local Immo perMuni stats row is present and reports 1985 served lots.,1985,complete,Local Immo stats report 1985/1985 lots with surface_m2.,1985,1985,complete,Local Immo stats report 1985/1985 lots with code_postal.,1985,1985,incomplete,Local Immo stats report 1968/1985 lots with civic address.,1985,1968,N/A,The local coverage matrix has no TOD scope entry for this city.,N/A,TOD is not applicable according to the local coverage matrix.,,,
saint-cyprien--les-etchemins,saint-cyprien--les-etchemins,complete,Canonical local Immo perMuni stats row is present and reports 758 served lots.,758,complete,Local Immo stats report 758/758 lots with surface_m2.,758,758,complete,Local Immo stats report 758/758 lots with code_postal.,758,758,incomplete,Local Immo stats report 655/758 lots with civic address.,758,655,N/A,The local coverage matrix has no TOD scope entry for this city.,N/A,TOD is not applicable according to the local coverage matrix.,,,
saint-cyprien--riviere-du-loup,,incomplete,No canonical local Immo perMuni stats row is present in the served-lots snapshot.,,unknown,No canonical local Immo perMuni stats row exists; surface_m2 cannot be measured.,,,unknown,No canonical local Immo perMuni stats row exists; code_postal cannot be measured.,,,unknown,No canonical local Immo perMuni stats row exists; civic address cannot be measured.,,,N/A,The local coverage matrix has no TOD scope entry for this city.,N/A,TOD is not applicable according to the local coverage matrix.,,,
saint-cyprien-de-napierville,,incomplete,No canonical local Immo perMuni stats row is present in the served-lots snapshot.,,unknown,No canonical local Immo perMuni stats row exists; surface_m2 cannot be measured.,,,unknown,No canonical local Immo perMuni stats row exists; code_postal cannot be measured.,,,unknown,No canonical local Immo perMuni stats row exists; civic address cannot be measured.,,,N/A,The local coverage matrix has no TOD scope entry for this city.,N/A,TOD is not applicable according to the local coverage matrix.,,,
saint-cyrille-de-lessard,saint-cyrille-de-lessard,complete,Canonical local Immo perMuni stats row is present and reports 1246 served lots.,1246,complete,Local Immo stats report 1246/1246 lots with surface_m2.,1246,1246,complete,Local Immo stats report 1246/1246 lots with code_postal.,1246,1246,incomplete,Local Immo stats report 1161/1246 lots with civic address.,1246,1161,N/A,The local coverage matrix has no TOD scope entry for this city.,N/A,TOD is not applicable according to the local coverage matrix.,,,
saint-cyrille-de-wendover,saint-cyrille-de-wendover,complete,Canonical local Immo perMuni stats row is present and reports 2842 served lots.,2842,complete,Local Immo stats report 2842/2842 lots with surface_m2.,2842,2842,complete,Local Immo stats report 2842/2842 lots with code_postal.,2842,2842,incomplete,Local Immo stats report 2562/2842 lots with civic address.,2842,2562,N/A,The local coverage matrix has no TOD scope entry for this city.,N/A,TOD is not applicable according to the local coverage matrix.,,,
saint-damase--la-matapedia,saint-damase--la-matapedia,complete,Canonical local Immo perMuni stats row is present and reports 925 served lots.,925,complete,Local Immo stats report 925/925 lots with surface_m2.,925,925,complete,Local Immo stats report 925/925 lots with code_postal.,925,925,incomplete,Local Immo stats report 819/925 lots with civic address.,925,819,N/A,The local coverage matrix has no TOD scope entry for this city.,N/A,TOD is not applicable according to the local coverage matrix.,,,
saint-damase--les-maskoutains,saint-damase--les-maskoutains,complete,Canonical local Immo perMuni stats row is present and reports 1708 served lots.,1708,complete,Local Immo stats report 1708/1708 lots with surface_m2.,1708,1708,complete,Local Immo stats report 1708/1708 lots with code_postal.,1708,1708,incomplete,Local Immo stats report 1576/1708 lots with civic address.,1708,1576,N/A,The local coverage matrix has no TOD scope entry for this city.,N/A,TOD is not applicable according to the local coverage matrix.,,,
saint-damase-de-lislet,,incomplete,No canonical local Immo perMuni stats row is present in the served-lots snapshot.,,unknown,No canonical local Immo perMuni stats row exists; surface_m2 cannot be measured.,,,unknown,No canonical local Immo perMuni stats row exists; code_postal cannot be measured.,,,unknown,No canonical local Immo perMuni stats row exists; civic address cannot be measured.,,,N/A,The local coverage matrix has no TOD scope entry for this city.,N/A,TOD is not applicable according to the local coverage matrix.,,,
saint-damien,saint-damien,complete,Canonical local Immo perMuni stats row is present and reports 3236 served lots.,3236,complete,Local Immo stats report 3236/3236 lots with surface_m2.,3236,3236,complete,Local Immo stats report 3236/3236 lots with code_postal.,3236,3236,incomplete,Local Immo stats report 3199/3236 lots with civic address.,3236,3199,N/A,The local coverage matrix has no TOD scope entry for this city.,N/A,TOD is not applicable according to the local coverage matrix.,,,
saint-damien-de-buckland,saint-damien-de-buckland,complete,Canonical local Immo perMuni stats row is present and reports 1638 served lots.,1638,complete,Local Immo stats report 1638/1638 lots with surface_m2.,1638,1638,complete,Local Immo stats report 1638/1638 lots with code_postal.,1638,1638,incomplete,Local Immo stats report 1469/1638 lots with civic address.,1638,1469,N/A,The local coverage matrix has no TOD scope entry for this city.,N/A,TOD is not applicable according to the local coverage matrix.,,,
saint-david,saint-david,complete,Canonical local Immo perMuni stats row is present and reports 1053 served lots.,1053,complete,Local Immo stats report 1053/1053 lots with surface_m2.,1053,1053,complete,Local Immo stats report 1053/1053 lots with code_postal.,1053,1053,incomplete,Local Immo stats report 964/1053 lots with civic address.,1053,964,N/A,The local coverage matrix has no TOD scope entry for this city.,N/A,TOD is not applicable according to the local coverage matrix.,,,
saint-david-de-falardeau,saint-david-de-falardeau,complete,Canonical local Immo perMuni stats row is present and reports 1786 served lots.,1786,complete,Local Immo stats report 1786/1786 lots with surface_m2.,1786,1786,complete,Local Immo stats report 1786/1786 lots with code_postal.,1786,1786,incomplete,Local Immo stats report 1618/1786 lots with civic address.,1786,1618,N/A,The local coverage matrix has no TOD scope entry for this city.,N/A,TOD is not applicable according to the local coverage matrix.,,,
saint-denis-de-brompton,saint-denis-de-brompton,complete,Canonical local Immo perMuni stats row is present and reports 3480 served lots.,3480,complete,Local Immo stats report 3480/3480 lots with surface_m2.,3480,3480,complete,Local Immo stats report 3480/3480 lots with code_postal.,3480,3480,incomplete,Local Immo stats report 3185/3480 lots with civic address.,3480,3185,N/A,The local coverage matrix has no TOD scope entry for this city.,N/A,TOD is not applicable according to the local coverage matrix.,,,
saint-denis-de-la-bouteillerie,saint-denis-de-la-bouteillerie,complete,Canonical local Immo perMuni stats row is present and reports 913 served lots.,913,complete,Local Immo stats report 913/913 lots with surface_m2.,913,913,complete,Local Immo stats report 913/913 lots with code_postal.,913,913,incomplete,Local Immo stats report 848/913 lots with civic address.,913,848,N/A,The local coverage matrix has no TOD scope entry for this city.,N/A,TOD is not applicable according to the local coverage matrix.,,,
saint-denis-sur-richelieu,saint-denis-sur-richelieu,complete,Canonical local Immo perMuni stats row is present and reports 1630 served lots.,1630,complete,Local Immo stats report 1630/1630 lots with surface_m2.,1630,1630,complete,Local Immo stats report 1630/1630 lots with code_postal.,1630,1630,incomplete,Local Immo stats report 1623/1630 lots with civic address.,1630,1623,N/A,The local coverage matrix has no TOD scope entry for this city.,N/A,TOD is not applicable according to the local coverage matrix.,,,
saint-didace,saint-didace,complete,Canonical local Immo perMuni stats row is present and reports 1277 served lots.,1277,complete,Local Immo stats report 1277/1277 lots with surface_m2.,1277,1277,complete,Local Immo stats report 1277/1277 lots with code_postal.,1277,1277,incomplete,Local Immo stats report 1273/1277 lots with civic address.,1277,1273,N/A,The local coverage matrix has no TOD scope entry for this city.,N/A,TOD is not applicable according to the local coverage matrix.,,,
saint-dominique,saint-dominique,complete,Canonical local Immo perMuni stats row is present and reports 1544 served lots.,1544,complete,Local Immo stats report 1544/1544 lots with surface_m2.,1544,1544,complete,Local Immo stats report 1544/1544 lots with code_postal.,1544,1544,incomplete,Local Immo stats report 1537/1544 lots with civic address.,1544,1537,N/A,The local coverage matrix has no TOD scope entry for this city.,N/A,TOD is not applicable according to the local coverage matrix.,,,
saint-dominique-du-rosaire,saint-dominique-du-rosaire,complete,Canonical local Immo perMuni stats row is present and reports 85 served lots.,85,complete,Local Immo stats report 85/85 lots with surface_m2.,85,85,complete,Local Immo stats report 85/85 lots with code_postal.,85,85,incomplete,Local Immo stats report 69/85 lots with civic address.,85,69,N/A,The local coverage matrix has no TOD scope entry for this city.,N/A,TOD is not applicable according to the local coverage matrix.,,,
saint-donat--la-mitis,saint-donat--la-mitis,complete,Canonical local Immo perMuni stats row is present and reports 1523 served lots.,1523,complete,Local Immo stats report 1523/1523 lots with surface_m2.,1523,1523,complete,Local Immo stats report 1523/1523 lots with code_postal.,1523,1523,incomplete,Local Immo stats report 1414/1523 lots with civic address.,1523,1414,N/A,The local coverage matrix has no TOD scope entry for this city.,N/A,TOD is not applicable according to the local coverage matrix.,,,
saint-donat--matawinie,saint-donat--matawinie,complete,Canonical local Immo perMuni stats row is present and reports 6443 served lots.,6443,complete,Local Immo stats report 6443/6443 lots with surface_m2.,6443,6443,complete,Local Immo stats report 6443/6443 lots with code_postal.,6443,6443,incomplete,Local Immo stats report 6273/6443 lots with civic address.,6443,6273,N/A,The local coverage matrix has no TOD scope entry for this city.,N/A,TOD is not applicable according to the local coverage matrix.,,,
saint-edmond-de-grantham,saint-edmond-de-grantham,complete,Canonical local Immo perMuni stats row is present and reports 637 served lots.,637,complete,Local Immo stats report 637/637 lots with surface_m2.,637,637,complete,Local Immo stats report 637/637 lots with code_postal.,637,637,incomplete,Local Immo stats report 590/637 lots with civic address.,637,590,N/A,The local coverage matrix has no TOD scope entry for this city.,N/A,TOD is not applicable according to the local coverage matrix.,,,
saint-edmond-les-plaines,saint-edmond-les-plaines,complete,Canonical local Immo perMuni stats row is present and reports 379 served lots.,379,complete,Local Immo stats report 379/379 lots with surface_m2.,379,379,complete,Local Immo stats report 379/379 lots with code_postal.,379,379,incomplete,Local Immo stats report 335/379 lots with civic address.,379,335,N/A,The local coverage matrix has no TOD scope entry for this city.,N/A,TOD is not applicable according to the local coverage matrix.,,,
saint-edouard,,incomplete,No canonical local Immo perMuni stats row is present in the served-lots snapshot.,,unknown,No canonical local Immo perMuni stats row exists; surface_m2 cannot be measured.,,,unknown,No canonical local Immo perMuni stats row exists; code_postal cannot be measured.,,,unknown,No canonical local Immo perMuni stats row exists; civic address cannot be measured.,,,N/A,The local coverage matrix has no TOD scope entry for this city.,N/A,TOD is not applicable according to the local coverage matrix.,,,
saint-edouard-de-fabre,saint-edouard-de-fabre,complete,Canonical local Immo perMuni stats row is present and reports 840 served lots.,840,complete,Local Immo stats report 840/840 lots with surface_m2.,840,840,complete,Local Immo stats report 840/840 lots with code_postal.,840,840,incomplete,Local Immo stats report 733/840 lots with civic address.,840,733,N/A,The local coverage matrix has no TOD scope entry for this city.,N/A,TOD is not applicable according to the local coverage matrix.,,,
saint-edouard-de-lotbiniere,saint-edouard-de-lotbiniere,complete,Canonical local Immo perMuni stats row is present and reports 1107 served lots.,1107,complete,Local Immo stats report 1107/1107 lots with surface_m2.,1107,1107,complete,Local Immo stats report 1107/1107 lots with code_postal.,1107,1107,incomplete,Local Immo stats report 1028/1107 lots with civic address.,1107,1028,N/A,The local coverage matrix has no TOD scope entry for this city.,N/A,TOD is not applicable according to the local coverage matrix.,,,
saint-edouard-de-maskinonge,,incomplete,No canonical local Immo perMuni stats row is present in the served-lots snapshot.,,unknown,No canonical local Immo perMuni stats row exists; surface_m2 cannot be measured.,,,unknown,No canonical local Immo perMuni stats row exists; code_postal cannot be measured.,,,unknown,No canonical local Immo perMuni stats row exists; civic address cannot be measured.,,,N/A,The local coverage matrix has no TOD scope entry for this city.,N/A,TOD is not applicable according to the local coverage matrix.,,,
saint-elie-de-caxton,saint-elie-de-caxton,complete,Canonical local Immo perMuni stats row is present and reports 2368 served lots.,2368,complete,Local Immo stats report 2368/2368 lots with surface_m2.,2368,2368,complete,Local Immo stats report 2368/2368 lots with code_postal.,2368,2368,incomplete,Local Immo stats report 2312/2368 lots with civic address.,2368,2312,N/A,The local coverage matrix has no TOD scope entry for this city.,N/A,TOD is not applicable according to the local coverage matrix.,,,
saint-eloi,saint-eloi,complete,Canonical local Immo perMuni stats row is present and reports 661 served lots.,661,complete,Local Immo stats report 661/661 lots with surface_m2.,661,661,complete,Local Immo stats report 661/661 lots with code_postal.,661,661,incomplete,Local Immo stats report 609/661 lots with civic address.,661,609,N/A,The local coverage matrix has no TOD scope entry for this city.,N/A,TOD is not applicable according to the local coverage matrix.,,,
saint-elphege,saint-elphege,complete,Canonical local Immo perMuni stats row is present and reports 379 served lots.,379,complete,Local Immo stats report 379/379 lots with surface_m2.,379,379,complete,Local Immo stats report 379/379 lots with code_postal.,379,379,incomplete,Local Immo stats report 334/379 lots with civic address.,379,334,N/A,The local coverage matrix has no TOD scope entry for this city.,N/A,TOD is not applicable according to the local coverage matrix.,,,
saint-elzear--bonaventure,saint-elzear--bonaventure,complete,Canonical local Immo perMuni stats row is present and reports 590 served lots.,590,complete,Local Immo stats report 590/590 lots with surface_m2.,590,590,complete,Local Immo stats report 590/590 lots with code_postal.,590,590,incomplete,Local Immo stats report 582/590 lots with civic address.,590,582,N/A,The local coverage matrix has no TOD scope entry for this city.,N/A,TOD is not applicable according to the local coverage matrix.,,,
saint-elzear--la-nouvelle-beauce,saint-elzear--la-nouvelle-beauce,complete,Canonical local Immo perMuni stats row is present and reports 2010 served lots.,2010,complete,Local Immo stats report 2010/2010 lots with surface_m2.,2010,2010,complete,Local Immo stats report 2010/2010 lots with code_postal.,2010,2010,incomplete,Local Immo stats report 1786/2010 lots with civic address.,2010,1786,N/A,The local coverage matrix has no TOD scope entry for this city.,N/A,TOD is not applicable according to the local coverage matrix.,,,
saint-elzear-de-temiscouata,saint-elzear-de-temiscouata,complete,Canonical local Immo perMuni stats row is present and reports 503 served lots.,503,complete,Local Immo stats report 503/503 lots with surface_m2.,503,503,complete,Local Immo stats report 503/503 lots with code_postal.,503,503,incomplete,Local Immo stats report 448/503 lots with civic address.,503,448,N/A,The local coverage matrix has no TOD scope entry for this city.,N/A,TOD is not applicable according to the local coverage matrix.,,,
saint-emile-de-suffolk,saint-emile-de-suffolk,complete,Canonical local Immo perMuni stats row is present and reports 1169 served lots.,1169,complete,Local Immo stats report 1169/1169 lots with surface_m2.,1169,1169,complete,Local Immo stats report 1169/1169 lots with code_postal.,1169,1169,incomplete,Local Immo stats report 1006/1169 lots with civic address.,1169,1006,N/A,The local coverage matrix has no TOD scope entry for this city.,N/A,TOD is not applicable according to the local coverage matrix.,,,
saint-ephrem-de-beauce,saint-ephrem-de-beauce,complete,Canonical local Immo perMuni stats row is present and reports 1858 served lots.,1858,complete,Local Immo stats report 1858/1858 lots with surface_m2.,1858,1858,complete,Local Immo stats report 1858/1858 lots with code_postal.,1858,1858,incomplete,Local Immo stats report 1662/1858 lots with civic address.,1858,1662,N/A,The local coverage matrix has no TOD scope entry for this city.,N/A,TOD is not applicable according to the local coverage matrix.,,,
saint-epiphane,saint-epiphane,complete,Canonical local Immo perMuni stats row is present and reports 1066 served lots.,1066,complete,Local Immo stats report 1066/1066 lots with surface_m2.,1066,1066,complete,Local Immo stats report 1066/1066 lots with code_postal.,1066,1066,incomplete,Local Immo stats report 955/1066 lots with civic address.,1066,955,N/A,The local coverage matrix has no TOD scope entry for this city.,N/A,TOD is not applicable according to the local coverage matrix.,,,
saint-esprit,saint-esprit,complete,Canonical local Immo perMuni stats row is present and reports 1505 served lots.,1505,complete,Local Immo stats report 1505/1505 lots with surface_m2.,1505,1505,complete,Local Immo stats report 1505/1505 lots with code_postal.,1505,1505,incomplete,Local Immo stats report 1477/1505 lots with civic address.,1505,1477,N/A,The local coverage matrix has no TOD scope entry for this city.,N/A,TOD is not applicable according to the local coverage matrix.,,,
saint-etienne-de-beauharnois,saint-etienne-de-beauharnois,complete,Canonical local Immo perMuni stats row is present and reports 694 served lots.,694,complete,Local Immo stats report 694/694 lots with surface_m2.,694,694,complete,Local Immo stats report 694/694 lots with code_postal.,694,694,incomplete,Local Immo stats report 672/694 lots with civic address.,694,672,N/A,The local coverage matrix has no TOD scope entry for this city.,N/A,TOD is not applicable according to the local coverage matrix.,,,
saint-etienne-de-bolton,saint-etienne-de-bolton,complete,Canonical local Immo perMuni stats row is present and reports 1148 served lots.,1148,complete,Local Immo stats report 1148/1148 lots with surface_m2.,1148,1148,complete,Local Immo stats report 1148/1148 lots with code_postal.,1148,1148,incomplete,Local Immo stats report 1044/1148 lots with civic address.,1148,1044,N/A,The local coverage matrix has no TOD scope entry for this city.,N/A,TOD is not applicable according to the local coverage matrix.,,,
saint-etienne-des-gres,saint-etienne-des-gres,complete,Canonical local Immo perMuni stats row is present and reports 3267 served lots.,3267,complete,Local Immo stats report 3267/3267 lots with surface_m2.,3267,3267,complete,Local Immo stats report 3267/3267 lots with code_postal.,3267,3267,incomplete,Local Immo stats report 3256/3267 lots with civic address.,3267,3256,N/A,The local coverage matrix has no TOD scope entry for this city.,N/A,TOD is not applicable according to the local coverage matrix.,,,
saint-eugene,saint-eugene,complete,Canonical local Immo perMuni stats row is present and reports 1103 served lots.,1103,complete,Local Immo stats report 1103/1103 lots with surface_m2.,1103,1103,complete,Local Immo stats report 1103/1103 lots with code_postal.,1103,1103,incomplete,Local Immo stats report 1008/1103 lots with civic address.,1103,1008,N/A,The local coverage matrix has no TOD scope entry for this city.,N/A,TOD is not applicable according to the local coverage matrix.,,,
saint-eugene-dargentenay,,incomplete,No canonical local Immo perMuni stats row is present in the served-lots snapshot.,,unknown,No canonical local Immo perMuni stats row exists; surface_m2 cannot be measured.,,,unknown,No canonical local Immo perMuni stats row exists; code_postal cannot be measured.,,,unknown,No canonical local Immo perMuni stats row exists; civic address cannot be measured.,,,N/A,The local coverage matrix has no TOD scope entry for this city.,N/A,TOD is not applicable according to the local coverage matrix.,,,
saint-eugene-de-guigues,,incomplete,No canonical local Immo perMuni stats row is present in the served-lots snapshot.,,unknown,No canonical local Immo perMuni stats row exists; surface_m2 cannot be measured.,,,unknown,No canonical local Immo perMuni stats row exists; code_postal cannot be measured.,,,unknown,No canonical local Immo perMuni stats row exists; civic address cannot be measured.,,,N/A,The local coverage matrix has no TOD scope entry for this city.,N/A,TOD is not applicable according to the local coverage matrix.,,,
saint-eugene-de-ladriere,saint-eugene-de-ladriere,complete,Canonical local Immo perMuni stats row is present and reports 5 served lots.,5,complete,Local Immo stats report 5/5 lots with surface_m2.,5,5,complete,Local Immo stats report 5/5 lots with code_postal.,5,5,incomplete,Local Immo stats report 0/5 lots with civic address.,5,0,N/A,The local coverage matrix has no TOD scope entry for this city.,N/A,TOD is not applicable according to the local coverage matrix.,,,
saint-eusebe,saint-eusebe,complete,Canonical local Immo perMuni stats row is present and reports 908 served lots.,908,complete,Local Immo stats report 908/908 lots with surface_m2.,908,908,complete,Local Immo stats report 908/908 lots with code_postal.,908,908,incomplete,Local Immo stats report 794/908 lots with civic address.,908,794,N/A,The local coverage matrix has no TOD scope entry for this city.,N/A,TOD is not applicable according to the local coverage matrix.,,,
saint-eustache,saint-eustache,complete,Canonical local Immo perMuni stats row is present and reports 16036 served lots.,16036,complete,Local Immo stats report 16036/16036 lots with surface_m2.,16036,16036,complete,Local Immo stats report 16036/16036 lots with code_postal.,16036,16036,incomplete,Local Immo stats report 15714/16036 lots with civic address.,16036,15714,N/A,The local coverage matrix has no TOD scope entry for this city.,N/A,TOD is not applicable according to the local coverage matrix.,,,
saint-fabien,saint-fabien,complete,Canonical local Immo perMuni stats row is present and reports 2859 served lots.,2859,complete,Local Immo stats report 2859/2859 lots with surface_m2.,2859,2859,complete,Local Immo stats report 2859/2859 lots with code_postal.,2859,2859,incomplete,Local Immo stats report 2634/2859 lots with civic address.,2859,2634,N/A,The local coverage matrix has no TOD scope entry for this city.,N/A,TOD is not applicable according to the local coverage matrix.,,,
saint-fabien-de-panet,saint-fabien-de-panet,complete,Canonical local Immo perMuni stats row is present and reports 1378 served lots.,1378,complete,Local Immo stats report 1378/1378 lots with surface_m2.,1378,1378,complete,Local Immo stats report 1378/1378 lots with code_postal.,1378,1378,incomplete,Local Immo stats report 1255/1378 lots with civic address.,1378,1255,N/A,The local coverage matrix has no TOD scope entry for this city.,N/A,TOD is not applicable according to the local coverage matrix.,,,
saint-felicien,saint-felicien,complete,Canonical local Immo perMuni stats row is present and reports 3786 served lots.,3786,complete,Local Immo stats report 3786/3786 lots with surface_m2.,3786,3786,complete,Local Immo stats report 3786/3786 lots with code_postal.,3786,3786,incomplete,Local Immo stats report 3409/3786 lots with civic address.,3786,3409,N/A,The local coverage matrix has no TOD scope entry for this city.,N/A,TOD is not applicable according to the local coverage matrix.,,,
saint-felix-de-dalquier,saint-felix-de-dalquier,complete,Canonical local Immo perMuni stats row is present and reports 936 served lots.,936,complete,Local Immo stats report 936/936 lots with surface_m2.,936,936,complete,Local Immo stats report 936/936 lots with code_postal.,936,936,incomplete,Local Immo stats report 0/936 lots with civic address.,936,0,N/A,The local coverage matrix has no TOD scope entry for this city.,N/A,TOD is not applicable according to the local coverage matrix.,,,
saint-felix-de-kingsey,saint-felix-de-kingsey,complete,Canonical local Immo perMuni stats row is present and reports 1398 served lots.,1398,complete,Local Immo stats report 1398/1398 lots with surface_m2.,1398,1398,complete,Local Immo stats report 1398/1398 lots with code_postal.,1398,1398,incomplete,Local Immo stats report 1255/1398 lots with civic address.,1398,1255,N/A,The local coverage matrix has no TOD scope entry for this city.,N/A,TOD is not applicable according to the local coverage matrix.,,,
saint-felix-de-valois,saint-felix-de-valois,complete,Canonical local Immo perMuni stats row is present and reports 4313 served lots.,4313,complete,Local Immo stats report 4313/4313 lots with surface_m2.,4313,4313,complete,Local Immo stats report 4313/4313 lots with code_postal.,4313,4313,incomplete,Local Immo stats report 4139/4313 lots with civic address.,4313,4139,N/A,The local coverage matrix has no TOD scope entry for this city.,N/A,TOD is not applicable according to the local coverage matrix.,,,
saint-felix-dotis,,incomplete,No canonical local Immo perMuni stats row is present in the served-lots snapshot.,,unknown,No canonical local Immo perMuni stats row exists; surface_m2 cannot be measured.,,,unknown,No canonical local Immo perMuni stats row exists; code_postal cannot be measured.,,,unknown,No canonical local Immo perMuni stats row exists; civic address cannot be measured.,,,N/A,The local coverage matrix has no TOD scope entry for this city.,N/A,TOD is not applicable according to the local coverage matrix.,,,
saint-ferdinand,saint-ferdinand,complete,Canonical local Immo perMuni stats row is present and reports 2078 served lots.,2078,complete,Local Immo stats report 2078/2078 lots with surface_m2.,2078,2078,complete,Local Immo stats report 2078/2078 lots with code_postal.,2078,2078,incomplete,Local Immo stats report 1869/2078 lots with civic address.,2078,1869,N/A,The local coverage matrix has no TOD scope entry for this city.,N/A,TOD is not applicable according to the local coverage matrix.,,,
saint-ferreol-les-neiges,saint-ferreol-les-neiges,complete,Canonical local Immo perMuni stats row is present and reports 3090 served lots.,3090,complete,Local Immo stats report 3090/3090 lots with surface_m2.,3090,3090,complete,Local Immo stats report 3090/3090 lots with code_postal.,3090,3090,incomplete,Local Immo stats report 2903/3090 lots with civic address.,3090,2903,N/A,The local coverage matrix has no TOD scope entry for this city.,N/A,TOD is not applicable according to the local coverage matrix.,,,
saint-flavien,saint-flavien,complete,Canonical local Immo perMuni stats row is present and reports 1166 served lots.,1166,complete,Local Immo stats report 1166/1166 lots with surface_m2.,1166,1166,complete,Local Immo stats report 1166/1166 lots with code_postal.,1166,1166,incomplete,Local Immo stats report 1055/1166 lots with civic address.,1166,1055,N/A,The local coverage matrix has no TOD scope entry for this city.,N/A,TOD is not applicable according to the local coverage matrix.,,,
saint-fortunat,saint-fortunat,complete,Canonical local Immo perMuni stats row is present and reports 525 served lots.,525,complete,Local Immo stats report 525/525 lots with surface_m2.,525,525,complete,Local Immo stats report 525/525 lots with code_postal.,525,525,incomplete,Local Immo stats report 518/525 lots with civic address.,525,518,N/A,The local coverage matrix has no TOD scope entry for this city.,N/A,TOD is not applicable according to the local coverage matrix.,,,
saint-francois-dassise,saint-francois-dassise,complete,Canonical local Immo perMuni stats row is present and reports 778 served lots.,778,complete,Local Immo stats report 778/778 lots with surface_m2.,778,778,complete,Local Immo stats report 778/778 lots with code_postal.,778,778,incomplete,Local Immo stats report 774/778 lots with civic address.,778,774,N/A,The local coverage matrix has no TOD scope entry for this city.,N/A,TOD is not applicable according to the local coverage matrix.,,,
saint-francois-de-la-riviere-du-sud,saint-francois-de-la-riviere-du-sud,complete,Canonical local Immo perMuni stats row is present and reports 1552 served lots.,1552,complete,Local Immo stats report 1552/1552 lots with surface_m2.,1552,1552,complete,Local Immo stats report 1552/1552 lots with code_postal.,1552,1552,incomplete,Local Immo stats report 1431/1552 lots with civic address.,1552,1431,N/A,The local coverage matrix has no TOD scope entry for this city.,N/A,TOD is not applicable according to the local coverage matrix.,,,
saint-francois-de-lile-dorleans,saint-francois-de-lile-dorleans,complete,Canonical local Immo perMuni stats row is present and reports 672 served lots.,672,complete,Local Immo stats report 672/672 lots with surface_m2.,672,672,complete,Local Immo stats report 672/672 lots with code_postal.,672,672,incomplete,Local Immo stats report 667/672 lots with civic address.,672,667,N/A,The local coverage matrix has no TOD scope entry for this city.,N/A,TOD is not applicable according to the local coverage matrix.,,,
saint-francois-de-sales,,incomplete,No canonical local Immo perMuni stats row is present in the served-lots snapshot.,,unknown,No canonical local Immo perMuni stats row exists; surface_m2 cannot be measured.,,,unknown,No canonical local Immo perMuni stats row exists; code_postal cannot be measured.,,,unknown,No canonical local Immo perMuni stats row exists; civic address cannot be measured.,,,N/A,The local coverage matrix has no TOD scope entry for this city.,N/A,TOD is not applicable according to the local coverage matrix.,,,
saint-francois-du-lac,saint-francois-du-lac,complete,Canonical local Immo perMuni stats row is present and reports 1858 served lots.,1858,complete,Local Immo stats report 1858/1858 lots with surface_m2.,1858,1858,complete,Local Immo stats report 1858/1858 lots with code_postal.,1858,1858,incomplete,Local Immo stats report 1725/1858 lots with civic address.,1858,1725,N/A,The local coverage matrix has no TOD scope entry for this city.,N/A,TOD is not applicable according to the local coverage matrix.,,,
saint-francois-xavier-de-brompton,saint-francois-xavier-de-brompton,complete,Canonical local Immo perMuni stats row is present and reports 1610 served lots.,1610,complete,Local Immo stats report 1610/1610 lots with surface_m2.,1610,1610,complete,Local Immo stats report 1610/1610 lots with code_postal.,1610,1610,incomplete,Local Immo stats report 1454/1610 lots with civic address.,1610,1454,N/A,The local coverage matrix has no TOD scope entry for this city.,N/A,TOD is not applicable according to the local coverage matrix.,,,
saint-francois-xavier-de-viger,,incomplete,No canonical local Immo perMuni stats row is present in the served-lots snapshot.,,unknown,No canonical local Immo perMuni stats row exists; surface_m2 cannot be measured.,,,unknown,No canonical local Immo perMuni stats row exists; code_postal cannot be measured.,,,unknown,No canonical local Immo perMuni stats row exists; civic address cannot be measured.,,,N/A,The local coverage matrix has no TOD scope entry for this city.,N/A,TOD is not applicable according to the local coverage matrix.,,,
saint-frederic,saint-frederic,complete,Canonical local Immo perMuni stats row is present and reports 1041 served lots.,1041,complete,Local Immo stats report 1041/1041 lots with surface_m2.,1041,1041,complete,Local Immo stats report 1041/1041 lots with code_postal.,1041,1041,incomplete,Local Immo stats report 918/1041 lots with civic address.,1041,918,N/A,The local coverage matrix has no TOD scope entry for this city.,N/A,TOD is not applicable according to the local coverage matrix.,,,
saint-fulgence,,incomplete,No canonical local Immo perMuni stats row is present in the served-lots snapshot.,,unknown,No canonical local Immo perMuni stats row exists; surface_m2 cannot be measured.,,,unknown,No canonical local Immo perMuni stats row exists; code_postal cannot be measured.,,,unknown,No canonical local Immo perMuni stats row exists; civic address cannot be measured.,,,N/A,The local coverage matrix has no TOD scope entry for this city.,N/A,TOD is not applicable according to the local coverage matrix.,,,
saint-gabriel,saint-gabriel,complete,Canonical local Immo perMuni stats row is present and reports 1845 served lots.,1845,complete,Local Immo stats report 1845/1845 lots with surface_m2.,1845,1845,complete,Local Immo stats report 1845/1845 lots with code_postal.,1845,1845,incomplete,Local Immo stats report 1730/1845 lots with civic address.,1845,1730,N/A,The local coverage matrix has no TOD scope entry for this city.,N/A,TOD is not applicable according to the local coverage matrix.,,,
saint-gabriel-de-brandon,saint-gabriel-de-brandon,complete,Canonical local Immo perMuni stats row is present and reports 3521 served lots.,3521,complete,Local Immo stats report 3521/3521 lots with surface_m2.,3521,3521,complete,Local Immo stats report 3521/3521 lots with code_postal.,3521,3521,incomplete,Local Immo stats report 3446/3521 lots with civic address.,3521,3446,N/A,The local coverage matrix has no TOD scope entry for this city.,N/A,TOD is not applicable according to the local coverage matrix.,,,
saint-gabriel-de-rimouski,saint-gabriel-de-rimouski,complete,Canonical local Immo perMuni stats row is present and reports 1510 served lots.,1510,complete,Local Immo stats report 1510/1510 lots with surface_m2.,1510,1510,complete,Local Immo stats report 1510/1510 lots with code_postal.,1510,1510,incomplete,Local Immo stats report 1504/1510 lots with civic address.,1510,1504,N/A,The local coverage matrix has no TOD scope entry for this city.,N/A,TOD is not applicable according to the local coverage matrix.,,,
saint-gabriel-de-valcartier,saint-gabriel-de-valcartier,complete,Canonical local Immo perMuni stats row is present and reports 23 served lots.,23,complete,Local Immo stats report 23/23 lots with surface_m2.,23,23,complete,Local Immo stats report 23/23 lots with code_postal.,23,23,incomplete,Local Immo stats report 0/23 lots with civic address.,23,0,N/A,The local coverage matrix has no TOD scope entry for this city.,N/A,TOD is not applicable according to the local coverage matrix.,,,
saint-gabriel-lalemant,saint-gabriel-lalemant,complete,Canonical local Immo perMuni stats row is present and reports 922 served lots.,922,complete,Local Immo stats report 922/922 lots with surface_m2.,922,922,complete,Local Immo stats report 922/922 lots with code_postal.,922,922,incomplete,Local Immo stats report 862/922 lots with civic address.,922,862,N/A,The local coverage matrix has no TOD scope entry for this city.,N/A,TOD is not applicable according to the local coverage matrix.,,,
saint-gedeon,saint-gedeon,complete,Canonical local Immo perMuni stats row is present and reports 2591 served lots.,2591,complete,Local Immo stats report 2591/2591 lots with surface_m2.,2591,2591,complete,Local Immo stats report 2591/2591 lots with code_postal.,2591,2591,incomplete,Local Immo stats report 2421/2591 lots with civic address.,2591,2421,N/A,The local coverage matrix has no TOD scope entry for this city.,N/A,TOD is not applicable according to the local coverage matrix.,,,
saint-gedeon-de-beauce,saint-gedeon-de-beauce,complete,Canonical local Immo perMuni stats row is present and reports 1577 served lots.,1577,complete,Local Immo stats report 1577/1577 lots with surface_m2.,1577,1577,complete,Local Immo stats report 1577/1577 lots with code_postal.,1577,1577,incomplete,Local Immo stats report 1397/1577 lots with civic address.,1577,1397,N/A,The local coverage matrix has no TOD scope entry for this city.,N/A,TOD is not applicable according to the local coverage matrix.,,,
saint-georges,saint-georges,complete,Canonical local Immo perMuni stats row is present and reports 16575 served lots.,16575,complete,Local Immo stats report 16575/16575 lots with surface_m2.,16575,16575,complete,Local Immo stats report 16575/16575 lots with code_postal.,16575,16575,incomplete,Local Immo stats report 14810/16575 lots with civic address.,16575,14810,N/A,The local coverage matrix has no TOD scope entry for this city.,N/A,TOD is not applicable according to the local coverage matrix.,,,
saint-georges-de-windsor,saint-georges-de-windsor,complete,Canonical local Immo perMuni stats row is present and reports 965 served lots.,965,complete,Local Immo stats report 965/965 lots with surface_m2.,965,965,complete,Local Immo stats report 965/965 lots with code_postal.,965,965,incomplete,Local Immo stats report 960/965 lots with civic address.,965,960,N/A,The local coverage matrix has no TOD scope entry for this city.,N/A,TOD is not applicable according to the local coverage matrix.,,,
saint-gerard-majella,,incomplete,No canonical local Immo perMuni stats row is present in the served-lots snapshot.,,unknown,No canonical local Immo perMuni stats row exists; surface_m2 cannot be measured.,,,unknown,No canonical local Immo perMuni stats row exists; code_postal cannot be measured.,,,unknown,No canonical local Immo perMuni stats row exists; civic address cannot be measured.,,,N/A,The local coverage matrix has no TOD scope entry for this city.,N/A,TOD is not applicable according to the local coverage matrix.,,,
saint-germain-de-grantham,saint-germain-de-grantham,complete,Canonical local Immo perMuni stats row is present and reports 2704 served lots.,2704,complete,Local Immo stats report 2704/2704 lots with surface_m2.,2704,2704,complete,Local Immo stats report 2704/2704 lots with code_postal.,2704,2704,incomplete,Local Immo stats report 2483/2704 lots with civic address.,2704,2483,N/A,The local coverage matrix has no TOD scope entry for this city.,N/A,TOD is not applicable according to the local coverage matrix.,,,
saint-germain-de-kamouraska,saint-germain-de-kamouraska,complete,Canonical local Immo perMuni stats row is present and reports 373 served lots.,373,complete,Local Immo stats report 373/373 lots with surface_m2.,373,373,complete,Local Immo stats report 373/373 lots with code_postal.,373,373,incomplete,Local Immo stats report 334/373 lots with civic address.,373,334,N/A,The local coverage matrix has no TOD scope entry for this city.,N/A,TOD is not applicable according to the local coverage matrix.,,,
saint-gervais,saint-gervais,complete,Canonical local Immo perMuni stats row is present and reports 1760 served lots.,1760,complete,Local Immo stats report 1760/1760 lots with surface_m2.,1760,1760,complete,Local Immo stats report 1760/1760 lots with code_postal.,1760,1760,incomplete,Local Immo stats report 1633/1760 lots with civic address.,1760,1633,N/A,The local coverage matrix has no TOD scope entry for this city.,N/A,TOD is not applicable according to the local coverage matrix.,,,
saint-gilbert,saint-gilbert,complete,Canonical local Immo perMuni stats row is present and reports 490 served lots.,490,complete,Local Immo stats report 490/490 lots with surface_m2.,490,490,complete,Local Immo stats report 490/490 lots with code_postal.,490,490,incomplete,Local Immo stats report 446/490 lots with civic address.,490,446,N/A,The local coverage matrix has no TOD scope entry for this city.,N/A,TOD is not applicable according to the local coverage matrix.,,,
saint-gilles,saint-gilles,complete,Canonical local Immo perMuni stats row is present and reports 1907 served lots.,1907,complete,Local Immo stats report 1907/1907 lots with surface_m2.,1907,1907,complete,Local Immo stats report 1907/1907 lots with code_postal.,1907,1907,incomplete,Local Immo stats report 1718/1907 lots with civic address.,1907,1718,N/A,The local coverage matrix has no TOD scope entry for this city.,N/A,TOD is not applicable according to the local coverage matrix.,,,
saint-godefroi,saint-godefroi,complete,Canonical local Immo perMuni stats row is present and reports 305 served lots.,305,complete,Local Immo stats report 305/305 lots with surface_m2.,305,305,complete,Local Immo stats report 305/305 lots with code_postal.,305,305,complete,Local Immo stats report 305/305 lots with civic address.,305,305,N/A,The local coverage matrix has no TOD scope entry for this city.,N/A,TOD is not applicable according to the local coverage matrix.,,,
saint-guillaume,saint-guillaume,complete,Canonical local Immo perMuni stats row is present and reports 1232 served lots.,1232,complete,Local Immo stats report 1232/1232 lots with surface_m2.,1232,1232,complete,Local Immo stats report 1232/1232 lots with code_postal.,1232,1232,incomplete,Local Immo stats report 1130/1232 lots with civic address.,1232,1130,N/A,The local coverage matrix has no TOD scope entry for this city.,N/A,TOD is not applicable according to the local coverage matrix.,,,
saint-guy,,incomplete,No canonical local Immo perMuni stats row is present in the served-lots snapshot.,,unknown,No canonical local Immo perMuni stats row exists; surface_m2 cannot be measured.,,,unknown,No canonical local Immo perMuni stats row exists; code_postal cannot be measured.,,,unknown,No canonical local Immo perMuni stats row exists; civic address cannot be measured.,,,N/A,The local coverage matrix has no TOD scope entry for this city.,N/A,TOD is not applicable according to the local coverage matrix.,,,
saint-henri,saint-henri,complete,Canonical local Immo perMuni stats row is present and reports 3841 served lots.,3841,complete,Local Immo stats report 3841/3841 lots with surface_m2.,3841,3841,complete,Local Immo stats report 3841/3841 lots with code_postal.,3841,3841,incomplete,Local Immo stats report 3391/3841 lots with civic address.,3841,3391,N/A,The local coverage matrix has no TOD scope entry for this city.,N/A,TOD is not applicable according to the local coverage matrix.,,,
saint-henri-de-taillon,,incomplete,No canonical local Immo perMuni stats row is present in the served-lots snapshot.,,unknown,No canonical local Immo perMuni stats row exists; surface_m2 cannot be measured.,,,unknown,No canonical local Immo perMuni stats row exists; code_postal cannot be measured.,,,unknown,No canonical local Immo perMuni stats row exists; civic address cannot be measured.,,,N/A,The local coverage matrix has no TOD scope entry for this city.,N/A,TOD is not applicable according to the local coverage matrix.,,,
saint-hermenegilde,saint-hermenegilde,complete,Canonical local Immo perMuni stats row is present and reports 933 served lots.,933,complete,Local Immo stats report 933/933 lots with surface_m2.,933,933,complete,Local Immo stats report 933/933 lots with code_postal.,933,933,incomplete,Local Immo stats report 815/933 lots with civic address.,933,815,N/A,The local coverage matrix has no TOD scope entry for this city.,N/A,TOD is not applicable according to the local coverage matrix.,,,
saint-hilaire-de-dorset,saint-hilaire-de-dorset,complete,Canonical local Immo perMuni stats row is present and reports 277 served lots.,277,complete,Local Immo stats report 277/277 lots with surface_m2.,277,277,complete,Local Immo stats report 277/277 lots with code_postal.,277,277,incomplete,Local Immo stats report 243/277 lots with civic address.,277,243,N/A,The local coverage matrix has no TOD scope entry for this city.,N/A,TOD is not applicable according to the local coverage matrix.,,,
saint-hilarion,saint-hilarion,complete,Canonical local Immo perMuni stats row is present and reports 1315 served lots.,1315,complete,Local Immo stats report 1315/1315 lots with surface_m2.,1315,1315,complete,Local Immo stats report 1315/1315 lots with code_postal.,1315,1315,incomplete,Local Immo stats report 1213/1315 lots with civic address.,1315,1213,N/A,The local coverage matrix has no TOD scope entry for this city.,N/A,TOD is not applicable according to the local coverage matrix.,,,
saint-hippolyte,saint-hippolyte,complete,Canonical local Immo perMuni stats row is present and reports 9846 served lots.,9846,complete,Local Immo stats report 9846/9846 lots with surface_m2.,9846,9846,complete,Local Immo stats report 9846/9846 lots with code_postal.,9846,9846,incomplete,Local Immo stats report 9663/9846 lots with civic address.,9846,9663,N/A,The local coverage matrix has no TOD scope entry for this city.,N/A,TOD is not applicable according to the local coverage matrix.,,,
saint-honore,saint-honore,complete,Canonical local Immo perMuni stats row is present and reports 3569 served lots.,3569,complete,Local Immo stats report 3569/3569 lots with surface_m2.,3569,3569,complete,Local Immo stats report 3569/3569 lots with code_postal.,3569,3569,incomplete,Local Immo stats report 3209/3569 lots with civic address.,3569,3209,N/A,The local coverage matrix has no TOD scope entry for this city.,N/A,TOD is not applicable according to the local coverage matrix.,,,
saint-honore-de-shenley,,incomplete,No canonical local Immo perMuni stats row is present in the served-lots snapshot.,,unknown,No canonical local Immo perMuni stats row exists; surface_m2 cannot be measured.,,,unknown,No canonical local Immo perMuni stats row exists; code_postal cannot be measured.,,,unknown,No canonical local Immo perMuni stats row exists; civic address cannot be measured.,,,N/A,The local coverage matrix has no TOD scope entry for this city.,N/A,TOD is not applicable according to the local coverage matrix.,,,
saint-honore-de-temiscouata,saint-honore-de-temiscouata,complete,Canonical local Immo perMuni stats row is present and reports 1010 served lots.,1010,complete,Local Immo stats report 1010/1010 lots with surface_m2.,1010,1010,complete,Local Immo stats report 1010/1010 lots with code_postal.,1010,1010,incomplete,Local Immo stats report 921/1010 lots with civic address.,1010,921,N/A,The local coverage matrix has no TOD scope entry for this city.,N/A,TOD is not applicable according to the local coverage matrix.,,,
saint-hubert-de-riviere-du-loup,saint-hubert-de-riviere-du-loup,complete,Canonical local Immo perMuni stats row is present and reports 1706 served lots.,1706,complete,Local Immo stats report 1706/1706 lots with surface_m2.,1706,1706,complete,Local Immo stats report 1706/1706 lots with code_postal.,1706,1706,incomplete,Local Immo stats report 1600/1706 lots with civic address.,1706,1600,N/A,The local coverage matrix has no TOD scope entry for this city.,N/A,TOD is not applicable according to the local coverage matrix.,,,
saint-hugues,saint-hugues,complete,Canonical local Immo perMuni stats row is present and reports 1120 served lots.,1120,complete,Local Immo stats report 1120/1120 lots with surface_m2.,1120,1120,complete,Local Immo stats report 1120/1120 lots with code_postal.,1120,1120,incomplete,Local Immo stats report 1017/1120 lots with civic address.,1120,1017,N/A,The local coverage matrix has no TOD scope entry for this city.,N/A,TOD is not applicable according to the local coverage matrix.,,,
saint-hyacinthe,saint-hyacinthe,complete,Canonical local Immo perMuni stats row is present and reports 19379 served lots.,19379,complete,Local Immo stats report 19379/19379 lots with surface_m2.,19379,19379,complete,Local Immo stats report 19379/19379 lots with code_postal.,19379,19379,incomplete,Local Immo stats report 17489/19379 lots with civic address.,19379,17489,N/A,The local coverage matrix has no TOD scope entry for this city.,N/A,TOD is not applicable according to the local coverage matrix.,,,
saint-ignace-de-loyola,saint-ignace-de-loyola,complete,Canonical local Immo perMuni stats row is present and reports 1694 served lots.,1694,complete,Local Immo stats report 1694/1694 lots with surface_m2.,1694,1694,complete,Local Immo stats report 1694/1694 lots with code_postal.,1694,1694,incomplete,Local Immo stats report 1681/1694 lots with civic address.,1694,1681,N/A,The local coverage matrix has no TOD scope entry for this city.,N/A,TOD is not applicable according to the local coverage matrix.,,,
saint-ignace-de-stanbridge,saint-ignace-de-stanbridge,complete,Canonical local Immo perMuni stats row is present and reports 562 served lots.,562,complete,Local Immo stats report 562/562 lots with surface_m2.,562,562,complete,Local Immo stats report 562/562 lots with code_postal.,562,562,incomplete,Local Immo stats report 560/562 lots with civic address.,562,560,N/A,The local coverage matrix has no TOD scope entry for this city.,N/A,TOD is not applicable according to the local coverage matrix.,,,
saint-irenee,saint-irenee,complete,Canonical local Immo perMuni stats row is present and reports 1001 served lots.,1001,complete,Local Immo stats report 1001/1001 lots with surface_m2.,1001,1001,complete,Local Immo stats report 1001/1001 lots with code_postal.,1001,1001,incomplete,Local Immo stats report 923/1001 lots with civic address.,1001,923,N/A,The local coverage matrix has no TOD scope entry for this city.,N/A,TOD is not applicable according to the local coverage matrix.,,,
saint-isidore--la-nouvelle-beauce,,incomplete,No canonical local Immo perMuni stats row is present in the served-lots snapshot.,,unknown,No canonical local Immo perMuni stats row exists; surface_m2 cannot be measured.,,,unknown,No canonical local Immo perMuni stats row exists; code_postal cannot be measured.,,,unknown,No canonical local Immo perMuni stats row exists; civic address cannot be measured.,,,N/A,The local coverage matrix has no TOD scope entry for this city.,N/A,TOD is not applicable according to the local coverage matrix.,,,
saint-isidore--roussillon,,incomplete,No canonical local Immo perMuni stats row is present in the served-lots snapshot.,,unknown,No canonical local Immo perMuni stats row exists; surface_m2 cannot be measured.,,,unknown,No canonical local Immo perMuni stats row exists; code_postal cannot be measured.,,,unknown,No canonical local Immo perMuni stats row exists; civic address cannot be measured.,,,N/A,The local coverage matrix has no TOD scope entry for this city.,N/A,TOD is not applicable according to the local coverage matrix.,,,
saint-isidore-de-clifton,,incomplete,No canonical local Immo perMuni stats row is present in the served-lots snapshot.,,unknown,No canonical local Immo perMuni stats row exists; surface_m2 cannot be measured.,,,unknown,No canonical local Immo perMuni stats row exists; code_postal cannot be measured.,,,unknown,No canonical local Immo perMuni stats row exists; civic address cannot be measured.,,,N/A,The local coverage matrix has no TOD scope entry for this city.,N/A,TOD is not applicable according to the local coverage matrix.,,,
saint-jacques,saint-jacques,complete,Canonical local Immo perMuni stats row is present and reports 2481 served lots.,2481,complete,Local Immo stats report 2481/2481 lots with surface_m2.,2481,2481,complete,Local Immo stats report 2481/2481 lots with code_postal.,2481,2481,incomplete,Local Immo stats report 2463/2481 lots with civic address.,2481,2463,N/A,The local coverage matrix has no TOD scope entry for this city.,N/A,TOD is not applicable according to the local coverage matrix.,,,
saint-jacques-de-leeds,saint-jacques-de-leeds,complete,Canonical local Immo perMuni stats row is present and reports 792 served lots.,792,complete,Local Immo stats report 792/792 lots with surface_m2.,792,792,complete,Local Immo stats report 792/792 lots with code_postal.,792,792,incomplete,Local Immo stats report 778/792 lots with civic address.,792,778,N/A,The local coverage matrix has no TOD scope entry for this city.,N/A,TOD is not applicable according to the local coverage matrix.,,,
saint-jacques-le-majeur-de-wolfestown,saint-jacques-le-majeur-de-wolfestown,complete,Canonical local Immo perMuni stats row is present and reports 371 served lots.,371,complete,Local Immo stats report 371/371 lots with surface_m2.,371,371,complete,Local Immo stats report 371/371 lots with code_postal.,371,371,incomplete,Local Immo stats report 337/371 lots with civic address.,371,337,N/A,The local coverage matrix has no TOD scope entry for this city.,N/A,TOD is not applicable according to the local coverage matrix.,,,
saint-jacques-le-mineur,,incomplete,No canonical local Immo perMuni stats row is present in the served-lots snapshot.,,unknown,No canonical local Immo perMuni stats row exists; surface_m2 cannot be measured.,,,unknown,No canonical local Immo perMuni stats row exists; code_postal cannot be measured.,,,unknown,No canonical local Immo perMuni stats row exists; civic address cannot be measured.,,,N/A,The local coverage matrix has no TOD scope entry for this city.,N/A,TOD is not applicable according to the local coverage matrix.,,,
saint-janvier-de-joly,saint-janvier-de-joly,complete,Canonical local Immo perMuni stats row is present and reports 962 served lots.,962,complete,Local Immo stats report 962/962 lots with surface_m2.,962,962,complete,Local Immo stats report 962/962 lots with code_postal.,962,962,incomplete,Local Immo stats report 895/962 lots with civic address.,962,895,N/A,The local coverage matrix has no TOD scope entry for this city.,N/A,TOD is not applicable according to the local coverage matrix.,,,
saint-jean-baptiste,saint-jean-baptiste,complete,Canonical local Immo perMuni stats row is present and reports 1757 served lots.,1757,complete,Local Immo stats report 1757/1757 lots with surface_m2.,1757,1757,complete,Local Immo stats report 1757/1757 lots with code_postal.,1757,1757,incomplete,Local Immo stats report 1723/1757 lots with civic address.,1757,1723,N/A,The local coverage matrix has no TOD scope entry for this city.,N/A,TOD is not applicable according to the local coverage matrix.,,,
saint-jean-de-brebeuf,saint-jean-de-brebeuf,complete,Canonical local Immo perMuni stats row is present and reports 531 served lots.,531,complete,Local Immo stats report 531/531 lots with surface_m2.,531,531,complete,Local Immo stats report 531/531 lots with code_postal.,531,531,incomplete,Local Immo stats report 530/531 lots with civic address.,531,530,N/A,The local coverage matrix has no TOD scope entry for this city.,N/A,TOD is not applicable according to the local coverage matrix.,,,
saint-jean-de-cherbourg,,incomplete,No canonical local Immo perMuni stats row is present in the served-lots snapshot.,,unknown,No canonical local Immo perMuni stats row exists; surface_m2 cannot be measured.,,,unknown,No canonical local Immo perMuni stats row exists; code_postal cannot be measured.,,,unknown,No canonical local Immo perMuni stats row exists; civic address cannot be measured.,,,N/A,The local coverage matrix has no TOD scope entry for this city.,N/A,TOD is not applicable according to the local coverage matrix.,,,
saint-jean-de-dieu,saint-jean-de-dieu,complete,Canonical local Immo perMuni stats row is present and reports 1278 served lots.,1278,complete,Local Immo stats report 1278/1278 lots with surface_m2.,1278,1278,complete,Local Immo stats report 1278/1278 lots with code_postal.,1278,1278,incomplete,Local Immo stats report 1166/1278 lots with civic address.,1278,1166,N/A,The local coverage matrix has no TOD scope entry for this city.,N/A,TOD is not applicable according to the local coverage matrix.,,,
saint-jean-de-la-lande,saint-jean-de-la-lande,complete,Canonical local Immo perMuni stats row is present and reports 706 served lots.,706,complete,Local Immo stats report 706/706 lots with surface_m2.,706,706,complete,Local Immo stats report 706/706 lots with code_postal.,706,706,incomplete,Local Immo stats report 634/706 lots with civic address.,706,634,N/A,The local coverage matrix has no TOD scope entry for this city.,N/A,TOD is not applicable according to the local coverage matrix.,,,
saint-jean-de-lile-dorleans,saint-jean-de-lile-dorleans,complete,Canonical local Immo perMuni stats row is present and reports 1076 served lots.,1076,complete,Local Immo stats report 1076/1076 lots with surface_m2.,1076,1076,complete,Local Immo stats report 1076/1076 lots with code_postal.,1076,1076,incomplete,Local Immo stats report 1066/1076 lots with civic address.,1076,1066,N/A,The local coverage matrix has no TOD scope entry for this city.,N/A,TOD is not applicable according to the local coverage matrix.,,,
saint-jean-de-matha,saint-jean-de-matha,complete,Canonical local Immo perMuni stats row is present and reports 5010 served lots.,5010,complete,Local Immo stats report 5010/5010 lots with surface_m2.,5010,5010,complete,Local Immo stats report 5010/5010 lots with code_postal.,5010,5010,incomplete,Local Immo stats report 4947/5010 lots with civic address.,5010,4947,N/A,The local coverage matrix has no TOD scope entry for this city.,N/A,TOD is not applicable according to the local coverage matrix.,,,
saint-jean-port-joli,,incomplete,No canonical local Immo perMuni stats row is present in the served-lots snapshot.,,unknown,No canonical local Immo perMuni stats row exists; surface_m2 cannot be measured.,,,unknown,No canonical local Immo perMuni stats row exists; code_postal cannot be measured.,,,unknown,No canonical local Immo perMuni stats row exists; civic address cannot be measured.,,,N/A,The local coverage matrix has no TOD scope entry for this city.,N/A,TOD is not applicable according to the local coverage matrix.,,,
saint-jean-sur-richelieu,,incomplete,No canonical local Immo perMuni stats row is present in the served-lots snapshot.,,unknown,No canonical local Immo perMuni stats row exists; surface_m2 cannot be measured.,,,unknown,No canonical local Immo perMuni stats row exists; code_postal cannot be measured.,,,unknown,No canonical local Immo perMuni stats row exists; civic address cannot be measured.,,,N/A,The local coverage matrix has no TOD scope entry for this city.,N/A,TOD is not applicable according to the local coverage matrix.,,,
saint-jerome,saint-jerome,complete,Canonical local Immo perMuni stats row is present and reports 28123 served lots.,28123,complete,Local Immo stats report 28123/28123 lots with surface_m2.,28123,28123,complete,Local Immo stats report 28123/28123 lots with code_postal.,28123,28123,incomplete,Local Immo stats report 27470/28123 lots with civic address.,28123,27470,N/A,The local coverage matrix has no TOD scope entry for this city.,N/A,TOD is not applicable according to the local coverage matrix.,,,
saint-joachim,saint-joachim,complete,Canonical local Immo perMuni stats row is present and reports 993 served lots.,993,complete,Local Immo stats report 993/993 lots with surface_m2.,993,993,complete,Local Immo stats report 993/993 lots with code_postal.,993,993,incomplete,Local Immo stats report 923/993 lots with civic address.,993,923,N/A,The local coverage matrix has no TOD scope entry for this city.,N/A,TOD is not applicable according to the local coverage matrix.,,,
saint-joachim-de-shefford,saint-joachim-de-shefford,complete,Canonical local Immo perMuni stats row is present and reports 1237 served lots.,1237,complete,Local Immo stats report 1237/1237 lots with surface_m2.,1237,1237,complete,Local Immo stats report 1237/1237 lots with code_postal.,1237,1237,incomplete,Local Immo stats report 1221/1237 lots with civic address.,1237,1221,N/A,The local coverage matrix has no TOD scope entry for this city.,N/A,TOD is not applicable according to the local coverage matrix.,,,
saint-joseph-de-beauce,saint-joseph-de-beauce,complete,Canonical local Immo perMuni stats row is present and reports 3218 served lots.,3218,complete,Local Immo stats report 3218/3218 lots with surface_m2.,3218,3218,complete,Local Immo stats report 3218/3218 lots with code_postal.,3218,3218,incomplete,Local Immo stats report 2872/3218 lots with civic address.,3218,2872,N/A,The local coverage matrix has no TOD scope entry for this city.,N/A,TOD is not applicable according to the local coverage matrix.,,,
saint-joseph-de-coleraine,saint-joseph-de-coleraine,complete,Canonical local Immo perMuni stats row is present and reports 1763 served lots.,1763,complete,Local Immo stats report 1763/1763 lots with surface_m2.,1763,1763,complete,Local Immo stats report 1763/1763 lots with code_postal.,1763,1763,incomplete,Local Immo stats report 1738/1763 lots with civic address.,1763,1738,N/A,The local coverage matrix has no TOD scope entry for this city.,N/A,TOD is not applicable according to the local coverage matrix.,,,
saint-joseph-de-kamouraska,saint-joseph-de-kamouraska,complete,Canonical local Immo perMuni stats row is present and reports 909 served lots.,909,complete,Local Immo stats report 909/909 lots with surface_m2.,909,909,complete,Local Immo stats report 909/909 lots with code_postal.,909,909,incomplete,Local Immo stats report 821/909 lots with civic address.,909,821,N/A,The local coverage matrix has no TOD scope entry for this city.,N/A,TOD is not applicable according to the local coverage matrix.,,,
saint-joseph-de-lepage,saint-joseph-de-lepage,complete,Canonical local Immo perMuni stats row is present and reports 759 served lots.,759,complete,Local Immo stats report 759/759 lots with surface_m2.,759,759,complete,Local Immo stats report 759/759 lots with code_postal.,759,759,incomplete,Local Immo stats report 700/759 lots with civic address.,759,700,N/A,The local coverage matrix has no TOD scope entry for this city.,N/A,TOD is not applicable according to the local coverage matrix.,,,
saint-joseph-de-sorel,saint-joseph-de-sorel,complete,Canonical local Immo perMuni stats row is present and reports 678 served lots.,678,complete,Local Immo stats report 678/678 lots with surface_m2.,678,678,complete,Local Immo stats report 678/678 lots with code_postal.,678,678,incomplete,Local Immo stats report 671/678 lots with civic address.,678,671,N/A,The local coverage matrix has no TOD scope entry for this city.,N/A,TOD is not applicable according to the local coverage matrix.,,,
saint-joseph-des-erables,saint-joseph-des-erables,complete,Canonical local Immo perMuni stats row is present and reports 438 served lots.,438,complete,Local Immo stats report 438/438 lots with surface_m2.,438,438,complete,Local Immo stats report 438/438 lots with code_postal.,438,438,incomplete,Local Immo stats report 403/438 lots with civic address.,438,403,N/A,The local coverage matrix has no TOD scope entry for this city.,N/A,TOD is not applicable according to the local coverage matrix.,,,
saint-joseph-du-lac,,incomplete,No canonical local Immo perMuni stats row is present in the served-lots snapshot.,,unknown,No canonical local Immo perMuni stats row exists; surface_m2 cannot be measured.,,,unknown,No canonical local Immo perMuni stats row exists; code_postal cannot be measured.,,,unknown,No canonical local Immo perMuni stats row exists; civic address cannot be measured.,,,N/A,The local coverage matrix has no TOD scope entry for this city.,N/A,TOD is not applicable according to the local coverage matrix.,,,
saint-jude,saint-jude,complete,Canonical local Immo perMuni stats row is present and reports 1156 served lots.,1156,complete,Local Immo stats report 1156/1156 lots with surface_m2.,1156,1156,complete,Local Immo stats report 1156/1156 lots with code_postal.,1156,1156,incomplete,Local Immo stats report 1065/1156 lots with civic address.,1156,1065,N/A,The local coverage matrix has no TOD scope entry for this city.,N/A,TOD is not applicable according to the local coverage matrix.,,,
saint-jules,saint-jules,complete,Canonical local Immo perMuni stats row is present and reports 651 served lots.,651,complete,Local Immo stats report 651/651 lots with surface_m2.,651,651,complete,Local Immo stats report 651/651 lots with code_postal.,651,651,incomplete,Local Immo stats report 641/651 lots with civic address.,651,641,N/A,The local coverage matrix has no TOD scope entry for this city.,N/A,TOD is not applicable according to the local coverage matrix.,,,
saint-julien,saint-julien,complete,Canonical local Immo perMuni stats row is present and reports 559 served lots.,559,complete,Local Immo stats report 559/559 lots with surface_m2.,559,559,complete,Local Immo stats report 559/559 lots with code_postal.,559,559,incomplete,Local Immo stats report 549/559 lots with civic address.,559,549,N/A,The local coverage matrix has no TOD scope entry for this city.,N/A,TOD is not applicable according to the local coverage matrix.,,,
saint-just-de-bretenieres,saint-just-de-bretenieres,complete,Canonical local Immo perMuni stats row is present and reports 823 served lots.,823,complete,Local Immo stats report 823/823 lots with surface_m2.,823,823,complete,Local Immo stats report 823/823 lots with code_postal.,823,823,incomplete,Local Immo stats report 773/823 lots with civic address.,823,773,N/A,The local coverage matrix has no TOD scope entry for this city.,N/A,TOD is not applicable according to the local coverage matrix.,,,
saint-juste-du-lac,saint-juste-du-lac,complete,Canonical local Immo perMuni stats row is present and reports 592 served lots.,592,complete,Local Immo stats report 592/592 lots with surface_m2.,592,592,complete,Local Immo stats report 592/592 lots with code_postal.,592,592,incomplete,Local Immo stats report 531/592 lots with civic address.,592,531,N/A,The local coverage matrix has no TOD scope entry for this city.,N/A,TOD is not applicable according to the local coverage matrix.,,,
saint-justin,saint-justin,complete,Canonical local Immo perMuni stats row is present and reports 1437 served lots.,1437,complete,Local Immo stats report 1437/1437 lots with surface_m2.,1437,1437,complete,Local Immo stats report 1437/1437 lots with code_postal.,1437,1437,incomplete,Local Immo stats report 1422/1437 lots with civic address.,1437,1422,N/A,The local coverage matrix has no TOD scope entry for this city.,N/A,TOD is not applicable according to the local coverage matrix.,,,
saint-lambert,saint-lambert,complete,Canonical local Immo perMuni stats row is present and reports 5472 served lots.,5472,complete,Local Immo stats report 5472/5472 lots with surface_m2.,5472,5472,complete,Local Immo stats report 5472/5472 lots with code_postal.,5472,5472,incomplete,Local Immo stats report 4917/5472 lots with civic address.,5472,4917,complete,The local coverage matrix declares TOD scope with status done.,incomplete,Local Immo stats report the TOD join is absent: 0/5472 lots joined (0 lots in TOD).,5472,0,0
saint-lambert--abitibi-ouest,saint-lambert--abitibi-ouest,complete,Canonical local Immo perMuni stats row is present and reports 224 served lots.,224,complete,Local Immo stats report 224/224 lots with surface_m2.,224,224,complete,Local Immo stats report 224/224 lots with code_postal.,224,224,incomplete,Local Immo stats report 223/224 lots with civic address.,224,223,N/A,The local coverage matrix has no TOD scope entry for this city.,N/A,TOD is not applicable according to the local coverage matrix.,,,
saint-lambert-de-lauzon,,incomplete,No canonical local Immo perMuni stats row is present in the served-lots snapshot.,,unknown,No canonical local Immo perMuni stats row exists; surface_m2 cannot be measured.,,,unknown,No canonical local Immo perMuni stats row exists; code_postal cannot be measured.,,,unknown,No canonical local Immo perMuni stats row exists; civic address cannot be measured.,,,N/A,The local coverage matrix has no TOD scope entry for this city.,N/A,TOD is not applicable according to the local coverage matrix.,,,
saint-laurent-de-lile-dorleans,saint-laurent-de-lile-dorleans,complete,Canonical local Immo perMuni stats row is present and reports 1143 served lots.,1143,complete,Local Immo stats report 1143/1143 lots with surface_m2.,1143,1143,complete,Local Immo stats report 1143/1143 lots with code_postal.,1143,1143,incomplete,Local Immo stats report 1140/1143 lots with civic address.,1143,1140,N/A,The local coverage matrix has no TOD scope entry for this city.,N/A,TOD is not applicable according to the local coverage matrix.,,,
saint-lazare,saint-lazare,complete,Canonical local Immo perMuni stats row is present and reports 10140 served lots.,10140,complete,Local Immo stats report 10140/10140 lots with surface_m2.,10140,10140,complete,Local Immo stats report 10140/10140 lots with code_postal.,10140,10140,incomplete,Local Immo stats report 10087/10140 lots with civic address.,10140,10087,N/A,The local coverage matrix has no TOD scope entry for this city.,N/A,TOD is not applicable according to the local coverage matrix.,,,
saint-lazare-de-bellechasse,saint-lazare-de-bellechasse,complete,Canonical local Immo perMuni stats row is present and reports 1580 served lots.,1580,complete,Local Immo stats report 1580/1580 lots with surface_m2.,1580,1580,complete,Local Immo stats report 1580/1580 lots with code_postal.,1580,1580,incomplete,Local Immo stats report 1449/1580 lots with civic address.,1580,1449,N/A,The local coverage matrix has no TOD scope entry for this city.,N/A,TOD is not applicable according to the local coverage matrix.,,,
saint-leandre,,incomplete,No canonical local Immo perMuni stats row is present in the served-lots snapshot.,,unknown,No canonical local Immo perMuni stats row exists; surface_m2 cannot be measured.,,,unknown,No canonical local Immo perMuni stats row exists; code_postal cannot be measured.,,,unknown,No canonical local Immo perMuni stats row exists; civic address cannot be measured.,,,N/A,The local coverage matrix has no TOD scope entry for this city.,N/A,TOD is not applicable according to the local coverage matrix.,,,
saint-leon-de-standon,saint-leon-de-standon,complete,Canonical local Immo perMuni stats row is present and reports 1468 served lots.,1468,complete,Local Immo stats report 1468/1468 lots with surface_m2.,1468,1468,complete,Local Immo stats report 1468/1468 lots with code_postal.,1468,1468,incomplete,Local Immo stats report 1312/1468 lots with civic address.,1468,1312,N/A,The local coverage matrix has no TOD scope entry for this city.,N/A,TOD is not applicable according to the local coverage matrix.,,,
saint-leon-le-grand--la-matapedia,saint-leon-le-grand--la-matapedia,complete,Canonical local Immo perMuni stats row is present and reports 1104 served lots.,1104,complete,Local Immo stats report 1104/1104 lots with surface_m2.,1104,1104,complete,Local Immo stats report 1104/1104 lots with code_postal.,1104,1104,incomplete,Local Immo stats report 961/1104 lots with civic address.,1104,961,N/A,The local coverage matrix has no TOD scope entry for this city.,N/A,TOD is not applicable according to the local coverage matrix.,,,
saint-leon-le-grand--maskinonge,,incomplete,No canonical local Immo perMuni stats row is present in the served-lots snapshot.,,unknown,No canonical local Immo perMuni stats row exists; surface_m2 cannot be measured.,,,unknown,No canonical local Immo perMuni stats row exists; code_postal cannot be measured.,,,unknown,No canonical local Immo perMuni stats row exists; civic address cannot be measured.,,,N/A,The local coverage matrix has no TOD scope entry for this city.,N/A,TOD is not applicable according to the local coverage matrix.,,,
saint-leonard-daston,saint-leonard-daston,complete,Canonical local Immo perMuni stats row is present and reports 1851 served lots.,1851,complete,Local Immo stats report 1851/1851 lots with surface_m2.,1851,1851,complete,Local Immo stats report 1851/1851 lots with code_postal.,1851,1851,incomplete,Local Immo stats report 1710/1851 lots with civic address.,1851,1710,N/A,The local coverage matrix has no TOD scope entry for this city.,N/A,TOD is not applicable according to the local coverage matrix.,,,
saint-leonard-de-portneuf,,incomplete,No canonical local Immo perMuni stats row is present in the served-lots snapshot.,,unknown,No canonical local Immo perMuni stats row exists; surface_m2 cannot be measured.,,,unknown,No canonical local Immo perMuni stats row exists; code_postal cannot be measured.,,,unknown,No canonical local Immo perMuni stats row exists; civic address cannot be measured.,,,N/A,The local coverage matrix has no TOD scope entry for this city.,N/A,TOD is not applicable according to the local coverage matrix.,,,
saint-liboire,saint-liboire,complete,Canonical local Immo perMuni stats row is present and reports 1864 served lots.,1864,complete,Local Immo stats report 1864/1864 lots with surface_m2.,1864,1864,complete,Local Immo stats report 1864/1864 lots with code_postal.,1864,1864,incomplete,Local Immo stats report 1734/1864 lots with civic address.,1864,1734,N/A,The local coverage matrix has no TOD scope entry for this city.,N/A,TOD is not applicable according to the local coverage matrix.,,,
saint-liguori,saint-liguori,complete,Canonical local Immo perMuni stats row is present and reports 1618 served lots.,1618,complete,Local Immo stats report 1618/1618 lots with surface_m2.,1618,1618,complete,Local Immo stats report 1618/1618 lots with code_postal.,1618,1618,incomplete,Local Immo stats report 1606/1618 lots with civic address.,1618,1606,N/A,The local coverage matrix has no TOD scope entry for this city.,N/A,TOD is not applicable according to the local coverage matrix.,,,
saint-lin-laurentides,saint-lin-laurentides,complete,Canonical local Immo perMuni stats row is present and reports 10935 served lots.,10935,complete,Local Immo stats report 10935/10935 lots with surface_m2.,10935,10935,complete,Local Immo stats report 10935/10935 lots with code_postal.,10935,10935,incomplete,Local Immo stats report 10785/10935 lots with civic address.,10935,10785,N/A,The local coverage matrix has no TOD scope entry for this city.,N/A,TOD is not applicable according to the local coverage matrix.,,,
saint-louis,saint-louis,complete,Canonical local Immo perMuni stats row is present and reports 784 served lots.,784,complete,Local Immo stats report 784/784 lots with surface_m2.,784,784,complete,Local Immo stats report 784/784 lots with code_postal.,784,784,incomplete,Local Immo stats report 714/784 lots with civic address.,784,714,N/A,The local coverage matrix has no TOD scope entry for this city.,N/A,TOD is not applicable according to the local coverage matrix.,,,
saint-louis-de-blandford,saint-louis-de-blandford,complete,Canonical local Immo perMuni stats row is present and reports 1131 served lots.,1131,complete,Local Immo stats report 1131/1131 lots with surface_m2.,1131,1131,complete,Local Immo stats report 1131/1131 lots with code_postal.,1131,1131,incomplete,Local Immo stats report 1004/1131 lots with civic address.,1131,1004,N/A,The local coverage matrix has no TOD scope entry for this city.,N/A,TOD is not applicable according to the local coverage matrix.,,,
saint-louis-de-gonzague--beauharnois-salaberry,,incomplete,No canonical local Immo perMuni stats row is present in the served-lots snapshot.,,unknown,No canonical local Immo perMuni stats row exists; surface_m2 cannot be measured.,,,unknown,No canonical local Immo perMuni stats row exists; code_postal cannot be measured.,,,unknown,No canonical local Immo perMuni stats row exists; civic address cannot be measured.,,,N/A,The local coverage matrix has no TOD scope entry for this city.,N/A,TOD is not applicable according to the local coverage matrix.,,,
saint-louis-de-gonzague--les-etchemins,saint-louis-de-gonzague--les-etchemins,complete,Canonical local Immo perMuni stats row is present and reports 760 served lots.,760,complete,Local Immo stats report 760/760 lots with surface_m2.,760,760,complete,Local Immo stats report 760/760 lots with code_postal.,760,760,incomplete,Local Immo stats report 690/760 lots with civic address.,760,690,N/A,The local coverage matrix has no TOD scope entry for this city.,N/A,TOD is not applicable according to the local coverage matrix.,,,
saint-louis-de-gonzague-du-cap-tourmente,saint-louis-de-gonzague-du-cap-tourmente,complete,Canonical local Immo perMuni stats row is present and reports 3284 served lots.,3284,complete,Local Immo stats report 3284/3284 lots with surface_m2.,3284,3284,complete,Local Immo stats report 3284/3284 lots with code_postal.,3284,3284,incomplete,Local Immo stats report 0/3284 lots with civic address.,3284,0,N/A,The local coverage matrix has no TOD scope entry for this city.,N/A,TOD is not applicable according to the local coverage matrix.,,,
saint-louis-du-ha-ha,saint-louis-du-ha-ha,complete,Canonical local Immo perMuni stats row is present and reports 1427 served lots.,1427,complete,Local Immo stats report 1427/1427 lots with surface_m2.,1427,1427,complete,Local Immo stats report 1427/1427 lots with code_postal.,1427,1427,incomplete,Local Immo stats report 1135/1427 lots with civic address.,1427,1135,N/A,The local coverage matrix has no TOD scope entry for this city.,N/A,TOD is not applicable according to the local coverage matrix.,,,
saint-luc-de-bellechasse,saint-luc-de-bellechasse,complete,Canonical local Immo perMuni stats row is present and reports 1052 served lots.,1052,complete,Local Immo stats report 1052/1052 lots with surface_m2.,1052,1052,complete,Local Immo stats report 1052/1052 lots with code_postal.,1052,1052,incomplete,Local Immo stats report 947/1052 lots with civic address.,1052,947,N/A,The local coverage matrix has no TOD scope entry for this city.,N/A,TOD is not applicable according to the local coverage matrix.,,,
saint-luc-de-vincennes,saint-luc-de-vincennes,complete,Canonical local Immo perMuni stats row is present and reports 734 served lots.,734,complete,Local Immo stats report 734/734 lots with surface_m2.,734,734,complete,Local Immo stats report 734/734 lots with code_postal.,734,734,incomplete,Local Immo stats report 675/734 lots with civic address.,734,675,N/A,The local coverage matrix has no TOD scope entry for this city.,N/A,TOD is not applicable according to the local coverage matrix.,,,
saint-lucien,saint-lucien,complete,Canonical local Immo perMuni stats row is present and reports 1275 served lots.,1275,complete,Local Immo stats report 1275/1275 lots with surface_m2.,1275,1275,complete,Local Immo stats report 1275/1275 lots with code_postal.,1275,1275,incomplete,Local Immo stats report 1170/1275 lots with civic address.,1275,1170,N/A,The local coverage matrix has no TOD scope entry for this city.,N/A,TOD is not applicable according to the local coverage matrix.,,,
saint-ludger,saint-ludger,complete,Canonical local Immo perMuni stats row is present and reports 1174 served lots.,1174,complete,Local Immo stats report 1174/1174 lots with surface_m2.,1174,1174,complete,Local Immo stats report 1174/1174 lots with code_postal.,1174,1174,incomplete,Local Immo stats report 1049/1174 lots with civic address.,1174,1049,N/A,The local coverage matrix has no TOD scope entry for this city.,N/A,TOD is not applicable according to the local coverage matrix.,,,
saint-ludger-de-milot,,incomplete,No canonical local Immo perMuni stats row is present in the served-lots snapshot.,,unknown,No canonical local Immo perMuni stats row exists; surface_m2 cannot be measured.,,,unknown,No canonical local Immo perMuni stats row exists; code_postal cannot be measured.,,,unknown,No canonical local Immo perMuni stats row exists; civic address cannot be measured.,,,N/A,The local coverage matrix has no TOD scope entry for this city.,N/A,TOD is not applicable according to the local coverage matrix.,,,
saint-magloire,saint-magloire,complete,Canonical local Immo perMuni stats row is present and reports 1249 served lots.,1249,complete,Local Immo stats report 1249/1249 lots with surface_m2.,1249,1249,complete,Local Immo stats report 1249/1249 lots with code_postal.,1249,1249,incomplete,Local Immo stats report 1147/1249 lots with civic address.,1249,1147,N/A,The local coverage matrix has no TOD scope entry for this city.,N/A,TOD is not applicable according to the local coverage matrix.,,,
saint-majorique-de-grantham,saint-majorique-de-grantham,complete,Canonical local Immo perMuni stats row is present and reports 873 served lots.,873,complete,Local Immo stats report 873/873 lots with surface_m2.,873,873,complete,Local Immo stats report 873/873 lots with code_postal.,873,873,incomplete,Local Immo stats report 800/873 lots with civic address.,873,800,N/A,The local coverage matrix has no TOD scope entry for this city.,N/A,TOD is not applicable according to the local coverage matrix.,,,
saint-malachie,saint-malachie,complete,Canonical local Immo perMuni stats row is present and reports 1759 served lots.,1759,complete,Local Immo stats report 1759/1759 lots with surface_m2.,1759,1759,complete,Local Immo stats report 1759/1759 lots with code_postal.,1759,1759,incomplete,Local Immo stats report 1580/1759 lots with civic address.,1759,1580,N/A,The local coverage matrix has no TOD scope entry for this city.,N/A,TOD is not applicable according to the local coverage matrix.,,,
saint-malo,saint-malo,complete,Canonical local Immo perMuni stats row is present and reports 620 served lots.,620,complete,Local Immo stats report 620/620 lots with surface_m2.,620,620,complete,Local Immo stats report 620/620 lots with code_postal.,620,620,incomplete,Local Immo stats report 554/620 lots with civic address.,620,554,N/A,The local coverage matrix has no TOD scope entry for this city.,N/A,TOD is not applicable according to the local coverage matrix.,,,
saint-marc-de-figuery,saint-marc-de-figuery,complete,Canonical local Immo perMuni stats row is present and reports 877 served lots.,877,complete,Local Immo stats report 877/877 lots with surface_m2.,877,877,complete,Local Immo stats report 877/877 lots with code_postal.,877,877,incomplete,Local Immo stats report 775/877 lots with civic address.,877,775,N/A,The local coverage matrix has no TOD scope entry for this city.,N/A,TOD is not applicable according to the local coverage matrix.,,,
saint-marc-des-carrieres,saint-marc-des-carrieres,complete,Canonical local Immo perMuni stats row is present and reports 1943 served lots.,1943,complete,Local Immo stats report 1943/1943 lots with surface_m2.,1943,1943,complete,Local Immo stats report 1943/1943 lots with code_postal.,1943,1943,incomplete,Local Immo stats report 1656/1943 lots with civic address.,1943,1656,N/A,The local coverage matrix has no TOD scope entry for this city.,N/A,TOD is not applicable according to the local coverage matrix.,,,
saint-marc-du-lac-long,,incomplete,No canonical local Immo perMuni stats row is present in the served-lots snapshot.,,unknown,No canonical local Immo perMuni stats row exists; surface_m2 cannot be measured.,,,unknown,No canonical local Immo perMuni stats row exists; code_postal cannot be measured.,,,unknown,No canonical local Immo perMuni stats row exists; civic address cannot be measured.,,,N/A,The local coverage matrix has no TOD scope entry for this city.,N/A,TOD is not applicable according to the local coverage matrix.,,,
saint-marc-sur-richelieu,,incomplete,No canonical local Immo perMuni stats row is present in the served-lots snapshot.,,unknown,No canonical local Immo perMuni stats row exists; surface_m2 cannot be measured.,,,unknown,No canonical local Immo perMuni stats row exists; code_postal cannot be measured.,,,unknown,No canonical local Immo perMuni stats row exists; civic address cannot be measured.,,,N/A,The local coverage matrix has no TOD scope entry for this city.,N/A,TOD is not applicable according to the local coverage matrix.,,,
saint-marcel,saint-marcel,complete,Canonical local Immo perMuni stats row is present and reports 907 served lots.,907,complete,Local Immo stats report 907/907 lots with surface_m2.,907,907,complete,Local Immo stats report 907/907 lots with code_postal.,907,907,incomplete,Local Immo stats report 839/907 lots with civic address.,907,839,N/A,The local coverage matrix has no TOD scope entry for this city.,N/A,TOD is not applicable according to the local coverage matrix.,,,
saint-marcel-de-richelieu,saint-marcel-de-richelieu,complete,Canonical local Immo perMuni stats row is present and reports 593 served lots.,593,complete,Local Immo stats report 593/593 lots with surface_m2.,593,593,complete,Local Immo stats report 593/593 lots with code_postal.,593,593,incomplete,Local Immo stats report 544/593 lots with civic address.,593,544,N/A,The local coverage matrix has no TOD scope entry for this city.,N/A,TOD is not applicable according to the local coverage matrix.,,,
saint-marcellin,saint-marcellin,complete,Canonical local Immo perMuni stats row is present and reports 1008 served lots.,1008,complete,Local Immo stats report 1008/1008 lots with surface_m2.,1008,1008,complete,Local Immo stats report 1008/1008 lots with code_postal.,1008,1008,incomplete,Local Immo stats report 919/1008 lots with civic address.,1008,919,N/A,The local coverage matrix has no TOD scope entry for this city.,N/A,TOD is not applicable according to the local coverage matrix.,,,
saint-martin,saint-martin,complete,Canonical local Immo perMuni stats row is present and reports 1818 served lots.,1818,complete,Local Immo stats report 1818/1818 lots with surface_m2.,1818,1818,complete,Local Immo stats report 1818/1818 lots with code_postal.,1818,1818,incomplete,Local Immo stats report 1629/1818 lots with civic address.,1818,1629,N/A,The local coverage matrix has no TOD scope entry for this city.,N/A,TOD is not applicable according to the local coverage matrix.,,,
saint-mathias-sur-richelieu,saint-mathias-sur-richelieu,complete,Canonical local Immo perMuni stats row is present and reports 2349 served lots.,2349,complete,Local Immo stats report 2349/2349 lots with surface_m2.,2349,2349,complete,Local Immo stats report 2349/2349 lots with code_postal.,2349,2349,incomplete,Local Immo stats report 2310/2349 lots with civic address.,2349,2310,N/A,The local coverage matrix has no TOD scope entry for this city.,N/A,TOD is not applicable according to the local coverage matrix.,,,
saint-mathieu,saint-mathieu,complete,Canonical local Immo perMuni stats row is present and reports 1444 served lots.,1444,complete,Local Immo stats report 1444/1444 lots with surface_m2.,1444,1444,complete,Local Immo stats report 1444/1444 lots with code_postal.,1444,1444,incomplete,Local Immo stats report 1419/1444 lots with civic address.,1444,1419,N/A,The local coverage matrix has no TOD scope entry for this city.,N/A,TOD is not applicable according to the local coverage matrix.,,,
saint-mathieu-de-beloeil,saint-mathieu-de-beloeil,complete,Canonical local Immo perMuni stats row is present and reports 1764 served lots.,1764,complete,Local Immo stats report 1764/1764 lots with surface_m2.,1764,1764,complete,Local Immo stats report 1764/1764 lots with code_postal.,1764,1764,incomplete,Local Immo stats report 1705/1764 lots with civic address.,1764,1705,N/A,The local coverage matrix has no TOD scope entry for this city.,N/A,TOD is not applicable according to the local coverage matrix.,,,
saint-mathieu-de-rioux,,incomplete,No canonical local Immo perMuni stats row is present in the served-lots snapshot.,,unknown,No canonical local Immo perMuni stats row exists; surface_m2 cannot be measured.,,,unknown,No canonical local Immo perMuni stats row exists; code_postal cannot be measured.,,,unknown,No canonical local Immo perMuni stats row exists; civic address cannot be measured.,,,N/A,The local coverage matrix has no TOD scope entry for this city.,N/A,TOD is not applicable according to the local coverage matrix.,,,
saint-mathieu-dharricana,saint-mathieu-dharricana,complete,Canonical local Immo perMuni stats row is present and reports 663 served lots.,663,complete,Local Immo stats report 663/663 lots with surface_m2.,663,663,complete,Local Immo stats report 663/663 lots with code_postal.,663,663,incomplete,Local Immo stats report 585/663 lots with civic address.,663,585,N/A,The local coverage matrix has no TOD scope entry for this city.,N/A,TOD is not applicable according to the local coverage matrix.,,,
saint-mathieu-du-parc,saint-mathieu-du-parc,complete,Canonical local Immo perMuni stats row is present and reports 1675 served lots.,1675,complete,Local Immo stats report 1675/1675 lots with surface_m2.,1675,1675,complete,Local Immo stats report 1675/1675 lots with code_postal.,1675,1675,incomplete,Local Immo stats report 1631/1675 lots with civic address.,1675,1631,N/A,The local coverage matrix has no TOD scope entry for this city.,N/A,TOD is not applicable according to the local coverage matrix.,,,
saint-maurice,saint-maurice,complete,Canonical local Immo perMuni stats row is present and reports 2387 served lots.,2387,complete,Local Immo stats report 2387/2387 lots with surface_m2.,2387,2387,complete,Local Immo stats report 2387/2387 lots with code_postal.,2387,2387,incomplete,Local Immo stats report 2170/2387 lots with civic address.,2387,2170,N/A,The local coverage matrix has no TOD scope entry for this city.,N/A,TOD is not applicable according to the local coverage matrix.,,,
saint-maxime-du-mont-louis,saint-maxime-du-mont-louis,complete,Canonical local Immo perMuni stats row is present and reports 527 served lots.,527,complete,Local Immo stats report 527/527 lots with surface_m2.,527,527,complete,Local Immo stats report 527/527 lots with code_postal.,527,527,incomplete,Local Immo stats report 437/527 lots with civic address.,527,437,N/A,The local coverage matrix has no TOD scope entry for this city.,N/A,TOD is not applicable according to the local coverage matrix.,,,
saint-medard,saint-medard,complete,Canonical local Immo perMuni stats row is present and reports 443 served lots.,443,complete,Local Immo stats report 443/443 lots with surface_m2.,443,443,complete,Local Immo stats report 443/443 lots with code_postal.,443,443,incomplete,Local Immo stats report 376/443 lots with civic address.,443,376,N/A,The local coverage matrix has no TOD scope entry for this city.,N/A,TOD is not applicable according to the local coverage matrix.,,,
saint-michel,,incomplete,No canonical local Immo perMuni stats row is present in the served-lots snapshot.,,unknown,No canonical local Immo perMuni stats row exists; surface_m2 cannot be measured.,,,unknown,No canonical local Immo perMuni stats row exists; code_postal cannot be measured.,,,unknown,No canonical local Immo perMuni stats row exists; civic address cannot be measured.,,,N/A,The local coverage matrix has no TOD scope entry for this city.,N/A,TOD is not applicable according to the local coverage matrix.,,,
saint-michel-de-bellechasse,saint-michel-de-bellechasse,complete,Canonical local Immo perMuni stats row is present and reports 1571 served lots.,1571,complete,Local Immo stats report 1571/1571 lots with surface_m2.,1571,1571,complete,Local Immo stats report 1571/1571 lots with code_postal.,1571,1571,incomplete,Local Immo stats report 1413/1571 lots with civic address.,1571,1413,N/A,The local coverage matrix has no TOD scope entry for this city.,N/A,TOD is not applicable according to the local coverage matrix.,,,
saint-michel-des-saints,saint-michel-des-saints,complete,Canonical local Immo perMuni stats row is present and reports 3547 served lots.,3547,complete,Local Immo stats report 3547/3547 lots with surface_m2.,3547,3547,complete,Local Immo stats report 3547/3547 lots with code_postal.,3547,3547,incomplete,Local Immo stats report 3484/3547 lots with civic address.,3547,3484,N/A,The local coverage matrix has no TOD scope entry for this city.,N/A,TOD is not applicable according to the local coverage matrix.,,,
saint-michel-du-squatec,saint-michel-du-squatec,complete,Canonical local Immo perMuni stats row is present and reports 856 served lots.,856,complete,Local Immo stats report 856/856 lots with surface_m2.,856,856,complete,Local Immo stats report 856/856 lots with code_postal.,856,856,incomplete,Local Immo stats report 792/856 lots with civic address.,856,792,N/A,The local coverage matrix has no TOD scope entry for this city.,N/A,TOD is not applicable according to the local coverage matrix.,,,
saint-modeste,,incomplete,No canonical local Immo perMuni stats row is present in the served-lots snapshot.,,unknown,No canonical local Immo perMuni stats row exists; surface_m2 cannot be measured.,,,unknown,No canonical local Immo perMuni stats row exists; code_postal cannot be measured.,,,unknown,No canonical local Immo perMuni stats row exists; civic address cannot be measured.,,,N/A,The local coverage matrix has no TOD scope entry for this city.,N/A,TOD is not applicable according to the local coverage matrix.,,,
saint-moise,saint-moise,complete,Canonical local Immo perMuni stats row is present and reports 942 served lots.,942,complete,Local Immo stats report 942/942 lots with surface_m2.,942,942,complete,Local Immo stats report 942/942 lots with code_postal.,942,942,incomplete,Local Immo stats report 854/942 lots with civic address.,942,854,N/A,The local coverage matrix has no TOD scope entry for this city.,N/A,TOD is not applicable according to the local coverage matrix.,,,
saint-narcisse,saint-narcisse,complete,Canonical local Immo perMuni stats row is present and reports 1574 served lots.,1574,complete,Local Immo stats report 1574/1574 lots with surface_m2.,1574,1574,complete,Local Immo stats report 1574/1574 lots with code_postal.,1574,1574,incomplete,Local Immo stats report 1452/1574 lots with civic address.,1574,1452,N/A,The local coverage matrix has no TOD scope entry for this city.,N/A,TOD is not applicable according to the local coverage matrix.,,,
saint-narcisse-de-beaurivage,saint-narcisse-de-beaurivage,complete,Canonical local Immo perMuni stats row is present and reports 915 served lots.,915,complete,Local Immo stats report 915/915 lots with surface_m2.,915,915,complete,Local Immo stats report 915/915 lots with code_postal.,915,915,incomplete,Local Immo stats report 820/915 lots with civic address.,915,820,N/A,The local coverage matrix has no TOD scope entry for this city.,N/A,TOD is not applicable according to the local coverage matrix.,,,
saint-narcisse-de-rimouski,saint-narcisse-de-rimouski,complete,Canonical local Immo perMuni stats row is present and reports 1466 served lots.,1466,complete,Local Immo stats report 1466/1466 lots with surface_m2.,1466,1466,complete,Local Immo stats report 1466/1466 lots with code_postal.,1466,1466,incomplete,Local Immo stats report 1374/1466 lots with civic address.,1466,1374,N/A,The local coverage matrix has no TOD scope entry for this city.,N/A,TOD is not applicable according to the local coverage matrix.,,,
saint-nazaire,,incomplete,No canonical local Immo perMuni stats row is present in the served-lots snapshot.,,unknown,No canonical local Immo perMuni stats row exists; surface_m2 cannot be measured.,,,unknown,No canonical local Immo perMuni stats row exists; code_postal cannot be measured.,,,unknown,No canonical local Immo perMuni stats row exists; civic address cannot be measured.,,,N/A,The local coverage matrix has no TOD scope entry for this city.,N/A,TOD is not applicable according to the local coverage matrix.,,,
saint-nazaire-dacton,,incomplete,No canonical local Immo perMuni stats row is present in the served-lots snapshot.,,unknown,No canonical local Immo perMuni stats row exists; surface_m2 cannot be measured.,,,unknown,No canonical local Immo perMuni stats row exists; code_postal cannot be measured.,,,unknown,No canonical local Immo perMuni stats row exists; civic address cannot be measured.,,,N/A,The local coverage matrix has no TOD scope entry for this city.,N/A,TOD is not applicable according to the local coverage matrix.,,,
saint-nazaire-de-dorchester,saint-nazaire-de-dorchester,complete,Canonical local Immo perMuni stats row is present and reports 536 served lots.,536,complete,Local Immo stats report 536/536 lots with surface_m2.,536,536,complete,Local Immo stats report 536/536 lots with code_postal.,536,536,incomplete,Local Immo stats report 462/536 lots with civic address.,536,462,N/A,The local coverage matrix has no TOD scope entry for this city.,N/A,TOD is not applicable according to the local coverage matrix.,,,
saint-neree-de-bellechasse,saint-neree-de-bellechasse,complete,Canonical local Immo perMuni stats row is present and reports 1278 served lots.,1278,complete,Local Immo stats report 1278/1278 lots with surface_m2.,1278,1278,complete,Local Immo stats report 1278/1278 lots with code_postal.,1278,1278,incomplete,Local Immo stats report 1176/1278 lots with civic address.,1278,1176,N/A,The local coverage matrix has no TOD scope entry for this city.,N/A,TOD is not applicable according to the local coverage matrix.,,,
saint-noel,saint-noel,complete,Canonical local Immo perMuni stats row is present and reports 585 served lots.,585,complete,Local Immo stats report 585/585 lots with surface_m2.,585,585,complete,Local Immo stats report 585/585 lots with code_postal.,585,585,incomplete,Local Immo stats report 525/585 lots with civic address.,585,525,N/A,The local coverage matrix has no TOD scope entry for this city.,N/A,TOD is not applicable according to the local coverage matrix.,,,
saint-norbert,,incomplete,No canonical local Immo perMuni stats row is present in the served-lots snapshot.,,unknown,No canonical local Immo perMuni stats row exists; surface_m2 cannot be measured.,,,unknown,No canonical local Immo perMuni stats row exists; code_postal cannot be measured.,,,unknown,No canonical local Immo perMuni stats row exists; civic address cannot be measured.,,,N/A,The local coverage matrix has no TOD scope entry for this city.,N/A,TOD is not applicable according to the local coverage matrix.,,,
saint-norbert-darthabaska,,incomplete,No canonical local Immo perMuni stats row is present in the served-lots snapshot.,,unknown,No canonical local Immo perMuni stats row exists; surface_m2 cannot be measured.,,,unknown,No canonical local Immo perMuni stats row exists; code_postal cannot be measured.,,,unknown,No canonical local Immo perMuni stats row exists; civic address cannot be measured.,,,N/A,The local coverage matrix has no TOD scope entry for this city.,N/A,TOD is not applicable according to the local coverage matrix.,,,
saint-octave-de-metis,saint-octave-de-metis,complete,Canonical local Immo perMuni stats row is present and reports 948 served lots.,948,complete,Local Immo stats report 948/948 lots with surface_m2.,948,948,complete,Local Immo stats report 948/948 lots with code_postal.,948,948,incomplete,Local Immo stats report 885/948 lots with civic address.,948,885,N/A,The local coverage matrix has no TOD scope entry for this city.,N/A,TOD is not applicable according to the local coverage matrix.,,,
saint-odilon-de-cranbourne,saint-odilon-de-cranbourne,complete,Canonical local Immo perMuni stats row is present and reports 1358 served lots.,1358,complete,Local Immo stats report 1358/1358 lots with surface_m2.,1358,1358,complete,Local Immo stats report 1358/1358 lots with code_postal.,1358,1358,incomplete,Local Immo stats report 1334/1358 lots with civic address.,1358,1334,N/A,The local coverage matrix has no TOD scope entry for this city.,N/A,TOD is not applicable according to the local coverage matrix.,,,
saint-omer,,incomplete,No canonical local Immo perMuni stats row is present in the served-lots snapshot.,,unknown,No canonical local Immo perMuni stats row exists; surface_m2 cannot be measured.,,,unknown,No canonical local Immo perMuni stats row exists; code_postal cannot be measured.,,,unknown,No canonical local Immo perMuni stats row exists; civic address cannot be measured.,,,N/A,The local coverage matrix has no TOD scope entry for this city.,N/A,TOD is not applicable according to the local coverage matrix.,,,
saint-onesime-dixworth,,incomplete,No canonical local Immo perMuni stats row is present in the served-lots snapshot.,,unknown,No canonical local Immo perMuni stats row exists; surface_m2 cannot be measured.,,,unknown,No canonical local Immo perMuni stats row exists; code_postal cannot be measured.,,,unknown,No canonical local Immo perMuni stats row exists; civic address cannot be measured.,,,N/A,The local coverage matrix has no TOD scope entry for this city.,N/A,TOD is not applicable according to the local coverage matrix.,,,
saint-ours,saint-ours,complete,Canonical local Immo perMuni stats row is present and reports 1293 served lots.,1293,complete,Local Immo stats report 1293/1293 lots with surface_m2.,1293,1293,complete,Local Immo stats report 1293/1293 lots with code_postal.,1293,1293,incomplete,Local Immo stats report 1278/1293 lots with civic address.,1293,1278,N/A,The local coverage matrix has no TOD scope entry for this city.,N/A,TOD is not applicable according to the local coverage matrix.,,,
saint-pacome,saint-pacome,complete,Canonical local Immo perMuni stats row is present and reports 1252 served lots.,1252,complete,Local Immo stats report 1252/1252 lots with surface_m2.,1252,1252,complete,Local Immo stats report 1252/1252 lots with code_postal.,1252,1252,incomplete,Local Immo stats report 1106/1252 lots with civic address.,1252,1106,N/A,The local coverage matrix has no TOD scope entry for this city.,N/A,TOD is not applicable according to the local coverage matrix.,,,
saint-pamphile,saint-pamphile,complete,Canonical local Immo perMuni stats row is present and reports 1742 served lots.,1742,complete,Local Immo stats report 1742/1742 lots with surface_m2.,1742,1742,complete,Local Immo stats report 1742/1742 lots with code_postal.,1742,1742,incomplete,Local Immo stats report 1624/1742 lots with civic address.,1742,1624,N/A,The local coverage matrix has no TOD scope entry for this city.,N/A,TOD is not applicable according to the local coverage matrix.,,,
saint-pascal,saint-pascal,complete,Canonical local Immo perMuni stats row is present and reports 2622 served lots.,2622,complete,Local Immo stats report 2622/2622 lots with surface_m2.,2622,2622,complete,Local Immo stats report 2622/2622 lots with code_postal.,2622,2622,incomplete,Local Immo stats report 2399/2622 lots with civic address.,2622,2399,N/A,The local coverage matrix has no TOD scope entry for this city.,N/A,TOD is not applicable according to the local coverage matrix.,,,
saint-patrice-de-beaurivage,saint-patrice-de-beaurivage,complete,Canonical local Immo perMuni stats row is present and reports 1125 served lots.,1125,complete,Local Immo stats report 1125/1125 lots with surface_m2.,1125,1125,complete,Local Immo stats report 1125/1125 lots with code_postal.,1125,1125,incomplete,Local Immo stats report 1008/1125 lots with civic address.,1125,1008,N/A,The local coverage matrix has no TOD scope entry for this city.,N/A,TOD is not applicable according to the local coverage matrix.,,,
saint-patrice-de-sherrington,,incomplete,No canonical local Immo perMuni stats row is present in the served-lots snapshot.,,unknown,No canonical local Immo perMuni stats row exists; surface_m2 cannot be measured.,,,unknown,No canonical local Immo perMuni stats row exists; code_postal cannot be measured.,,,unknown,No canonical local Immo perMuni stats row exists; civic address cannot be measured.,,,N/A,The local coverage matrix has no TOD scope entry for this city.,N/A,TOD is not applicable according to the local coverage matrix.,,,
saint-paul,saint-paul,complete,Canonical local Immo perMuni stats row is present and reports 3635 served lots.,3635,complete,Local Immo stats report 3635/3635 lots with surface_m2.,3635,3635,complete,Local Immo stats report 3635/3635 lots with code_postal.,3635,3635,incomplete,Local Immo stats report 3585/3635 lots with civic address.,3635,3585,N/A,The local coverage matrix has no TOD scope entry for this city.,N/A,TOD is not applicable according to the local coverage matrix.,,,
saint-paul-dabbotsford,,incomplete,No canonical local Immo perMuni stats row is present in the served-lots snapshot.,,unknown,No canonical local Immo perMuni stats row exists; surface_m2 cannot be measured.,,,unknown,No canonical local Immo perMuni stats row exists; code_postal cannot be measured.,,,unknown,No canonical local Immo perMuni stats row exists; civic address cannot be measured.,,,N/A,The local coverage matrix has no TOD scope entry for this city.,N/A,TOD is not applicable according to the local coverage matrix.,,,
saint-paul-de-la-croix,,incomplete,No canonical local Immo perMuni stats row is present in the served-lots snapshot.,,unknown,No canonical local Immo perMuni stats row exists; surface_m2 cannot be measured.,,,unknown,No canonical local Immo perMuni stats row exists; code_postal cannot be measured.,,,unknown,No canonical local Immo perMuni stats row exists; civic address cannot be measured.,,,N/A,The local coverage matrix has no TOD scope entry for this city.,N/A,TOD is not applicable according to the local coverage matrix.,,,
saint-paul-de-lile-aux-noix,,incomplete,No canonical local Immo perMuni stats row is present in the served-lots snapshot.,,unknown,No canonical local Immo perMuni stats row exists; surface_m2 cannot be measured.,,,unknown,No canonical local Immo perMuni stats row exists; code_postal cannot be measured.,,,unknown,No canonical local Immo perMuni stats row exists; civic address cannot be measured.,,,N/A,The local coverage matrix has no TOD scope entry for this city.,N/A,TOD is not applicable according to the local coverage matrix.,,,
saint-paul-de-montminy,saint-paul-de-montminy,complete,Canonical local Immo perMuni stats row is present and reports 1394 served lots.,1394,complete,Local Immo stats report 1394/1394 lots with surface_m2.,1394,1394,complete,Local Immo stats report 1394/1394 lots with code_postal.,1394,1394,incomplete,Local Immo stats report 1275/1394 lots with civic address.,1394,1275,N/A,The local coverage matrix has no TOD scope entry for this city.,N/A,TOD is not applicable according to the local coverage matrix.,,,
saint-paulin,,incomplete,No canonical local Immo perMuni stats row is present in the served-lots snapshot.,,unknown,No canonical local Immo perMuni stats row exists; surface_m2 cannot be measured.,,,unknown,No canonical local Immo perMuni stats row exists; code_postal cannot be measured.,,,unknown,No canonical local Immo perMuni stats row exists; civic address cannot be measured.,,,N/A,The local coverage matrix has no TOD scope entry for this city.,N/A,TOD is not applicable according to the local coverage matrix.,,,
saint-philemon,saint-philemon,complete,Canonical local Immo perMuni stats row is present and reports 1554 served lots.,1554,complete,Local Immo stats report 1554/1554 lots with surface_m2.,1554,1554,complete,Local Immo stats report 1554/1554 lots with code_postal.,1554,1554,incomplete,Local Immo stats report 1411/1554 lots with civic address.,1554,1411,N/A,The local coverage matrix has no TOD scope entry for this city.,N/A,TOD is not applicable according to the local coverage matrix.,,,
saint-philibert,,incomplete,No canonical local Immo perMuni stats row is present in the served-lots snapshot.,,unknown,No canonical local Immo perMuni stats row exists; surface_m2 cannot be measured.,,,unknown,No canonical local Immo perMuni stats row exists; code_postal cannot be measured.,,,unknown,No canonical local Immo perMuni stats row exists; civic address cannot be measured.,,,N/A,The local coverage matrix has no TOD scope entry for this city.,N/A,TOD is not applicable according to the local coverage matrix.,,,
saint-philippe,saint-philippe,complete,Canonical local Immo perMuni stats row is present and reports 5202 served lots.,5202,complete,Local Immo stats report 5202/5202 lots with surface_m2.,5202,5202,complete,Local Immo stats report 5202/5202 lots with code_postal.,5202,5202,incomplete,Local Immo stats report 4938/5202 lots with civic address.,5202,4938,N/A,The local coverage matrix has no TOD scope entry for this city.,N/A,TOD is not applicable according to the local coverage matrix.,,,
saint-philippe-de-neri,saint-philippe-de-neri,complete,Canonical local Immo perMuni stats row is present and reports 892 served lots.,892,complete,Local Immo stats report 892/892 lots with surface_m2.,892,892,complete,Local Immo stats report 892/892 lots with code_postal.,892,892,incomplete,Local Immo stats report 807/892 lots with civic address.,892,807,N/A,The local coverage matrix has no TOD scope entry for this city.,N/A,TOD is not applicable according to the local coverage matrix.,,,
saint-pie,saint-pie,complete,Canonical local Immo perMuni stats row is present and reports 3277 served lots.,3277,complete,Local Immo stats report 3277/3277 lots with surface_m2.,3277,3277,complete,Local Immo stats report 3277/3277 lots with code_postal.,3277,3277,incomplete,Local Immo stats report 2996/3277 lots with civic address.,3277,2996,N/A,The local coverage matrix has no TOD scope entry for this city.,N/A,TOD is not applicable according to the local coverage matrix.,,,
saint-pie-de-guire,saint-pie-de-guire,complete,Canonical local Immo perMuni stats row is present and reports 724 served lots.,724,complete,Local Immo stats report 724/724 lots with surface_m2.,724,724,complete,Local Immo stats report 724/724 lots with code_postal.,724,724,incomplete,Local Immo stats report 660/724 lots with civic address.,724,660,N/A,The local coverage matrix has no TOD scope entry for this city.,N/A,TOD is not applicable according to the local coverage matrix.,,,
saint-pierre,saint-pierre,complete,Canonical local Immo perMuni stats row is present and reports 21322 served lots.,21322,complete,Local Immo stats report 21322/21322 lots with surface_m2.,21322,21322,complete,Local Immo stats report 21322/21322 lots with code_postal.,21322,21322,incomplete,Local Immo stats report 0/21322 lots with civic address.,21322,0,N/A,The local coverage matrix has no TOD scope entry for this city.,N/A,TOD is not applicable according to the local coverage matrix.,,,
saint-pierre-baptiste,saint-pierre-baptiste,complete,Canonical local Immo perMuni stats row is present and reports 796 served lots.,796,complete,Local Immo stats report 796/796 lots with surface_m2.,796,796,complete,Local Immo stats report 796/796 lots with code_postal.,796,796,incomplete,Local Immo stats report 695/796 lots with civic address.,796,695,N/A,The local coverage matrix has no TOD scope entry for this city.,N/A,TOD is not applicable according to the local coverage matrix.,,,
saint-pierre-de-broughton,saint-pierre-de-broughton,complete,Canonical local Immo perMuni stats row is present and reports 1106 served lots.,1106,complete,Local Immo stats report 1106/1106 lots with surface_m2.,1106,1106,complete,Local Immo stats report 1106/1106 lots with code_postal.,1106,1106,incomplete,Local Immo stats report 1096/1106 lots with civic address.,1106,1096,N/A,The local coverage matrix has no TOD scope entry for this city.,N/A,TOD is not applicable according to the local coverage matrix.,,,
saint-pierre-de-la-riviere-du-sud,saint-pierre-de-la-riviere-du-sud,complete,Canonical local Immo perMuni stats row is present and reports 1154 served lots.,1154,complete,Local Immo stats report 1154/1154 lots with surface_m2.,1154,1154,complete,Local Immo stats report 1154/1154 lots with code_postal.,1154,1154,incomplete,Local Immo stats report 1092/1154 lots with civic address.,1154,1092,N/A,The local coverage matrix has no TOD scope entry for this city.,N/A,TOD is not applicable according to the local coverage matrix.,,,
saint-pierre-de-lamy,saint-pierre-de-lamy,complete,Canonical local Immo perMuni stats row is present and reports 402 served lots.,402,complete,Local Immo stats report 402/402 lots with surface_m2.,402,402,complete,Local Immo stats report 402/402 lots with code_postal.,402,402,incomplete,Local Immo stats report 356/402 lots with civic address.,402,356,N/A,The local coverage matrix has no TOD scope entry for this city.,N/A,TOD is not applicable according to the local coverage matrix.,,,
saint-pierre-de-lile-dorleans,saint-pierre-de-lile-dorleans,complete,Canonical local Immo perMuni stats row is present and reports 990 served lots.,990,complete,Local Immo stats report 990/990 lots with surface_m2.,990,990,complete,Local Immo stats report 990/990 lots with code_postal.,990,990,incomplete,Local Immo stats report 962/990 lots with civic address.,990,962,N/A,The local coverage matrix has no TOD scope entry for this city.,N/A,TOD is not applicable according to the local coverage matrix.,,,
saint-pierre-les-becquets,saint-pierre-les-becquets,complete,Canonical local Immo perMuni stats row is present and reports 1008 served lots.,1008,complete,Local Immo stats report 1008/1008 lots with surface_m2.,1008,1008,complete,Local Immo stats report 1008/1008 lots with code_postal.,1008,1008,incomplete,Local Immo stats report 998/1008 lots with civic address.,1008,998,N/A,The local coverage matrix has no TOD scope entry for this city.,N/A,TOD is not applicable according to the local coverage matrix.,,,
saint-placide,,incomplete,No canonical local Immo perMuni stats row is present in the served-lots snapshot.,,unknown,No canonical local Immo perMuni stats row exists; surface_m2 cannot be measured.,,,unknown,No canonical local Immo perMuni stats row exists; code_postal cannot be measured.,,,unknown,No canonical local Immo perMuni stats row exists; civic address cannot be measured.,,,N/A,The local coverage matrix has no TOD scope entry for this city.,N/A,TOD is not applicable according to the local coverage matrix.,,,
saint-polycarpe,saint-polycarpe,complete,Canonical local Immo perMuni stats row is present and reports 1785 served lots.,1785,complete,Local Immo stats report 1785/1785 lots with surface_m2.,1785,1785,complete,Local Immo stats report 1785/1785 lots with code_postal.,1785,1785,incomplete,Local Immo stats report 1767/1785 lots with civic address.,1785,1767,N/A,The local coverage matrix has no TOD scope entry for this city.,N/A,TOD is not applicable according to the local coverage matrix.,,,
saint-prime,,incomplete,No canonical local Immo perMuni stats row is present in the served-lots snapshot.,,unknown,No canonical local Immo perMuni stats row exists; surface_m2 cannot be measured.,,,unknown,No canonical local Immo perMuni stats row exists; code_postal cannot be measured.,,,unknown,No canonical local Immo perMuni stats row exists; civic address cannot be measured.,,,N/A,The local coverage matrix has no TOD scope entry for this city.,N/A,TOD is not applicable according to the local coverage matrix.,,,
saint-prosper,saint-prosper,complete,Canonical local Immo perMuni stats row is present and reports 2738 served lots.,2738,complete,Local Immo stats report 2738/2738 lots with surface_m2.,2738,2738,complete,Local Immo stats report 2738/2738 lots with code_postal.,2738,2738,incomplete,Local Immo stats report 2461/2738 lots with civic address.,2738,2461,N/A,The local coverage matrix has no TOD scope entry for this city.,N/A,TOD is not applicable according to the local coverage matrix.,,,
saint-prosper-de-champlain,saint-prosper-de-champlain,complete,Canonical local Immo perMuni stats row is present and reports 1185 served lots.,1185,complete,Local Immo stats report 1185/1185 lots with surface_m2.,1185,1185,complete,Local Immo stats report 1185/1185 lots with code_postal.,1185,1185,incomplete,Local Immo stats report 1119/1185 lots with civic address.,1185,1119,N/A,The local coverage matrix has no TOD scope entry for this city.,N/A,TOD is not applicable according to the local coverage matrix.,,,
saint-raphael,saint-raphael,complete,Canonical local Immo perMuni stats row is present and reports 2637 served lots.,2637,complete,Local Immo stats report 2637/2637 lots with surface_m2.,2637,2637,complete,Local Immo stats report 2637/2637 lots with code_postal.,2637,2637,incomplete,Local Immo stats report 2326/2637 lots with civic address.,2637,2326,N/A,The local coverage matrix has no TOD scope entry for this city.,N/A,TOD is not applicable according to the local coverage matrix.,,,
saint-raymond,saint-raymond,complete,Canonical local Immo perMuni stats row is present and reports 1314 served lots.,1314,complete,Local Immo stats report 1314/1314 lots with surface_m2.,1314,1314,complete,Local Immo stats report 1314/1314 lots with code_postal.,1314,1314,incomplete,Local Immo stats report 1236/1314 lots with civic address.,1314,1236,N/A,The local coverage matrix has no TOD scope entry for this city.,N/A,TOD is not applicable according to the local coverage matrix.,,,
saint-remi,,incomplete,No canonical local Immo perMuni stats row is present in the served-lots snapshot.,,unknown,No canonical local Immo perMuni stats row exists; surface_m2 cannot be measured.,,,unknown,No canonical local Immo perMuni stats row exists; code_postal cannot be measured.,,,unknown,No canonical local Immo perMuni stats row exists; civic address cannot be measured.,,,N/A,The local coverage matrix has no TOD scope entry for this city.,N/A,TOD is not applicable according to the local coverage matrix.,,,
saint-remi-de-tingwick,saint-remi-de-tingwick,complete,Canonical local Immo perMuni stats row is present and reports 366 served lots.,366,complete,Local Immo stats report 366/366 lots with surface_m2.,366,366,complete,Local Immo stats report 366/366 lots with code_postal.,366,366,incomplete,Local Immo stats report 321/366 lots with civic address.,366,321,N/A,The local coverage matrix has no TOD scope entry for this city.,N/A,TOD is not applicable according to the local coverage matrix.,,,
saint-rene,saint-rene,complete,Canonical local Immo perMuni stats row is present and reports 926 served lots.,926,complete,Local Immo stats report 926/926 lots with surface_m2.,926,926,complete,Local Immo stats report 926/926 lots with code_postal.,926,926,incomplete,Local Immo stats report 867/926 lots with civic address.,926,867,N/A,The local coverage matrix has no TOD scope entry for this city.,N/A,TOD is not applicable according to the local coverage matrix.,,,
saint-rene-de-matane,saint-rene-de-matane,complete,Canonical local Immo perMuni stats row is present and reports 187 served lots.,187,complete,Local Immo stats report 187/187 lots with surface_m2.,187,187,complete,Local Immo stats report 187/187 lots with code_postal.,187,187,incomplete,Local Immo stats report 152/187 lots with civic address.,187,152,N/A,The local coverage matrix has no TOD scope entry for this city.,N/A,TOD is not applicable according to the local coverage matrix.,,,
saint-robert,,incomplete,No canonical local Immo perMuni stats row is present in the served-lots snapshot.,,unknown,No canonical local Immo perMuni stats row exists; surface_m2 cannot be measured.,,,unknown,No canonical local Immo perMuni stats row exists; code_postal cannot be measured.,,,unknown,No canonical local Immo perMuni stats row exists; civic address cannot be measured.,,,N/A,The local coverage matrix has no TOD scope entry for this city.,N/A,TOD is not applicable according to the local coverage matrix.,,,
saint-robert-bellarmin,saint-robert-bellarmin,complete,Canonical local Immo perMuni stats row is present and reports 586 served lots.,586,complete,Local Immo stats report 586/586 lots with surface_m2.,586,586,complete,Local Immo stats report 586/586 lots with code_postal.,586,586,incomplete,Local Immo stats report 539/586 lots with civic address.,586,539,N/A,The local coverage matrix has no TOD scope entry for this city.,N/A,TOD is not applicable according to the local coverage matrix.,,,
saint-roch-de-lachigan,,incomplete,No canonical local Immo perMuni stats row is present in the served-lots snapshot.,,unknown,No canonical local Immo perMuni stats row exists; surface_m2 cannot be measured.,,,unknown,No canonical local Immo perMuni stats row exists; code_postal cannot be measured.,,,unknown,No canonical local Immo perMuni stats row exists; civic address cannot be measured.,,,N/A,The local coverage matrix has no TOD scope entry for this city.,N/A,TOD is not applicable according to the local coverage matrix.,,,
saint-roch-de-mekinac,,incomplete,No canonical local Immo perMuni stats row is present in the served-lots snapshot.,,unknown,No canonical local Immo perMuni stats row exists; surface_m2 cannot be measured.,,,unknown,No canonical local Immo perMuni stats row exists; code_postal cannot be measured.,,,unknown,No canonical local Immo perMuni stats row exists; civic address cannot be measured.,,,N/A,The local coverage matrix has no TOD scope entry for this city.,N/A,TOD is not applicable according to the local coverage matrix.,,,
saint-roch-de-richelieu,,incomplete,No canonical local Immo perMuni stats row is present in the served-lots snapshot.,,unknown,No canonical local Immo perMuni stats row exists; surface_m2 cannot be measured.,,,unknown,No canonical local Immo perMuni stats row exists; code_postal cannot be measured.,,,unknown,No canonical local Immo perMuni stats row exists; civic address cannot be measured.,,,N/A,The local coverage matrix has no TOD scope entry for this city.,N/A,TOD is not applicable according to the local coverage matrix.,,,
saint-roch-des-aulnaies,saint-roch-des-aulnaies,complete,Canonical local Immo perMuni stats row is present and reports 1099 served lots.,1099,complete,Local Immo stats report 1099/1099 lots with surface_m2.,1099,1099,complete,Local Immo stats report 1099/1099 lots with code_postal.,1099,1099,incomplete,Local Immo stats report 1002/1099 lots with civic address.,1099,1002,N/A,The local coverage matrix has no TOD scope entry for this city.,N/A,TOD is not applicable according to the local coverage matrix.,,,
saint-roch-ouest,saint-roch-ouest,complete,Canonical local Immo perMuni stats row is present and reports 311 served lots.,311,complete,Local Immo stats report 311/311 lots with surface_m2.,311,311,complete,Local Immo stats report 311/311 lots with code_postal.,311,311,incomplete,Local Immo stats report 306/311 lots with civic address.,311,306,N/A,The local coverage matrix has no TOD scope entry for this city.,N/A,TOD is not applicable according to the local coverage matrix.,,,
saint-romain,saint-romain,complete,Canonical local Immo perMuni stats row is present and reports 969 served lots.,969,complete,Local Immo stats report 969/969 lots with surface_m2.,969,969,complete,Local Immo stats report 969/969 lots with code_postal.,969,969,incomplete,Local Immo stats report 878/969 lots with civic address.,969,878,N/A,The local coverage matrix has no TOD scope entry for this city.,N/A,TOD is not applicable according to the local coverage matrix.,,,
saint-rosaire,saint-rosaire,complete,Canonical local Immo perMuni stats row is present and reports 939 served lots.,939,complete,Local Immo stats report 939/939 lots with surface_m2.,939,939,complete,Local Immo stats report 939/939 lots with code_postal.,939,939,incomplete,Local Immo stats report 860/939 lots with civic address.,939,860,N/A,The local coverage matrix has no TOD scope entry for this city.,N/A,TOD is not applicable according to the local coverage matrix.,,,
saint-samuel,,incomplete,No canonical local Immo perMuni stats row is present in the served-lots snapshot.,,unknown,No canonical local Immo perMuni stats row exists; surface_m2 cannot be measured.,,,unknown,No canonical local Immo perMuni stats row exists; code_postal cannot be measured.,,,unknown,No canonical local Immo perMuni stats row exists; civic address cannot be measured.,,,N/A,The local coverage matrix has no TOD scope entry for this city.,N/A,TOD is not applicable according to the local coverage matrix.,,,
saint-sauveur,saint-sauveur,complete,Canonical local Immo perMuni stats row is present and reports 9127 served lots.,9127,complete,Local Immo stats report 9127/9127 lots with surface_m2.,9127,9127,complete,Local Immo stats report 9127/9127 lots with code_postal.,9127,9127,incomplete,Local Immo stats report 8919/9127 lots with civic address.,9127,8919,N/A,The local coverage matrix has no TOD scope entry for this city.,N/A,TOD is not applicable according to the local coverage matrix.,,,
saint-sebastien--le-granit,saint-sebastien--le-granit,complete,Canonical local Immo perMuni stats row is present and reports 772 served lots.,772,complete,Local Immo stats report 772/772 lots with surface_m2.,772,772,complete,Local Immo stats report 772/772 lots with code_postal.,772,772,incomplete,Local Immo stats report 693/772 lots with civic address.,772,693,N/A,The local coverage matrix has no TOD scope entry for this city.,N/A,TOD is not applicable according to the local coverage matrix.,,,
saint-sebastien--le-haut-richelieu,,incomplete,No canonical local Immo perMuni stats row is present in the served-lots snapshot.,,unknown,No canonical local Immo perMuni stats row exists; surface_m2 cannot be measured.,,,unknown,No canonical local Immo perMuni stats row exists; code_postal cannot be measured.,,,unknown,No canonical local Immo perMuni stats row exists; civic address cannot be measured.,,,N/A,The local coverage matrix has no TOD scope entry for this city.,N/A,TOD is not applicable according to the local coverage matrix.,,,
saint-severe,,incomplete,No canonical local Immo perMuni stats row is present in the served-lots snapshot.,,unknown,No canonical local Immo perMuni stats row exists; surface_m2 cannot be measured.,,,unknown,No canonical local Immo perMuni stats row exists; code_postal cannot be measured.,,,unknown,No canonical local Immo perMuni stats row exists; civic address cannot be measured.,,,N/A,The local coverage matrix has no TOD scope entry for this city.,N/A,TOD is not applicable according to the local coverage matrix.,,,
saint-severin--beauce-centre,saint-severin--beauce-centre,complete,Canonical local Immo perMuni stats row is present and reports 609 served lots.,609,complete,Local Immo stats report 609/609 lots with surface_m2.,609,609,complete,Local Immo stats report 609/609 lots with code_postal.,609,609,incomplete,Local Immo stats report 531/609 lots with civic address.,609,531,N/A,The local coverage matrix has no TOD scope entry for this city.,N/A,TOD is not applicable according to the local coverage matrix.,,,
saint-severin--mekinac,,incomplete,No canonical local Immo perMuni stats row is present in the served-lots snapshot.,,unknown,No canonical local Immo perMuni stats row exists; surface_m2 cannot be measured.,,,unknown,No canonical local Immo perMuni stats row exists; code_postal cannot be measured.,,,unknown,No canonical local Immo perMuni stats row exists; civic address cannot be measured.,,,N/A,The local coverage matrix has no TOD scope entry for this city.,N/A,TOD is not applicable according to the local coverage matrix.,,,
saint-simeon--bonaventure,,incomplete,No canonical local Immo perMuni stats row is present in the served-lots snapshot.,,unknown,No canonical local Immo perMuni stats row exists; surface_m2 cannot be measured.,,,unknown,No canonical local Immo perMuni stats row exists; code_postal cannot be measured.,,,unknown,No canonical local Immo perMuni stats row exists; civic address cannot be measured.,,,N/A,The local coverage matrix has no TOD scope entry for this city.,N/A,TOD is not applicable according to the local coverage matrix.,,,
saint-simeon--charlevoix-est,saint-simeon--charlevoix-est,complete,Canonical local Immo perMuni stats row is present and reports 581 served lots.,581,complete,Local Immo stats report 581/581 lots with surface_m2.,581,581,complete,Local Immo stats report 581/581 lots with code_postal.,581,581,incomplete,Local Immo stats report 505/581 lots with civic address.,581,505,N/A,The local coverage matrix has no TOD scope entry for this city.,N/A,TOD is not applicable according to the local coverage matrix.,,,
saint-simon,saint-simon,complete,Canonical local Immo perMuni stats row is present and reports 1097 served lots.,1097,complete,Local Immo stats report 1097/1097 lots with surface_m2.,1097,1097,complete,Local Immo stats report 1097/1097 lots with code_postal.,1097,1097,incomplete,Local Immo stats report 928/1097 lots with civic address.,1097,928,N/A,The local coverage matrix has no TOD scope entry for this city.,N/A,TOD is not applicable according to the local coverage matrix.,,,
saint-simon-de-rimouski,saint-simon-de-rimouski,complete,Canonical local Immo perMuni stats row is present and reports 1477 served lots.,1477,complete,Local Immo stats report 1477/1477 lots with surface_m2.,1477,1477,complete,Local Immo stats report 1477/1477 lots with code_postal.,1477,1477,incomplete,Local Immo stats report 1347/1477 lots with civic address.,1477,1347,N/A,The local coverage matrix has no TOD scope entry for this city.,N/A,TOD is not applicable according to the local coverage matrix.,,,
saint-simon-les-mines,saint-simon-les-mines,complete,Canonical local Immo perMuni stats row is present and reports 865 served lots.,865,complete,Local Immo stats report 865/865 lots with surface_m2.,865,865,complete,Local Immo stats report 865/865 lots with code_postal.,865,865,incomplete,Local Immo stats report 730/865 lots with civic address.,865,730,N/A,The local coverage matrix has no TOD scope entry for this city.,N/A,TOD is not applicable according to the local coverage matrix.,,,
saint-sixte,saint-sixte,complete,Canonical local Immo perMuni stats row is present and reports 671 served lots.,671,complete,Local Immo stats report 671/671 lots with surface_m2.,671,671,complete,Local Immo stats report 671/671 lots with code_postal.,671,671,incomplete,Local Immo stats report 584/671 lots with civic address.,671,584,N/A,The local coverage matrix has no TOD scope entry for this city.,N/A,TOD is not applicable according to the local coverage matrix.,,,
saint-stanislas--des-chenaux,saint-stanislas--des-chenaux,complete,Canonical local Immo perMuni stats row is present and reports 1542 served lots.,1542,complete,Local Immo stats report 1542/1542 lots with surface_m2.,1542,1542,complete,Local Immo stats report 1542/1542 lots with code_postal.,1542,1542,incomplete,Local Immo stats report 1417/1542 lots with civic address.,1542,1417,N/A,The local coverage matrix has no TOD scope entry for this city.,N/A,TOD is not applicable according to the local coverage matrix.,,,
saint-stanislas--maria-chapdelaine,saint-stanislas--maria-chapdelaine,complete,Canonical local Immo perMuni stats row is present and reports 374 served lots.,374,complete,Local Immo stats report 374/374 lots with surface_m2.,374,374,complete,Local Immo stats report 374/374 lots with code_postal.,374,374,incomplete,Local Immo stats report 342/374 lots with civic address.,374,342,N/A,The local coverage matrix has no TOD scope entry for this city.,N/A,TOD is not applicable according to the local coverage matrix.,,,
saint-stanislas-de-kostka,saint-stanislas-de-kostka,complete,Canonical local Immo perMuni stats row is present and reports 1827 served lots.,1827,complete,Local Immo stats report 1827/1827 lots with surface_m2.,1827,1827,complete,Local Immo stats report 1827/1827 lots with code_postal.,1827,1827,incomplete,Local Immo stats report 1823/1827 lots with civic address.,1827,1823,N/A,The local coverage matrix has no TOD scope entry for this city.,N/A,TOD is not applicable according to the local coverage matrix.,,,
saint-sulpice,saint-sulpice,complete,Canonical local Immo perMuni stats row is present and reports 1910 served lots.,1910,complete,Local Immo stats report 1910/1910 lots with surface_m2.,1910,1910,complete,Local Immo stats report 1910/1910 lots with code_postal.,1910,1910,incomplete,Local Immo stats report 1877/1910 lots with civic address.,1910,1877,N/A,The local coverage matrix has no TOD scope entry for this city.,N/A,TOD is not applicable according to the local coverage matrix.,,,
saint-sylvere,saint-sylvere,complete,Canonical local Immo perMuni stats row is present and reports 723 served lots.,723,complete,Local Immo stats report 723/723 lots with surface_m2.,723,723,complete,Local Immo stats report 723/723 lots with code_postal.,723,723,incomplete,Local Immo stats report 716/723 lots with civic address.,723,716,N/A,The local coverage matrix has no TOD scope entry for this city.,N/A,TOD is not applicable according to the local coverage matrix.,,,
saint-sylvestre,saint-sylvestre,complete,Canonical local Immo perMuni stats row is present and reports 1313 served lots.,1313,complete,Local Immo stats report 1313/1313 lots with surface_m2.,1313,1313,complete,Local Immo stats report 1313/1313 lots with code_postal.,1313,1313,incomplete,Local Immo stats report 1178/1313 lots with civic address.,1313,1178,N/A,The local coverage matrix has no TOD scope entry for this city.,N/A,TOD is not applicable according to the local coverage matrix.,,,
saint-telesphore,saint-telesphore,complete,Canonical local Immo perMuni stats row is present and reports 965 served lots.,965,complete,Local Immo stats report 965/965 lots with surface_m2.,965,965,complete,Local Immo stats report 965/965 lots with code_postal.,965,965,incomplete,Local Immo stats report 963/965 lots with civic address.,965,963,N/A,The local coverage matrix has no TOD scope entry for this city.,N/A,TOD is not applicable according to the local coverage matrix.,,,
saint-tharcisius,saint-tharcisius,complete,Canonical local Immo perMuni stats row is present and reports 498 served lots.,498,complete,Local Immo stats report 498/498 lots with surface_m2.,498,498,complete,Local Immo stats report 498/498 lots with code_postal.,498,498,incomplete,Local Immo stats report 429/498 lots with civic address.,498,429,N/A,The local coverage matrix has no TOD scope entry for this city.,N/A,TOD is not applicable according to the local coverage matrix.,,,
saint-theodore-dacton,,incomplete,No canonical local Immo perMuni stats row is present in the served-lots snapshot.,,unknown,No canonical local Immo perMuni stats row exists; surface_m2 cannot be measured.,,,unknown,No canonical local Immo perMuni stats row exists; code_postal cannot be measured.,,,unknown,No canonical local Immo perMuni stats row exists; civic address cannot be measured.,,,N/A,The local coverage matrix has no TOD scope entry for this city.,N/A,TOD is not applicable according to the local coverage matrix.,,,
saint-theophile,saint-theophile,complete,Canonical local Immo perMuni stats row is present and reports 464 served lots.,464,complete,Local Immo stats report 464/464 lots with surface_m2.,464,464,complete,Local Immo stats report 464/464 lots with code_postal.,464,464,incomplete,Local Immo stats report 420/464 lots with civic address.,464,420,N/A,The local coverage matrix has no TOD scope entry for this city.,N/A,TOD is not applicable according to the local coverage matrix.,,,
saint-thomas,saint-thomas,complete,Canonical local Immo perMuni stats row is present and reports 2570 served lots.,2570,complete,Local Immo stats report 2570/2570 lots with surface_m2.,2570,2570,complete,Local Immo stats report 2570/2570 lots with code_postal.,2570,2570,incomplete,Local Immo stats report 2541/2570 lots with civic address.,2570,2541,N/A,The local coverage matrix has no TOD scope entry for this city.,N/A,TOD is not applicable according to the local coverage matrix.,,,
saint-thomas-didyme,saint-thomas-didyme,complete,Canonical local Immo perMuni stats row is present and reports 698 served lots.,698,complete,Local Immo stats report 698/698 lots with surface_m2.,698,698,complete,Local Immo stats report 698/698 lots with code_postal.,698,698,incomplete,Local Immo stats report 616/698 lots with civic address.,698,616,N/A,The local coverage matrix has no TOD scope entry for this city.,N/A,TOD is not applicable according to the local coverage matrix.,,,
saint-thuribe,saint-thuribe,complete,Canonical local Immo perMuni stats row is present and reports 673 served lots.,673,complete,Local Immo stats report 673/673 lots with surface_m2.,673,673,complete,Local Immo stats report 673/673 lots with code_postal.,673,673,incomplete,Local Immo stats report 632/673 lots with civic address.,673,632,N/A,The local coverage matrix has no TOD scope entry for this city.,N/A,TOD is not applicable according to the local coverage matrix.,,,
saint-tite,saint-tite,complete,Canonical local Immo perMuni stats row is present and reports 3313 served lots.,3313,complete,Local Immo stats report 3313/3313 lots with surface_m2.,3313,3313,complete,Local Immo stats report 3313/3313 lots with code_postal.,3313,3313,incomplete,Local Immo stats report 3050/3313 lots with civic address.,3313,3050,N/A,The local coverage matrix has no TOD scope entry for this city.,N/A,TOD is not applicable according to the local coverage matrix.,,,
saint-tite-des-caps,saint-tite-des-caps,complete,Canonical local Immo perMuni stats row is present and reports 1291 served lots.,1291,complete,Local Immo stats report 1291/1291 lots with surface_m2.,1291,1291,complete,Local Immo stats report 1291/1291 lots with code_postal.,1291,1291,incomplete,Local Immo stats report 1184/1291 lots with civic address.,1291,1184,N/A,The local coverage matrix has no TOD scope entry for this city.,N/A,TOD is not applicable according to the local coverage matrix.,,,
saint-ubalde,saint-ubalde,complete,Canonical local Immo perMuni stats row is present and reports 2149 served lots.,2149,complete,Local Immo stats report 2149/2149 lots with surface_m2.,2149,2149,complete,Local Immo stats report 2149/2149 lots with code_postal.,2149,2149,incomplete,Local Immo stats report 1998/2149 lots with civic address.,2149,1998,N/A,The local coverage matrix has no TOD scope entry for this city.,N/A,TOD is not applicable according to the local coverage matrix.,,,
saint-ulric,saint-ulric,complete,Canonical local Immo perMuni stats row is present and reports 1618 served lots.,1618,complete,Local Immo stats report 1618/1618 lots with surface_m2.,1618,1618,complete,Local Immo stats report 1618/1618 lots with code_postal.,1618,1618,incomplete,Local Immo stats report 1489/1618 lots with civic address.,1618,1489,N/A,The local coverage matrix has no TOD scope entry for this city.,N/A,TOD is not applicable according to the local coverage matrix.,,,
saint-urbain,saint-urbain,complete,Canonical local Immo perMuni stats row is present and reports 1106 served lots.,1106,complete,Local Immo stats report 1106/1106 lots with surface_m2.,1106,1106,complete,Local Immo stats report 1106/1106 lots with code_postal.,1106,1106,incomplete,Local Immo stats report 1015/1106 lots with civic address.,1106,1015,N/A,The local coverage matrix has no TOD scope entry for this city.,N/A,TOD is not applicable according to the local coverage matrix.,,,
saint-urbain-premier,,incomplete,No canonical local Immo perMuni stats row is present in the served-lots snapshot.,,unknown,No canonical local Immo perMuni stats row exists; surface_m2 cannot be measured.,,,unknown,No canonical local Immo perMuni stats row exists; code_postal cannot be measured.,,,unknown,No canonical local Immo perMuni stats row exists; civic address cannot be measured.,,,N/A,The local coverage matrix has no TOD scope entry for this city.,N/A,TOD is not applicable according to the local coverage matrix.,,,
saint-valentin,,incomplete,No canonical local Immo perMuni stats row is present in the served-lots snapshot.,,unknown,No canonical local Immo perMuni stats row exists; surface_m2 cannot be measured.,,,unknown,No canonical local Immo perMuni stats row exists; code_postal cannot be measured.,,,unknown,No canonical local Immo perMuni stats row exists; civic address cannot be measured.,,,N/A,The local coverage matrix has no TOD scope entry for this city.,N/A,TOD is not applicable according to the local coverage matrix.,,,
saint-valere,saint-valere,complete,Canonical local Immo perMuni stats row is present and reports 1257 served lots.,1257,complete,Local Immo stats report 1257/1257 lots with surface_m2.,1257,1257,complete,Local Immo stats report 1257/1257 lots with code_postal.,1257,1257,incomplete,Local Immo stats report 1118/1257 lots with civic address.,1257,1118,N/A,The local coverage matrix has no TOD scope entry for this city.,N/A,TOD is not applicable according to the local coverage matrix.,,,
saint-valerien,saint-valerien,complete,Canonical local Immo perMuni stats row is present and reports 1462 served lots.,1462,complete,Local Immo stats report 1462/1462 lots with surface_m2.,1462,1462,complete,Local Immo stats report 1462/1462 lots with code_postal.,1462,1462,incomplete,Local Immo stats report 1346/1462 lots with civic address.,1462,1346,N/A,The local coverage matrix has no TOD scope entry for this city.,N/A,TOD is not applicable according to the local coverage matrix.,,,
saint-valerien-de-milton,,incomplete,No canonical local Immo perMuni stats row is present in the served-lots snapshot.,,unknown,No canonical local Immo perMuni stats row exists; surface_m2 cannot be measured.,,,unknown,No canonical local Immo perMuni stats row exists; code_postal cannot be measured.,,,unknown,No canonical local Immo perMuni stats row exists; civic address cannot be measured.,,,N/A,The local coverage matrix has no TOD scope entry for this city.,N/A,TOD is not applicable according to the local coverage matrix.,,,
saint-vallier,saint-vallier,complete,Canonical local Immo perMuni stats row is present and reports 1122 served lots.,1122,complete,Local Immo stats report 1122/1122 lots with surface_m2.,1122,1122,complete,Local Immo stats report 1122/1122 lots with code_postal.,1122,1122,incomplete,Local Immo stats report 1027/1122 lots with civic address.,1122,1027,N/A,The local coverage matrix has no TOD scope entry for this city.,N/A,TOD is not applicable according to the local coverage matrix.,,,
saint-venant-de-paquette,saint-venant-de-paquette,complete,Canonical local Immo perMuni stats row is present and reports 341 served lots.,341,complete,Local Immo stats report 341/341 lots with surface_m2.,341,341,complete,Local Immo stats report 341/341 lots with code_postal.,341,341,incomplete,Local Immo stats report 305/341 lots with civic address.,341,305,N/A,The local coverage matrix has no TOD scope entry for this city.,N/A,TOD is not applicable according to the local coverage matrix.,,,
saint-vianney,saint-vianney,complete,Canonical local Immo perMuni stats row is present and reports 683 served lots.,683,complete,Local Immo stats report 683/683 lots with surface_m2.,683,683,complete,Local Immo stats report 683/683 lots with code_postal.,683,683,incomplete,Local Immo stats report 592/683 lots with civic address.,683,592,N/A,The local coverage matrix has no TOD scope entry for this city.,N/A,TOD is not applicable according to the local coverage matrix.,,,
saint-victor,saint-victor,complete,Canonical local Immo perMuni stats row is present and reports 2444 served lots.,2444,complete,Local Immo stats report 2444/2444 lots with surface_m2.,2444,2444,complete,Local Immo stats report 2444/2444 lots with code_postal.,2444,2444,incomplete,Local Immo stats report 2389/2444 lots with civic address.,2444,2389,N/A,The local coverage matrix has no TOD scope entry for this city.,N/A,TOD is not applicable according to the local coverage matrix.,,,
saint-wenceslas,saint-wenceslas,complete,Canonical local Immo perMuni stats row is present and reports 1097 served lots.,1097,complete,Local Immo stats report 1097/1097 lots with surface_m2.,1097,1097,complete,Local Immo stats report 1097/1097 lots with code_postal.,1097,1097,incomplete,Local Immo stats report 990/1097 lots with civic address.,1097,990,N/A,The local coverage matrix has no TOD scope entry for this city.,N/A,TOD is not applicable according to the local coverage matrix.,,,
saint-zacharie,saint-zacharie,complete,Canonical local Immo perMuni stats row is present and reports 1699 served lots.,1699,complete,Local Immo stats report 1699/1699 lots with surface_m2.,1699,1699,complete,Local Immo stats report 1699/1699 lots with code_postal.,1699,1699,incomplete,Local Immo stats report 1528/1699 lots with civic address.,1699,1528,N/A,The local coverage matrix has no TOD scope entry for this city.,N/A,TOD is not applicable according to the local coverage matrix.,,,
saint-zenon,,incomplete,No canonical local Immo perMuni stats row is present in the served-lots snapshot.,,unknown,No canonical local Immo perMuni stats row exists; surface_m2 cannot be measured.,,,unknown,No canonical local Immo perMuni stats row exists; code_postal cannot be measured.,,,unknown,No canonical local Immo perMuni stats row exists; civic address cannot be measured.,,,N/A,The local coverage matrix has no TOD scope entry for this city.,N/A,TOD is not applicable according to the local coverage matrix.,,,
saint-zenon-du-lac-humqui,saint-zenon-du-lac-humqui,complete,Canonical local Immo perMuni stats row is present and reports 853 served lots.,853,complete,Local Immo stats report 853/853 lots with surface_m2.,853,853,complete,Local Immo stats report 853/853 lots with code_postal.,853,853,incomplete,Local Immo stats report 750/853 lots with civic address.,853,750,N/A,The local coverage matrix has no TOD scope entry for this city.,N/A,TOD is not applicable according to the local coverage matrix.,,,
saint-zephirin-de-courval,saint-zephirin-de-courval,complete,Canonical local Immo perMuni stats row is present and reports 715 served lots.,715,complete,Local Immo stats report 715/715 lots with surface_m2.,715,715,complete,Local Immo stats report 715/715 lots with code_postal.,715,715,incomplete,Local Immo stats report 660/715 lots with civic address.,715,660,N/A,The local coverage matrix has no TOD scope entry for this city.,N/A,TOD is not applicable according to the local coverage matrix.,,,
saint-zotique,saint-zotique,complete,Canonical local Immo perMuni stats row is present and reports 4653 served lots.,4653,complete,Local Immo stats report 4653/4653 lots with surface_m2.,4653,4653,complete,Local Immo stats report 4653/4653 lots with code_postal.,4653,4653,incomplete,Local Immo stats report 4568/4653 lots with civic address.,4653,4568,N/A,The local coverage matrix has no TOD scope entry for this city.,N/A,TOD is not applicable according to the local coverage matrix.,,,
sainte-adele,sainte-adele,complete,Canonical local Immo perMuni stats row is present and reports 11176 served lots.,11176,complete,Local Immo stats report 11176/11176 lots with surface_m2.,11176,11176,complete,Local Immo stats report 11176/11176 lots with code_postal.,11176,11176,incomplete,Local Immo stats report 10820/11176 lots with civic address.,11176,10820,N/A,The local coverage matrix has no TOD scope entry for this city.,N/A,TOD is not applicable according to the local coverage matrix.,,,
sainte-agathe-de-lotbiniere,sainte-agathe-de-lotbiniere,complete,Canonical local Immo perMuni stats row is present and reports 1110 served lots.,1110,complete,Local Immo stats report 1110/1110 lots with surface_m2.,1110,1110,complete,Local Immo stats report 1110/1110 lots with code_postal.,1110,1110,incomplete,Local Immo stats report 988/1110 lots with civic address.,1110,988,N/A,The local coverage matrix has no TOD scope entry for this city.,N/A,TOD is not applicable according to the local coverage matrix.,,,
sainte-agathe-des-monts,,incomplete,No canonical local Immo perMuni stats row is present in the served-lots snapshot.,,unknown,No canonical local Immo perMuni stats row exists; surface_m2 cannot be measured.,,,unknown,No canonical local Immo perMuni stats row exists; code_postal cannot be measured.,,,unknown,No canonical local Immo perMuni stats row exists; civic address cannot be measured.,,,N/A,The local coverage matrix has no TOD scope entry for this city.,N/A,TOD is not applicable according to the local coverage matrix.,,,
sainte-angele-de-merici,sainte-angele-de-merici,complete,Canonical local Immo perMuni stats row is present and reports 1454 served lots.,1454,complete,Local Immo stats report 1454/1454 lots with surface_m2.,1454,1454,complete,Local Immo stats report 1454/1454 lots with code_postal.,1454,1454,incomplete,Local Immo stats report 1299/1454 lots with civic address.,1454,1299,N/A,The local coverage matrix has no TOD scope entry for this city.,N/A,TOD is not applicable according to the local coverage matrix.,,,
sainte-angele-de-monnoir,,incomplete,No canonical local Immo perMuni stats row is present in the served-lots snapshot.,,unknown,No canonical local Immo perMuni stats row exists; surface_m2 cannot be measured.,,,unknown,No canonical local Immo perMuni stats row exists; code_postal cannot be measured.,,,unknown,No canonical local Immo perMuni stats row exists; civic address cannot be measured.,,,N/A,The local coverage matrix has no TOD scope entry for this city.,N/A,TOD is not applicable according to the local coverage matrix.,,,
sainte-angele-de-premont,,incomplete,No canonical local Immo perMuni stats row is present in the served-lots snapshot.,,unknown,No canonical local Immo perMuni stats row exists; surface_m2 cannot be measured.,,,unknown,No canonical local Immo perMuni stats row exists; code_postal cannot be measured.,,,unknown,No canonical local Immo perMuni stats row exists; civic address cannot be measured.,,,N/A,The local coverage matrix has no TOD scope entry for this city.,N/A,TOD is not applicable according to the local coverage matrix.,,,
sainte-anne-de-beaupre,sainte-anne-de-beaupre,complete,Canonical local Immo perMuni stats row is present and reports 2130 served lots.,2130,complete,Local Immo stats report 2130/2130 lots with surface_m2.,2130,2130,complete,Local Immo stats report 2130/2130 lots with code_postal.,2130,2130,incomplete,Local Immo stats report 2119/2130 lots with civic address.,2130,2119,N/A,The local coverage matrix has no TOD scope entry for this city.,N/A,TOD is not applicable according to the local coverage matrix.,,,
sainte-anne-de-bellevue,sainte-anne-de-bellevue,complete,Canonical local Immo perMuni stats row is present and reports 1969 served lots.,1969,complete,Local Immo stats report 1969/1969 lots with surface_m2.,1969,1969,complete,Local Immo stats report 1969/1969 lots with code_postal.,1969,1969,incomplete,Local Immo stats report 1778/1969 lots with civic address.,1969,1778,complete,The local coverage matrix declares TOD scope with status done.,incomplete,Local Immo stats report the TOD join is absent: 0/1969 lots joined (0 lots in TOD).,1969,0,0
sainte-anne-de-la-perade,sainte-anne-de-la-perade,complete,Canonical local Immo perMuni stats row is present and reports 2172 served lots.,2172,complete,Local Immo stats report 2172/2172 lots with surface_m2.,2172,2172,complete,Local Immo stats report 2172/2172 lots with code_postal.,2172,2172,incomplete,Local Immo stats report 1942/2172 lots with civic address.,2172,1942,N/A,The local coverage matrix has no TOD scope entry for this city.,N/A,TOD is not applicable according to the local coverage matrix.,,,
sainte-anne-de-la-pocatiere,,incomplete,No canonical local Immo perMuni stats row is present in the served-lots snapshot.,,unknown,No canonical local Immo perMuni stats row exists; surface_m2 cannot be measured.,,,unknown,No canonical local Immo perMuni stats row exists; code_postal cannot be measured.,,,unknown,No canonical local Immo perMuni stats row exists; civic address cannot be measured.,,,N/A,The local coverage matrix has no TOD scope entry for this city.,N/A,TOD is not applicable according to the local coverage matrix.,,,
sainte-anne-de-la-rochelle,sainte-anne-de-la-rochelle,complete,Canonical local Immo perMuni stats row is present and reports 773 served lots.,773,complete,Local Immo stats report 773/773 lots with surface_m2.,773,773,complete,Local Immo stats report 773/773 lots with code_postal.,773,773,incomplete,Local Immo stats report 674/773 lots with civic address.,773,674,N/A,The local coverage matrix has no TOD scope entry for this city.,N/A,TOD is not applicable according to the local coverage matrix.,,,
sainte-anne-de-sabrevois,sainte-anne-de-sabrevois,complete,Canonical local Immo perMuni stats row is present and reports 1651 served lots.,1651,complete,Local Immo stats report 1651/1651 lots with surface_m2.,1651,1651,complete,Local Immo stats report 1651/1651 lots with code_postal.,1651,1651,incomplete,Local Immo stats report 1482/1651 lots with civic address.,1651,1482,N/A,The local coverage matrix has no TOD scope entry for this city.,N/A,TOD is not applicable according to the local coverage matrix.,,,
sainte-anne-de-sorel,sainte-anne-de-sorel,complete,Canonical local Immo perMuni stats row is present and reports 2331 served lots.,2331,complete,Local Immo stats report 2331/2331 lots with surface_m2.,2331,2331,complete,Local Immo stats report 2331/2331 lots with code_postal.,2331,2331,incomplete,Local Immo stats report 2240/2331 lots with civic address.,2331,2240,N/A,The local coverage matrix has no TOD scope entry for this city.,N/A,TOD is not applicable according to the local coverage matrix.,,,
sainte-anne-des-lacs,sainte-anne-des-lacs,complete,Canonical local Immo perMuni stats row is present and reports 3684 served lots.,3684,complete,Local Immo stats report 3684/3684 lots with surface_m2.,3684,3684,complete,Local Immo stats report 3684/3684 lots with code_postal.,3684,3684,incomplete,Local Immo stats report 3636/3684 lots with civic address.,3684,3636,N/A,The local coverage matrix has no TOD scope entry for this city.,N/A,TOD is not applicable according to the local coverage matrix.,,,
sainte-anne-des-monts,sainte-anne-des-monts,complete,Canonical local Immo perMuni stats row is present and reports 3615 served lots.,3615,complete,Local Immo stats report 3615/3615 lots with surface_m2.,3615,3615,complete,Local Immo stats report 3615/3615 lots with code_postal.,3615,3615,incomplete,Local Immo stats report 3281/3615 lots with civic address.,3615,3281,N/A,The local coverage matrix has no TOD scope entry for this city.,N/A,TOD is not applicable according to the local coverage matrix.,,,
sainte-anne-des-plaines,,incomplete,No canonical local Immo perMuni stats row is present in the served-lots snapshot.,,unknown,No canonical local Immo perMuni stats row exists; surface_m2 cannot be measured.,,,unknown,No canonical local Immo perMuni stats row exists; code_postal cannot be measured.,,,unknown,No canonical local Immo perMuni stats row exists; civic address cannot be measured.,,,N/A,The local coverage matrix has no TOD scope entry for this city.,N/A,TOD is not applicable according to the local coverage matrix.,,,
sainte-anne-du-lac,sainte-anne-du-lac,complete,Canonical local Immo perMuni stats row is present and reports 987 served lots.,987,complete,Local Immo stats report 987/987 lots with surface_m2.,987,987,complete,Local Immo stats report 987/987 lots with code_postal.,987,987,incomplete,Local Immo stats report 809/987 lots with civic address.,987,809,N/A,The local coverage matrix has no TOD scope entry for this city.,N/A,TOD is not applicable according to the local coverage matrix.,,,
sainte-apolline-de-patton,sainte-apolline-de-patton,complete,Canonical local Immo perMuni stats row is present and reports 795 served lots.,795,complete,Local Immo stats report 795/795 lots with surface_m2.,795,795,complete,Local Immo stats report 795/795 lots with code_postal.,795,795,incomplete,Local Immo stats report 712/795 lots with civic address.,795,712,N/A,The local coverage matrix has no TOD scope entry for this city.,N/A,TOD is not applicable according to the local coverage matrix.,,,
sainte-aurelie,sainte-aurelie,complete,Canonical local Immo perMuni stats row is present and reports 1220 served lots.,1220,complete,Local Immo stats report 1220/1220 lots with surface_m2.,1220,1220,complete,Local Immo stats report 1220/1220 lots with code_postal.,1220,1220,incomplete,Local Immo stats report 1145/1220 lots with civic address.,1220,1145,N/A,The local coverage matrix has no TOD scope entry for this city.,N/A,TOD is not applicable according to the local coverage matrix.,,,
sainte-barbe,sainte-barbe,complete,Canonical local Immo perMuni stats row is present and reports 1559 served lots.,1559,complete,Local Immo stats report 1559/1559 lots with surface_m2.,1559,1559,complete,Local Immo stats report 1559/1559 lots with code_postal.,1559,1559,incomplete,Local Immo stats report 1540/1559 lots with civic address.,1559,1540,N/A,The local coverage matrix has no TOD scope entry for this city.,N/A,TOD is not applicable according to the local coverage matrix.,,,
sainte-beatrix,sainte-beatrix,complete,Canonical local Immo perMuni stats row is present and reports 2832 served lots.,2832,complete,Local Immo stats report 2832/2832 lots with surface_m2.,2832,2832,complete,Local Immo stats report 2832/2832 lots with code_postal.,2832,2832,incomplete,Local Immo stats report 2777/2832 lots with civic address.,2832,2777,N/A,The local coverage matrix has no TOD scope entry for this city.,N/A,TOD is not applicable according to the local coverage matrix.,,,
sainte-brigide-diberville,sainte-brigide-diberville,complete,Canonical local Immo perMuni stats row is present and reports 1104 served lots.,1104,complete,Local Immo stats report 1104/1104 lots with surface_m2.,1104,1104,complete,Local Immo stats report 1104/1104 lots with code_postal.,1104,1104,incomplete,Local Immo stats report 990/1104 lots with civic address.,1104,990,N/A,The local coverage matrix has no TOD scope entry for this city.,N/A,TOD is not applicable according to the local coverage matrix.,,,
sainte-brigitte-de-laval,sainte-brigitte-de-laval,complete,Canonical local Immo perMuni stats row is present and reports 4303 served lots.,4303,complete,Local Immo stats report 4303/4303 lots with surface_m2.,4303,4303,complete,Local Immo stats report 4303/4303 lots with code_postal.,4303,4303,incomplete,Local Immo stats report 4240/4303 lots with civic address.,4303,4240,N/A,The local coverage matrix has no TOD scope entry for this city.,N/A,TOD is not applicable according to the local coverage matrix.,,,
sainte-brigitte-des-saults,sainte-brigitte-des-saults,complete,Canonical local Immo perMuni stats row is present and reports 744 served lots.,744,complete,Local Immo stats report 744/744 lots with surface_m2.,744,744,complete,Local Immo stats report 744/744 lots with code_postal.,744,744,incomplete,Local Immo stats report 669/744 lots with civic address.,744,669,N/A,The local coverage matrix has no TOD scope entry for this city.,N/A,TOD is not applicable according to the local coverage matrix.,,,
sainte-catherine,sainte-catherine,complete,Canonical local Immo perMuni stats row is present and reports 5754 served lots.,5754,complete,Local Immo stats report 5754/5754 lots with surface_m2.,5754,5754,complete,Local Immo stats report 5754/5754 lots with code_postal.,5754,5754,incomplete,Local Immo stats report 5609/5754 lots with civic address.,5754,5609,complete,The local coverage matrix declares TOD scope with status done.,complete,Local Immo stats report a TOD join for 5754/5754 lots (9 lots are in TOD).,5754,5754,9
sainte-catherine-de-hatley,sainte-catherine-de-hatley,complete,Canonical local Immo perMuni stats row is present and reports 2340 served lots.,2340,complete,Local Immo stats report 2340/2340 lots with surface_m2.,2340,2340,complete,Local Immo stats report 2340/2340 lots with code_postal.,2340,2340,incomplete,Local Immo stats report 2106/2340 lots with civic address.,2340,2106,N/A,The local coverage matrix has no TOD scope entry for this city.,N/A,TOD is not applicable according to the local coverage matrix.,,,
sainte-catherine-de-la-jacques-cartier,sainte-catherine-de-la-jacques-cartier,complete,Canonical local Immo perMuni stats row is present and reports 5017 served lots.,5017,complete,Local Immo stats report 5017/5017 lots with surface_m2.,5017,5017,complete,Local Immo stats report 5017/5017 lots with code_postal.,5017,5017,incomplete,Local Immo stats report 4774/5017 lots with civic address.,5017,4774,N/A,The local coverage matrix has no TOD scope entry for this city.,N/A,TOD is not applicable according to the local coverage matrix.,,,
sainte-cecile-de-levrard,sainte-cecile-de-levrard,complete,Canonical local Immo perMuni stats row is present and reports 411 served lots.,411,complete,Local Immo stats report 411/411 lots with surface_m2.,411,411,complete,Local Immo stats report 411/411 lots with code_postal.,411,411,incomplete,Local Immo stats report 384/411 lots with civic address.,411,384,N/A,The local coverage matrix has no TOD scope entry for this city.,N/A,TOD is not applicable according to the local coverage matrix.,,,
sainte-cecile-de-milton,sainte-cecile-de-milton,complete,Canonical local Immo perMuni stats row is present and reports 1518 served lots.,1518,complete,Local Immo stats report 1518/1518 lots with surface_m2.,1518,1518,complete,Local Immo stats report 1518/1518 lots with code_postal.,1518,1518,incomplete,Local Immo stats report 1513/1518 lots with civic address.,1518,1513,N/A,The local coverage matrix has no TOD scope entry for this city.,N/A,TOD is not applicable according to the local coverage matrix.,,,
sainte-cecile-de-whitton,sainte-cecile-de-whitton,complete,Canonical local Immo perMuni stats row is present and reports 1233 served lots.,1233,complete,Local Immo stats report 1233/1233 lots with surface_m2.,1233,1233,complete,Local Immo stats report 1233/1233 lots with code_postal.,1233,1233,incomplete,Local Immo stats report 1083/1233 lots with civic address.,1233,1083,N/A,The local coverage matrix has no TOD scope entry for this city.,N/A,TOD is not applicable according to the local coverage matrix.,,,
sainte-christine,,incomplete,No canonical local Immo perMuni stats row is present in the served-lots snapshot.,,unknown,No canonical local Immo perMuni stats row exists; surface_m2 cannot be measured.,,,unknown,No canonical local Immo perMuni stats row exists; code_postal cannot be measured.,,,unknown,No canonical local Immo perMuni stats row exists; civic address cannot be measured.,,,N/A,The local coverage matrix has no TOD scope entry for this city.,N/A,TOD is not applicable according to the local coverage matrix.,,,
sainte-christine-dauvergne,sainte-christine-dauvergne,complete,Canonical local Immo perMuni stats row is present and reports 1519 served lots.,1519,complete,Local Immo stats report 1519/1519 lots with surface_m2.,1519,1519,complete,Local Immo stats report 1519/1519 lots with code_postal.,1519,1519,incomplete,Local Immo stats report 1417/1519 lots with civic address.,1519,1417,N/A,The local coverage matrix has no TOD scope entry for this city.,N/A,TOD is not applicable according to the local coverage matrix.,,,
sainte-claire,sainte-claire,complete,Canonical local Immo perMuni stats row is present and reports 2911 served lots.,2911,complete,Local Immo stats report 2911/2911 lots with surface_m2.,2911,2911,complete,Local Immo stats report 2911/2911 lots with code_postal.,2911,2911,incomplete,Local Immo stats report 2578/2911 lots with civic address.,2911,2578,N/A,The local coverage matrix has no TOD scope entry for this city.,N/A,TOD is not applicable according to the local coverage matrix.,,,
sainte-clotilde,sainte-clotilde,complete,Canonical local Immo perMuni stats row is present and reports 1711 served lots.,1711,complete,Local Immo stats report 1711/1711 lots with surface_m2.,1711,1711,complete,Local Immo stats report 1711/1711 lots with code_postal.,1711,1711,incomplete,Local Immo stats report 1560/1711 lots with civic address.,1711,1560,N/A,The local coverage matrix has no TOD scope entry for this city.,N/A,TOD is not applicable according to the local coverage matrix.,,,
sainte-clotilde-de-beauce,sainte-clotilde-de-beauce,complete,Canonical local Immo perMuni stats row is present and reports 629 served lots.,629,complete,Local Immo stats report 629/629 lots with surface_m2.,629,629,complete,Local Immo stats report 629/629 lots with code_postal.,629,629,incomplete,Local Immo stats report 617/629 lots with civic address.,629,617,N/A,The local coverage matrix has no TOD scope entry for this city.,N/A,TOD is not applicable according to the local coverage matrix.,,,
sainte-clotilde-de-horton,sainte-clotilde-de-horton,complete,Canonical local Immo perMuni stats row is present and reports 1579 served lots.,1579,complete,Local Immo stats report 1579/1579 lots with surface_m2.,1579,1579,complete,Local Immo stats report 1579/1579 lots with code_postal.,1579,1579,incomplete,Local Immo stats report 1398/1579 lots with civic address.,1579,1398,N/A,The local coverage matrix has no TOD scope entry for this city.,N/A,TOD is not applicable according to the local coverage matrix.,,,
sainte-croix,sainte-croix,complete,Canonical local Immo perMuni stats row is present and reports 1837 served lots.,1837,complete,Local Immo stats report 1837/1837 lots with surface_m2.,1837,1837,complete,Local Immo stats report 1837/1837 lots with code_postal.,1837,1837,incomplete,Local Immo stats report 1602/1837 lots with civic address.,1837,1602,N/A,The local coverage matrix has no TOD scope entry for this city.,N/A,TOD is not applicable according to the local coverage matrix.,,,
sainte-edwidge-de-clifton,sainte-edwidge-de-clifton,complete,Canonical local Immo perMuni stats row is present and reports 536 served lots.,536,complete,Local Immo stats report 536/536 lots with surface_m2.,536,536,complete,Local Immo stats report 536/536 lots with code_postal.,536,536,incomplete,Local Immo stats report 452/536 lots with civic address.,536,452,N/A,The local coverage matrix has no TOD scope entry for this city.,N/A,TOD is not applicable according to the local coverage matrix.,,,
sainte-elisabeth,sainte-elisabeth,complete,Canonical local Immo perMuni stats row is present and reports 1119 served lots.,1119,complete,Local Immo stats report 1119/1119 lots with surface_m2.,1119,1119,complete,Local Immo stats report 1119/1119 lots with code_postal.,1119,1119,incomplete,Local Immo stats report 1103/1119 lots with civic address.,1119,1103,N/A,The local coverage matrix has no TOD scope entry for this city.,N/A,TOD is not applicable according to the local coverage matrix.,,,
sainte-elizabeth-de-warwick,sainte-elizabeth-de-warwick,complete,Canonical local Immo perMuni stats row is present and reports 331 served lots.,331,complete,Local Immo stats report 331/331 lots with surface_m2.,331,331,complete,Local Immo stats report 331/331 lots with code_postal.,331,331,incomplete,Local Immo stats report 281/331 lots with civic address.,331,281,N/A,The local coverage matrix has no TOD scope entry for this city.,N/A,TOD is not applicable according to the local coverage matrix.,,,
sainte-emelie-de-lenergie,sainte-emelie-de-lenergie,complete,Canonical local Immo perMuni stats row is present and reports 1650 served lots.,1650,complete,Local Immo stats report 1650/1650 lots with surface_m2.,1650,1650,complete,Local Immo stats report 1650/1650 lots with code_postal.,1650,1650,incomplete,Local Immo stats report 1629/1650 lots with civic address.,1650,1629,N/A,The local coverage matrix has no TOD scope entry for this city.,N/A,TOD is not applicable according to the local coverage matrix.,,,
sainte-eulalie,sainte-eulalie,complete,Canonical local Immo perMuni stats row is present and reports 952 served lots.,952,complete,Local Immo stats report 952/952 lots with surface_m2.,952,952,complete,Local Immo stats report 952/952 lots with code_postal.,952,952,incomplete,Local Immo stats report 862/952 lots with civic address.,952,862,N/A,The local coverage matrix has no TOD scope entry for this city.,N/A,TOD is not applicable according to the local coverage matrix.,,,
sainte-euphemie-sur-riviere-du-sud,sainte-euphemie-sur-riviere-du-sud,complete,Canonical local Immo perMuni stats row is present and reports 738 served lots.,738,complete,Local Immo stats report 738/738 lots with surface_m2.,738,738,complete,Local Immo stats report 738/738 lots with code_postal.,738,738,incomplete,Local Immo stats report 647/738 lots with civic address.,738,647,N/A,The local coverage matrix has no TOD scope entry for this city.,N/A,TOD is not applicable according to the local coverage matrix.,,,
sainte-famille-de-lile-dorleans,sainte-famille-de-lile-dorleans,complete,Canonical local Immo perMuni stats row is present and reports 664 served lots.,664,complete,Local Immo stats report 664/664 lots with surface_m2.,664,664,complete,Local Immo stats report 664/664 lots with code_postal.,664,664,incomplete,Local Immo stats report 662/664 lots with civic address.,664,662,N/A,The local coverage matrix has no TOD scope entry for this city.,N/A,TOD is not applicable according to the local coverage matrix.,,,
sainte-felicite--la-matanie,sainte-felicite--la-matanie,complete,Canonical local Immo perMuni stats row is present and reports 1223 served lots.,1223,complete,Local Immo stats report 1223/1223 lots with surface_m2.,1223,1223,complete,Local Immo stats report 1223/1223 lots with code_postal.,1223,1223,incomplete,Local Immo stats report 1053/1223 lots with civic address.,1223,1053,N/A,The local coverage matrix has no TOD scope entry for this city.,N/A,TOD is not applicable according to the local coverage matrix.,,,
sainte-felicite--lislet,,incomplete,No canonical local Immo perMuni stats row is present in the served-lots snapshot.,,unknown,No canonical local Immo perMuni stats row exists; surface_m2 cannot be measured.,,,unknown,No canonical local Immo perMuni stats row exists; code_postal cannot be measured.,,,unknown,No canonical local Immo perMuni stats row exists; civic address cannot be measured.,,,N/A,The local coverage matrix has no TOD scope entry for this city.,N/A,TOD is not applicable according to the local coverage matrix.,,,
sainte-flavie,sainte-flavie,complete,Canonical local Immo perMuni stats row is present and reports 1096 served lots.,1096,complete,Local Immo stats report 1096/1096 lots with surface_m2.,1096,1096,complete,Local Immo stats report 1096/1096 lots with code_postal.,1096,1096,incomplete,Local Immo stats report 1090/1096 lots with civic address.,1096,1090,N/A,The local coverage matrix has no TOD scope entry for this city.,N/A,TOD is not applicable according to the local coverage matrix.,,,
sainte-florence,sainte-florence,complete,Canonical local Immo perMuni stats row is present and reports 606 served lots.,606,complete,Local Immo stats report 606/606 lots with surface_m2.,606,606,complete,Local Immo stats report 606/606 lots with code_postal.,606,606,incomplete,Local Immo stats report 537/606 lots with civic address.,606,537,N/A,The local coverage matrix has no TOD scope entry for this city.,N/A,TOD is not applicable according to the local coverage matrix.,,,
sainte-francoise--becancour,sainte-francoise--becancour,complete,Canonical local Immo perMuni stats row is present and reports 530 served lots.,530,complete,Local Immo stats report 530/530 lots with surface_m2.,530,530,complete,Local Immo stats report 530/530 lots with code_postal.,530,530,incomplete,Local Immo stats report 524/530 lots with civic address.,530,524,N/A,The local coverage matrix has no TOD scope entry for this city.,N/A,TOD is not applicable according to the local coverage matrix.,,,
sainte-francoise--les-basques,sainte-francoise--les-basques,complete,Canonical local Immo perMuni stats row is present and reports 843 served lots.,843,complete,Local Immo stats report 843/843 lots with surface_m2.,843,843,complete,Local Immo stats report 843/843 lots with code_postal.,843,843,incomplete,Local Immo stats report 761/843 lots with civic address.,843,761,N/A,The local coverage matrix has no TOD scope entry for this city.,N/A,TOD is not applicable according to the local coverage matrix.,,,
sainte-genevieve-de-batiscan,sainte-genevieve-de-batiscan,complete,Canonical local Immo perMuni stats row is present and reports 1519 served lots.,1519,complete,Local Immo stats report 1519/1519 lots with surface_m2.,1519,1519,complete,Local Immo stats report 1519/1519 lots with code_postal.,1519,1519,incomplete,Local Immo stats report 1363/1519 lots with civic address.,1519,1363,N/A,The local coverage matrix has no TOD scope entry for this city.,N/A,TOD is not applicable according to the local coverage matrix.,,,
sainte-genevieve-de-berthier,sainte-genevieve-de-berthier,complete,Canonical local Immo perMuni stats row is present and reports 1848 served lots.,1848,complete,Local Immo stats report 1848/1848 lots with surface_m2.,1848,1848,complete,Local Immo stats report 1848/1848 lots with code_postal.,1848,1848,incomplete,Local Immo stats report 1838/1848 lots with civic address.,1848,1838,N/A,The local coverage matrix has no TOD scope entry for this city.,N/A,TOD is not applicable according to the local coverage matrix.,,,
sainte-germaine-boule,sainte-germaine-boule,complete,Canonical local Immo perMuni stats row is present and reports 769 served lots.,769,complete,Local Immo stats report 769/769 lots with surface_m2.,769,769,complete,Local Immo stats report 769/769 lots with code_postal.,769,769,incomplete,Local Immo stats report 757/769 lots with civic address.,769,757,N/A,The local coverage matrix has no TOD scope entry for this city.,N/A,TOD is not applicable according to the local coverage matrix.,,,
sainte-gertrude-manneville,sainte-gertrude-manneville,complete,Canonical local Immo perMuni stats row is present and reports 285 served lots.,285,complete,Local Immo stats report 285/285 lots with surface_m2.,285,285,complete,Local Immo stats report 285/285 lots with code_postal.,285,285,incomplete,Local Immo stats report 259/285 lots with civic address.,285,259,N/A,The local coverage matrix has no TOD scope entry for this city.,N/A,TOD is not applicable according to the local coverage matrix.,,,
sainte-hedwidge,,incomplete,No canonical local Immo perMuni stats row is present in the served-lots snapshot.,,unknown,No canonical local Immo perMuni stats row exists; surface_m2 cannot be measured.,,,unknown,No canonical local Immo perMuni stats row exists; code_postal cannot be measured.,,,unknown,No canonical local Immo perMuni stats row exists; civic address cannot be measured.,,,N/A,The local coverage matrix has no TOD scope entry for this city.,N/A,TOD is not applicable according to the local coverage matrix.,,,
sainte-helene-de-bagot,sainte-helene-de-bagot,complete,Canonical local Immo perMuni stats row is present and reports 1200 served lots.,1200,complete,Local Immo stats report 1200/1200 lots with surface_m2.,1200,1200,complete,Local Immo stats report 1200/1200 lots with code_postal.,1200,1200,incomplete,Local Immo stats report 1099/1200 lots with civic address.,1200,1099,N/A,The local coverage matrix has no TOD scope entry for this city.,N/A,TOD is not applicable according to the local coverage matrix.,,,
sainte-helene-de-chester,,incomplete,No canonical local Immo perMuni stats row is present in the served-lots snapshot.,,unknown,No canonical local Immo perMuni stats row exists; surface_m2 cannot be measured.,,,unknown,No canonical local Immo perMuni stats row exists; code_postal cannot be measured.,,,unknown,No canonical local Immo perMuni stats row exists; civic address cannot be measured.,,,N/A,The local coverage matrix has no TOD scope entry for this city.,N/A,TOD is not applicable according to the local coverage matrix.,,,
sainte-helene-de-kamouraska,sainte-helene-de-kamouraska,complete,Canonical local Immo perMuni stats row is present and reports 976 served lots.,976,complete,Local Immo stats report 976/976 lots with surface_m2.,976,976,complete,Local Immo stats report 976/976 lots with code_postal.,976,976,incomplete,Local Immo stats report 888/976 lots with civic address.,976,888,N/A,The local coverage matrix has no TOD scope entry for this city.,N/A,TOD is not applicable according to the local coverage matrix.,,,
sainte-helene-de-mancebourg,sainte-helene-de-mancebourg,complete,Canonical local Immo perMuni stats row is present and reports 459 served lots.,459,complete,Local Immo stats report 459/459 lots with surface_m2.,459,459,complete,Local Immo stats report 459/459 lots with code_postal.,459,459,incomplete,Local Immo stats report 456/459 lots with civic address.,459,456,N/A,The local coverage matrix has no TOD scope entry for this city.,N/A,TOD is not applicable according to the local coverage matrix.,,,
sainte-henedine,sainte-henedine,complete,Canonical local Immo perMuni stats row is present and reports 1106 served lots.,1106,complete,Local Immo stats report 1106/1106 lots with surface_m2.,1106,1106,complete,Local Immo stats report 1106/1106 lots with code_postal.,1106,1106,incomplete,Local Immo stats report 998/1106 lots with civic address.,1106,998,N/A,The local coverage matrix has no TOD scope entry for this city.,N/A,TOD is not applicable according to the local coverage matrix.,,,
sainte-irene,sainte-irene,complete,Canonical local Immo perMuni stats row is present and reports 862 served lots.,862,complete,Local Immo stats report 862/862 lots with surface_m2.,862,862,complete,Local Immo stats report 862/862 lots with code_postal.,862,862,incomplete,Local Immo stats report 745/862 lots with civic address.,862,745,N/A,The local coverage matrix has no TOD scope entry for this city.,N/A,TOD is not applicable according to the local coverage matrix.,,,
sainte-jeanne-darc--la-mitis,,incomplete,No canonical local Immo perMuni stats row is present in the served-lots snapshot.,,unknown,No canonical local Immo perMuni stats row exists; surface_m2 cannot be measured.,,,unknown,No canonical local Immo perMuni stats row exists; code_postal cannot be measured.,,,unknown,No canonical local Immo perMuni stats row exists; civic address cannot be measured.,,,N/A,The local coverage matrix has no TOD scope entry for this city.,N/A,TOD is not applicable according to the local coverage matrix.,,,
sainte-jeanne-darc--maria-chapdelaine,,incomplete,No canonical local Immo perMuni stats row is present in the served-lots snapshot.,,unknown,No canonical local Immo perMuni stats row exists; surface_m2 cannot be measured.,,,unknown,No canonical local Immo perMuni stats row exists; code_postal cannot be measured.,,,unknown,No canonical local Immo perMuni stats row exists; civic address cannot be measured.,,,N/A,The local coverage matrix has no TOD scope entry for this city.,N/A,TOD is not applicable according to the local coverage matrix.,,,
sainte-julie,sainte-julie,complete,Canonical local Immo perMuni stats row is present and reports 10772 served lots.,10772,complete,Local Immo stats report 10772/10772 lots with surface_m2.,10772,10772,complete,Local Immo stats report 10772/10772 lots with code_postal.,10772,10772,incomplete,Local Immo stats report 10570/10772 lots with civic address.,10772,10570,complete,The local coverage matrix declares TOD scope with status done.,incomplete,Local Immo stats report the TOD join is absent: 0/10772 lots joined (0 lots in TOD).,10772,0,0
sainte-julienne,sainte-julienne,complete,Canonical local Immo perMuni stats row is present and reports 8247 served lots.,8247,complete,Local Immo stats report 8247/8247 lots with surface_m2.,8247,8247,complete,Local Immo stats report 8247/8247 lots with code_postal.,8247,8247,incomplete,Local Immo stats report 7914/8247 lots with civic address.,8247,7914,N/A,The local coverage matrix has no TOD scope entry for this city.,N/A,TOD is not applicable according to the local coverage matrix.,,,
sainte-justine,sainte-justine,complete,Canonical local Immo perMuni stats row is present and reports 1502 served lots.,1502,complete,Local Immo stats report 1502/1502 lots with surface_m2.,1502,1502,complete,Local Immo stats report 1502/1502 lots with code_postal.,1502,1502,incomplete,Local Immo stats report 1337/1502 lots with civic address.,1502,1337,N/A,The local coverage matrix has no TOD scope entry for this city.,N/A,TOD is not applicable according to the local coverage matrix.,,,
sainte-justine-de-newton,,incomplete,No canonical local Immo perMuni stats row is present in the served-lots snapshot.,,unknown,No canonical local Immo perMuni stats row exists; surface_m2 cannot be measured.,,,unknown,No canonical local Immo perMuni stats row exists; code_postal cannot be measured.,,,unknown,No canonical local Immo perMuni stats row exists; civic address cannot be measured.,,,N/A,The local coverage matrix has no TOD scope entry for this city.,N/A,TOD is not applicable according to the local coverage matrix.,,,
sainte-louise,,incomplete,No canonical local Immo perMuni stats row is present in the served-lots snapshot.,,unknown,No canonical local Immo perMuni stats row exists; surface_m2 cannot be measured.,,,unknown,No canonical local Immo perMuni stats row exists; code_postal cannot be measured.,,,unknown,No canonical local Immo perMuni stats row exists; civic address cannot be measured.,,,N/A,The local coverage matrix has no TOD scope entry for this city.,N/A,TOD is not applicable according to the local coverage matrix.,,,
sainte-luce,sainte-luce,complete,Canonical local Immo perMuni stats row is present and reports 2466 served lots.,2466,complete,Local Immo stats report 2466/2466 lots with surface_m2.,2466,2466,complete,Local Immo stats report 2466/2466 lots with code_postal.,2466,2466,incomplete,Local Immo stats report 2442/2466 lots with civic address.,2466,2442,N/A,The local coverage matrix has no TOD scope entry for this city.,N/A,TOD is not applicable according to the local coverage matrix.,,,
sainte-lucie-de-beauregard,sainte-lucie-de-beauregard,complete,Canonical local Immo perMuni stats row is present and reports 499 served lots.,499,complete,Local Immo stats report 499/499 lots with surface_m2.,499,499,complete,Local Immo stats report 499/499 lots with code_postal.,499,499,incomplete,Local Immo stats report 463/499 lots with civic address.,499,463,N/A,The local coverage matrix has no TOD scope entry for this city.,N/A,TOD is not applicable according to the local coverage matrix.,,,
sainte-lucie-des-laurentides,sainte-lucie-des-laurentides,complete,Canonical local Immo perMuni stats row is present and reports 1949 served lots.,1949,complete,Local Immo stats report 1949/1949 lots with surface_m2.,1949,1949,complete,Local Immo stats report 1949/1949 lots with code_postal.,1949,1949,incomplete,Local Immo stats report 1924/1949 lots with civic address.,1949,1924,N/A,The local coverage matrix has no TOD scope entry for this city.,N/A,TOD is not applicable according to the local coverage matrix.,,,
sainte-madeleine,sainte-madeleine,complete,Canonical local Immo perMuni stats row is present and reports 947 served lots.,947,complete,Local Immo stats report 947/947 lots with surface_m2.,947,947,complete,Local Immo stats report 947/947 lots with code_postal.,947,947,incomplete,Local Immo stats report 884/947 lots with civic address.,947,884,N/A,The local coverage matrix has no TOD scope entry for this city.,N/A,TOD is not applicable according to the local coverage matrix.,,,
sainte-madeleine-de-la-riviere-madeleine,,incomplete,No canonical local Immo perMuni stats row is present in the served-lots snapshot.,,unknown,No canonical local Immo perMuni stats row exists; surface_m2 cannot be measured.,,,unknown,No canonical local Immo perMuni stats row exists; code_postal cannot be measured.,,,unknown,No canonical local Immo perMuni stats row exists; civic address cannot be measured.,,,N/A,The local coverage matrix has no TOD scope entry for this city.,N/A,TOD is not applicable according to the local coverage matrix.,,,
sainte-marcelline-de-kildare,sainte-marcelline-de-kildare,complete,Canonical local Immo perMuni stats row is present and reports 2221 served lots.,2221,complete,Local Immo stats report 2221/2221 lots with surface_m2.,2221,2221,complete,Local Immo stats report 2221/2221 lots with code_postal.,2221,2221,incomplete,Local Immo stats report 2211/2221 lots with civic address.,2221,2211,N/A,The local coverage matrix has no TOD scope entry for this city.,N/A,TOD is not applicable according to the local coverage matrix.,,,
sainte-marguerite,,incomplete,No canonical local Immo perMuni stats row is present in the served-lots snapshot.,,unknown,No canonical local Immo perMuni stats row exists; surface_m2 cannot be measured.,,,unknown,No canonical local Immo perMuni stats row exists; code_postal cannot be measured.,,,unknown,No canonical local Immo perMuni stats row exists; civic address cannot be measured.,,,N/A,The local coverage matrix has no TOD scope entry for this city.,N/A,TOD is not applicable according to the local coverage matrix.,,,
sainte-marguerite-du-lac-masson,sainte-marguerite-du-lac-masson,complete,Canonical local Immo perMuni stats row is present and reports 5499 served lots.,5499,complete,Local Immo stats report 5499/5499 lots with surface_m2.,5499,5499,complete,Local Immo stats report 5499/5499 lots with code_postal.,5499,5499,incomplete,Local Immo stats report 5360/5499 lots with civic address.,5499,5360,N/A,The local coverage matrix has no TOD scope entry for this city.,N/A,TOD is not applicable according to the local coverage matrix.,,,
sainte-marguerite-marie,sainte-marguerite-marie,complete,Canonical local Immo perMuni stats row is present and reports 406 served lots.,406,complete,Local Immo stats report 406/406 lots with surface_m2.,406,406,complete,Local Immo stats report 406/406 lots with code_postal.,406,406,incomplete,Local Immo stats report 364/406 lots with civic address.,406,364,N/A,The local coverage matrix has no TOD scope entry for this city.,N/A,TOD is not applicable according to the local coverage matrix.,,,
sainte-marie,,incomplete,No canonical local Immo perMuni stats row is present in the served-lots snapshot.,,unknown,No canonical local Immo perMuni stats row exists; surface_m2 cannot be measured.,,,unknown,No canonical local Immo perMuni stats row exists; code_postal cannot be measured.,,,unknown,No canonical local Immo perMuni stats row exists; civic address cannot be measured.,,,N/A,The local coverage matrix has no TOD scope entry for this city.,N/A,TOD is not applicable according to the local coverage matrix.,,,
sainte-marie-de-blandford,sainte-marie-de-blandford,complete,Canonical local Immo perMuni stats row is present and reports 660 served lots.,660,complete,Local Immo stats report 660/660 lots with surface_m2.,660,660,complete,Local Immo stats report 660/660 lots with code_postal.,660,660,incomplete,Local Immo stats report 657/660 lots with civic address.,660,657,N/A,The local coverage matrix has no TOD scope entry for this city.,N/A,TOD is not applicable according to the local coverage matrix.,,,
sainte-marie-madeleine,sainte-marie-madeleine,complete,Canonical local Immo perMuni stats row is present and reports 1612 served lots.,1612,complete,Local Immo stats report 1612/1612 lots with surface_m2.,1612,1612,complete,Local Immo stats report 1612/1612 lots with code_postal.,1612,1612,incomplete,Local Immo stats report 1476/1612 lots with civic address.,1612,1476,N/A,The local coverage matrix has no TOD scope entry for this city.,N/A,TOD is not applicable according to the local coverage matrix.,,,
sainte-marie-salome,sainte-marie-salome,complete,Canonical local Immo perMuni stats row is present and reports 1106 served lots.,1106,complete,Local Immo stats report 1106/1106 lots with surface_m2.,1106,1106,complete,Local Immo stats report 1106/1106 lots with code_postal.,1106,1106,incomplete,Local Immo stats report 1066/1106 lots with civic address.,1106,1066,N/A,The local coverage matrix has no TOD scope entry for this city.,N/A,TOD is not applicable according to the local coverage matrix.,,,
sainte-marthe,,incomplete,No canonical local Immo perMuni stats row is present in the served-lots snapshot.,,unknown,No canonical local Immo perMuni stats row exists; surface_m2 cannot be measured.,,,unknown,No canonical local Immo perMuni stats row exists; code_postal cannot be measured.,,,unknown,No canonical local Immo perMuni stats row exists; civic address cannot be measured.,,,N/A,The local coverage matrix has no TOD scope entry for this city.,N/A,TOD is not applicable according to the local coverage matrix.,,,
sainte-marthe-sur-le-lac,,incomplete,No canonical local Immo perMuni stats row is present in the served-lots snapshot.,,unknown,No canonical local Immo perMuni stats row exists; surface_m2 cannot be measured.,,,unknown,No canonical local Immo perMuni stats row exists; code_postal cannot be measured.,,,unknown,No canonical local Immo perMuni stats row exists; civic address cannot be measured.,,,N/A,The local coverage matrix has no TOD scope entry for this city.,N/A,TOD is not applicable according to the local coverage matrix.,,,
sainte-martine,,incomplete,No canonical local Immo perMuni stats row is present in the served-lots snapshot.,,unknown,No canonical local Immo perMuni stats row exists; surface_m2 cannot be measured.,,,unknown,No canonical local Immo perMuni stats row exists; code_postal cannot be measured.,,,unknown,No canonical local Immo perMuni stats row exists; civic address cannot be measured.,,,N/A,The local coverage matrix has no TOD scope entry for this city.,N/A,TOD is not applicable according to the local coverage matrix.,,,
sainte-melanie,sainte-melanie,complete,Canonical local Immo perMuni stats row is present and reports 2326 served lots.,2326,complete,Local Immo stats report 2326/2326 lots with surface_m2.,2326,2326,complete,Local Immo stats report 2326/2326 lots with code_postal.,2326,2326,incomplete,Local Immo stats report 2294/2326 lots with civic address.,2326,2294,N/A,The local coverage matrix has no TOD scope entry for this city.,N/A,TOD is not applicable according to the local coverage matrix.,,,
sainte-monique--lac-saint-jean-est,,incomplete,No canonical local Immo perMuni stats row is present in the served-lots snapshot.,,unknown,No canonical local Immo perMuni stats row exists; surface_m2 cannot be measured.,,,unknown,No canonical local Immo perMuni stats row exists; code_postal cannot be measured.,,,unknown,No canonical local Immo perMuni stats row exists; civic address cannot be measured.,,,N/A,The local coverage matrix has no TOD scope entry for this city.,N/A,TOD is not applicable according to the local coverage matrix.,,,
sainte-monique--nicolet-yamaska,sainte-monique--nicolet-yamaska,complete,Canonical local Immo perMuni stats row is present and reports 593 served lots.,593,complete,Local Immo stats report 593/593 lots with surface_m2.,593,593,complete,Local Immo stats report 593/593 lots with code_postal.,593,593,incomplete,Local Immo stats report 531/593 lots with civic address.,593,531,N/A,The local coverage matrix has no TOD scope entry for this city.,N/A,TOD is not applicable according to the local coverage matrix.,,,
sainte-paule,sainte-paule,complete,Canonical local Immo perMuni stats row is present and reports 413 served lots.,413,complete,Local Immo stats report 413/413 lots with surface_m2.,413,413,complete,Local Immo stats report 413/413 lots with code_postal.,413,413,incomplete,Local Immo stats report 374/413 lots with civic address.,413,374,N/A,The local coverage matrix has no TOD scope entry for this city.,N/A,TOD is not applicable according to the local coverage matrix.,,,
sainte-perpetue--lislet,,incomplete,No canonical local Immo perMuni stats row is present in the served-lots snapshot.,,unknown,No canonical local Immo perMuni stats row exists; surface_m2 cannot be measured.,,,unknown,No canonical local Immo perMuni stats row exists; code_postal cannot be measured.,,,unknown,No canonical local Immo perMuni stats row exists; civic address cannot be measured.,,,N/A,The local coverage matrix has no TOD scope entry for this city.,N/A,TOD is not applicable according to the local coverage matrix.,,,
sainte-perpetue--nicolet-yamaska,sainte-perpetue--nicolet-yamaska,complete,Canonical local Immo perMuni stats row is present and reports 785 served lots.,785,complete,Local Immo stats report 785/785 lots with surface_m2.,785,785,complete,Local Immo stats report 785/785 lots with code_postal.,785,785,incomplete,Local Immo stats report 721/785 lots with civic address.,785,721,N/A,The local coverage matrix has no TOD scope entry for this city.,N/A,TOD is not applicable according to the local coverage matrix.,,,
sainte-petronille,sainte-petronille,complete,Canonical local Immo perMuni stats row is present and reports 699 served lots.,699,complete,Local Immo stats report 699/699 lots with surface_m2.,699,699,complete,Local Immo stats report 699/699 lots with code_postal.,699,699,complete,Local Immo stats report 699/699 lots with civic address.,699,699,N/A,The local coverage matrix has no TOD scope entry for this city.,N/A,TOD is not applicable according to the local coverage matrix.,,,
sainte-praxede,sainte-praxede,complete,Canonical local Immo perMuni stats row is present and reports 449 served lots.,449,complete,Local Immo stats report 449/449 lots with surface_m2.,449,449,complete,Local Immo stats report 449/449 lots with code_postal.,449,449,incomplete,Local Immo stats report 441/449 lots with civic address.,449,441,N/A,The local coverage matrix has no TOD scope entry for this city.,N/A,TOD is not applicable according to the local coverage matrix.,,,
sainte-rita,,incomplete,No canonical local Immo perMuni stats row is present in the served-lots snapshot.,,unknown,No canonical local Immo perMuni stats row exists; surface_m2 cannot be measured.,,,unknown,No canonical local Immo perMuni stats row exists; code_postal cannot be measured.,,,unknown,No canonical local Immo perMuni stats row exists; civic address cannot be measured.,,,N/A,The local coverage matrix has no TOD scope entry for this city.,N/A,TOD is not applicable according to the local coverage matrix.,,,
sainte-rose-de-watford,sainte-rose-de-watford,complete,Canonical local Immo perMuni stats row is present and reports 1024 served lots.,1024,complete,Local Immo stats report 1024/1024 lots with surface_m2.,1024,1024,complete,Local Immo stats report 1024/1024 lots with code_postal.,1024,1024,incomplete,Local Immo stats report 908/1024 lots with civic address.,1024,908,N/A,The local coverage matrix has no TOD scope entry for this city.,N/A,TOD is not applicable according to the local coverage matrix.,,,
sainte-rose-du-nord,,incomplete,No canonical local Immo perMuni stats row is present in the served-lots snapshot.,,unknown,No canonical local Immo perMuni stats row exists; surface_m2 cannot be measured.,,,unknown,No canonical local Immo perMuni stats row exists; code_postal cannot be measured.,,,unknown,No canonical local Immo perMuni stats row exists; civic address cannot be measured.,,,N/A,The local coverage matrix has no TOD scope entry for this city.,N/A,TOD is not applicable according to the local coverage matrix.,,,
sainte-sabine--brome-missisquoi,,incomplete,No canonical local Immo perMuni stats row is present in the served-lots snapshot.,,unknown,No canonical local Immo perMuni stats row exists; surface_m2 cannot be measured.,,,unknown,No canonical local Immo perMuni stats row exists; code_postal cannot be measured.,,,unknown,No canonical local Immo perMuni stats row exists; civic address cannot be measured.,,,N/A,The local coverage matrix has no TOD scope entry for this city.,N/A,TOD is not applicable according to the local coverage matrix.,,,
sainte-sabine--les-etchemins,sainte-sabine--les-etchemins,complete,Canonical local Immo perMuni stats row is present and reports 698 served lots.,698,complete,Local Immo stats report 698/698 lots with surface_m2.,698,698,complete,Local Immo stats report 698/698 lots with code_postal.,698,698,incomplete,Local Immo stats report 644/698 lots with civic address.,698,644,N/A,The local coverage matrix has no TOD scope entry for this city.,N/A,TOD is not applicable according to the local coverage matrix.,,,
sainte-seraphine,sainte-seraphine,complete,Canonical local Immo perMuni stats row is present and reports 487 served lots.,487,complete,Local Immo stats report 487/487 lots with surface_m2.,487,487,complete,Local Immo stats report 487/487 lots with code_postal.,487,487,incomplete,Local Immo stats report 426/487 lots with civic address.,487,426,N/A,The local coverage matrix has no TOD scope entry for this city.,N/A,TOD is not applicable according to the local coverage matrix.,,,
sainte-sophie,sainte-sophie,complete,Canonical local Immo perMuni stats row is present and reports 10338 served lots.,10338,complete,Local Immo stats report 10338/10338 lots with surface_m2.,10338,10338,complete,Local Immo stats report 10338/10338 lots with code_postal.,10338,10338,incomplete,Local Immo stats report 10315/10338 lots with civic address.,10338,10315,N/A,The local coverage matrix has no TOD scope entry for this city.,N/A,TOD is not applicable according to the local coverage matrix.,,,
sainte-sophie-de-levrard,sainte-sophie-de-levrard,complete,Canonical local Immo perMuni stats row is present and reports 808 served lots.,808,complete,Local Immo stats report 808/808 lots with surface_m2.,808,808,complete,Local Immo stats report 808/808 lots with code_postal.,808,808,incomplete,Local Immo stats report 794/808 lots with civic address.,808,794,N/A,The local coverage matrix has no TOD scope entry for this city.,N/A,TOD is not applicable according to the local coverage matrix.,,,
sainte-sophie-dhalifax,,incomplete,No canonical local Immo perMuni stats row is present in the served-lots snapshot.,,unknown,No canonical local Immo perMuni stats row exists; surface_m2 cannot be measured.,,,unknown,No canonical local Immo perMuni stats row exists; code_postal cannot be measured.,,,unknown,No canonical local Immo perMuni stats row exists; civic address cannot be measured.,,,N/A,The local coverage matrix has no TOD scope entry for this city.,N/A,TOD is not applicable according to the local coverage matrix.,,,
sainte-thecle,,incomplete,No canonical local Immo perMuni stats row is present in the served-lots snapshot.,,unknown,No canonical local Immo perMuni stats row exists; surface_m2 cannot be measured.,,,unknown,No canonical local Immo perMuni stats row exists; code_postal cannot be measured.,,,unknown,No canonical local Immo perMuni stats row exists; civic address cannot be measured.,,,N/A,The local coverage matrix has no TOD scope entry for this city.,N/A,TOD is not applicable according to the local coverage matrix.,,,
sainte-therese,,incomplete,No canonical local Immo perMuni stats row is present in the served-lots snapshot.,,unknown,No canonical local Immo perMuni stats row exists; surface_m2 cannot be measured.,,,unknown,No canonical local Immo perMuni stats row exists; code_postal cannot be measured.,,,unknown,No canonical local Immo perMuni stats row exists; civic address cannot be measured.,,,complete,The local coverage matrix declares TOD scope with status done.,unknown,"TOD scope is confirmed, but no canonical local Immo perMuni stats row is available.",,,
sainte-therese-de-gaspe,sainte-therese-de-gaspe,complete,Canonical local Immo perMuni stats row is present and reports 959 served lots.,959,complete,Local Immo stats report 959/959 lots with surface_m2.,959,959,complete,Local Immo stats report 959/959 lots with code_postal.,959,959,incomplete,Local Immo stats report 917/959 lots with civic address.,959,917,N/A,The local coverage matrix has no TOD scope entry for this city.,N/A,TOD is not applicable according to the local coverage matrix.,,,
sainte-therese-de-la-gatineau,,incomplete,No canonical local Immo perMuni stats row is present in the served-lots snapshot.,,unknown,No canonical local Immo perMuni stats row exists; surface_m2 cannot be measured.,,,unknown,No canonical local Immo perMuni stats row exists; code_postal cannot be measured.,,,unknown,No canonical local Immo perMuni stats row exists; civic address cannot be measured.,,,N/A,The local coverage matrix has no TOD scope entry for this city.,N/A,TOD is not applicable according to the local coverage matrix.,,,
sainte-ursule,,incomplete,No canonical local Immo perMuni stats row is present in the served-lots snapshot.,,unknown,No canonical local Immo perMuni stats row exists; surface_m2 cannot be measured.,,,unknown,No canonical local Immo perMuni stats row exists; code_postal cannot be measured.,,,unknown,No canonical local Immo perMuni stats row exists; civic address cannot be measured.,,,N/A,The local coverage matrix has no TOD scope entry for this city.,N/A,TOD is not applicable according to the local coverage matrix.,,,
sainte-victoire-de-sorel,sainte-victoire-de-sorel,complete,Canonical local Immo perMuni stats row is present and reports 2045 served lots.,2045,complete,Local Immo stats report 2045/2045 lots with surface_m2.,2045,2045,complete,Local Immo stats report 2045/2045 lots with code_postal.,2045,2045,incomplete,Local Immo stats report 1851/2045 lots with civic address.,2045,1851,N/A,The local coverage matrix has no TOD scope entry for this city.,N/A,TOD is not applicable according to the local coverage matrix.,,,
saints-anges,,incomplete,No canonical local Immo perMuni stats row is present in the served-lots snapshot.,,unknown,No canonical local Immo perMuni stats row exists; surface_m2 cannot be measured.,,,unknown,No canonical local Immo perMuni stats row exists; code_postal cannot be measured.,,,unknown,No canonical local Immo perMuni stats row exists; civic address cannot be measured.,,,N/A,The local coverage matrix has no TOD scope entry for this city.,N/A,TOD is not applicable according to the local coverage matrix.,,,
saints-martyrs-canadiens,,incomplete,No canonical local Immo perMuni stats row is present in the served-lots snapshot.,,unknown,No canonical local Immo perMuni stats row exists; surface_m2 cannot be measured.,,,unknown,No canonical local Immo perMuni stats row exists; code_postal cannot be measured.,,,unknown,No canonical local Immo perMuni stats row exists; civic address cannot be measured.,,,N/A,The local coverage matrix has no TOD scope entry for this city.,N/A,TOD is not applicable according to the local coverage matrix.,,,
salaberry-de-valleyfield,salaberry-de-valleyfield,complete,Canonical local Immo perMuni stats row is present and reports 15510 served lots.,15510,complete,Local Immo stats report 15510/15510 lots with surface_m2.,15510,15510,complete,Local Immo stats report 15510/15510 lots with code_postal.,15510,15510,incomplete,Local Immo stats report 15343/15510 lots with civic address.,15510,15343,N/A,The local coverage matrix has no TOD scope entry for this city.,N/A,TOD is not applicable according to the local coverage matrix.,,,
sayabec,sayabec,complete,Canonical local Immo perMuni stats row is present and reports 1545 served lots.,1545,complete,Local Immo stats report 1545/1545 lots with surface_m2.,1545,1545,complete,Local Immo stats report 1545/1545 lots with code_postal.,1545,1545,incomplete,Local Immo stats report 1395/1545 lots with civic address.,1545,1395,N/A,The local coverage matrix has no TOD scope entry for this city.,N/A,TOD is not applicable according to the local coverage matrix.,,,
schefferville,schefferville,complete,Canonical local Immo perMuni stats row is present and reports 482 served lots.,482,complete,Local Immo stats report 482/482 lots with surface_m2.,482,482,complete,Local Immo stats report 482/482 lots with code_postal.,482,482,incomplete,Local Immo stats report 480/482 lots with civic address.,482,480,N/A,The local coverage matrix has no TOD scope entry for this city.,N/A,TOD is not applicable according to the local coverage matrix.,,,
scotstown,scotstown,complete,Canonical local Immo perMuni stats row is present and reports 471 served lots.,471,complete,Local Immo stats report 471/471 lots with surface_m2.,471,471,complete,Local Immo stats report 471/471 lots with code_postal.,471,471,incomplete,Local Immo stats report 426/471 lots with civic address.,471,426,N/A,The local coverage matrix has no TOD scope entry for this city.,N/A,TOD is not applicable according to the local coverage matrix.,,,
scott,scott,complete,Canonical local Immo perMuni stats row is present and reports 2062 served lots.,2062,complete,Local Immo stats report 2062/2062 lots with surface_m2.,2062,2062,complete,Local Immo stats report 2062/2062 lots with code_postal.,2062,2062,incomplete,Local Immo stats report 1880/2062 lots with civic address.,2062,1880,N/A,The local coverage matrix has no TOD scope entry for this city.,N/A,TOD is not applicable according to the local coverage matrix.,,,
senneterre--la-vallee-de-lor,senneterre--la-vallee-de-lor,complete,Canonical local Immo perMuni stats row is present and reports 1559 served lots.,1559,complete,Local Immo stats report 1559/1559 lots with surface_m2.,1559,1559,complete,Local Immo stats report 1559/1559 lots with code_postal.,1559,1559,incomplete,Local Immo stats report 1557/1559 lots with civic address.,1559,1557,N/A,The local coverage matrix has no TOD scope entry for this city.,N/A,TOD is not applicable according to the local coverage matrix.,,,
senneterre--la-vallee-de-lor--2,,incomplete,No canonical local Immo perMuni stats row is present in the served-lots snapshot.,,unknown,No canonical local Immo perMuni stats row exists; surface_m2 cannot be measured.,,,unknown,No canonical local Immo perMuni stats row exists; code_postal cannot be measured.,,,unknown,No canonical local Immo perMuni stats row exists; civic address cannot be measured.,,,N/A,The local coverage matrix has no TOD scope entry for this city.,N/A,TOD is not applicable according to the local coverage matrix.,,,
senneville,,incomplete,No canonical local Immo perMuni stats row is present in the served-lots snapshot.,,unknown,No canonical local Immo perMuni stats row exists; surface_m2 cannot be measured.,,,unknown,No canonical local Immo perMuni stats row exists; code_postal cannot be measured.,,,unknown,No canonical local Immo perMuni stats row exists; civic address cannot be measured.,,,N/A,The local coverage matrix has no TOD scope entry for this city.,N/A,TOD is not applicable according to the local coverage matrix.,,,
sept-iles,sept-iles,complete,Canonical local Immo perMuni stats row is present and reports 296 served lots.,296,complete,Local Immo stats report 296/296 lots with surface_m2.,296,296,complete,Local Immo stats report 296/296 lots with code_postal.,296,296,complete,Local Immo stats report 296/296 lots with civic address.,296,296,N/A,The local coverage matrix has no TOD scope entry for this city.,N/A,TOD is not applicable according to the local coverage matrix.,,,
shannon,shannon,complete,Canonical local Immo perMuni stats row is present and reports 3249 served lots.,3249,complete,Local Immo stats report 3249/3249 lots with surface_m2.,3249,3249,complete,Local Immo stats report 3249/3249 lots with code_postal.,3249,3249,incomplete,Local Immo stats report 3191/3249 lots with civic address.,3249,3191,N/A,The local coverage matrix has no TOD scope entry for this city.,N/A,TOD is not applicable according to the local coverage matrix.,,,
shawinigan,shawinigan,complete,Canonical local Immo perMuni stats row is present and reports 18479 served lots.,18479,complete,Local Immo stats report 18479/18479 lots with surface_m2.,18479,18479,complete,Local Immo stats report 18479/18479 lots with code_postal.,18479,18479,incomplete,Local Immo stats report 16413/18479 lots with civic address.,18479,16413,N/A,The local coverage matrix has no TOD scope entry for this city.,N/A,TOD is not applicable according to the local coverage matrix.,,,
shawville,,incomplete,No canonical local Immo perMuni stats row is present in the served-lots snapshot.,,unknown,No canonical local Immo perMuni stats row exists; surface_m2 cannot be measured.,,,unknown,No canonical local Immo perMuni stats row exists; code_postal cannot be measured.,,,unknown,No canonical local Immo perMuni stats row exists; civic address cannot be measured.,,,N/A,The local coverage matrix has no TOD scope entry for this city.,N/A,TOD is not applicable according to the local coverage matrix.,,,
sheenboro,,incomplete,No canonical local Immo perMuni stats row is present in the served-lots snapshot.,,unknown,No canonical local Immo perMuni stats row exists; surface_m2 cannot be measured.,,,unknown,No canonical local Immo perMuni stats row exists; code_postal cannot be measured.,,,unknown,No canonical local Immo perMuni stats row exists; civic address cannot be measured.,,,N/A,The local coverage matrix has no TOD scope entry for this city.,N/A,TOD is not applicable according to the local coverage matrix.,,,
shefford,shefford,complete,Canonical local Immo perMuni stats row is present and reports 3277 served lots.,3277,complete,Local Immo stats report 3277/3277 lots with surface_m2.,3277,3277,complete,Local Immo stats report 3277/3277 lots with code_postal.,3277,3277,incomplete,Local Immo stats report 3242/3277 lots with civic address.,3277,3242,N/A,The local coverage matrix has no TOD scope entry for this city.,N/A,TOD is not applicable according to the local coverage matrix.,,,
sherbrooke,sherbrooke,complete,Canonical local Immo perMuni stats row is present and reports 36785 served lots.,36785,complete,Local Immo stats report 36785/36785 lots with surface_m2.,36785,36785,complete,Local Immo stats report 36785/36785 lots with code_postal.,36785,36785,incomplete,Local Immo stats report 33372/36785 lots with civic address.,36785,33372,N/A,The local coverage matrix has no TOD scope entry for this city.,N/A,TOD is not applicable according to the local coverage matrix.,,,
shigawake,shigawake,complete,Canonical local Immo perMuni stats row is present and reports 477 served lots.,477,complete,Local Immo stats report 477/477 lots with surface_m2.,477,477,complete,Local Immo stats report 477/477 lots with code_postal.,477,477,incomplete,Local Immo stats report 476/477 lots with civic address.,477,476,N/A,The local coverage matrix has no TOD scope entry for this city.,N/A,TOD is not applicable according to the local coverage matrix.,,,
sorel-tracy,sorel-tracy,complete,Canonical local Immo perMuni stats row is present and reports 16736 served lots.,16736,complete,Local Immo stats report 16736/16736 lots with surface_m2.,16736,16736,complete,Local Immo stats report 16736/16736 lots with code_postal.,16736,16736,incomplete,Local Immo stats report 16426/16736 lots with civic address.,16736,16426,N/A,The local coverage matrix has no TOD scope entry for this city.,N/A,TOD is not applicable according to the local coverage matrix.,,,
stanbridge-east,stanbridge-east,complete,Canonical local Immo perMuni stats row is present and reports 714 served lots.,714,complete,Local Immo stats report 714/714 lots with surface_m2.,714,714,complete,Local Immo stats report 714/714 lots with code_postal.,714,714,incomplete,Local Immo stats report 712/714 lots with civic address.,714,712,N/A,The local coverage matrix has no TOD scope entry for this city.,N/A,TOD is not applicable according to the local coverage matrix.,,,
stanbridge-station,,incomplete,No canonical local Immo perMuni stats row is present in the served-lots snapshot.,,unknown,No canonical local Immo perMuni stats row exists; surface_m2 cannot be measured.,,,unknown,No canonical local Immo perMuni stats row exists; code_postal cannot be measured.,,,unknown,No canonical local Immo perMuni stats row exists; civic address cannot be measured.,,,N/A,The local coverage matrix has no TOD scope entry for this city.,N/A,TOD is not applicable according to the local coverage matrix.,,,
stanstead--memphremagog,stanstead--memphremagog,complete,Canonical local Immo perMuni stats row is present and reports 3087 served lots.,3087,complete,Local Immo stats report 3087/3087 lots with surface_m2.,3087,3087,complete,Local Immo stats report 3087/3087 lots with code_postal.,3087,3087,incomplete,Local Immo stats report 1954/3087 lots with civic address.,3087,1954,N/A,The local coverage matrix has no TOD scope entry for this city.,N/A,TOD is not applicable according to the local coverage matrix.,,,
stanstead--memphremagog--2,,incomplete,No canonical local Immo perMuni stats row is present in the served-lots snapshot.,,unknown,No canonical local Immo perMuni stats row exists; surface_m2 cannot be measured.,,,unknown,No canonical local Immo perMuni stats row exists; code_postal cannot be measured.,,,unknown,No canonical local Immo perMuni stats row exists; civic address cannot be measured.,,,N/A,The local coverage matrix has no TOD scope entry for this city.,N/A,TOD is not applicable according to the local coverage matrix.,,,
stanstead-est,stanstead-est,complete,Canonical local Immo perMuni stats row is present and reports 653 served lots.,653,complete,Local Immo stats report 653/653 lots with surface_m2.,653,653,complete,Local Immo stats report 653/653 lots with code_postal.,653,653,incomplete,Local Immo stats report 553/653 lots with civic address.,653,553,N/A,The local coverage matrix has no TOD scope entry for this city.,N/A,TOD is not applicable according to the local coverage matrix.,,,
stoke,stoke,complete,Canonical local Immo perMuni stats row is present and reports 1087 served lots.,1087,complete,Local Immo stats report 1087/1087 lots with surface_m2.,1087,1087,complete,Local Immo stats report 1087/1087 lots with code_postal.,1087,1087,incomplete,Local Immo stats report 995/1087 lots with civic address.,1087,995,N/A,The local coverage matrix has no TOD scope entry for this city.,N/A,TOD is not applicable according to the local coverage matrix.,,,
stoneham-et-tewkesbury,stoneham-et-tewkesbury,complete,Canonical local Immo perMuni stats row is present and reports 537 served lots.,537,complete,Local Immo stats report 537/537 lots with surface_m2.,537,537,complete,Local Immo stats report 537/537 lots with code_postal.,537,537,incomplete,Local Immo stats report 516/537 lots with civic address.,537,516,N/A,The local coverage matrix has no TOD scope entry for this city.,N/A,TOD is not applicable according to the local coverage matrix.,,,
stornoway,stornoway,complete,Canonical local Immo perMuni stats row is present and reports 856 served lots.,856,complete,Local Immo stats report 856/856 lots with surface_m2.,856,856,complete,Local Immo stats report 856/856 lots with code_postal.,856,856,incomplete,Local Immo stats report 754/856 lots with civic address.,856,754,N/A,The local coverage matrix has no TOD scope entry for this city.,N/A,TOD is not applicable according to the local coverage matrix.,,,
stratford,stratford,complete,Canonical local Immo perMuni stats row is present and reports 2021 served lots.,2021,complete,Local Immo stats report 2021/2021 lots with surface_m2.,2021,2021,complete,Local Immo stats report 2021/2021 lots with code_postal.,2021,2021,incomplete,Local Immo stats report 1862/2021 lots with civic address.,2021,1862,N/A,The local coverage matrix has no TOD scope entry for this city.,N/A,TOD is not applicable according to the local coverage matrix.,,,
stukely-sud,stukely-sud,complete,Canonical local Immo perMuni stats row is present and reports 1579 served lots.,1579,complete,Local Immo stats report 1579/1579 lots with surface_m2.,1579,1579,complete,Local Immo stats report 1579/1579 lots with code_postal.,1579,1579,incomplete,Local Immo stats report 1434/1579 lots with civic address.,1579,1434,N/A,The local coverage matrix has no TOD scope entry for this city.,N/A,TOD is not applicable according to the local coverage matrix.,,,
sutton,sutton,complete,Canonical local Immo perMuni stats row is present and reports 4397 served lots.,4397,complete,Local Immo stats report 4397/4397 lots with surface_m2.,4397,4397,complete,Local Immo stats report 4397/4397 lots with code_postal.,4397,4397,incomplete,Local Immo stats report 4289/4397 lots with civic address.,4397,4289,N/A,The local coverage matrix has no TOD scope entry for this city.,N/A,TOD is not applicable according to the local coverage matrix.,,,
tadoussac,,incomplete,No canonical local Immo perMuni stats row is present in the served-lots snapshot.,,unknown,No canonical local Immo perMuni stats row exists; surface_m2 cannot be measured.,,,unknown,No canonical local Immo perMuni stats row exists; code_postal cannot be measured.,,,unknown,No canonical local Immo perMuni stats row exists; civic address cannot be measured.,,,N/A,The local coverage matrix has no TOD scope entry for this city.,N/A,TOD is not applicable according to the local coverage matrix.,,,
taschereau,taschereau,complete,Canonical local Immo perMuni stats row is present and reports 1306 served lots.,1306,complete,Local Immo stats report 1306/1306 lots with surface_m2.,1306,1306,complete,Local Immo stats report 1306/1306 lots with code_postal.,1306,1306,incomplete,Local Immo stats report 1295/1306 lots with civic address.,1306,1295,N/A,The local coverage matrix has no TOD scope entry for this city.,N/A,TOD is not applicable according to the local coverage matrix.,,,
temiscaming,temiscaming,complete,Canonical local Immo perMuni stats row is present and reports 249 served lots.,249,complete,Local Immo stats report 249/249 lots with surface_m2.,249,249,complete,Local Immo stats report 249/249 lots with code_postal.,249,249,incomplete,Local Immo stats report 195/249 lots with civic address.,249,195,N/A,The local coverage matrix has no TOD scope entry for this city.,N/A,TOD is not applicable according to the local coverage matrix.,,,
temiscouata-sur-le-lac,temiscouata-sur-le-lac,complete,Canonical local Immo perMuni stats row is present and reports 3936 served lots.,3936,complete,Local Immo stats report 3936/3936 lots with surface_m2.,3936,3936,complete,Local Immo stats report 3936/3936 lots with code_postal.,3936,3936,incomplete,Local Immo stats report 3329/3936 lots with civic address.,3936,3329,N/A,The local coverage matrix has no TOD scope entry for this city.,N/A,TOD is not applicable according to the local coverage matrix.,,,
terrasse-vaudreuil,,incomplete,No canonical local Immo perMuni stats row is present in the served-lots snapshot.,,unknown,No canonical local Immo perMuni stats row exists; surface_m2 cannot be measured.,,,unknown,No canonical local Immo perMuni stats row exists; code_postal cannot be measured.,,,unknown,No canonical local Immo perMuni stats row exists; civic address cannot be measured.,,,complete,The local coverage matrix declares TOD scope with status done.,unknown,"TOD scope is confirmed, but no canonical local Immo perMuni stats row is available.",,,
terrebonne,,incomplete,No canonical local Immo perMuni stats row is present in the served-lots snapshot.,,unknown,No canonical local Immo perMuni stats row exists; surface_m2 cannot be measured.,,,unknown,No canonical local Immo perMuni stats row exists; code_postal cannot be measured.,,,unknown,No canonical local Immo perMuni stats row exists; civic address cannot be measured.,,,complete,The local coverage matrix declares TOD scope with status done.,unknown,"TOD scope is confirmed, but no canonical local Immo perMuni stats row is available.",,,
thetford-mines,thetford-mines,complete,Canonical local Immo perMuni stats row is present and reports 11746 served lots.,11746,complete,Local Immo stats report 11746/11746 lots with surface_m2.,11746,11746,complete,Local Immo stats report 11746/11746 lots with code_postal.,11746,11746,incomplete,Local Immo stats report 11671/11746 lots with civic address.,11746,11671,N/A,The local coverage matrix has no TOD scope entry for this city.,N/A,TOD is not applicable according to the local coverage matrix.,,,
thorne,,incomplete,No canonical local Immo perMuni stats row is present in the served-lots snapshot.,,unknown,No canonical local Immo perMuni stats row exists; surface_m2 cannot be measured.,,,unknown,No canonical local Immo perMuni stats row exists; code_postal cannot be measured.,,,unknown,No canonical local Immo perMuni stats row exists; civic address cannot be measured.,,,N/A,The local coverage matrix has no TOD scope entry for this city.,N/A,TOD is not applicable according to the local coverage matrix.,,,
thurso,thurso,complete,Canonical local Immo perMuni stats row is present and reports 1496 served lots.,1496,complete,Local Immo stats report 1496/1496 lots with surface_m2.,1496,1496,complete,Local Immo stats report 1496/1496 lots with code_postal.,1496,1496,incomplete,Local Immo stats report 1385/1496 lots with civic address.,1496,1385,N/A,The local coverage matrix has no TOD scope entry for this city.,N/A,TOD is not applicable according to the local coverage matrix.,,,
tingwick,tingwick,complete,Canonical local Immo perMuni stats row is present and reports 1205 served lots.,1205,complete,Local Immo stats report 1205/1205 lots with surface_m2.,1205,1205,complete,Local Immo stats report 1205/1205 lots with code_postal.,1205,1205,incomplete,Local Immo stats report 1068/1205 lots with civic address.,1205,1068,N/A,The local coverage matrix has no TOD scope entry for this city.,N/A,TOD is not applicable according to the local coverage matrix.,,,
tourville,,incomplete,No canonical local Immo perMuni stats row is present in the served-lots snapshot.,,unknown,No canonical local Immo perMuni stats row exists; surface_m2 cannot be measured.,,,unknown,No canonical local Immo perMuni stats row exists; code_postal cannot be measured.,,,unknown,No canonical local Immo perMuni stats row exists; civic address cannot be measured.,,,N/A,The local coverage matrix has no TOD scope entry for this city.,N/A,TOD is not applicable according to the local coverage matrix.,,,
trecesson,trecesson,complete,Canonical local Immo perMuni stats row is present and reports 741 served lots.,741,complete,Local Immo stats report 741/741 lots with surface_m2.,741,741,complete,Local Immo stats report 741/741 lots with code_postal.,741,741,incomplete,Local Immo stats report 660/741 lots with civic address.,741,660,N/A,The local coverage matrix has no TOD scope entry for this city.,N/A,TOD is not applicable according to the local coverage matrix.,,,
tres-saint-redempteur,tres-saint-redempteur,complete,Canonical local Immo perMuni stats row is present and reports 834 served lots.,834,complete,Local Immo stats report 834/834 lots with surface_m2.,834,834,complete,Local Immo stats report 834/834 lots with code_postal.,834,834,incomplete,Local Immo stats report 828/834 lots with civic address.,834,828,N/A,The local coverage matrix has no TOD scope entry for this city.,N/A,TOD is not applicable according to the local coverage matrix.,,,
tres-saint-sacrement,tres-saint-sacrement,complete,Canonical local Immo perMuni stats row is present and reports 1007 served lots.,1007,complete,Local Immo stats report 1007/1007 lots with surface_m2.,1007,1007,complete,Local Immo stats report 1007/1007 lots with code_postal.,1007,1007,incomplete,Local Immo stats report 995/1007 lots with civic address.,1007,995,N/A,The local coverage matrix has no TOD scope entry for this city.,N/A,TOD is not applicable according to the local coverage matrix.,,,
tring-jonction,tring-jonction,complete,Canonical local Immo perMuni stats row is present and reports 1174 served lots.,1174,complete,Local Immo stats report 1174/1174 lots with surface_m2.,1174,1174,complete,Local Immo stats report 1174/1174 lots with code_postal.,1174,1174,incomplete,Local Immo stats report 1155/1174 lots with civic address.,1174,1155,N/A,The local coverage matrix has no TOD scope entry for this city.,N/A,TOD is not applicable according to the local coverage matrix.,,,
trois-pistoles,trois-pistoles,complete,Canonical local Immo perMuni stats row is present and reports 1732 served lots.,1732,complete,Local Immo stats report 1732/1732 lots with surface_m2.,1732,1732,complete,Local Immo stats report 1732/1732 lots with code_postal.,1732,1732,incomplete,Local Immo stats report 1591/1732 lots with civic address.,1732,1591,N/A,The local coverage matrix has no TOD scope entry for this city.,N/A,TOD is not applicable according to the local coverage matrix.,,,
trois-rives,,incomplete,No canonical local Immo perMuni stats row is present in the served-lots snapshot.,,unknown,No canonical local Immo perMuni stats row exists; surface_m2 cannot be measured.,,,unknown,No canonical local Immo perMuni stats row exists; code_postal cannot be measured.,,,unknown,No canonical local Immo perMuni stats row exists; civic address cannot be measured.,,,N/A,The local coverage matrix has no TOD scope entry for this city.,N/A,TOD is not applicable according to the local coverage matrix.,,,
trois-rivieres,trois-rivieres,complete,Canonical local Immo perMuni stats row is present and reports 42009 served lots.,42009,complete,Local Immo stats report 42009/42009 lots with surface_m2.,42009,42009,complete,Local Immo stats report 42009/42009 lots with code_postal.,42009,42009,incomplete,Local Immo stats report 38275/42009 lots with civic address.,42009,38275,N/A,The local coverage matrix has no TOD scope entry for this city.,N/A,TOD is not applicable according to the local coverage matrix.,,,
ulverton,ulverton,complete,Canonical local Immo perMuni stats row is present and reports 552 served lots.,552,complete,Local Immo stats report 552/552 lots with surface_m2.,552,552,complete,Local Immo stats report 552/552 lots with code_postal.,552,552,incomplete,Local Immo stats report 448/552 lots with civic address.,552,448,N/A,The local coverage matrix has no TOD scope entry for this city.,N/A,TOD is not applicable according to the local coverage matrix.,,,
upton,,incomplete,No canonical local Immo perMuni stats row is present in the served-lots snapshot.,,unknown,No canonical local Immo perMuni stats row exists; surface_m2 cannot be measured.,,,unknown,No canonical local Immo perMuni stats row exists; code_postal cannot be measured.,,,unknown,No canonical local Immo perMuni stats row exists; civic address cannot be measured.,,,N/A,The local coverage matrix has no TOD scope entry for this city.,N/A,TOD is not applicable according to the local coverage matrix.,,,
val-alain,val-alain,complete,Canonical local Immo perMuni stats row is present and reports 1011 served lots.,1011,complete,Local Immo stats report 1011/1011 lots with surface_m2.,1011,1011,complete,Local Immo stats report 1011/1011 lots with code_postal.,1011,1011,incomplete,Local Immo stats report 931/1011 lots with civic address.,1011,931,N/A,The local coverage matrix has no TOD scope entry for this city.,N/A,TOD is not applicable according to the local coverage matrix.,,,
val-brillant,val-brillant,complete,Canonical local Immo perMuni stats row is present and reports 1201 served lots.,1201,complete,Local Immo stats report 1201/1201 lots with surface_m2.,1201,1201,complete,Local Immo stats report 1201/1201 lots with code_postal.,1201,1201,incomplete,Local Immo stats report 1062/1201 lots with civic address.,1201,1062,N/A,The local coverage matrix has no TOD scope entry for this city.,N/A,TOD is not applicable according to the local coverage matrix.,,,
val-david,val-david,complete,Canonical local Immo perMuni stats row is present and reports 5052 served lots.,5052,complete,Local Immo stats report 5052/5052 lots with surface_m2.,5052,5052,complete,Local Immo stats report 5052/5052 lots with code_postal.,5052,5052,incomplete,Local Immo stats report 4960/5052 lots with civic address.,5052,4960,N/A,The local coverage matrix has no TOD scope entry for this city.,N/A,TOD is not applicable according to the local coverage matrix.,,,
val-des-bois,val-des-bois,complete,Canonical local Immo perMuni stats row is present and reports 338 served lots.,338,complete,Local Immo stats report 338/338 lots with surface_m2.,338,338,complete,Local Immo stats report 338/338 lots with code_postal.,338,338,incomplete,Local Immo stats report 308/338 lots with civic address.,338,308,N/A,The local coverage matrix has no TOD scope entry for this city.,N/A,TOD is not applicable according to the local coverage matrix.,,,
val-des-lacs,,incomplete,No canonical local Immo perMuni stats row is present in the served-lots snapshot.,,unknown,No canonical local Immo perMuni stats row exists; surface_m2 cannot be measured.,,,unknown,No canonical local Immo perMuni stats row exists; code_postal cannot be measured.,,,unknown,No canonical local Immo perMuni stats row exists; civic address cannot be measured.,,,N/A,The local coverage matrix has no TOD scope entry for this city.,N/A,TOD is not applicable according to the local coverage matrix.,,,
val-des-monts,val-des-monts,complete,Canonical local Immo perMuni stats row is present and reports 5342 served lots.,5342,complete,Local Immo stats report 5342/5342 lots with surface_m2.,5342,5342,complete,Local Immo stats report 5342/5342 lots with code_postal.,5342,5342,incomplete,Local Immo stats report 5261/5342 lots with civic address.,5342,5261,N/A,The local coverage matrix has no TOD scope entry for this city.,N/A,TOD is not applicable according to the local coverage matrix.,,,
val-des-sources,val-des-sources,complete,Canonical local Immo perMuni stats row is present and reports 3769 served lots.,3769,complete,Local Immo stats report 3769/3769 lots with surface_m2.,3769,3769,complete,Local Immo stats report 3769/3769 lots with code_postal.,3769,3769,incomplete,Local Immo stats report 3688/3769 lots with civic address.,3769,3688,N/A,The local coverage matrix has no TOD scope entry for this city.,N/A,TOD is not applicable according to the local coverage matrix.,,,
val-dor,val-dor,complete,Canonical local Immo perMuni stats row is present and reports 129 served lots.,129,complete,Local Immo stats report 129/129 lots with surface_m2.,129,129,complete,Local Immo stats report 129/129 lots with code_postal.,129,129,complete,Local Immo stats report 129/129 lots with civic address.,129,129,N/A,The local coverage matrix has no TOD scope entry for this city.,N/A,TOD is not applicable according to the local coverage matrix.,,,
val-joli,val-joli,complete,Canonical local Immo perMuni stats row is present and reports 1035 served lots.,1035,complete,Local Immo stats report 1035/1035 lots with surface_m2.,1035,1035,complete,Local Immo stats report 1035/1035 lots with code_postal.,1035,1035,incomplete,Local Immo stats report 951/1035 lots with civic address.,1035,951,N/A,The local coverage matrix has no TOD scope entry for this city.,N/A,TOD is not applicable according to the local coverage matrix.,,,
val-morin,val-morin,complete,Canonical local Immo perMuni stats row is present and reports 3672 served lots.,3672,complete,Local Immo stats report 3672/3672 lots with surface_m2.,3672,3672,complete,Local Immo stats report 3672/3672 lots with code_postal.,3672,3672,incomplete,Local Immo stats report 3612/3672 lots with civic address.,3672,3612,N/A,The local coverage matrix has no TOD scope entry for this city.,N/A,TOD is not applicable according to the local coverage matrix.,,,
val-racine,val-racine,complete,Canonical local Immo perMuni stats row is present and reports 545 served lots.,545,complete,Local Immo stats report 545/545 lots with surface_m2.,545,545,complete,Local Immo stats report 545/545 lots with code_postal.,545,545,incomplete,Local Immo stats report 480/545 lots with civic address.,545,480,N/A,The local coverage matrix has no TOD scope entry for this city.,N/A,TOD is not applicable according to the local coverage matrix.,,,
val-saint-gilles,val-saint-gilles,complete,Canonical local Immo perMuni stats row is present and reports 228 served lots.,228,complete,Local Immo stats report 228/228 lots with surface_m2.,228,228,complete,Local Immo stats report 228/228 lots with code_postal.,228,228,complete,Local Immo stats report 228/228 lots with civic address.,228,228,N/A,The local coverage matrix has no TOD scope entry for this city.,N/A,TOD is not applicable according to the local coverage matrix.,,,
valcourt--le-val-saint-francois,valcourt--le-val-saint-francois,complete,Canonical local Immo perMuni stats row is present and reports 1007 served lots.,1007,complete,Local Immo stats report 1007/1007 lots with surface_m2.,1007,1007,complete,Local Immo stats report 1007/1007 lots with code_postal.,1007,1007,incomplete,Local Immo stats report 889/1007 lots with civic address.,1007,889,N/A,The local coverage matrix has no TOD scope entry for this city.,N/A,TOD is not applicable according to the local coverage matrix.,,,
valcourt--le-val-saint-francois--2,valcourt--le-val-saint-francois--2,complete,Canonical local Immo perMuni stats row is present and reports 966 served lots.,966,complete,Local Immo stats report 966/966 lots with surface_m2.,966,966,complete,Local Immo stats report 966/966 lots with code_postal.,966,966,incomplete,Local Immo stats report 854/966 lots with civic address.,966,854,N/A,The local coverage matrix has no TOD scope entry for this city.,N/A,TOD is not applicable according to the local coverage matrix.,,,
vallee-jonction,,incomplete,No canonical local Immo perMuni stats row is present in the served-lots snapshot.,,unknown,No canonical local Immo perMuni stats row exists; surface_m2 cannot be measured.,,,unknown,No canonical local Immo perMuni stats row exists; code_postal cannot be measured.,,,unknown,No canonical local Immo perMuni stats row exists; civic address cannot be measured.,,,N/A,The local coverage matrix has no TOD scope entry for this city.,N/A,TOD is not applicable according to the local coverage matrix.,,,
varennes,varennes,complete,Canonical local Immo perMuni stats row is present and reports 8287 served lots.,8287,complete,Local Immo stats report 8287/8287 lots with surface_m2.,8287,8287,complete,Local Immo stats report 8287/8287 lots with code_postal.,8287,8287,incomplete,Local Immo stats report 7822/8287 lots with civic address.,8287,7822,complete,The local coverage matrix declares TOD scope with status done.,incomplete,Local Immo stats report the TOD join is absent: 0/8287 lots joined (0 lots in TOD).,8287,0,0
vaudreuil-dorion,vaudreuil-dorion,complete,Canonical local Immo perMuni stats row is present and reports 14135 served lots.,14135,complete,Local Immo stats report 14135/14135 lots with surface_m2.,14135,14135,complete,Local Immo stats report 14135/14135 lots with code_postal.,14135,14135,incomplete,Local Immo stats report 13843/14135 lots with civic address.,14135,13843,complete,The local coverage matrix declares TOD scope with status done.,incomplete,Local Immo stats report the TOD join is absent: 0/14135 lots joined (0 lots in TOD).,14135,0,0
vaudreuil-sur-le-lac,,incomplete,No canonical local Immo perMuni stats row is present in the served-lots snapshot.,,unknown,No canonical local Immo perMuni stats row exists; surface_m2 cannot be measured.,,,unknown,No canonical local Immo perMuni stats row exists; code_postal cannot be measured.,,,unknown,No canonical local Immo perMuni stats row exists; civic address cannot be measured.,,,N/A,The local coverage matrix has no TOD scope entry for this city.,N/A,TOD is not applicable according to the local coverage matrix.,,,
venise-en-quebec,venise-en-quebec,complete,Canonical local Immo perMuni stats row is present and reports 2074 served lots.,2074,complete,Local Immo stats report 2074/2074 lots with surface_m2.,2074,2074,complete,Local Immo stats report 2074/2074 lots with code_postal.,2074,2074,incomplete,Local Immo stats report 1923/2074 lots with civic address.,2074,1923,N/A,The local coverage matrix has no TOD scope entry for this city.,N/A,TOD is not applicable according to the local coverage matrix.,,,
vercheres,vercheres,complete,Canonical local Immo perMuni stats row is present and reports 2856 served lots.,2856,complete,Local Immo stats report 2856/2856 lots with surface_m2.,2856,2856,complete,Local Immo stats report 2856/2856 lots with code_postal.,2856,2856,incomplete,Local Immo stats report 2725/2856 lots with civic address.,2856,2725,N/A,The local coverage matrix has no TOD scope entry for this city.,N/A,TOD is not applicable according to the local coverage matrix.,,,
victoriaville,victoriaville,complete,Canonical local Immo perMuni stats row is present and reports 19961 served lots.,19961,complete,Local Immo stats report 19961/19961 lots with surface_m2.,19961,19961,complete,Local Immo stats report 19961/19961 lots with code_postal.,19961,19961,incomplete,Local Immo stats report 18373/19961 lots with civic address.,19961,18373,N/A,The local coverage matrix has no TOD scope entry for this city.,N/A,TOD is not applicable according to the local coverage matrix.,,,
ville-marie,ville-marie,complete,Canonical local Immo perMuni stats row is present and reports 1517 served lots.,1517,complete,Local Immo stats report 1517/1517 lots with surface_m2.,1517,1517,complete,Local Immo stats report 1517/1517 lots with code_postal.,1517,1517,incomplete,Local Immo stats report 1450/1517 lots with civic address.,1517,1450,N/A,The local coverage matrix has no TOD scope entry for this city.,N/A,TOD is not applicable according to the local coverage matrix.,,,
villeroy,,incomplete,No canonical local Immo perMuni stats row is present in the served-lots snapshot.,,unknown,No canonical local Immo perMuni stats row exists; surface_m2 cannot be measured.,,,unknown,No canonical local Immo perMuni stats row exists; code_postal cannot be measured.,,,unknown,No canonical local Immo perMuni stats row exists; civic address cannot be measured.,,,N/A,The local coverage matrix has no TOD scope entry for this city.,N/A,TOD is not applicable according to the local coverage matrix.,,,
waltham,,incomplete,No canonical local Immo perMuni stats row is present in the served-lots snapshot.,,unknown,No canonical local Immo perMuni stats row exists; surface_m2 cannot be measured.,,,unknown,No canonical local Immo perMuni stats row exists; code_postal cannot be measured.,,,unknown,No canonical local Immo perMuni stats row exists; civic address cannot be measured.,,,N/A,The local coverage matrix has no TOD scope entry for this city.,N/A,TOD is not applicable according to the local coverage matrix.,,,
warden,warden,complete,Canonical local Immo perMuni stats row is present and reports 249 served lots.,249,complete,Local Immo stats report 249/249 lots with surface_m2.,249,249,complete,Local Immo stats report 249/249 lots with code_postal.,249,249,incomplete,Local Immo stats report 241/249 lots with civic address.,249,241,N/A,The local coverage matrix has no TOD scope entry for this city.,N/A,TOD is not applicable according to the local coverage matrix.,,,
warwick,warwick,complete,Canonical local Immo perMuni stats row is present and reports 2571 served lots.,2571,complete,Local Immo stats report 2571/2571 lots with surface_m2.,2571,2571,complete,Local Immo stats report 2571/2571 lots with code_postal.,2571,2571,incomplete,Local Immo stats report 2559/2571 lots with civic address.,2571,2559,N/A,The local coverage matrix has no TOD scope entry for this city.,N/A,TOD is not applicable according to the local coverage matrix.,,,
waterloo,waterloo,complete,Canonical local Immo perMuni stats row is present and reports 2862 served lots.,2862,complete,Local Immo stats report 2862/2862 lots with surface_m2.,2862,2862,complete,Local Immo stats report 2862/2862 lots with code_postal.,2862,2862,incomplete,Local Immo stats report 2816/2862 lots with civic address.,2862,2816,N/A,The local coverage matrix has no TOD scope entry for this city.,N/A,TOD is not applicable according to the local coverage matrix.,,,
waterville,waterville,complete,Canonical local Immo perMuni stats row is present and reports 1406 served lots.,1406,complete,Local Immo stats report 1406/1406 lots with surface_m2.,1406,1406,complete,Local Immo stats report 1406/1406 lots with code_postal.,1406,1406,incomplete,Local Immo stats report 1239/1406 lots with civic address.,1406,1239,N/A,The local coverage matrix has no TOD scope entry for this city.,N/A,TOD is not applicable according to the local coverage matrix.,,,
weedon,,incomplete,No canonical local Immo perMuni stats row is present in the served-lots snapshot.,,unknown,No canonical local Immo perMuni stats row exists; surface_m2 cannot be measured.,,,unknown,No canonical local Immo perMuni stats row exists; code_postal cannot be measured.,,,unknown,No canonical local Immo perMuni stats row exists; civic address cannot be measured.,,,N/A,The local coverage matrix has no TOD scope entry for this city.,N/A,TOD is not applicable according to the local coverage matrix.,,,
wentworth,wentworth,complete,Canonical local Immo perMuni stats row is present and reports 2969 served lots.,2969,complete,Local Immo stats report 2969/2969 lots with surface_m2.,2969,2969,complete,Local Immo stats report 2969/2969 lots with code_postal.,2969,2969,incomplete,Local Immo stats report 2951/2969 lots with civic address.,2969,2951,N/A,The local coverage matrix has no TOD scope entry for this city.,N/A,TOD is not applicable according to the local coverage matrix.,,,
wentworth-nord,wentworth-nord,complete,Canonical local Immo perMuni stats row is present and reports 4103 served lots.,4103,complete,Local Immo stats report 4103/4103 lots with surface_m2.,4103,4103,complete,Local Immo stats report 4103/4103 lots with code_postal.,4103,4103,incomplete,Local Immo stats report 4081/4103 lots with civic address.,4103,4081,N/A,The local coverage matrix has no TOD scope entry for this city.,N/A,TOD is not applicable according to the local coverage matrix.,,,
westbury,westbury,complete,Canonical local Immo perMuni stats row is present and reports 868 served lots.,868,complete,Local Immo stats report 868/868 lots with surface_m2.,868,868,complete,Local Immo stats report 868/868 lots with code_postal.,868,868,incomplete,Local Immo stats report 770/868 lots with civic address.,868,770,N/A,The local coverage matrix has no TOD scope entry for this city.,N/A,TOD is not applicable according to the local coverage matrix.,,,
westmount,westmount,complete,Canonical local Immo perMuni stats row is present and reports 5040 served lots.,5040,complete,Local Immo stats report 5040/5040 lots with surface_m2.,5040,5040,complete,Local Immo stats report 5040/5040 lots with code_postal.,5040,5040,incomplete,Local Immo stats report 4324/5040 lots with civic address.,5040,4324,N/A,The local coverage matrix has no TOD scope entry for this city.,N/A,TOD is not applicable according to the local coverage matrix.,,,
wickham,wickham,complete,Canonical local Immo perMuni stats row is present and reports 1536 served lots.,1536,complete,Local Immo stats report 1536/1536 lots with surface_m2.,1536,1536,complete,Local Immo stats report 1536/1536 lots with code_postal.,1536,1536,incomplete,Local Immo stats report 1400/1536 lots with civic address.,1536,1400,N/A,The local coverage matrix has no TOD scope entry for this city.,N/A,TOD is not applicable according to the local coverage matrix.,,,
windsor,windsor,complete,Canonical local Immo perMuni stats row is present and reports 2549 served lots.,2549,complete,Local Immo stats report 2549/2549 lots with surface_m2.,2549,2549,complete,Local Immo stats report 2549/2549 lots with code_postal.,2549,2549,incomplete,Local Immo stats report 2199/2549 lots with civic address.,2549,2199,N/A,The local coverage matrix has no TOD scope entry for this city.,N/A,TOD is not applicable according to the local coverage matrix.,,,
wotton,wotton,complete,Canonical local Immo perMuni stats row is present and reports 1218 served lots.,1218,complete,Local Immo stats report 1218/1218 lots with surface_m2.,1218,1218,complete,Local Immo stats report 1218/1218 lots with code_postal.,1218,1218,incomplete,Local Immo stats report 1195/1218 lots with civic address.,1218,1195,N/A,The local coverage matrix has no TOD scope entry for this city.,N/A,TOD is not applicable according to the local coverage matrix.,,,
yamachiche,,incomplete,No canonical local Immo perMuni stats row is present in the served-lots snapshot.,,unknown,No canonical local Immo perMuni stats row exists; surface_m2 cannot be measured.,,,unknown,No canonical local Immo perMuni stats row exists; code_postal cannot be measured.,,,unknown,No canonical local Immo perMuni stats row exists; civic address cannot be measured.,,,N/A,The local coverage matrix has no TOD scope entry for this city.,N/A,TOD is not applicable according to the local coverage matrix.,,,
yamaska,yamaska,complete,Canonical local Immo perMuni stats row is present and reports 2201 served lots.,2201,complete,Local Immo stats report 2201/2201 lots with surface_m2.,2201,2201,complete,Local Immo stats report 2201/2201 lots with code_postal.,2201,2201,incomplete,Local Immo stats report 2050/2201 lots with civic address.,2201,2050,N/A,The local coverage matrix has no TOD scope entry for this city.,N/A,TOD is not applicable according to the local coverage matrix.,,,
