{"type":"FeatureCollection","crs":{"type":"name","properties":{"name":"urn:ogc:def:crs:OGC:1.3:CRS84"}},"features":[{"type":"Feature","properties":{"zone_code":"18-AF","prefix":"","kind":"unknown","n_lots":7,"source":"geopdf-claude48-vision","confidence":"contour-auto"},"geometry":{"type":"MultiPolygon","coordinates":[[[[-70.83915369092306,48.15179230814929],[-70.83872602277921,48.15054158074129],[-70.83855246826631,48.15010330977803],[-70.83834879144533,48.149612688306156],[-70.8383064834904,48.1494642075597],[-70.83829415860468,48.14942095628371],[-70.83826197556134,48.14918866674845],[-70.83829170530565,48.14890205799971],[-70.83841718647611,48.148337820105795],[-70.83842708770716,48.14828828418581],[-70.83846774006705,48.14808488721198],[-70.83859105360273,48.147506327989156],[-70.83866624079538,48.14711235784246],[-70.82612730812461,48.14711200840732],[-70.8261282585422,48.14713173560672],[-70.82613004798623,48.147175406575265],[-70.82613033904039,48.14721901637061],[-70.82612794503015,48.14726252423559],[-70.8261217762991,48.147305887615026],[-70.8261116154549,48.1473490112093],[-70.82609771043263,48.14739178053905],[-70.82608032533693,48.147434078728075],[-70.82605971349275,48.14747578770151],[-70.82603613630981,48.1475167911832],[-70.82600987406246,48.14755698728208],[-70.82598155467315,48.147596482687675],[-70.82595203782952,48.14763552613932],[-70.8259221957958,48.14767437536612],[-70.82589289544617,48.14771328150343],[-70.82586500545155,48.1477525004807],[-70.82583939448278,48.14779228522973],[-70.82582439980408,48.14781896960806],[-70.8258166257836,48.14783280357164],[-70.82579648106336,48.14787399736624],[-70.8257786108774,48.14791577311104],[-70.82576266757775,48.14795803850251],[-70.825748305313,48.14800069824056],[-70.82573517733343,48.14804366002228],[-70.82572293599105,48.14808682914756],[-70.82571123543447,48.14813011391345],[-70.82569972621906,48.14817342021982],[-70.82568806339172,48.14821665216893],[-70.82567598194946,48.14825974023496],[-70.82566352950299,48.14830269101135],[-70.82565083720634,48.14834553087019],[-70.82563803441693,48.14838828977981],[-70.82562524869547,48.14843099531084],[-70.82561260939943,48.14847367503396],[-70.82560024498787,48.14851635592025],[-70.82558828302153,48.14855906613958],[-70.82557675943308,48.14860183086485],[-70.82556558888251,48.14864466807661],[-70.8255546743518,48.148687596954026],[-70.82554392151786,48.148730636676234],[-70.8255332333626,48.148773805823026],[-70.82552251196968,48.14881712477208],[-70.8255117160166,48.14886059771846],[-70.82550097755569,48.14890419169741],[-70.82549046187698,48.14894786355517],[-70.82548033696543,48.14899157073757],[-70.82547076811102,48.149035267693726],[-70.82546192599366,48.14907891246917],[-70.82545397231014,48.14912246370873],[-70.82544708043528,48.149165876461495],[-70.82544141296415,48.149209107574535],[-70.82543713788172,48.14925211449456],[-70.82543442317292,48.149294853469634],[-70.82543343592444,48.14933728134744],[-70.82543423722167,48.14937940172477],[-70.82543630963502,48.149421460334736],[-70.82543892193587,48.14946379460977],[-70.82544182618919,48.14951725750977],[-70.82544305059292,48.14957230622218],[-70.82544120096173,48.149629589233015],[-70.8254358559858,48.14968931810328],[-70.82543329219399,48.149748734046725],[-70.82544261670664,48.14980382506418],[-70.82547294562725,48.14985057497748],[-70.82553136037525,48.14988576894003],[-70.82559958382781,48.14991638211192],[-70.8256656100012,48.149947869704214],[-70.82572753895856,48.149982036929416],[-70.8257836827655,48.15002046184514],[-70.82583382582635,48.15006309589525],[-70.82587841370548,48.15010915153754],[-70.82591934454308,48.150157075277114],[-70.82596238731992,48.1502032692822],[-70.82601395241386,48.15024379770737],[-70.82607764476413,48.15027651254144],[-70.82614621227145,48.15030619351139],[-70.82621023430343,48.150339010192866],[-70.82626705274517,48.150376913418945],[-70.82631910113273,48.1504186781363],[-70.82636893876636,48.15046299778516],[-70.82641754930135,48.15050888285759],[-70.8264606522653,48.15055637290538],[-70.8264928721396,48.15060572983279],[-70.8265088648466,48.150657210748285],[-70.82650919093504,48.15071072095085],[-70.82650722542121,48.150765398595524],[-70.8265179045933,48.150820220620645],[-70.82655049277686,48.15087130935892],[-70.8266063311566,48.150910838173694],[-70.82667519420966,48.15094020412876],[-70.8267225803409,48.15098195340447],[-70.82673980553646,48.151037091044316],[-70.82673663448351,48.151093080269604],[-70.82673036693778,48.15114662897396],[-70.82674074068268,48.151198905252336],[-70.82677015601666,48.15125002118262],[-70.8268073444728,48.15129933908608],[-70.82684350884949,48.15134783287063],[-70.82687190639226,48.1513975971766],[-70.82688994546149,48.15144972996101],[-70.82690154091517,48.15150370980569],[-70.82691122116069,48.15155885947068],[-70.8269278795193,48.15161246162796],[-70.8269674467143,48.15165838582708],[-70.82702256554352,48.151699013788935],[-70.82706479803994,48.1517445255784],[-70.8270884929022,48.151791778350805],[-70.83823212184949,48.15179205883233],[-70.83907261527372,48.151792036058204],[-70.83915369092306,48.15179230814929]],[[-70.83886054189975,48.151163943530534],[-70.83801248735578,48.15115142658705],[-70.83762335783595,48.15008622321192],[-70.83847139531194,48.15009874401128],[-70.83886054189975,48.151163943530534]]],[[[-70.82731008841819,48.14593617858642],[-70.82716772341196,48.145113740421635],[-70.82593883888306,48.14511364331925],[-70.82593520699436,48.14514022239754],[-70.82593120410147,48.14516852592701],[-70.82592704220676,48.1451968264439],[-70.82591314077773,48.14524108406937],[-70.825902060957,48.14528509410633],[-70.82589382071092,48.1453288829288],[-70.82588844249732,48.14537247511248],[-70.8258859496724,48.14541589703126],[-70.82588636020247,48.14545917685705],[-70.82588969564713,48.1455023391653],[-70.82589597666761,48.145545409130854],[-70.82590521853524,48.145588405934404],[-70.82591736375788,48.145631258847956],[-70.82593231531747,48.14567384559618],[-70.82594997709427,48.14571604570216],[-70.82597025296853,48.14575773988829],[-70.82599304592223,48.145798805880254],[-70.82601818258051,48.145839153771306],[-70.82604463886396,48.14587904189961],[-70.82607084541574,48.14591895157486],[-70.82608118322804,48.145936083283736],[-70.82731008841819,48.14593617858642]]],[[[-70.82216797901827,48.13664246270826],[-70.82194997317019,48.1365959351673],[-70.82194454105766,48.13659476195167],[-70.82193912241986,48.13659356595509],[-70.82193371366354,48.136592347177604],[-70.82192831838195,48.13659110262174],[-70.82192293477844,48.13658983588443],[-70.82191756375137,48.136588545766706],[-70.8219122044024,48.13658723166907],[-70.82190685942643,48.13658589479048],[-70.82190152612861,48.136584533932],[-70.8218962072038,48.13658314969311],[-70.82189090265204,48.13658174267326],[-70.8218856106767,48.136580312872496],[-70.82188033307442,48.1365788590918],[-70.82187507074347,48.13657738312964],[-70.82186982188728,48.1365758831876],[-70.82186458740411,48.13657436106409],[-70.82185936819232,48.13657281615962],[-70.82185416515019,48.136571247874706],[-70.8218489764811,48.13656965680887],[-70.82184380308338,48.1365680429621],[-70.82183864765197,48.13656640693385],[-70.8218335065936,48.13656474872415],[-70.82182838260321,48.13656306773353],[-70.82182327478252,48.13656136516091],[-70.82181818313147,48.13655963920784],[-70.82181310854844,48.13655789107328],[-70.82180805193171,48.13655612075729],[-70.82180301238297,48.13655432885932],[-70.82179799080052,48.1365525147799],[-70.82179298538777,48.1365506791185],[-70.82178799973794,48.13654882127561],[-70.82178303115612,48.13654694125122],[-70.8217780823372,48.136545040244386],[-70.8217731514846,48.136543117056064],[-70.82176823949663,48.136541172285746],[-70.82176334637327,48.136539205933424],[-70.82175847211454,48.13653721919812],[-70.82175361851708,48.1365352102813],[-70.82174878468253,48.136533180981495],[-70.82174397061092,48.136531130099684],[-70.82173917540393,48.13652905823542],[-70.82173440175652,48.1365269653886],[-70.82172964877034,48.13652485215878],[-70.8217249155471,48.13652271734694],[-70.82172020388344,48.13652056215206],[-70.82171551288103,48.136518387173716],[-70.8217108434382,48.13651619121282],[-70.8217061955549,48.13651397426939],[-70.8217015692312,48.13651173814198],[-70.82169696536536,48.136509481031986],[-70.82169238395743,48.136507204138475],[-70.82168782321071,48.13650490746141],[-70.82168328671852,48.13650259040132],[-70.82167877268422,48.136500252958214],[-70.8216742811078,48.13649789693054],[-70.82166981288758,48.13649552111934],[-70.82166536802356,48.136493124925074],[-70.82166094561741,48.1364907113452],[-70.82165654746579,48.13648827738235],[-70.82165217356867,48.136485823036395],[-70.82164782392606,48.136483351304896],[-70.82164349763966,48.13648086038932],[-70.82163919560776,48.13647834909069],[-70.82163491872869,48.13647582040645],[-70.82163066700245,48.136473273137646],[-70.82162643953072,48.136470707284296],[-70.82162223811012,48.13646812224681],[-70.82161806184237,48.13646551922429],[-70.82161390982914,48.13646289821664],[-70.82160978476536,48.136460259223924],[-70.82160568485439,48.13645760224611],[-70.8216016118929,48.136454926084184],[-70.82159756408423,48.136452234335216],[-70.821593543225,48.136449523402085],[-70.82158954751863,48.13644679508336],[-70.82158558055833,48.13644405057803],[-70.8215816396492,48.136441287488076],[-70.8215777256895,48.136438507612034],[-70.82157383867926,48.136435710350355],[-70.82156997951681,48.13643289630253],[-70.82156614820211,48.13643006606813],[-70.82156234383689,48.13642721844807],[-70.82155856821774,48.13642435404191],[-70.82155481954806,48.13642147404857],[-70.82155109962447,48.13641857726912],[-70.82154740754865,48.13641566430304],[-70.82154374601556,48.136412735150294],[-70.82154011053359,48.13640979041041],[-70.82153650559435,48.13640682948388],[-70.82153292940122,48.136403852370734],[-70.82152938195416,48.136400860269866],[-70.82152586415151,48.1363978531814],[-70.82152237509494,48.13639483050577],[-70.82151891568279,48.13639179224294],[-70.82151548591503,48.136388739591965],[-70.82151208668999,48.13638567015481],[-70.82150871710937,48.136382588127994],[-70.82150537807145,48.13637949051401],[-70.82150205879648,48.136376368320384],[-70.82149877006422,48.13637323233802],[-70.82149551277301,48.13637008256702],[-70.8214922860245,48.13636691720878],[-70.82148908981873,48.1363637386614],[-70.82148592595227,48.13636054572581],[-70.8214827935269,48.13635733960103],[-70.8214796907459,48.13635411968754],[-70.82147662120259,48.13635088538588],[-70.82147358220196,48.13634763849452],[-70.82147057643903,48.13634437721494],[-70.82146760121881,48.13634110454465],[-70.82146465923626,48.13633781748616],[-70.82146174959304,48.13633451843744],[-70.82145887139089,48.13633120559999],[-70.82145602552806,48.13632788137186],[-70.8214532129029,48.13632454455402],[-70.82145043351542,48.136321194546916],[-70.82144768556896,48.13631783374863],[-70.82144497086018,48.13631446036063],[-70.82144229028735,48.13631107438286],[-70.82143964205392,48.13630767881288],[-70.82143702795643,48.13630426945416],[-70.82143444709662,48.13630084930419],[-70.82143189947448,48.13629741836299],[-70.82142938509,48.13629397663058],[-70.82142690573983,48.13629052230841],[-70.8214244596273,48.136287058393954],[-70.82142204675243,48.136283584287824],[-70.82141966801358,48.136280099390426],[-70.821417324309,48.13627660370178],[-70.82141501474038,48.13627309782133],[-70.82141273930777,48.13626958234871],[-70.82141049801115,48.136266056684285],[-70.82140829174881,48.13626252082811],[-70.82140611962245,48.13625897537965],[-70.8214039834287,48.13625542153797],[-70.82140188047262,48.136251857504526],[-70.82139981344916,48.1362482844783],[-70.82139778145999,48.13624470245934],[-70.82139578450511,48.13624111144755],[-70.82139382258454,48.13623751264205],[-70.82139189659655,48.136233904843785],[-70.82139000474457,48.13623028865221],[-70.8213881497235,48.13622666346787],[-70.82138632883843,48.13622303048978],[-70.82138454478427,48.136219390916885],[-70.82138279576442,48.13621574235124],[-70.82138108267715,48.13621208659128],[-70.82137940462421,48.13620842243808],[-70.82137776340218,48.13620475288911],[-70.82137615811277,48.13620107494684],[-70.82137458875597,48.13619738981024],[-70.82137305533179,48.136193698678404],[-70.82137155784021,48.136190000951764],[-70.82137009807786,48.13618629543138],[-70.82136867245151,48.13618258451516],[-70.82136728455441,48.13617886760369],[-70.8213659325899,48.136175144696914],[-70.82136461745633,48.13617141579484],[-70.82136333915368,48.13616768089747],[-70.82136209678364,48.13616394060434],[-70.82136089124452,48.13616019491538],[-70.82135972163803,48.136156443830664],[-70.82135858976078,48.136152688549146],[-70.82135749471445,48.136148927871815],[-70.82135643649903,48.136145161798744],[-70.82135541511455,48.1361413915288],[-70.82135442966269,48.13613761766164],[-70.82135348283836,48.13613383899815],[-70.82135257194668,48.13613005673734],[-70.82135169878421,48.136126269680254],[-70.82135086245269,48.13612247962541],[-70.82135006295209,48.13611868597321],[-70.82134930118073,48.13611488752476],[-70.8213485762403,48.136111086677985],[-70.82134788813077,48.13610728403247],[-70.8213472368522,48.13610347659057],[-70.82128831096283,48.13574832393529],[-70.82065979748776,48.13583036638925],[-70.81965926650074,48.136521888840896],[-70.81974519395092,48.136548646821815],[-70.8198309498229,48.136586260483746],[-70.81990679548065,48.13663298766581],[-70.81997424997533,48.13668591539238],[-70.82003510454761,48.136742061155275],[-70.820091956227,48.13679959228884],[-70.82013692499181,48.13684602432566],[-70.82014783772588,48.136857292415264],[-70.8202057844516,48.13691395715193],[-70.82026753733919,48.13696891686898],[-70.82033197978271,48.137022687734515],[-70.82039761518894,48.13707594298115],[-70.82046296852418,48.13712934564728],[-70.82052714596472,48.13718329679135],[-70.82058053463868,48.13722968471845],[-70.82214534686301,48.137255571272526],[-70.82216797901827,48.13664246270826]]]]}},{"type":"Feature","properties":{"zone_code":"17-AF","prefix":"","kind":"unknown","n_lots":34,"source":"geopdf-claude48-vision","confidence":"contour-auto"},"geometry":{"type":"MultiPolygon","coordinates":[[[[-70.87790325822039,48.158871139909785],[-70.87790313604953,48.158858231147605],[-70.87788105186658,48.15651957809059],[-70.87785881047846,48.15416801635874],[-70.87785856793333,48.15414106919598],[-70.87783766772993,48.151816442741634],[-70.87783736050609,48.15178212391127],[-70.87783566897842,48.149455910202825],[-70.87783555758732,48.14942985898688],[-70.87782562491522,48.14709529845115],[-70.8778255350837,48.147074292172235],[-70.87782281588333,48.14474334437195],[-70.86313985525935,48.14473627742348],[-70.86341838330308,48.14446010463032],[-70.86370072289856,48.14448508243722],[-70.86385514239757,48.14426535632109],[-70.86376326450696,48.14397318272076],[-70.86376756204729,48.143967086711925],[-70.86377189372358,48.143961000892396],[-70.86377625863754,48.14395492586155],[-70.86378065589085,48.14394886281817],[-70.86378508728015,48.14394280876528],[-70.8637895510088,48.14393676669987],[-70.86379404797512,48.14393073542316],[-70.86379857728079,48.14392471493515],[-70.86380313982411,48.14391870583527],[-70.86380773380846,48.14391270752406],[-70.86381236372544,48.14390672060102],[-70.86381702418512,48.14390074566545],[-70.86382171788249,48.143894782717446],[-70.86382644391921,48.14388882995879],[-70.86383120229526,48.14388288858824],[-70.86383599301068,48.14387695980464],[-70.86384081606543,48.14387104300862],[-70.86384567145954,48.1438651370013],[-70.863850559193,48.14385924358099],[-70.86385547926582,48.14385336154886],[-70.86386043077965,48.14384749150427],[-70.86386541553117,48.14384163464608],[-70.86387043172373,48.14383579097429],[-70.8638754793573,48.14382995689243],[-70.86388055843192,48.14382413659641],[-70.86388567074421,48.143818328887384],[-70.86389081449752,48.14381253256654],[-70.86389598789523,48.14380675063099],[-70.86390119453064,48.14380098068302],[-70.86390643260704,48.14379522392149],[-70.8639117021245,48.143789478548165],[-70.86391700218468,48.143783747560086],[-70.8639223345842,48.14377802855966],[-70.86392769662814,48.14377232394449],[-70.86393309190973,48.14376663071756],[-70.86393851683574,48.143760951875876],[-70.86394397410109,48.14375528562129],[-70.86394946011254,48.14374963375198],[-70.86395497846331,48.14374399506919],[-70.8639605264585,48.143738370771636],[-70.86396610589475,48.14373275786238],[-70.86397171587369,48.14372716053726],[-70.86397735639535,48.14372157579917],[-70.86398302745975,48.1437160060459],[-70.86398872996517,48.14371044887966],[-70.86399446211502,48.14370490669819],[-70.86444343111084,48.14382699579441],[-70.86467651877425,48.14365281579754],[-70.86470072567622,48.143235541816985],[-70.86530445463256,48.1429589695261],[-70.86531283860914,48.14295511343972],[-70.86532120192443,48.142951236373214],[-70.86532954368016,48.142947339525485],[-70.865337862978,48.142943421098266],[-70.86534615981795,48.142939483489165],[-70.86535443689499,48.1429355231017],[-70.86536269061583,48.14293154413181],[-70.8653709236754,48.142927544181816],[-70.86537913248046,48.14292352445056],[-70.86538732062427,48.14291948313976],[-70.8653954863102,48.142915423246514],[-70.86540362953826,48.14291134237308],[-70.86541175030843,48.142907241119005],[-70.86541984862072,48.142903120083595],[-70.86542792267848,48.14289897926686],[-70.86543597607502,48.142894818069465],[-70.8654440034204,48.14289063828954],[-70.86545201100283,48.1428864381289],[-70.86545999253414,48.14288221758752],[-70.86546795160756,48.14287797726478],[-70.86547588822309,48.142873718359574],[-70.86548380148243,48.14286943847417],[-70.86549168869062,48.14286514060571],[-70.86549955523756,48.142860821157626],[-70.86550739573336,48.1428564843259],[-70.86551521287295,48.1428521271134],[-70.86552300575805,48.14284775131835],[-70.86553077528694,48.14284335514256],[-70.86553851876468,48.142838941583065],[-70.86554623888625,48.14283450644392],[-70.86555393475328,48.14283005452049],[-70.8655616063658,48.14282558221627],[-70.8655692519272,48.142821091329495],[-70.86557687323406,48.14281658126079],[-70.86558447028644,48.14281205320892],[-70.86559204128764,48.142807506574485],[-70.86559958713603,48.14280294015865],[-70.86560710872989,48.14279835635913],[-70.86561460427264,48.14279375337755],[-70.86562207376421,48.142789131214],[-70.8656295190013,48.142784491666745],[-70.86563693728891,48.14277983353684],[-70.86564433042369,48.14277515622495],[-70.86565169840566,48.14277046212874],[-70.86565904033647,48.14276574944994],[-70.86566635621615,48.142761017589066],[-70.86567364514636,48.142756268344456],[-70.86568090712711,48.14275150111665],[-70.86568814395505,48.142746716505094],[-70.86569535473184,48.14274191331085],[-70.86570253766084,48.142737092133466],[-70.86570969453872,48.14273225417165],[-70.86571682446714,48.14272739822668],[-70.8657239283444,48.142722524298435],[-70.86573100437388,48.142717633585846],[-70.86573805435224,48.14271272369117],[-70.8657450755845,48.14270779761152],[-70.86575207166393,48.14270285414806],[-70.86575903989558,48.14269789330076],[-70.86576597848284,48.14269291566909],[-70.86577289191727,48.142687921253],[-70.8657797766056,48.142682909453036],[-70.86578663434449,48.1426778802693],[-70.86579346333727,48.142672834301074],[-70.86580026538061,48.14266777154845],[-70.86580703957617,48.14266269141199],[-70.86581378502562,48.1426575956899],[-70.86582050262732,48.14265248258396],[-70.86582719238125,48.142647353293],[-70.86583385249077,48.14264220661818],[-70.86584048565082,48.14263704435776],[-70.86584708826815,48.142631866511685],[-70.86585366483436,48.14262667128174],[-70.86586021175614,48.14262145926735],[-70.86586672903353,48.14261623226673],[-70.86587321756483,48.142610988481614],[-70.86587967735004,48.14260572971035],[-70.86588610749084,48.14260045355515],[-70.86589251068219,48.1425951624137],[-70.8658988824325,48.142589855686595],[-70.86590522543672,48.14258453277446],[-70.86591153879654,48.14257919367723],[-70.86591782430858,48.1425738407926],[-70.8659240792779,48.14256847052401],[-70.86593030280619,48.14256308526919],[-70.86593649938503,48.142557685627565],[-70.86594266362451,48.142552270400216],[-70.86594879911787,48.142546838388355],[-70.86595490496687,48.14254139378795],[-70.86596098117145,48.142535932402986],[-70.8659670250367,48.14253045663115],[-70.86597304015582,48.14252496527365],[-70.86597902383394,48.14251946072811],[-70.86598497876597,48.14251393939803],[-70.86599090225694,48.1425084042805],[-70.86599679610352,48.142502855375525],[-70.86600265761075,48.14249729028537],[-70.86600848947357,48.14249171260664],[-70.86601429079367,48.14248611934218],[-70.86602006157105,48.142480512290284],[-70.8660258000091,48.142474890851446],[-70.86603150700608,48.142469254426324],[-70.8660371843587,48.14246360541256],[-70.86604282937193,48.14245794141247],[-70.86604844474078,48.14245226362488],[-70.86605402597363,48.14244657145037],[-70.86605957846041,48.142440866687224],[-70.86606509860783,48.142435148736055],[-70.8660705864159,48.14242941459962],[-70.86607604368125,48.14242366847399],[-70.86608146770892,48.142417909759715],[-70.8660868611939,48.14241213665847],[-70.8660922223395,48.142406350369136],[-70.86609755114578,48.142400550891715],[-70.86610284940933,48.14239473882563],[-70.86610811353691,48.1423889123726],[-70.86611334622343,48.1423830745297],[-70.86611854746893,48.142377222899285],[-70.8656349313509,48.142377255867935],[-70.8656294076102,48.142382203558725],[-70.86562385512342,48.1423871368628],[-70.86561827389056,48.14239205458122],[-70.86561266301331,48.14239695791282],[-70.86560702338994,48.14240184565882],[-70.86560135681714,48.1424067196175],[-70.86559565970161,48.142411578589964],[-70.8655899356366,48.142416422576254],[-70.86558418192722,48.14242125157639],[-70.86557839947173,48.1424260655903],[-70.86557259096512,48.14243086341923],[-70.86556675281408,48.142435646861394],[-70.86556088771358,48.14244041471797],[-70.86555499386701,48.14244516638952],[-70.86554907127434,48.142449903674326],[-70.86554312263053,48.14245462477417],[-70.86553714434231,48.14245933028838],[-70.86553114179958,48.14246402081647],[-70.86552510961245,48.14246869336129],[-70.86551904957754,48.142473352718255],[-70.86551296438981,48.1424779946914],[-70.86550685045599,48.14248262047955],[-70.8655007095727,48.14248723068211],[-70.86549454173996,48.14249182469973],[-70.86548834695776,48.14249640253239],[-70.8654821252261,48.142500963580616],[-70.86548916532298,48.14251313676406],[-70.86529516335759,48.142645454310326],[-70.86519231434241,48.142704306556475],[-70.8651284037015,48.14273956416333],[-70.8650532012375,48.14277723143377],[-70.86488666795687,48.14285337751175],[-70.86460512426873,48.142977925066745],[-70.86442958358076,48.14305119542159],[-70.86432495500297,48.14309627910114],[-70.86428801178693,48.14311402196264],[-70.86422931137467,48.14314594710949],[-70.86417858171394,48.1431764941695],[-70.86409941139132,48.14322685023391],[-70.86399441630091,48.14329616706678],[-70.86392356797109,48.14334618973726],[-70.8638418724842,48.14340832778606],[-70.86374814765736,48.14348623521253],[-70.86367437890455,48.14355462619722],[-70.86363234673239,48.14359810599891],[-70.86357854752833,48.143661290919894],[-70.86338757827536,48.14392107291118],[-70.86318329598984,48.14421998475368],[-70.86310719431224,48.144316394641116],[-70.8630417816882,48.14439008326897],[-70.86296934513695,48.14446609328706],[-70.86288349134863,48.144551274076235],[-70.86281126320651,48.14461480308023],[-70.86266156076104,48.14473628221869],[-70.86261578620743,48.14477417040189],[-70.86258181910989,48.1448036070014],[-70.86253394429515,48.14484704438643],[-70.86249944270003,48.14487985916423],[-70.86246131280947,48.14491765733146],[-70.86242844524988,48.14495147306114],[-70.86240004860542,48.14498167619043],[-70.86237200320225,48.14501254703209],[-70.86234368111798,48.14504537309265],[-70.8623123856101,48.14508395275282],[-70.86228526008179,48.145120405721876],[-70.86225816419788,48.1451612948023],[-70.8622330751503,48.14520641978508],[-70.86220886285844,48.145259026987105],[-70.86219280098116,48.1453055298938],[-70.8621844044282,48.145341695595306],[-70.86217981763038,48.145374180989286],[-70.8621718271159,48.14542559762304],[-70.86216180012072,48.14546466670189],[-70.86214029984271,48.14552342280987],[-70.86211070843895,48.14559218390203],[-70.8620730851982,48.145675271547326],[-70.86204977750985,48.14572599078848],[-70.86202258909945,48.145784447501825],[-70.86199369478834,48.14584553246943],[-70.86195988399767,48.145915429570046],[-70.86192819772265,48.14597947955146],[-70.86188700906857,48.146060761217726],[-70.86184628843675,48.14613905961345],[-70.86180152089456,48.1462149423695],[-70.86177755114782,48.146250057309025],[-70.86172225085893,48.14631832413512],[-70.86167044142324,48.14637319047015],[-70.861616137366,48.14642696407283],[-70.86154740456865,48.14649119023341],[-70.86147642328818,48.146554309856825],[-70.86140818905582,48.14660740776837],[-70.86133069409121,48.146659689869495],[-70.86124198276195,48.14671645527113],[-70.86114568426181,48.14677645905011],[-70.86098702112137,48.14687085202707],[-70.86086090035045,48.14694554154203],[-70.86077517412288,48.14699709505742],[-70.86073037873292,48.14702663707087],[-70.860624960536,48.14709697789818],[-70.8606189472135,48.147100989510726],[-70.86056446079824,48.14712523599489],[-70.86053060509182,48.14714004292933],[-70.860496637096,48.147154825884485],[-70.86046259453998,48.14716967296837],[-70.86042851694968,48.147184668692574],[-70.86039444474928,48.147199896369806],[-70.86036046956691,48.14721540155218],[-70.8603266974038,48.14723121660564],[-70.86029323785442,48.14724737389603],[-70.86026019871659,48.14726390159347],[-70.86022768688981,48.147280833861814],[-70.86019581017197,48.147298200669326],[-70.86016467815747,48.14731603438162],[-70.86013439864419,48.147334366764895],[-70.86010507583669,48.147353229585306],[-70.86007682202435,48.14737265341017],[-70.86004974410676,48.14739267060491],[-70.86002394808507,48.14741331233609],[-70.85999954265543,48.14743460977026],[-70.85997663651399,48.14745659467321],[-70.85995522337257,48.147479254457224],[-70.8599351361445,48.14750251659774],[-70.85991619067516,48.147526300179095],[-70.8598982028099,48.14755052428566],[-70.85988098929244,48.147575108601465],[-70.85986436776473,48.147599972211225],[-70.85984815227553,48.14762503659728],[-70.85983216046687,48.14765022024533],[-70.85981620728572,48.147675442240526],[-70.85980011037414,48.14770062346637],[-70.85978368378086,48.14772568360768],[-70.8597667469445,48.14775054115085],[-70.85974911391378,48.14777511757904],[-70.85973069036562,48.1477993685397],[-70.85971151672418,48.147823312014175],[-70.85969164329516,48.1478469683813],[-70.85967112487577,48.1478703592187],[-70.8596500153649,48.14789350730262],[-70.85962836686487,48.14791643540916],[-70.85960623596952,48.14793916391711],[-70.85958367118789,48.14796171500313],[-70.85956073001218,48.14798411204271],[-70.85953746274801,48.14800637421566],[-70.8595139232943,48.14802852609608],[-70.85948690646212,48.148053598064564],[-70.85945968481407,48.14807858611],[-70.8594323383002,48.14810352319744],[-70.85940494507392,48.1481284410932],[-70.85937758328868,48.14815337096408],[-70.85935033019959,48.14817834697369],[-70.85932326665503,48.14820340028877],[-70.85929646811346,48.14822856207601],[-70.859270014525,48.14825386709812],[-70.859243984043,48.14827934472367],[-70.85921840361696,48.14830500693949],[-70.85919318880525,48.14833082197927],[-70.8591682425898,48.14835674968571],[-70.85914347064755,48.148382754097014],[-70.85911877416375,48.148408792658635],[-70.85909405791702,48.14843483060765],[-70.85906922309267,48.14846082778714],[-70.85904417536761,48.14848674583814],[-70.85901881682545,48.14851254700127],[-70.85899308997404,48.14853820070951],[-70.85896697684703,48.14856368898229],[-70.85894046396974,48.148588989643684],[-70.85891353517248,48.14861408471328],[-70.85888617967542,48.14863895561131],[-70.85885837951234,48.1486635825594],[-70.85883012120844,48.14868794577907],[-70.85880139128902,48.148712026690774],[-70.85877217178779,48.14873580491674],[-70.85874245461987,48.14875926667228],[-70.85871223709034,48.148782421547516],[-70.85868152548741,48.148805284526674],[-70.85865032250602,48.14882787359079],[-70.85861863263773,48.14885020552217],[-70.85858645767921,48.148872296503654],[-70.85855380661357,48.14889416271809],[-70.85852067854253,48.148915822745735],[-70.85848708155092,48.14893729157068],[-70.85845302013028,48.14895858837244],[-70.85841864250268,48.14897977967933],[-70.8583842316374,48.14900098656059],[-70.85835008218186,48.14902233068471],[-70.85831648608855,48.14904393252118],[-70.85828373710655,48.149065915535985],[-70.85825212898497,48.149088400198316],[-70.85822195187963,48.14911151057305],[-70.85819350133626,48.14913536652953],[-70.85816706930736,48.14916009213218],[-70.8581429270841,48.14918579945821],[-70.85812103334398,48.149212466330184],[-70.85810108176153,48.149239964485865],[-70.8580827669095,48.14926815607369],[-70.8580657752759,48.14929691343111],[-70.85804979963689,48.149326098107835],[-70.858034530972,48.149355578246535],[-70.85801965756585,48.14938522139085],[-70.85800487488953,48.149414892088],[-70.8579898676344,48.14944445728297],[-70.85798294072525,48.14945762193734],[-70.85797441661151,48.1494738222791],[-70.85795851643098,48.14950298947415],[-70.85794219583892,48.1495319732528],[-70.85792548807294,48.14956079039698],[-70.85790842187917,48.14958946128477],[-70.8578910278003,48.14961799790322],[-70.8578733354808,48.149646420031026],[-70.85785537725997,48.1496747438506],[-70.85783718098557,48.14970298734245],[-70.85781877899697,48.14973116489095],[-70.85780020093857,48.14975929507591],[-70.85778147645479,48.14978739527829],[-70.85776263788497,48.14981547988233],[-70.85774370050046,48.14984356087498],[-70.85772464902992,48.149871631064094],[-70.85770545652387,48.14989967666488],[-70.85768609872781,48.14992768688914],[-70.85766655408219,48.149955650948925],[-70.85764679833245,48.14998355565873],[-70.85762680273254,48.15001139202851],[-70.85760654931615,48.150039146873],[-70.85758600933718,48.150066807606116],[-70.85756515854112,48.1500943640393],[-70.85754397447009,48.1501218059839],[-70.85752243376788,48.15014911965537],[-70.85750050948506,48.15017629366643],[-70.85747817916372,48.15020331782856],[-70.85745541765107,48.15023017955593],[-70.85743220248918,48.15025686746138],[-70.8574085058303,48.150283371955794],[-70.85738430701318,48.15030967865531],[-70.85735960334286,48.15033578456364],[-70.85733445859975,48.15036171844918],[-70.8573089599204,48.15038750848096],[-70.85728318635658,48.15041318882137],[-70.85725721965498,48.15043878883801],[-70.85723114246059,48.1504643402957],[-70.85720503652013,48.15048987555865],[-70.85717898358025,48.15051542339491],[-70.857153066286,48.15054101856589],[-70.85712736638403,48.150566691637444],[-70.85710196472274,48.15059247137755],[-70.85707694394713,48.15061839254737],[-70.85704774331052,48.15064950332785],[-70.8570193376829,48.15068091135843],[-70.8569918663032,48.15071266818106],[-70.85696546751196,48.15074482713568],[-70.85694028144633,48.15077744216135],[-70.85691644375194,48.15081056539901],[-70.85689419517729,48.150844226214815],[-70.85687405944022,48.150878389247275],[-70.85685647671515,48.15091300355235],[-70.85684129878013,48.150948027176064],[-70.85682821481801,48.15098342116121],[-70.8568169122151,48.151019145951295],[-70.85680708284926,48.151055161989966],[-70.85679841231014,48.15109142792306],[-70.85679059067897,48.151127905393075],[-70.85678330893528,48.15116455304597],[-70.85677625177038,48.151201331925215],[-70.8567691110622,48.15123820307426],[-70.85676157509528,48.151275123940884],[-70.85675333215424,48.151312056767416],[-70.85674406872702,48.151348932032164],[-70.85673345153867,48.1513856029009],[-70.85672115000918,48.151421903960546],[-70.85670683086356,48.15145767519264],[-70.85669016082682,48.15149275298299],[-70.85667080752235,48.15152697611529],[-70.8566484403701,48.151560180976276],[-70.8566227395698,48.15159221054559],[-70.856593863225,48.15162310258266],[-70.85656251112327,48.15165311779426],[-70.85652942078146,48.15168252887295],[-70.85649532522486,48.15171161090782],[-70.85646096107197,48.151740633593484],[-70.85642706224642,48.1517698750145],[-70.85639435997682,48.15179960186763],[-70.8563753588119,48.15181814540765],[-70.85636324952189,48.15182996338244],[-70.85633357367648,48.15186089662937],[-70.85630512492975,48.151892316504195],[-70.85627769487255,48.15192414449533],[-70.85625107150246,48.151956295498955],[-70.85622504910532,48.151988687407936],[-70.856199416577,48.15202123931412],[-70.85617396730501,48.15205386731278],[-70.85614849018523,48.152086490496224],[-70.85612277770687,48.15211902436084],[-70.85609662056241,48.152151388598625],[-70.85606980764781,48.1521835005044],[-70.85604213504548,48.15221527617453],[-70.8560133898547,48.15224663650029],[-70.85598348404059,48.15227753833172],[-70.85595256223188,48.15230802961481],[-70.85592080049837,48.152338166086366],[-70.85588837311325,48.152368003483105],[-70.85585545524798,48.15239759814098],[-70.85582222387067,48.15242700699502],[-70.85578885145786,48.15245628638085],[-70.85575551587598,48.15248549023674],[-70.85572238960157,48.15251467729529],[-70.85568964960272,48.15254390329247],[-70.85565746745768,48.152573223964005],[-70.85562594198109,48.15260268246011],[-70.85559502915554,48.15263229915708],[-70.85556466879387,48.15266209203395],[-70.85553480520058,48.15269207906963],[-70.85550537998512,48.15272228004095],[-70.85547633475704,48.15275271232754],[-70.85544761202414,48.15278339211031],[-70.85541915429427,48.15281433916586],[-70.8553909031769,48.15284557327094],[-70.85536280028154,48.1528771088084],[-70.85533478901435,48.152908966753365],[-70.85530681098484,48.152941163885814],[-70.85527880780248,48.15297371998217],[-70.85525072197512,48.15300665062376],[-70.85522249421396,48.15303997558691],[-70.85519407241667,48.153073712849945],[-70.85516582309593,48.15310784503223],[-70.85513895089252,48.15314228403537],[-70.85511475656698,48.15317693696671],[-70.85509454806635,48.1532117055401],[-70.8550796234562,48.15324649686342],[-70.85507128888702,48.15328121444899],[-70.85507083613611,48.15331576480591],[-70.85507832628895,48.15335017849882],[-70.85509141743756,48.15338473060719],[-70.85510749099296,48.15341972377751],[-70.85512392746772,48.15345546185402],[-70.85513811006942,48.15349224688217],[-70.85514741571745,48.1535303815059],[-70.85514924468735,48.15356987950604],[-70.8551411535616,48.15360803624607],[-70.85512078965242,48.15364067462249],[-70.85508635093937,48.153664256392375],[-70.85503995026001,48.15367991543907],[-70.85498539108121,48.153690800478365],[-70.854926491243,48.153700071607894],[-70.85486703714423,48.15371086135467],[-70.85480966264535,48.153724975399584],[-70.8547553693679,48.15374234062572],[-70.85470503586421,48.15376274128299],[-70.85466412568785,48.15378336247316],[-70.85462770079971,48.15380608238981],[-70.85459638552891,48.153830746411764],[-70.85457080510288,48.15385720231527],[-70.85455158474906,48.153885297277235],[-70.85453912421777,48.153914863492446],[-70.85453296985975,48.15394567921945],[-70.85453247848129,48.15397751432709],[-70.85453699700717,48.15401013508895],[-70.85454587865037,48.15404331017634],[-70.85455847662391,48.154076808261124],[-70.85457414234416,48.15411039442004],[-70.85459222543084,48.15414383792545],[-70.85460921886106,48.15417214128401],[-70.85461207909692,48.15417690805037],[-70.85463305655543,48.15420936987325],[-70.85465462959698,48.15424105499457],[-70.85467667694901,48.15427199517812],[-70.8546991581873,48.15430226713445],[-70.85472203558264,48.15433194517658],[-70.85474526421926,48.15436110421687],[-70.85476880996117,48.154389819766514],[-70.85479263058757,48.15441816793606],[-70.85481668567425,48.15444622423638],[-70.85484093749196,48.15447406178121],[-70.85486534561655,48.15450175608106],[-70.85488986962382,48.15452938384509],[-70.85491446819124,48.15455702118282],[-70.85493910538621,48.15458474060797],[-70.85496373988626,48.15461261763057],[-70.85498833126717,48.154640730157496],[-70.8550128364098,48.154669150102684],[-70.85503712955003,48.154697917617824],[-70.85506096185449,48.15472702371299],[-70.8550840782017,48.15475645879909],[-70.8551062234701,48.15478621088982],[-70.85512714074147,48.15481626859829],[-70.85514657758928,48.154846621736056],[-70.85516427529869,48.154877255919864],[-70.85517997964651,48.15490816156064],[-70.85519343730778,48.154939327870856],[-70.85519734228431,48.1549505164793],[-70.85519908681258,48.15495936189055],[-70.85520036691186,48.15496824385654],[-70.85520120414171,48.154977157582955],[-70.85520162275664,48.154986104867625],[-70.85520164880778,48.154995076721264],[-70.85520130744797,48.15500407494179],[-70.85520062293172,48.155013095933434],[-70.85519961951354,48.15502213490194],[-70.8551983223463,48.155031190648764],[-70.85519675568443,48.15504025957813],[-70.85519494288418,48.15504933989231],[-70.85519291179331,48.15505842679695],[-70.85519068397141,48.15506751969281],[-70.85518828636793,48.15507661438488],[-70.85518574233905,48.15508570847605],[-70.8551830779359,48.1550947995692],[-70.85518031651473,48.15510388466796],[-70.85517748233,48.1551129595773],[-70.85517460233122,48.15512202130091],[-70.8551716980779,48.155131069838696],[-70.85516879651952,48.155140099797244],[-70.8551659084359,48.15514911177574],[-70.8551630356236,48.15515810637356],[-70.85516018077763,48.155167084789234],[-70.85515734299965,48.15517604642353],[-70.85515452408629,48.15518499427275],[-70.85515172403755,48.15519393073413],[-70.85514894554838,48.15520285341056],[-70.85514618772046,48.155211766496926],[-70.85514345414704,48.15522066939396],[-70.8551407421332,48.15522956449887],[-70.85513805527218,48.15523845061302],[-70.85513539446231,48.1552473325307],[-70.8551327597036,48.15525620665617],[-70.85513015279264,48.155265078383046],[-70.85512757372945,48.15527394651269],[-70.85512502431068,48.15528281344222],[-70.85512250543462,48.155291678572404],[-70.8551200188979,48.155300543701046],[-70.85511756380224,48.15530941122528],[-70.85511514104593,48.15531828174437],[-70.85511275332388,48.15532715465904],[-70.8551104024328,48.155336033564964],[-70.85510808567768,48.15534491726358],[-70.85510580844843,48.15535380815197],[-70.8551035671518,48.155362708627294],[-70.85510136627934,48.15537161629239],[-70.8551002523684,48.15537619057918],[-70.85509920493278,48.155380535342196],[-70.85509708041712,48.1553894645782],[-70.85509498374925,48.15539840340107],[-70.85509290684433,48.15540734821517],[-70.85509084431243,48.15541630141761],[-70.85508878267886,48.15542525941269],[-70.85508671835032,48.155434221601126],[-70.85508463964877,48.15544318558582],[-70.85508254208257,48.15545215256537],[-70.85508041397367,48.155461119543304],[-70.8550782472372,48.155470084122584],[-70.85507603558497,48.155479047501764],[-70.85507377093215,48.1554880072837],[-70.85507144249891,48.15549696226988],[-70.85506904489543,48.155505910063184],[-70.85506656644355,48.155514852461444],[-70.85506400265173,48.1555237852697],[-70.85506134274017,48.15553270848801],[-70.85505857952238,48.15554162151708],[-70.85505570221851,48.15555051836415],[-70.85505270274378,48.15555939543358],[-70.85504956313186,48.1555682455341],[-70.85504627709456,48.15557706207369],[-70.85504283115712,48.15558584145664],[-70.85503921274315,48.15559457649175],[-70.85503541107286,48.15560325938845],[-70.8550314153665,48.15561188655115],[-70.85502689145072,48.155618960391976],[-70.85500583673709,48.15565064703994],[-70.85498394209867,48.15568184226355],[-70.85496095061728,48.15571230335782],[-70.85493660986636,48.15574178641981],[-70.85491066741926,48.15577004934489],[-70.85488286815449,48.15579684823104],[-70.85485296144205,48.15582193917664],[-70.8548206921604,48.155845080078244],[-70.85478580428972,48.155866027034776],[-70.85474816398099,48.15588464281574],[-70.85470800838948,48.15590114196282],[-70.85466565911204,48.15591581033058],[-70.85462143415229,48.155928936170035],[-70.85457565420877,48.155940804136094],[-70.85452863998006,48.15595170307828],[-70.85448070767313,48.15596191884939],[-70.85443217978317,48.1559717390998],[-70.85438337700874,48.15598145088034],[-70.85433461465848,48.15599134004312],[-70.85428621792255,48.15600169423777],[-70.85423849941466,48.15601279991529],[-70.85419178522326,48.1560249441255],[-70.85414639335194,48.1560384127194],[-70.85410264270267,48.15605349514333],[-70.85406085127903,48.15607047485037],[-70.85402134247451,48.156089641884925],[-70.85398463910863,48.15611130187186],[-70.85395174909112,48.15613581197223],[-70.8539237468071,48.156163532941534],[-70.85390159884376,48.15619466193382],[-70.85388568159524,48.1562284960018],[-70.85387617562291,48.156264026573325],[-70.85387326058981,48.15630024447932],[-70.85387711256575,48.1563361405537],[-70.85388791301041,48.15637070982789],[-70.85390584158685,48.156402940744094],[-70.85393107346654,48.15643182594168],[-70.85396378921088,48.15645635686317],[-70.85400337167725,48.15647621590449],[-70.85405014515746,48.156494116541374],[-70.8540976256118,48.15651086059161],[-70.8541603909007,48.15653858255683],[-70.85416252170457,48.156539523401456],[-70.85418951428221,48.15656881542226],[-70.85421051240199,48.15658913884929],[-70.85422649073594,48.15660888637623],[-70.85424543261202,48.15663866735598],[-70.85425700111625,48.156673912394446],[-70.85426563931603,48.156710906654794],[-70.85427274588822,48.15674896457793],[-70.85427972579801,48.156787401205946],[-70.85428798311209,48.15682553218213],[-70.85429847273966,48.156862821169284],[-70.85431061347073,48.1568992435995],[-70.85432348992201,48.156934879176156],[-70.8543361965917,48.15696981539271],[-70.8543478216898,48.1570041343491],[-70.85435745162964,48.15703792054188],[-70.8543641791128,48.15707125547127],[-70.85436709055263,48.157104224232626],[-70.85436527954901,48.15713691012348],[-70.85435831131736,48.15716940542983],[-70.85434691528967,48.15720182041525],[-70.85433199067955,48.15723426714075],[-70.8543144375989,48.157266859464855],[-70.85429515615962,48.157299713043535],[-70.85427504647369,48.15733293933769],[-70.85425500955125,48.15736665220492],[-70.85423594191104,48.15740096610179],[-70.8542187472582,48.157435991889066],[-70.854204323908,48.157471845820325],[-70.85419357107403,48.15750854706998],[-70.85418737629185,48.157545534136766],[-70.85418662979183,48.1575820321873],[-70.85419221371964,48.15761725800096],[-70.85420501650908,48.15765043674859],[-70.85422590862764,48.15768079600003],[-70.85425477509098,48.15770812782028],[-70.85428989562533,48.15773313813095],[-70.85432940532814,48.157756613750465],[-70.85437143839862,48.157779345690514],[-70.85441412993417,48.1578021195679],[-70.85445561233736,48.15782572579216],[-70.8544940225023,48.15785094997732],[-70.85452803092231,48.15787831766182],[-70.85455769239468,48.15790766404909],[-70.8545832728207,48.15793871767644],[-70.85460505067815,48.15797120768098],[-70.85462329456324,48.158004862001846],[-70.85463827666555,48.1580394085788],[-70.8546502691746,48.15807457774927],[-70.85465954517821,48.158110095656674],[-70.85466637327268,48.15814569263982],[-70.85467098791831,48.15818118892516],[-70.85467354452362,48.158216572528],[-70.85467419310724,48.158251851837925],[-70.85467308189124,48.15828703464533],[-70.85467035730098,48.15832213053839],[-70.85466617115175,48.15835714730733],[-70.85466066986895,48.15839209274256],[-70.85465400347123,48.15842697463433],[-70.8546463201806,48.1584618013721],[-70.85463776642247,48.15849658254395],[-70.8546284940121,48.15853132354305],[-70.85461865027322,48.15856603455664],[-70.85460838432616,48.1586007233748],[-70.8545978434946,48.158635399585535],[-70.8545871751023,48.15867006918117],[-70.8545765318628,48.15870474055112],[-70.85456606020153,48.158739423283144],[-70.85455590834053,48.15877412396886],[-70.85454622540007,48.158808852196046],[-70.8545387864512,48.15884359597989],[-70.85453438470631,48.15887824146535],[-70.85452955985492,48.158905305388245],[-70.85489251606063,48.15890545639584],[-70.85500745999282,48.15946235497942],[-70.85500921080929,48.159470746595055],[-70.85501099845672,48.1594791370109],[-70.85501282293505,48.15948752263149],[-70.85501468514263,48.159495904655365],[-70.85501658238452,48.15950428308252],[-70.85501851645732,48.15951265791287],[-70.85502048736106,48.159521028547275],[-70.85502249599404,48.15952939558495],[-70.85502453966131,48.15953775902588],[-70.85502662195614,48.15954611767163],[-70.85502873838693,48.159554472720615],[-70.85503089254699,48.159562823573665],[-70.85503308353798,48.15957117082996],[-70.85503531046157,48.15957951269184],[-70.85503757421608,48.15958785095702],[-70.85503987480153,48.159596183827745],[-70.85504221131959,48.15960451250254],[-70.85504458466856,48.1596128369814],[-70.85504699395014,48.15962115606585],[-70.85504944006267,48.159629470954336],[-70.8550519221078,48.15963778104766],[-70.85505444098385,48.15964608574662],[-70.85505699579252,48.159654385650384],[-70.85505958833043,48.15966268075894],[-70.85506221590263,48.15967097047317],[-70.85506488030578,48.159679254793],[-70.85506757974319,48.15968753491691],[-70.85507031601156,48.15969580844797],[-70.85507308911085,48.15970407778313],[-70.85507589814274,48.15971234052543],[-70.85507874310724,48.159720598472596],[-70.85508162400436,48.159728850426134],[-70.85508454173238,48.159737096985324],[-70.85508749449474,48.159745337550945],[-70.85509048498632,48.15975357152373],[-70.85509350961388,48.159761800701396],[-70.85509657197069,48.159770023885464],[-70.85509966846347,48.1597782404767],[-70.85510280178718,48.159786451673625],[-70.85510597194181,48.15979465687696],[-70.85510917623243,48.15980285488829],[-70.85511241735396,48.15981104690603],[-70.85511569440813,48.1598192329302],[-70.85511900739489,48.159827411762365],[-70.85512235631428,48.159835584600955],[-70.85512574026797,48.15984375084679],[-70.85512916015425,48.15985190990059],[-70.85513261597315,48.15986006236162],[-70.85513610862297,48.15986820882911],[-70.85513963540878,48.15987634750541],[-70.85514319722887,48.1598844795889],[-70.8551467958799,48.15989260448043],[-70.85515043046355,48.159900722779156],[-70.85515409918315,48.15990883388594],[-70.8551578038354,48.15991693780072],[-70.85516154442023,48.159925033325116],[-70.85516532003936,48.159933122855975],[-70.85516913069281,48.159941203397175],[-70.85517297817718,48.15994927734565],[-70.85517685979752,48.15995734470138],[-70.85518077735048,48.159965402468266],[-70.85518472993773,48.15997345484087],[-70.85518871666096,48.1599814976246],[-70.85519274021512,48.1599895326172],[-70.85519679790525,48.159997560417835],[-70.85520089062966,48.160005579828066],[-70.85520501838842,48.16001359144719],[-70.85520918297807,48.160021594675875],[-70.85521338080541,48.160029589514224],[-70.85521761366701,48.160037576561386],[-70.85522188246125,48.16004555581745],[-70.85522618539143,48.16005352548468],[-70.85523052335596,48.160061487360764],[-70.85523489545645,48.1600694402473],[-70.85523930348954,48.16007738534271],[-70.85524374655694,48.16008532025006],[-70.85524822376033,48.16009324856477],[-70.85525273509968,48.16010116669147],[-70.85525728147331,48.160109075229364],[-70.85526186198294,48.16011697657538],[-70.85526647842521,48.160124868332645],[-70.8552711281051,48.160132750501106],[-70.85527581281933,48.16014062368006],[-70.85528053256782,48.160148487270256],[-70.855285285554,48.160156342470096],[-70.85529007357447,48.16016418868044],[-70.85529489483258,48.16017202470282],[-70.85529975202333,48.16017985053723],[-70.8553764753351,48.160302985630004],[-70.85597447753155,48.16126272478003],[-70.8560990478103,48.16150256178779],[-70.8562826589628,48.16189480421472],[-70.85660180612874,48.16258317132011],[-70.85669338308375,48.16278070766182],[-70.85669750455428,48.16278964280018],[-70.85670159188882,48.16279858512727],[-70.85670564239244,48.16280753464312],[-70.85670965876007,48.16281649194684],[-70.85671363739847,48.16282545703852],[-70.85671758100256,48.162834428120505],[-70.85672148777573,48.16284340579204],[-70.8567253595146,48.16285239185068],[-70.85672919442254,48.1628613838996],[-70.85673299429621,48.162870383137275],[-70.85673675733894,48.162879388964434],[-70.85674048444903,48.16288840198028],[-70.85674417562655,48.1628974209865],[-70.85674782997312,48.16290644658215],[-70.85675144838707,48.16291547876736],[-70.85675503086844,48.16292451814121],[-70.85675857741718,48.16293356290616],[-70.85676208713498,48.16294261485982],[-70.8567655609202,48.1629516728038],[-70.85676899787448,48.16296073673803],[-70.85677239889614,48.16296980666256],[-70.8567757639852,48.16297888257735],[-70.85677909224333,48.16298796568083],[-70.85678238367053,48.16299705357619],[-70.85678563916511,48.16300614806105],[-70.85678885782878,48.16301524793694],[-70.85679297570603,48.16302701180261],[-70.85679705675238,48.16303878165744],[-70.8568011018661,48.16305055690227],[-70.85680511104721,48.16306233753708],[-70.85680908339741,48.16307412476022],[-70.85681301981496,48.16308591677419],[-70.85681692029993,48.163097713578956],[-70.8568207848523,48.16310951697204],[-70.8568246116754,48.16312132455674],[-70.8568284034642,48.16313313753141],[-70.85683215752378,48.163144955896],[-70.85683587654907,48.1631567796506],[-70.85683955964174,48.16316860759676],[-70.85684320410685,48.16318044153206],[-70.85684681443597,48.16319228085733],[-70.85685038703585,48.16320412377494],[-70.85685392370311,48.16321597268169],[-70.85685742443778,48.16322782578004],[-70.85686088834153,48.163239683669126],[-70.85686431451602,48.163251546948096],[-70.8568677056562,48.16326341441865],[-70.85687106086381,48.163275286679976],[-70.85687437924045,48.16328716373199],[-70.85687765988789,48.163299044376366],[-70.85688090460268,48.16331093041068],[-70.85688411248657,48.16332282063654],[-70.85688728443783,48.16333471565308],[-70.85689041955816,48.16334661486117],[-70.8568935187459,48.16335851766163],[-70.85689658020439,48.163370425851944],[-70.85689960573028,48.16338233643627],[-70.85690259442521,48.16339425241049],[-70.85690554628924,48.16340617257621],[-70.85690846132233,48.163418096334276],[-70.85691134042283,48.163430024283834],[-70.85691418179407,48.16344195642489],[-70.8569169872327,48.16345389275748],[-70.8569197558404,48.163465831484025],[-70.85692248761718,48.163477775600434],[-70.85692518256303,48.16348972270998],[-70.85692784157628,48.163501673411865],[-70.8569304637586,48.16351362770604],[-70.85693304910998,48.16352558559252],[-70.85693559673213,48.16353754767048],[-70.85693810842166,48.16354951274157],[-70.85694058238195,48.16356148020659],[-70.85694302040963,48.16357345246226],[-70.85694542160638,48.16358542771106],[-70.85694778597221,48.16359740655217],[-70.85695011350711,48.163609387188],[-70.85695240421109,48.163621372614536],[-70.85711745886476,48.16362060026974],[-70.85711520589003,48.163608603458606],[-70.85711291788101,48.16359660964055],[-70.85711059304106,48.16358461821645],[-70.85710823047184,48.16357263158304],[-70.85710583376668,48.16356064674431],[-70.85710339933226,48.1635486654979],[-70.85710092986353,48.16353668844298],[-70.85709842356388,48.16352471378196],[-70.85709588222996,48.163512742713245],[-70.8570933040651,48.16350077583604],[-70.8570906890693,48.163488811352785],[-70.8570880390392,48.163476850461805],[-70.85708535217819,48.16346489376234],[-70.85708262938456,48.163452940655155],[-70.85707986976001,48.163440991739506],[-70.85707707510116,48.16342904581699],[-70.8570742445097,48.163417103486765],[-70.85707137708732,48.16340516534808],[-70.85706847463064,48.16339323140089],[-70.85706553534303,48.163381301645224],[-70.85706255922447,48.16336937488268],[-70.85705954807166,48.16335745291087],[-70.85705650188453,48.16334553453137],[-70.85705341886646,48.16333362034337],[-70.8570502990175,48.16332171154532],[-70.85704714413421,48.16330980574044],[-70.85704395242,48.163297904726214],[-70.85704072567151,48.16328600790355],[-70.8570374629904,48.163274114673264],[-70.85703416347837,48.16326222683289],[-70.85703082893201,48.16325034378319],[-70.8570274593514,48.163238464925115],[-70.85702405204151,48.163226589659374],[-70.85702060969736,48.16321471978351],[-70.85701713142056,48.16320285469843],[-70.8570136172112,48.16319099500329],[-70.85701006706917,48.16317913890054],[-70.85700648189288,48.163167287588536],[-70.85700285988565,48.163155441666426],[-70.85699920374243,48.16314360053513],[-70.85699551076831,48.16313176479377],[-70.85699178186158,48.16311993384317],[-70.85698801792053,48.163108107683385],[-70.85698421625025,48.163096286913515],[-70.85698038044399,48.1630844715336],[-70.85697650960341,48.16307266094447],[-70.85697260283025,48.163060855745364],[-70.85696866012447,48.163049055936185],[-70.85696468058777,48.16303726091778],[-70.85696066691507,48.16302547188857],[-70.8569566182081,48.163013688848544],[-70.85695253177187,48.163001910000155],[-70.85694841119965,48.162990137740074],[-70.85694521499387,48.162981098977],[-70.85694198285547,48.162972065604976],[-70.85693871747944,48.162963038822475],[-70.85693541617074,48.16295401683189],[-70.85693207982779,48.16294500202998],[-70.85692870934882,48.16293599201999],[-70.8569253038356,48.16292698680196],[-70.85692186418638,48.16291798877263],[-70.85691838950285,48.16290899673357],[-70.85691487888673,48.16290001008569],[-70.85691133503295,48.16289103002731],[-70.85690775614484,48.162882055959265],[-70.85690414222245,48.16287308788153],[-70.85690049416408,48.162864126992524],[-70.85689681286804,48.16285517089549],[-70.85689309474108,48.16284622318555],[-70.85688934337645,48.162837279668366],[-70.85688555697753,48.162828343939104],[-70.85688173644265,48.162819414799394],[-70.85687788177175,48.16281049165002],[-70.85687399206657,48.16280157568941],[-70.8568700673271,48.162792666917525],[-70.85686610934994,48.162783764735224],[-70.85686211723684,48.16277486914246],[-70.85685809008942,48.16276598013924],[-70.85685402880601,48.16275709772561],[-70.85684993248832,48.162748223699126],[-70.85675835463499,48.162550684835544],[-70.85643912482405,48.16186214052963],[-70.85625448060897,48.161467699963445],[-70.85614459598848,48.161262165118885],[-70.85578984768951,48.160692836172494],[-70.85544497726542,48.16013934673787],[-70.8554402332624,48.160131701263154],[-70.85543552339537,48.160124046199755],[-70.85543084766431,48.16011638154764],[-70.85542620517093,48.16010870850525],[-70.85542159771182,48.16010102527493],[-70.85541702438873,48.16009333365439],[-70.85541248430327,48.160085632445096],[-70.85540797925212,48.16007792344477],[-70.85540350743864,48.160070204256435],[-70.85539907065944,48.16006247667787],[-70.85539466891457,48.160054740709],[-70.85539030040734,48.16004699455218],[-70.8553859669344,48.16003924180276],[-70.85538166669913,48.16003147826615],[-70.8553774023965,48.16002370753764],[-70.8553731713315,48.16001592841882],[-70.85536897619912,48.160008140310495],[-70.85536481520273,48.16000034441108],[-70.855360687444,48.15999254072058],[-70.85535659561788,48.15998472863974],[-70.85535253882605,48.159976907569344],[-70.85534851617022,48.15996907930712],[-70.85534452765035,48.15996124265451],[-70.85534057506311,48.159953398810025],[-70.85533665661184,48.15994554657519],[-70.85533277409317,48.159937686549235],[-70.85532892481218,48.1599298187322],[-70.85532511236212,48.159921943723205],[-70.8553213331497,48.15991406032388],[-70.8553175889716,48.159906170331894],[-70.85531388162444,48.15989827254872],[-70.85531020751492,48.15989036877213],[-70.85530658191445,48.15988248357029],[-70.85530299134824,48.15987459237498],[-70.85529943491804,48.15986669338852],[-70.85529591442044,48.15985878780936],[-70.85529242985545,48.15985087563751],[-70.85528897852812,48.159842956872986],[-70.85528556223511,48.15983502971803],[-70.85528218187467,48.15982709656963],[-70.85527883565025,48.15981915742772],[-70.85527552535844,48.15981121169313],[-70.85527224920259,48.1598032587666],[-70.85526900987767,48.15979529984653],[-70.85526580468874,48.159787333734556],[-70.8552626345341,48.15977936282751],[-70.85525950031207,48.15977138472851],[-70.85525640202266,48.15976339943753],[-70.85525333786923,48.15975540995078],[-70.8552503087501,48.15974741387123],[-70.85524731556357,48.15973941059978],[-70.85524435830965,48.1597314025332],[-70.85524143609003,48.159723388473154],[-70.85523854890471,48.15971536901876],[-70.85523569675368,48.15970734357088],[-70.85523288143358,48.15969931272869],[-70.85523010114777,48.15969127589297],[-70.85522735589626,48.159683233662975],[-70.85522464747568,48.15967518663787],[-70.85522197319108,48.15966713361921],[-70.85521933483909,48.15965907580547],[-70.85521673331803,48.15965101259742],[-70.85521416593295,48.159642943995095],[-70.85521163537878,48.159634870597635],[-70.85520913985893,48.159626793004286],[-70.85520668027168,48.15961870881822],[-70.85520425661704,48.159610621035455],[-70.85520186799671,48.159602527858404],[-70.85519951620729,48.159594431084685],[-70.85519719945219,48.15958632891662],[-70.85519491862966,48.159578221953424],[-70.85519267463809,48.159570110794405],[-70.8551904656808,48.15956199484023],[-70.85518829265612,48.1595538746902],[-70.85518615556408,48.15954575094349],[-70.85518405440462,48.1595376230009],[-70.85518198827947,48.15952948966392],[-70.85517995988357,48.159521352730344],[-70.85517796652194,48.15951321279929],[-70.85517600999127,48.1595050680731],[-70.85517408759654,48.15949691975024],[-70.85517220293107,48.15948876783073],[-70.85517035419822,48.15948061171533],[-70.85516854049966,48.15947245260244],[-70.85516676363204,48.159464289892895],[-70.85516502269702,48.159456122987464],[-70.8551633176946,48.15944795308453],[-70.85512978268673,48.15928547577285],[-70.85505135886413,48.15890552111336],[-70.85627581829192,48.15890601608266],[-70.87790325822039,48.158871139909785]]],[[[-70.86254552268085,48.1447383249805],[-70.84625528287577,48.144737973131555],[-70.84625514992513,48.1447600658831],[-70.84624803077651,48.14593598917984],[-70.84624100145939,48.14709722603917],[-70.8462409134245,48.14711191010994],[-70.83866624079538,48.14711235784246],[-70.83859105360273,48.147506327989156],[-70.83846774006705,48.14808488721198],[-70.83842708770716,48.14828828418581],[-70.83841718647611,48.148337820105795],[-70.83829170530565,48.14890205799971],[-70.83826197556134,48.14918866674845],[-70.83829415860468,48.14942095628371],[-70.8383064834904,48.1494642075597],[-70.83834879144533,48.149612688306156],[-70.83855246826631,48.15010330977803],[-70.83872602277921,48.15054158074129],[-70.83915369092306,48.15179230814929],[-70.83907261527372,48.151792036058204],[-70.83978465590052,48.15371096443378],[-70.83985587523456,48.153951332363164],[-70.83986780126827,48.15407487853808],[-70.83986314619847,48.15413589011331],[-70.83975683417786,48.15553265934741],[-70.83972258680596,48.15569916008402],[-70.83967635321324,48.15578964017763],[-70.83958693311322,48.155895663422015],[-70.83940441790536,48.15601741789163],[-70.83910800350601,48.15613948309285],[-70.83874398010174,48.156260297931915],[-70.83812979116222,48.15598030926981],[-70.83775679718151,48.15586687320682],[-70.83758068336839,48.156309716490966],[-70.83745860321959,48.1564796784566],[-70.83823228803782,48.15647966287572],[-70.83814545418751,48.15653321974202],[-70.8379991581536,48.15667991460761],[-70.83787820269553,48.15692060840887],[-70.83740100504019,48.158288796421736],[-70.8372300188107,48.15877902513622],[-70.8372147438576,48.15883708406897],[-70.83737436100887,48.158837082271276],[-70.83738408796677,48.15880010871959],[-70.83774405727416,48.157768045639216],[-70.8402024291015,48.157767973729236],[-70.83983278493851,48.15883701635518],[-70.85445479846372,48.15883554402919],[-70.854456625637,48.15882892425452],[-70.85446636606963,48.15879492051937],[-70.85447633287771,48.15876093833425],[-70.85448640389035,48.15872697110762],[-70.85449645873334,48.158693013446296],[-70.85450637793069,48.15865905756021],[-70.85451603931158,48.158625095060025],[-70.85452532429836,48.158591123548746],[-70.85453410982184,48.158557133438514],[-70.8545422764061,48.1585231175384],[-70.85454970277854,48.1584890704552],[-70.85455626856495,48.15845498559717],[-70.8545618551877,48.158420855773365],[-70.8545663395776,48.15838667379272],[-70.8545696013604,48.15835243366274],[-70.85457152016184,48.15831812879161],[-70.8545719756077,48.15828375138907],[-70.85457084642537,48.1582492978595],[-70.85456801313897,48.15821475741634],[-70.85456335447591,48.15818012646392],[-70.85455674916362,48.15814539661261],[-70.85454802203063,48.15811062239367],[-70.85453678141148,48.15807610342997],[-70.85452258084348,48.15804219267836],[-70.85450497745717,48.15800924789032],[-70.85448352568818,48.15797762382223],[-70.85445778087046,48.15794767702885],[-70.85442730013455,48.15791976106946],[-70.85439165498408,48.15789422590828],[-70.85435128289856,48.15787099903985],[-70.85430781162536,48.157849435076365],[-70.85426295335333,48.15782884787974],[-70.85421842027142,48.15780855310854],[-70.85417592546692,48.15778785862985],[-70.85413718472196,48.157766083695506],[-70.85410390753059,48.15774253676957],[-70.85407780877662,48.15771653110864],[-70.85406022335663,48.15768756214002],[-70.85405078116467,48.15765692484009],[-70.8540507110961,48.15765593607586],[-70.85404833235722,48.157622210215195],[-70.85405213762076,48.15758693286929],[-70.85406118275735,48.15755065894259],[-70.85407452004439,48.157513936749226],[-70.85409120625079,48.157477319998115],[-70.85411029634889,48.15744133723113],[-70.85413089022677,48.1574061688251],[-70.85415211831526,48.15737174287112],[-70.85417311104513,48.1573379838646],[-70.85419300244047,48.1573048103082],[-70.85421092293207,48.157272143101245],[-70.85422600384906,48.15723990613925],[-70.85423737472392,48.1572080191227],[-70.85424416868241,48.15717640414882],[-70.85424551615534,48.15714498331476],[-70.85424059248928,48.15711367512184],[-70.85422968963667,48.15708236331425],[-70.854214327547,48.15705089448194],[-70.85419608096694,48.15701910922184],[-70.85417652823648,48.15698685232534],[-70.85415724410225,48.15695396438854],[-70.85413980690429,48.15692028960274],[-70.85412579498248,48.1568856691625],[-70.85411678218523,48.15684994845666],[-70.85411379079534,48.15681309032877],[-70.854115034962,48.15677567965547],[-70.85411785207874,48.156738495475835],[-70.85411957414915,48.15670231623192],[-70.85411753317682,48.15666792456289],[-70.85410906655527,48.15663609531935],[-70.85409150538977,48.15660761174319],[-70.85406259940055,48.15658310186821],[-70.854024204507,48.15656174051385],[-70.85398052392631,48.15654186772259],[-70.85393578333358,48.156521813346515],[-70.85388064653809,48.15649112381371],[-70.85386370431182,48.15647824082037],[-70.85383911921913,48.15645414737282],[-70.85381108729068,48.15641164567683],[-70.85379520956803,48.156364951479894],[-70.8537901412732,48.156315393944176],[-70.85379453762822,48.15626430463333],[-70.85380705565169,48.15621301451691],[-70.85382635236232,48.1561628557681],[-70.85385114406752,48.156115155172024],[-70.85388144064879,48.15607117779354],[-70.8539184512385,48.1560321311714],[-70.85396341641004,48.15599920307077],[-70.85401653558942,48.15597267276359],[-70.85407651071105,48.155951516705024],[-70.8541419233351,48.155934605275576],[-70.8542113550217,48.15592080525736],[-70.85428338733108,48.155908988824],[-70.85435660451833,48.155898025750666],[-70.85442958724526,48.15588678701002],[-70.85450091707209,48.15587414117654],[-70.8545691782539,48.155858959220744],[-70.85463295235085,48.15584011091284],[-70.85469082182148,48.15581646602077],[-70.85474147243045,48.155786993189324],[-70.85478496077167,48.155751906349025],[-70.85482228846666,48.15571228897527],[-70.85485447779823,48.15566923892804],[-70.85488254835424,48.15562385706653],[-70.8549075197225,48.15557724005843],[-70.85493023092951,48.15553031857583],[-70.85495075204389,48.15548331315162],[-70.85496894831826,48.15543625734507],[-70.85498468590373,48.15538918651345],[-70.8549978372395,48.15534213121983],[-70.85500826578162,48.15529512861961],[-70.85501584037611,48.1552482104747],[-70.85502042897056,48.15520141154353],[-70.85502189681773,48.15515476538617],[-70.85502011635685,48.15510830736056],[-70.85501495014564,48.155062069828446],[-70.85500626703012,48.155016088747274],[-70.85499393675452,48.15497039468123],[-70.85497804376051,48.15492500980446],[-70.85495909200296,48.154879925727855],[-70.85493762855589,48.15483512986726],[-70.85491420588316,48.15479061263488],[-70.85488937285544,48.15474636504213],[-70.85486368103832,48.154702370909],[-70.8548375068259,48.15465862604114],[-70.8548108349468,48.154615131038526],[-70.85478358455265,48.15457188590174],[-70.85475567749003,48.154528891830005],[-70.85472703830045,48.154486153018965],[-70.85469758703387,48.15444366886995],[-70.85466724643516,48.1544014417808],[-70.85463593924918,48.15435947175208],[-70.85460358732254,48.15431776297955],[-70.85457011429843,48.154276316063054],[-70.85453544112508,48.154235131003254],[-70.854530335101,48.15422837699306],[-70.85452533956972,48.154221654145154],[-70.85452045722614,48.15421496305881],[-70.85451568717198,48.15420830313473],[-70.85451103030556,48.154201674372935],[-70.85450648483022,48.154195076174126],[-70.85450205523755,48.154188510336226],[-70.8544977388326,48.154181973263526],[-70.85449353831035,48.154175467952406],[-70.8544894509758,48.15416899440293],[-70.85448548221888,48.15416254901938],[-70.85448162664967,48.154156135996764],[-70.85447788875979,48.154149751140096],[-70.85447427034582,48.15414339804507],[-70.8544707660179,48.154137074314626],[-70.85446933949322,48.15413442124814],[-70.85446411578985,48.1541245149473],[-70.85445503382232,48.15410589792845],[-70.85444958104854,48.154093634004774],[-70.85444461426334,48.15408148394385],[-70.8544423145762,48.15407545206135],[-70.85443808351123,48.15406347339392],[-70.85443434741795,48.15405160799006],[-70.85443111078798,48.15403985405202],[-70.85442720042157,48.15402243199371],[-70.85442522861952,48.15401095432333],[-70.85442376885716,48.15399958512263],[-70.85442254894502,48.15398272998272],[-70.85442250492757,48.15396611455494],[-70.85442364578797,48.153949733445856],[-70.8544250750076,48.15393894135211],[-70.85442822360267,48.15392294318365],[-70.85443100299017,48.153912403387395],[-70.85443619794744,48.15389677917076],[-70.85444263527476,48.153881374291345],[-70.85445032844687,48.15386618515362],[-70.85445929093845,48.153851209360646],[-70.85446596901429,48.1538413431579],[-70.85447701739395,48.153826730530895],[-70.85449806581937,48.153802896532056],[-70.8545073714674,48.15379355410486],[-70.85451716490061,48.153784327340176],[-70.85453274258597,48.15377071132692],[-70.85454934794402,48.15375737218507],[-70.85457301406016,48.15374003812749],[-70.85458547279482,48.15373157246023],[-70.8545983303815,48.153723245229195],[-70.85461157783699,48.15371505943096],[-70.85462519988995,48.15370701866128],[-70.85463918306567,48.15369912771471],[-70.85468382574203,48.15367606854827],[-70.85473135740035,48.153654510612526],[-70.8547814250027,48.15363454739982],[-70.85483368000278,48.15361627420036],[-70.85488737859552,48.153599625692536],[-70.85493768604806,48.153582840539165],[-70.85497732151502,48.15356315057884],[-70.85500001565404,48.15353813284173],[-70.85500675571363,48.15350785983533],[-70.85500159129907,48.153473460631346],[-70.85498858728701,48.15343607149498],[-70.85497180945245,48.153396823899584],[-70.85495531907877,48.153356851718954],[-70.85494318014435,48.15331728942954],[-70.85493912964073,48.15327918461258],[-70.85494372093014,48.15324277459508],[-70.85495573589708,48.1532078358407],[-70.85497393576472,48.15317414181567],[-70.85499708175632,48.1531414677836],[-70.85502393779008,48.15310958780875],[-70.85505326239421,48.15307827655407],[-70.8550838185886,48.15304730688409],[-70.8551143819695,48.15301645585785],[-70.85514426263079,48.15298559582347],[-70.85517350009836,48.15295473217472],[-70.85520218061042,48.15292387569907],[-70.85523039310024,48.15289304377641],[-70.85525822290775,48.15286224599576],[-70.85528575986446,48.15283149793911],[-70.85531309380194,48.15280080979482],[-70.85534030736515,48.15277019894295],[-70.85536749397892,48.152739674972544],[-70.8553947353899,48.152709254065115],[-70.85542212502291,48.15267894700834],[-70.8554497482179,48.15264876818595],[-70.85547769031481,48.1526187301836],[-70.85550604384012,48.152588847385054],[-70.8555348950321,48.15255913117747],[-70.85556433012901,48.15252959714315],[-70.85559442638599,48.15250025247424],[-70.85562511103946,48.152471068404004],[-70.85565621161291,48.15244198620023],[-70.855687561918,48.15241294713048],[-70.85571899037654,48.15238389426009],[-70.85575032271534,48.15235476945569],[-70.85578139005112,48.15232551218655],[-70.85581202439893,48.15229606731549],[-70.85584205058731,48.15226637551024],[-70.85587130063128,48.15223637743812],[-70.8558996020543,48.15220601736237],[-70.85592679854953,48.15217523834748],[-70.85595291796473,48.152144057173395],[-70.85597813008148,48.15211253257245],[-70.8560026037831,48.15208072867082],[-70.85602651334268,48.152048709594844],[-70.85605002854189,48.15201653527576],[-70.85607331916225,48.15198427163825],[-70.85609655857866,48.15195197981253],[-70.85611991657267,48.15191972332622],[-70.85614356562084,48.151887565707206],[-70.85616767730139,48.151855569884084],[-70.8561924222942,48.151823797587106],[-70.85619871858603,48.15181603880049],[-70.85621797038088,48.15179231354316],[-70.85624449313966,48.15176117948271],[-70.85627216574197,48.15173045893436],[-70.85630106544298,48.151700183662825],[-70.85633077991595,48.15167021702372],[-70.8563607108829,48.15164035584768],[-70.85639026455743,48.15161040295805],[-70.85641884715315,48.15158015878047],[-70.85644586218868,48.15154942194203],[-70.85647071767428,48.151517994066054],[-70.85649298511353,48.15148573191304],[-70.8565128486611,48.151452702006374],[-70.85653063171046,48.1514190152194],[-70.85654665316356,48.15138478482322],[-70.85656123461725,48.15135012408907],[-70.85657470215999,48.151315143291825],[-70.85658737020213,48.151279955104165],[-70.85659956213716,48.15124466980154],[-70.85661153129,48.151209365296246],[-70.85662349684958,48.15117409492829],[-70.85663567710654,48.15113891323649],[-70.85664828765648,48.151103874160526],[-70.85666154409513,48.151069032239555],[-70.85667566650973,48.151034442012865],[-70.85669086869927,48.15100015801988],[-70.85670736805609,48.150966233002194],[-70.85672538197248,48.150932723297444],[-70.85674512784075,48.1508996810482],[-70.85676682215485,48.15086716139376],[-70.85679061673011,48.1508352032916],[-70.85681594652615,48.15080365331399],[-70.85684179734511,48.15077224955388],[-70.85686748646728,48.15074081041397],[-70.85689298245167,48.150709329301534],[-70.85691833021404,48.15067781640517],[-70.85694357556848,48.15064628371148],[-70.85696876163409,48.150614742607736],[-70.85699393422499,48.150583206279286],[-70.85701569321779,48.15055598873231],[-70.85703750341459,48.15052878975023],[-70.85705939445974,48.15050161652516],[-70.85708139330272,48.15047447864647],[-70.8571035322829,48.15044738150822],[-70.85712583745142,48.150420332302495],[-70.85714833845266,48.15039334181745],[-70.85717106493102,48.15036641484785],[-70.85719404293768,48.15033955858578],[-70.85721730391366,48.15031278142215],[-70.85724087570671,48.150286090549095],[-70.85726478706293,48.15025949495681],[-70.85728905055878,48.15023299584415],[-70.85731359343063,48.15020657283369],[-70.85733832584704,48.15018020255144],[-70.85736315438318,48.1501538586265],[-70.85738798741089,48.15012751588678],[-70.85741273060708,48.15010114796122],[-70.8574372932419,48.15007472967762],[-70.85746158189053,48.150048235863565],[-70.85748550312825,48.15002163954872],[-70.85750896532683,48.14999491675918],[-70.85753187595984,48.14996804112381],[-70.85755414339911,48.14994098687071],[-70.85757567332152,48.149913728827244],[-70.85759637499723,48.14988624182073],[-70.85761615230655,48.14985849888037],[-70.85763491811282,48.149830476032115],[-70.85765257629636,48.14980214690439],[-70.857669035229,48.14977348572496],[-70.85768430658882,48.14974449608931],[-70.8576985691406,48.149715222947655],[-70.85771202231028,48.149685719041784],[-70.8577248655239,48.149656035914944],[-70.8577372964108,48.14962622630923],[-70.85774951260035,48.14959633996997],[-70.85776171262023,48.14956643083818],[-70.85777409589642,48.14953655105692],[-70.85778686095661,48.14950675037196],[-70.85780020453186,48.149477080926594],[-70.8578099413712,48.1494567504871],[-70.85781432514979,48.14944759546357],[-70.85782942133814,48.149418346126446],[-70.85784568713298,48.14938938206213],[-70.85786319350123,48.1493607362352],[-70.85788190720524,48.14933241943448],[-70.85790178332923,48.14930444304813],[-70.85792278144899,48.149276819063736],[-70.85794486203868,48.14924955946878],[-70.85796798647071,48.14922267445285],[-70.85799210893103,48.14919617720216],[-70.85801719348703,48.149170078505705],[-70.85804319612124,48.149144389152305],[-70.8580700773078,48.149119122328344],[-70.85809780830061,48.14909428762405],[-70.85812637023508,48.14906989223229],[-70.85815574514487,48.14904594574331],[-70.8581859213519,48.149022456548636],[-70.85821687639827,48.14899943124177],[-70.85824859950421,48.14897688061169],[-70.85828107180511,48.14895481065262],[-70.85831427623296,48.14893323035533],[-70.85834819841472,48.14891214931024],[-70.8583828203841,48.148891574710085],[-70.8584181035135,48.14887149636651],[-70.85845388161462,48.14885179860482],[-70.85848994178677,48.14883233278561],[-70.85852607202749,48.148812944875054],[-70.85856206123272,48.14879348563402],[-70.85859769560342,48.14877380462435],[-70.85863276762873,48.148753750808226],[-70.85866706261133,48.148733171949104],[-70.85870036944712,48.14871191640936],[-70.85873248781179,48.14868984573693],[-70.85876337099295,48.148666945546275],[-70.85879306839792,48.14864328296416],[-70.85882163033237,48.14861892871361],[-70.8588491080003,48.14859395171968],[-70.85887555170731,48.148568422705615],[-70.85890101355571,48.14854240999738],[-70.85892554474951,48.148515983719086],[-70.85894919828925,48.14848921399493],[-70.85897202088735,48.14846216975069],[-70.85899409518883,48.14843490912368],[-70.85901553258478,48.148407465677664],[-70.85903645075447,48.14837987897007],[-70.85905696737724,48.1483521831642],[-70.85907719833575,48.14832441302272],[-70.8590972649026,48.14829660810332],[-70.85911727936711,48.14826880197011],[-70.8591373630019,48.148241028786714],[-70.85915762809643,48.148213328111034],[-70.85917813034614,48.14818571013227],[-70.85919885358143,48.148158171853815],[-70.85921978522587,48.14813070488469],[-70.85924091449967,48.14810330323139],[-70.85926222523315,48.148075959102286],[-70.85928370484991,48.148048667103254],[-70.85930533718027,48.14802142004193],[-70.85932710964781,48.14799421132546],[-70.8593490087778,48.14796703196342],[-70.85936766588794,48.14794400798115],[-70.85938639396498,48.14792099597583],[-70.85940518761905,48.147897995348096],[-70.85942403607034,48.147874998306314],[-70.85944293123403,48.1478520030523],[-70.8594618668219,48.14782900419177],[-70.85948083025754,48.14780599752919],[-70.8594998170494,48.1477829794683],[-70.85951881551934,48.14775994641295],[-70.85953782117579,48.147736891170716],[-70.85955682054406,48.1477138155396],[-70.8595758127258,48.147690710529105],[-70.85959482736541,48.147667598315806],[-70.85961391387025,48.14764450946748],[-70.85963313152914,48.14762147515124],[-70.85965253244433,48.147598527133745],[-70.85967216871813,48.14757569718163],[-70.85969209514775,48.14755301646224],[-70.85971236832708,48.147530517341764],[-70.85973304305334,48.14750823218637],[-70.85975416783558,48.147486191564134],[-70.85977580106425,48.14746442664275],[-70.85979799573997,48.14744296978842],[-70.85982080665997,48.14742185336768],[-70.85984428682488,48.1474011085481],[-70.85986848923525,48.14738076469944],[-70.85989342107764,48.14736082961392],[-70.85991904192787,48.147341279317146],[-70.85994530507351,48.14732208863603],[-70.85997216829378,48.14730323479477],[-70.85999958397794,48.14728469142137],[-70.86002750990517,48.14726643454125],[-70.86005589936309,48.14724844077926],[-70.86008470833426,48.14723068436259],[-70.8601138928012,48.14721314191596],[-70.86014340694986,48.147195787666476],[-70.86017320586447,48.14717859883824],[-70.86020324822252,48.14716154965825],[-70.86023348371835,48.1471446155524],[-70.86026387102946,48.147127772545836],[-70.8602943661384,48.147110996663635],[-70.86031912819921,48.14709743641956],[-70.86032492323112,48.14709426393092],[-70.86035549649348,48.14707754677649],[-70.86038604280643,48.14706082482157],[-70.86041651545749,48.147044069895614],[-70.86044687132757,48.14702726102043],[-70.86047706639921,48.14701037002531],[-70.86050705485833,48.14699337593204],[-70.86053679897572,48.146976254765455],[-70.86056630054796,48.14695900892295],[-70.86059557484643,48.146941642000655],[-70.86062463444756,48.14692415879346],[-70.86065349282606,48.14690656709314],[-70.86068216615162,48.14688886809836],[-70.86071066430569,48.1468710696009],[-70.86073900076302,48.14685317699502],[-70.8607671943882,48.14683519567505],[-70.86079525416442,48.14681712983658],[-70.86082319536301,48.14679898487383],[-70.86085103235705,48.14678076618115],[-70.86087877772292,48.14676247975224],[-70.86090644493535,48.146744129782746],[-70.8609340483674,48.14672572166694],[-70.8609616023921,48.14670726199792],[-70.8609891195859,48.14668875497131],[-70.86101661342347,48.14667020598147],[-70.86104410007454,48.14665161922405],[-70.86107158852224,48.14663300129212],[-70.86109909673286,48.146614358179484],[-70.86112663818115,48.146595692283604],[-70.86115422544353,48.146577010797095],[-70.8611818710964,48.14655831911428],[-70.86120959041112,48.146539623228996],[-70.86123739596412,48.14652092733691],[-70.8612653012301,48.14650223503427],[-70.86129332237876,48.1464835541131],[-70.8613214719865,48.146464889368424],[-70.86134976173143,48.14644624499599],[-70.86137820778322,48.14642762698955],[-70.8614068065486,48.14640903534919],[-70.86143546370447,48.14639043531077],[-70.86146405169009,48.14637177892356],[-70.86149244474126,48.14635302423083],[-70.86152051260233,48.14633412028473],[-70.86154813130574,48.14631502632714],[-70.8615751723924,48.146295691410174],[-70.86160150650497,48.14627607297728],[-70.86162700967589,48.1462561224781],[-70.86165155254774,48.14623579615709],[-70.86167500935646,48.1462150472618],[-70.8616972525412,48.14619382844042],[-70.86171815364293,48.14617209413895],[-70.86173758599915,48.14614979940291],[-70.86175542654068,48.146126899277604],[-70.8617716662844,48.14610338956658],[-70.8617864130281,48.146079310427815],[-70.86179978265447,48.14605470261884],[-70.86181189374113,48.14602960929472],[-70.86182285857748,48.14600407121305],[-70.86183279214792,48.14597813272786],[-70.86186018447586,48.14592025644281],[-70.86188164792296,48.14587131877686],[-70.86191080094886,48.145798911372815],[-70.86193950212218,48.145723721496395],[-70.86196855094353,48.145644215892325],[-70.86198354652058,48.14560196537837],[-70.86199956527872,48.14555596083531],[-70.86201320619631,48.145516028700264],[-70.86202527326552,48.145480096884945],[-70.86203518437806,48.145448663493866],[-70.8620495637108,48.145394953600835],[-70.8620587732391,48.14535203575533],[-70.86206756774573,48.145311225947026],[-70.86208188329809,48.14525856365409],[-70.86209507326141,48.1452186300889],[-70.86211683674581,48.14516739666324],[-70.8621350213421,48.145132999660404],[-70.86215089906474,48.14510682217478],[-70.86217373962916,48.145073593957484],[-70.8622015730299,48.145038140751765],[-70.86223682381997,48.14499891010995],[-70.86227369606914,48.144962956953634],[-70.86231047848676,48.14493109587389],[-70.86232877986404,48.14491611207868],[-70.86236210825939,48.14488888433332],[-70.86240326367583,48.14485531491605],[-70.862430545511,48.14483296206552],[-70.86250800005143,48.14476924991469],[-70.86254552268085,48.1447383249805]]],[[[-70.83886054189975,48.151163943530534],[-70.83847139531194,48.15009874401128],[-70.83762335783595,48.15008622321192],[-70.83801248735578,48.15115142658705],[-70.83886054189975,48.151163943530534]]]]}},{"type":"Feature","properties":{"zone_code":"14-1-A via","prefix":"","kind":"unknown","n_lots":25,"source":"geopdf-claude48-vision","confidence":"contour-auto"},"geometry":{"type":"MultiPolygon","coordinates":[[[[-70.88701868798718,48.119235536482385],[-70.88701623378982,48.11921552869792],[-70.8870057181111,48.11919643185018],[-70.88698805184272,48.119178082821705],[-70.88696519331201,48.119160177565064],[-70.88693911162606,48.119142407834616],[-70.88691177768858,48.11912446778287],[-70.88688515611514,48.11910604976305],[-70.88686122050439,48.11908684552808],[-70.88684127071856,48.11906667456686],[-70.88682431861085,48.11904576896288],[-70.88680888375762,48.11902445555291],[-70.88679348304039,48.119003063573146],[-70.88677671688393,48.11898190067083],[-70.88675860864444,48.11896099383297],[-70.88674035308122,48.118940138561065],[-70.88673435143681,48.118932790997775],[-70.86870561014723,48.11893937094106],[-70.86865824288061,48.11659071843454],[-70.86905661247145,48.11424192497357],[-70.86687897944175,48.11424253492743],[-70.86684914998443,48.114242542724284],[-70.86663147471637,48.11424260210035],[-70.8661419863113,48.11514005828846],[-70.86580278335833,48.115740882411245],[-70.86538539104305,48.116173739678956],[-70.864832379171,48.11657393977002],[-70.86481143405182,48.11659175476896],[-70.84620145492563,48.11659494953344],[-70.84620020986067,48.118866995716445],[-70.84620022603035,48.118943617438816],[-70.84620092851289,48.121125740120796],[-70.8462009464792,48.12118115210201],[-70.84620098061517,48.12128672392513],[-70.84620168309773,48.12347444375757],[-70.84740043723367,48.12354182940473],[-70.84852782381355,48.12357749953776],[-70.85003529028509,48.12356321769557],[-70.85168315265577,48.1236411072658],[-70.85219922131178,48.12365095109064],[-70.85302919007412,48.12360811940538],[-70.85486074983555,48.123608167377284],[-70.85577414962994,48.12360818116922],[-70.85656139361906,48.12360818716567],[-70.8571024677793,48.12360818716567],[-70.85936144685122,48.12360816317976],[-70.86061840373276,48.123608129599404],[-70.86360717953139,48.12360799647743],[-70.86396217396876,48.12360797548973],[-70.86486540393577,48.123607918523085],[-70.8669087271524,48.123607759616185],[-70.86760115126835,48.12360769845206],[-70.8835323075049,48.12360512356068],[-70.88355771275944,48.12357153362951],[-70.88358118573782,48.12354178862855],[-70.88360557230284,48.12351242738623],[-70.8836311141013,48.12348344450631],[-70.88365804020363,48.12345483039508],[-70.88368630210078,48.123426520890476],[-70.88371545782165,48.12339837087743],[-70.88374503485237,48.12337023044342],[-70.8837745651707,48.12334194967551],[-70.8838035762628,48.12331337985967],[-70.88383159651315,48.1232843674845],[-70.88385815789947,48.12325476563423],[-70.88388294151984,48.123224481961344],[-70.88390660044948,48.123193807896186],[-70.88393018032737,48.12316318298436],[-70.88395472140262,48.123133047971685],[-70.88398126572095,48.12310384360523],[-70.88401072327575,48.123075956663826],[-70.88404299704895,48.12304936256391],[-70.88407753098342,48.1230238490293],[-70.88411376453043,48.12299920078533],[-70.8841511443277,48.12297520675424],[-70.88418923648901,48.122951757199885],[-70.8842286851064,48.12292961488612],[-70.88427067685434,48.12290998092723],[-70.88431620347295,48.1228939676898],[-70.88436474843091,48.12288198414339],[-70.88441510798573,48.12287411484241],[-70.88446614127703,48.12287027283855],[-70.8845174260966,48.12286841270171],[-70.88456887979945,48.12286550016622],[-70.88461971186811,48.122859995911504],[-70.88466889283329,48.122850884716556],[-70.88471594389291,48.1228378631527],[-70.88476133576422,48.12282184269689],[-70.88480562180942,48.12280385895575],[-70.8848493661705,48.12278493974143],[-70.88489302608993,48.12276600313007],[-70.88493631320853,48.12274696876735],[-70.88497857355276,48.12272729396184],[-70.88501914596256,48.122706433022984],[-70.88505737376947,48.12268383786063],[-70.88509271349275,48.12265905872764],[-70.88512560530688,48.12263248480027],[-70.88515698884964,48.122604932813154],[-70.88518781633525,48.1225772231005],[-70.88521903189307,48.1225501741993],[-70.88525165241596,48.12252458126151],[-70.8852876829437,48.12250081607943],[-70.8853298947789,48.12247893382453],[-70.88537712280664,48.122458220301695],[-70.88541419358349,48.12243523884759],[-70.88542417745956,48.12240627934639],[-70.88540968314244,48.12237225027755],[-70.88538786216589,48.122337506387325],[-70.88537019859244,48.122304623230576],[-70.88535608336437,48.122272436262946],[-70.88534341711888,48.12223947330914],[-70.88532953455447,48.12220600001926],[-70.88531137960258,48.1221734861722],[-70.88528588631314,48.12214342133951],[-70.88525126164883,48.122116821359754],[-70.88521379022337,48.12209168815011],[-70.88518289985569,48.12206484827691],[-70.88516770844593,48.122033309399086],[-70.88517001891286,48.121998305623634],[-70.88518448538218,48.12196479919484],[-70.88520690553503,48.121933841334105],[-70.88523380378959,48.1219045073571],[-70.88526288674693,48.12187622518249],[-70.8852941535087,48.12184913213633],[-70.88532787177287,48.12182344949848],[-70.88536430294924,48.121799396150585],[-70.88540371383738,48.12177719217374],[-70.885446368542,48.12175705645004],[-70.88549253206614,48.121739209660674],[-70.88554246851449,48.12172386948839],[-70.885596360245,48.121711220634076],[-70.88564886407842,48.12169877626446],[-70.8856856563775,48.12167974030692],[-70.88569629243047,48.121649288397144],[-70.88568937719941,48.12161223048361],[-70.88567760028604,48.12157551375693],[-70.88566392882574,48.12154204663081],[-70.88564457013136,48.12151194784682],[-70.88561644477811,48.12148520181947],[-70.88558043401332,48.12146143675622],[-70.88553857431772,48.12144018071782],[-70.88549290307036,48.12142096176382],[-70.88544546663347,48.12140329775837],[-70.88539881532414,48.1213860133408],[-70.8853564373006,48.1213666636375],[-70.88532191773918,48.12134266764448],[-70.88529811777406,48.12131247459463],[-70.8852854380538,48.12127804481745],[-70.88528374652614,48.12124209483783],[-70.88529286262964,48.121207286617484],[-70.88531131133061,48.1211748369034],[-70.88533620364714,48.12114439069105],[-70.88536458052864,48.121115506621244],[-70.88537033783132,48.121109950606694],[-70.88537609243902,48.12110443656899],[-70.88538182279223,48.12109895971073],[-70.88538751361953,48.12109351583415],[-70.88539316761593,48.12108810074158],[-70.88539878567973,48.1210827078365],[-70.88540437050585,48.12107733172187],[-70.88540992568757,48.12107196999892],[-70.8854154521232,48.12106661367257],[-70.885420953406,48.12106125974433],[-70.88542643133259,48.1210559040165],[-70.88543188680131,48.12105053869328],[-70.88543732430372,48.12104515957688],[-70.88544274653479,48.12103976186987],[-70.88544815259618,48.12103434077485],[-70.88545354877607,48.12102888909559],[-70.88545893507452,48.12102340263444],[-70.88546431328813,48.121017877793214],[-70.88546968701016,48.121012307975526],[-70.88547505803723,48.12100668658477],[-70.88548043086095,48.12100101062266],[-70.88548580368467,48.12099527409229],[-70.88549118369491,48.12098947159661],[-70.88549656909504,48.12098359893772],[-70.88550196347832,48.120977648919606],[-70.88550737043802,48.120971616744676],[-70.88551279266906,48.12096549881488],[-70.88551823017148,48.12095928793403],[-70.8855236856402,48.12095298110371],[-70.88552916266849,48.120946571127654],[-70.8855346639513,48.120940052608795],[-70.88554019038692,48.120933423148344],[-70.88554574467031,48.12092667674943],[-70.88555133668295,48.12091983560014],[-70.88555697720463,48.120912935681375],[-70.88556267521848,48.12090601357344],[-70.88556844240262,48.120899104657596],[-70.88557428953678,48.12089224611392],[-70.88558022829913,48.12088547212433],[-70.88558627036774,48.12087882106832],[-70.88559242742069,48.120872327127735],[-70.88559870664452,48.120866026883206],[-70.88560512151398,48.12085995691531],[-70.88561168280881,48.12085415380461],[-70.88561840220713,48.12084865293242],[-70.88562529138703,48.12084348908035],[-70.88563235753507,48.12083870062803],[-70.88563961592257,48.120834324156114],[-70.885647076431,48.120830393846546],[-70.88565474804354,48.12082694508063],[-70.88566264423487,48.12082401563835],[-70.88567077308987,48.120821642100324],[-70.8856791489816,48.12081985864851],[-70.88568778179148,48.12081870366249],[-70.88569668140099,48.12081821072456],[-70.88570584870847,48.12081838403241],[-70.88571525496779,48.12081915582213],[-70.88572487502617,48.12082044993416],[-70.88573467834088,48.1208221896092],[-70.8857446361658,48.12082430108653],[-70.88575471885655,48.120826704608504],[-70.88576490126029,48.1208293276136],[-70.88577515103769,48.120832092742965],[-70.88578544034094,48.120834923837144],[-70.885795740424,48.12083774473654],[-70.88580602433737,48.12084047988144],[-70.88581626064003,48.12084305311232],[-70.88582642238252,48.120845387670066],[-70.88583647992046,48.12084740799497],[-70.88584640450769,48.12084903792752],[-70.88585616919485,48.12085020190804],[-70.88586574254083,48.12085082317739],[-70.8858750975962,48.1208508267755],[-70.88588420471655,48.12085013474381],[-70.88589304054568,48.120848681717106],[-70.88590160688022,48.12084648568577],[-70.8859099333646,48.12084362160984],[-70.88591804245667,48.12084016205052],[-70.88592596110588,48.12083618016886],[-70.8859337144651,48.12083174912577],[-70.88594132948379,48.120826942082225],[-70.88594882861977,48.120821832798946],[-70.88595623792423,48.120816496835616],[-70.88596358524494,48.1208110031556],[-70.88597089573472,48.120805429117645],[-70.88597819095315,48.12079984488455],[-70.88598550234124,48.12079432661581],[-70.88599284427207,48.12078893068148],[-70.88600022393211,48.120783660679756],[-70.88600763952479,48.12077851301252],[-70.88601508925345,48.120773479884],[-70.88602257581303,48.12076856009484],[-70.88603009561025,48.12076374464983],[-70.88603764864517,48.12075903115032],[-70.88604523671438,48.120754412999815],[-70.88605285712292,48.120749887199885],[-70.88606051166745,48.120745444755414],[-70.88606819765305,48.120741083867294],[-70.88607591777458,48.120736796739706],[-70.88608366754055,48.12073258097394],[-70.88611112724216,48.12071825996113],[-70.88613895884629,48.1207045158389],[-70.88616714708158,48.12069112912391],[-70.88619606564721,48.12067816098403],[-70.8862269093025,48.12066626867219],[-70.88626097611301,48.12065618320279],[-70.88629827685855,48.120648073087864],[-70.88633559467209,48.12064067479575],[-70.88636919974854,48.12063250590944],[-70.88639536138456,48.12062208101258],[-70.88641087528951,48.120608107185774],[-70.88641609719627,48.120590586225234],[-70.88641287404103,48.120570066838276],[-70.88640306174318,48.12054710193031],[-70.88638851442546,48.120522237810775],[-70.88637108710896,48.12049602798615],[-70.88635263301809,48.120469019967075],[-70.88633500986883,48.1204417648633],[-70.88632005291936,48.120414810187704],[-70.88630887608059,48.12038850136002],[-70.88630148743738,48.120362880959036],[-70.88629780973461,48.12033797237351],[-70.88629776302221,48.12031379299545],[-70.88630126735015,48.12029036501426],[-70.88630824276831,48.12026770702131],[-70.88631861202164,48.120245841206085],[-70.88633229516006,48.12022478615992],[-70.8863491610295,48.12020454728102],[-70.88636875148923,48.120185031018906],[-70.88639047185448,48.12016610844132],[-70.88641372833888,48.12014764521855],[-70.88643793074925,48.120129513017645],[-70.88646248799417,48.120111578108116],[-70.88648692935642,48.120093719352994],[-70.88651103654539,48.12007583000741],[-70.88653461462665,48.12005780932348],[-70.88655746776747,48.120039552954964],[-70.88657600989326,48.12002392022589],[-70.8865794037284,48.120020958354516],[-70.88660022667669,48.12000192297464],[-70.88661974616952,48.11998234306831],[-70.88663781218817,48.1199621424741],[-70.88665446964849,48.11994134817744],[-70.88666980928028,48.119920016548626],[-70.88668392540666,48.11989820155924],[-70.88669691414735,48.1198759595797],[-70.88670886713052,48.11985334518155],[-70.88671987598433,48.11983041533504],[-70.88673003503187,48.11980722341249],[-70.88673943859627,48.119783825184925],[-70.88674817920399,48.119760276423655],[-70.88675634758486,48.119736633499684],[-70.88676404165527,48.1197129485862],[-70.88677135214505,48.11968927925384],[-70.886778372479,48.11966568067459],[-70.88678519518358,48.11964220742072],[-70.8867919145819,48.11961891646346],[-70.88679865284486,48.11959584558386],[-70.8868056668906,48.11957297019477],[-70.88681325046822,48.11955024352007],[-70.88682170181842,48.11952761638492],[-70.88683132008015,48.11950504261277],[-70.88684239900256,48.11948247362826],[-70.88685523592795,48.11945986325477],[-70.88687012640212,48.119437164715826],[-70.88688737046232,48.11941432943578],[-70.88690704805862,48.11939133462597],[-70.88692824021447,48.11936827383908],[-70.88694972252618,48.119345270612875],[-70.88697027058998,48.11932245148384],[-70.88698866449376,48.11929994238905],[-70.88700368073204,48.11927786986538],[-70.88701409579943,48.11925635985031],[-70.88701868798718,48.119235536482385]],[[-70.8708757709904,48.121536858261805],[-70.87086266187545,48.12158187268235],[-70.8707598973019,48.12175632125434],[-70.87075649268697,48.12176210147563],[-70.87059658987145,48.121942503540325],[-70.87048977299764,48.122032791286806],[-70.8703559590546,48.122105177043046],[-70.87028892317484,48.12212338110623],[-70.87022188729509,48.122141586362304],[-70.87002045536398,48.122151228986795],[-70.86995305207327,48.122145432018684],[-70.86981883029509,48.122133889052],[-70.86960345022257,48.12207162211104],[-70.86941474202915,48.12198228550564],[-70.86932669814816,48.121932245617025],[-70.8693203246012,48.121928623620924],[-70.86925270840976,48.12186588029395],[-70.86913052315809,48.12168638646187],[-70.86907550404189,48.121506676719896],[-70.86903385365373,48.12131793044149],[-70.86906007547688,48.12122790289749],[-70.86914009291081,48.12114669705032],[-70.86920250965339,48.12112134868141],[-70.86920706321355,48.12111949867577],[-70.86928759538215,48.12111024564816],[-70.86943075719404,48.12112128271687],[-70.86962360931587,48.121136148724204],[-70.86995968702995,48.12117104454562],[-70.87016143786299,48.12120637271022],[-70.87036318869602,48.12124169965119],[-70.87056513356514,48.12130400837611],[-70.8707673380474,48.12140229450311],[-70.8708213285926,48.121438097450465],[-70.87086201598677,48.121491931354164],[-70.8708757709904,48.121536858261805]],[[-70.8622901397304,48.12180775374727],[-70.86228633626351,48.12182470100866],[-70.86227816339104,48.12183902171303],[-70.86226348941088,48.1218556805233],[-70.8622418615721,48.121870599688606],[-70.86221502260635,48.12188494976396],[-70.86218546444024,48.12189388302867],[-70.86215904139446,48.12189968482256],[-70.86212750334148,48.12190092673617],[-70.86208993849125,48.12190104487086],[-70.86208091491423,48.12189819764443],[-70.86207000038353,48.12188924459142],[-70.86206237278843,48.12187864184792],[-70.86206355676799,48.12187118976286],[-70.86207172784381,48.121864433892355],[-70.86208198840099,48.12185944884377],[-70.86211131839501,48.12185209210327],[-70.86212985692754,48.121849857736024],[-70.86214941953948,48.1218448978721],[-70.8621615764402,48.121838729674096],[-70.86217200138908,48.121825577125726],[-70.8621831404986,48.12181230703878],[-70.86219865799681,48.121796100965156],[-70.8622056980937,48.12178835502986],[-70.86220937669479,48.12178099168283],[-70.86220721265327,48.121771128909856],[-70.86219422391258,48.12176306394626],[-70.86217880343241,48.12176100707749],[-70.86215728788304,48.12176327802852],[-70.86210110814349,48.121776972694505],[-70.86208020344851,48.12178373277417],[-70.86205939846653,48.12179153088148],[-70.86200972163131,48.1218085279208],[-70.86197757362224,48.121818363701415],[-70.86196101138336,48.121819708760185],[-70.86194839185025,48.121814669137294],[-70.8619338840584,48.12180395004248],[-70.86192511111133,48.121788498950615],[-70.86191945711494,48.12177349760665],[-70.86192005090135,48.121762550028926],[-70.86192604715586,48.121753053651],[-70.86194064657586,48.12174301217089],[-70.86195996574436,48.1217335187877],[-70.86198357616499,48.121722659952695],[-70.86200347025525,48.12171198701335],[-70.86202792419392,48.12169617609123],[-70.86204665586423,48.12168189792369],[-70.86205697660851,48.121670917944186],[-70.86205970479205,48.12166335369043],[-70.86205732066328,48.121654250078954],[-70.86204818300021,48.12164420078379],[-70.86202542777576,48.12163187213457],[-70.86198461012587,48.121614565006396],[-70.86195990735388,48.1216023179055],[-70.86193707577262,48.12158824779809],[-70.8619144409224,48.121570875290935],[-70.86190597070758,48.12155645976355],[-70.86190104704151,48.12154302529674],[-70.86190400878701,48.121531112196514],[-70.86191023770517,48.121518204236025],[-70.86191862347835,48.12150169523464],[-70.86192325878523,48.12148305079086],[-70.86192525304514,48.12146530225273],[-70.861923833707,48.12145082013191],[-70.86191640284298,48.12143784678675],[-70.86190531493743,48.12143083779686],[-70.86188101191573,48.1214152810501],[-70.86185881005349,48.12139996416839],[-70.86183771850894,48.12138324584256],[-70.86182591284945,48.121367999113275],[-70.86182157039336,48.12135347618712],[-70.86182656861963,48.121341428116075],[-70.86184551229233,48.12132027337313],[-70.86190332606738,48.12126457429723],[-70.86192340431231,48.12124343031685],[-70.86193274409631,48.12123097503972],[-70.8619376399146,48.121223619408596],[-70.86193897301449,48.12121199527845],[-70.86193706139956,48.12119360619184],[-70.86193256892483,48.12117300129195],[-70.86192652056802,48.12114904898489],[-70.86192623580207,48.121123236466694],[-70.8619150760313,48.12110663618733],[-70.86189923693621,48.12108877837777],[-70.86187205481404,48.121043892456065],[-70.86176389855213,48.12094529560888],[-70.86162906591957,48.12087376516173],[-70.86142732227306,48.12083842237603],[-70.86122564150864,48.120812073586684],[-70.86102402542288,48.120794718807474],[-70.86082234555677,48.12076836939602],[-70.86070094722928,48.12069679552534],[-70.86061959579713,48.12058911939848],[-70.86056460812196,48.120409405817895],[-70.86053705050398,48.12031055468501],[-70.86045588951471,48.12022986012101],[-70.86038853742797,48.120203088838856],[-70.86032137488574,48.12020329872982],[-70.86024096758298,48.120230534170375],[-70.86018730043128,48.12023969680359],[-70.86017323910214,48.12014979810214],[-70.86018604278988,48.12005981408742],[-70.86014511734216,48.11997000022733],[-70.86007732687757,48.11988026896776],[-70.85994212234246,48.11975477243587],[-70.85979354997762,48.11963831120256],[-70.85971138557015,48.119413710547875],[-70.85981727538258,48.119188521804716],[-70.85992410573112,48.119098243451965],[-70.86005798974277,48.11903486338265],[-70.86021879985672,48.11898039481749],[-70.86035299648206,48.11896198454215],[-70.86050087714413,48.118979509656334],[-70.8605277412627,48.118979425697965],[-70.8607564676054,48.119032673870514],[-70.86089104152317,48.11906822839381],[-70.86098538259431,48.11911290374754],[-70.86116063312646,48.11920229631751],[-70.8612822165069,48.1193008515326],[-70.861376873785,48.11939049744773],[-70.86144466604625,48.119480227164],[-70.86140500003657,48.11957029495195],[-70.86132503560322,48.119660489117635],[-70.86135253123744,48.11975034609704],[-70.8613934584818,48.11984016034115],[-70.86147436884112,48.11988487820145],[-70.86152841418355,48.11992967878028],[-70.8615565404351,48.12010947679625],[-70.86158466758496,48.1202892747826],[-70.86159841540207,48.12033420274205],[-70.86161216321919,48.1203791318616],[-70.86167964196838,48.120423890631095],[-70.86174693117306,48.120441667714196],[-70.86178691338972,48.120396569537895],[-70.86182689560638,48.120351472521314],[-70.86189399526653,48.120342266730624],[-70.86196122248745,48.12035104974221],[-70.86197534939359,48.1204499427752],[-70.8618953220782,48.120531143726964],[-70.86182815863766,48.120531354815924],[-70.86174762557076,48.12054060255064],[-70.86168071455683,48.120576790496045],[-70.86162736271379,48.12063092454434],[-70.86162767802246,48.12067589478253],[-70.86168172426322,48.12072069647057],[-70.86174888770374,48.12072048478269],[-70.86181605114427,48.1207202736945],[-70.86187003450294,48.120756080715296],[-70.8619241445241,48.12080987635445],[-70.8619382085482,48.12089977569977],[-70.86198228798087,48.12097933761662],[-70.86206458893224,48.1210310863185],[-70.86211660228551,48.121068482270154],[-70.86214736509241,48.121105774450285],[-70.86215419588183,48.12111780338689],[-70.86215478787162,48.12112318429475],[-70.8621519195509,48.12112866714721],[-70.86214591341492,48.12113478745628],[-70.86214009233188,48.12114147745817],[-70.86209499420967,48.12119755326458],[-70.86206812110794,48.12124216200159],[-70.86205430771383,48.121281994282356],[-70.86204926457182,48.121312683881385],[-70.86205033087205,48.121336687084494],[-70.86206078636364,48.121358654979815],[-70.86207433565308,48.12137149281847],[-70.86210274128068,48.12138369319984],[-70.8621449603024,48.1213939872131],[-70.86216725199617,48.121405514154816],[-70.86219000811896,48.12142747122657],[-70.86220190810151,48.121455886775784],[-70.86221030195954,48.12147793977379],[-70.86220829242825,48.121501554311415],[-70.8622030884878,48.12150979681933],[-70.86218448797153,48.121528669129134],[-70.86217671395106,48.12153749571402],[-70.86217450499376,48.12154706109418],[-70.86217700680183,48.121556242082384],[-70.86218323122844,48.12156652826536],[-70.86220269322908,48.12159725667307],[-70.86221516004859,48.12161540694575],[-70.86222733311901,48.12163061702168],[-70.86223979095536,48.12164547508585],[-70.86225393133626,48.12166277021021],[-70.86226671885433,48.12168166585098],[-70.86227701085254,48.12170314786536],[-70.86227882275446,48.1217206816392],[-70.86228106315276,48.1217398567051],[-70.86228201536697,48.121755640028915],[-70.86228652041814,48.12178682886998],[-70.8622901397304,48.12180775374727]],[[-70.85785302636884,48.12067871569066],[-70.85775930962684,48.120723979731316],[-70.85765253407554,48.12082324864613],[-70.85759980207004,48.12096732184049],[-70.85754694340211,48.12109340669278],[-70.85750469383765,48.12112415757155],[-70.85737318946323,48.12121986723272],[-70.85717256960913,48.12134641141593],[-70.85713258290087,48.121391507559046],[-70.85711946120952,48.12143651910854],[-70.85714695055555,48.12152637717918],[-70.8572147383252,48.12161610916155],[-70.85729663772965,48.12170654919846],[-70.85737718067803,48.12179549110097],[-70.857391549231,48.121930360859814],[-70.85739248437719,48.122065272241215],[-70.85747370645191,48.122154963104684],[-70.85754149601823,48.12224469458868],[-70.85754211944902,48.12233463579821],[-70.85747557674435,48.12242478673206],[-70.85722121966997,48.1225514976511],[-70.85693955830253,48.12261533272158],[-70.85680541377945,48.12264273238953],[-70.85667114349228,48.12265214345128],[-70.85653674833924,48.12264356591679],[-70.85640229299909,48.12262599467935],[-70.8562678358623,48.12260842283629],[-70.85613337962384,48.122590850987216],[-70.85579754894644,48.12259189079853],[-70.85546171916738,48.122592930010164],[-70.85491021466837,48.122486703042505],[-70.85438557967781,48.12238039010339],[-70.85410317360702,48.12233628907045],[-70.85383420184127,48.12229214602316],[-70.85343046840985,48.12218545729094],[-70.85302679786051,48.122087760335404],[-70.85270403407725,48.12203478517962],[-70.85236790066762,48.12199084456085],[-70.85208543800293,48.12193774457418],[-70.85182971908259,48.12186657351132],[-70.85104845966988,48.121554161818146],[-70.8503471359444,48.12114256287432],[-70.85032630580959,48.1211252909623],[-70.8502930986868,48.12109775675679],[-70.85026592824272,48.12105286784453],[-70.85025188398158,48.12096296816738],[-70.8503184365677,48.12087282246387],[-70.85043878117138,48.120791506313665],[-70.85058617404826,48.12073709118362],[-70.85078735984098,48.120691505124974],[-70.8509886058208,48.120654913073956],[-70.85117598899919,48.12055540455978],[-70.85136337217757,48.12045589345417],[-70.85143053651639,48.120455688361766],[-70.85149776014406,48.12046447735083],[-70.85161926806603,48.120554048073934],[-70.85174077508967,48.12064362043994],[-70.85180806249771,48.12066140224452],[-70.85187528612538,48.120670191198435],[-70.85200979805938,48.12069676194313],[-70.85214430999339,48.12072333327379],[-70.8523463536772,48.12080366185667],[-70.85254160699579,48.12088129115224],[-70.85254839825933,48.12088399091365],[-70.85281742302568,48.12093713216813],[-70.85308626363738,48.12096328899591],[-70.85322059141677,48.12096287581674],[-70.85332830301259,48.12095532884941],[-70.8533548572124,48.12095346864324],[-70.8536230806815,48.12088968367975],[-70.8538913032523,48.120825898037374],[-70.85411494153722,48.12085513008491],[-70.85416020674607,48.12086104713485],[-70.85442917042698,48.120905189612856],[-70.85469770201823,48.120886372844275],[-70.85490161868941,48.12087208185838],[-70.85496623271116,48.12086755486948],[-70.85530236162923,48.12091148805356],[-70.85563842946186,48.12094642600517],[-70.85568831919778,48.12094292867296],[-70.85577269525747,48.12093701583024],[-70.8559069601548,48.12092760565364],[-70.85630963267585,48.12088138590175],[-70.85671230429857,48.12083516550857],[-70.85692691720986,48.120789527964305],[-70.85712809671436,48.12074393055817],[-70.85732952505221,48.1207343110571],[-70.85753101537381,48.120733683789496],[-70.85766471882407,48.120643324796106],[-70.85781210451441,48.12058889991418],[-70.85785252690557,48.12060676269502],[-70.85785302636884,48.12067871569066]]]]}},{"type":"Feature","properties":{"zone_code":"16-AF","prefix":"","kind":"unknown","n_lots":42,"source":"geopdf-claude48-vision","confidence":"contour-auto"},"geometry":{"type":"MultiPolygon","coordinates":[[[[-70.89657274354762,48.10402171299809],[-70.87666246921735,48.10403050959743],[-70.87674378381857,48.102860738233666],[-70.87682543708462,48.101686043828764],[-70.88340811631517,48.101683508032295],[-70.88351031764503,48.0993390594043],[-70.87167423134417,48.09934335611638],[-70.8716980016649,48.0990696748749],[-70.87047021847054,48.09907005103415],[-70.87051237101694,48.09858482368049],[-70.87058214316505,48.097820159967014],[-70.87181217933414,48.09781978199874],[-70.87188706020129,48.096998879359774],[-70.87065704469343,48.09699925733409],[-70.87063866965431,48.09699926453359],[-70.87081469183927,48.09506295572026],[-70.87163315048791,48.09506270312794],[-70.87166284879119,48.094651972542145],[-70.87329975351203,48.09465145115377],[-70.87341719386238,48.09300846538405],[-70.87096191493457,48.09300923939151],[-70.87088644207766,48.094021083962616],[-70.87084441080381,48.09465222393654],[-70.87068726222297,48.09465227193543],[-70.87072964204313,48.09401611601237],[-70.8708572567124,48.092305240005146],[-70.87085870120336,48.092285884750474],[-70.87094919479014,48.09120360553387],[-70.87096391368607,48.091052449551235],[-70.86998186643432,48.0910527447653],[-70.87006179942661,48.090232055104025],[-70.86928883775218,48.09023228251846],[-70.8691341254024,48.09230575121704],[-70.8462186666465,48.09231009291799],[-70.84621706674696,48.09380693787214],[-70.8462161585502,48.0946570754279],[-70.84621455056586,48.09616235662307],[-70.84621365135226,48.09700405580762],[-70.84621203079149,48.09852084176415],[-70.84621114684924,48.09934846873541],[-70.84620951101711,48.10087932369985],[-70.84620864234624,48.10169287974026],[-70.84620700112421,48.10323037882189],[-70.84620613874154,48.10403729120825],[-70.84620459363924,48.10548433571392],[-70.84620363334022,48.10638434606341],[-70.8462019633721,48.10794691694162],[-70.84620110727762,48.10874959911825],[-70.84619956936186,48.110190555490966],[-70.84620213854357,48.11181897638229],[-70.84620584768737,48.11417113069313],[-70.84620570844851,48.11424626782089],[-70.84620149534983,48.116523285286185],[-70.84620145492563,48.11659494953344],[-70.86481143405182,48.11659175476896],[-70.864832379171,48.11657393977002],[-70.86538539104305,48.116173739678956],[-70.86580278335833,48.115740882411245],[-70.8661419863113,48.11514005828846],[-70.86663147471637,48.11424260210035],[-70.86684914998443,48.114242542724284],[-70.86687897944175,48.11424253492743],[-70.86695203672888,48.114105443268045],[-70.86929926809094,48.11410478293275],[-70.86983968558272,48.11289098536548],[-70.87099356348034,48.112013231788346],[-70.87148224789323,48.111437883978226],[-70.87156825888673,48.111183353166275],[-70.88088347127774,48.111591045104234],[-70.88087790621456,48.108754305322094],[-70.872073247722,48.108757420797595],[-70.87214847084726,48.107871102989364],[-70.87227509826803,48.10637903499399],[-70.89657202309877,48.106368760766536],[-70.89657274354762,48.10402171299809]],[[-70.85813373911536,48.11467863268809],[-70.85812124444809,48.11481358650413],[-70.85806845764536,48.11494866531338],[-70.85802847632701,48.1149937610751],[-70.85796156890632,48.11502994752999],[-70.85776041275801,48.115075545209656],[-70.85755894399598,48.11507617254634],[-70.8571557585369,48.11504144831121],[-70.85675257128118,48.11500672345291],[-70.8564837612122,48.114980574387815],[-70.8562150742124,48.114972413597705],[-70.85613473607992,48.11500864025083],[-70.8560948149487,48.115062729187834],[-70.85608169325734,48.11510774148455],[-70.85605866674166,48.115120086093405],[-70.8560265537669,48.11512018565151],[-70.85599798284927,48.115116688522434],[-70.85596932389676,48.1151000413211],[-70.85590665293097,48.115045323287035],[-70.8558526183683,48.115000519648376],[-70.85577184455292,48.11497378642418],[-70.85536865909383,48.11493905672215],[-70.85496566138264,48.11493130735389],[-70.85462932405544,48.11485139781099],[-70.85427930987801,48.11473555100379],[-70.85409059449808,48.11463719454566],[-70.85392843241962,48.11449378492059],[-70.85390126197554,48.11444889803472],[-70.8539009538534,48.114403927143805],[-70.85391407644306,48.114358914830284],[-70.85394062974454,48.11431386109415],[-70.85403532115863,48.11424529201475],[-70.85412773803844,48.11417837038107],[-70.85430141472222,48.11404292009444],[-70.85432796622706,48.11399786608119],[-70.8543142264948,48.11395293737858],[-70.85426019372878,48.11390813218762],[-70.85417942350664,48.11388139839506],[-70.85404511459187,48.11388181223099],[-70.8539106817096,48.11386423739689],[-70.8538700796554,48.113819391344734],[-70.85385634082144,48.113774461286525],[-70.85386946251279,48.113729449621125],[-70.85388258510247,48.11368443731653],[-70.85400216613813,48.113495188483256],[-70.85414873166664,48.11332384445052],[-70.85426899093035,48.11323353060206],[-70.85438943524701,48.11317019967624],[-70.85445677475734,48.11319697462316],[-70.85452398940184,48.11320576185517],[-70.85465811146703,48.11317836495096],[-70.8547922335322,48.113150967432304],[-70.85492654154865,48.11315055359052],[-70.85506103461805,48.113177120427366],[-70.85527654584459,48.11326639737376],[-70.85546538339543,48.1133827405026],[-70.85564091420193,48.11351711235017],[-70.85582987661857,48.11365144246255],[-70.85603208469409,48.11375874748226],[-70.85623429456622,48.113866052877626],[-70.85635560665546,48.11392863684235],[-70.85650372087949,48.113982142749094],[-70.85662472394829,48.11399975712705],[-70.85704033670099,48.11389053397184],[-70.85710755404043,48.1138993198857],[-70.85717483246533,48.113917099226555],[-70.85753834113494,48.11404188970627],[-70.85784850245308,48.11422081048978],[-70.85787244345373,48.11424461848658],[-70.8579837483107,48.114355303695625],[-70.85807870293117,48.114489922498024],[-70.85811962029405,48.11457973874141],[-70.85813373911536,48.11467863268809]]],[[[-70.87388731548822,48.114240426178384],[-70.87388691304298,48.11369213889168],[-70.8729862836987,48.11369243397574],[-70.87298667626246,48.11424072125931],[-70.87388731548822,48.114240426178384]]],[[[-70.87274277557799,48.09120837514696],[-70.87110598134994,48.091208888769856],[-70.87101442775112,48.09230519200402],[-70.87265125701347,48.09230468079208],[-70.87274277557799,48.09120837514696]]]]}},{"type":"Feature","properties":{"zone_code":"13-M","prefix":"","kind":"unknown","n_lots":36,"source":"geopdf-claude48-vision","confidence":"contour-auto"},"geometry":{"type":"MultiPolygon","coordinates":[[[[-70.82584253499303,48.092582223113766],[-70.82562223035613,48.09231723548329],[-70.82523327510945,48.091849383961744],[-70.82499420466625,48.0915618155073],[-70.82500192388949,48.09145501796376],[-70.82472294129823,48.09110790536462],[-70.82450019324375,48.0908302248789],[-70.8244160489494,48.090725068704785],[-70.82431939112314,48.09060427303631],[-70.82428073392153,48.090555961289844],[-70.82412608175885,48.09036268744851],[-70.8240027295956,48.0902099544933],[-70.8241615202968,48.09015426849667],[-70.82452404980275,48.09002713205923],[-70.82443230845605,48.0899046306321],[-70.82406977984841,48.09003176557227],[-70.82405693393984,48.09001461401148],[-70.82469780374163,48.08980069245316],[-70.82450410271187,48.08955924350112],[-70.82435882896074,48.089378154693065],[-70.8251775535107,48.08910485904328],[-70.82500758507241,48.08898179857031],[-70.82492211576302,48.088803548988665],[-70.82485081917388,48.08865485578444],[-70.82468254765315,48.08841203751778],[-70.82465084970005,48.088362919631464],[-70.82447928765046,48.08830213531965],[-70.8244747879892,48.08828425050764],[-70.82469964708459,48.088292666361085],[-70.82495311572515,48.08830215092123],[-70.82569208784417,48.08832980231043],[-70.82564786198611,48.08614318685465],[-70.82527106723346,48.086077587224686],[-70.82490719564447,48.08603017795755],[-70.82484529094162,48.0860221121849],[-70.82424516512786,48.08597340487658],[-70.82383163197501,48.085953040891006],[-70.82295430852247,48.08590983633008],[-70.82175913507125,48.08588442137131],[-70.82172782159707,48.08588375527262],[-70.82172770032449,48.08577852117399],[-70.8217596453143,48.085779200476026],[-70.82296257212475,48.08580477991138],[-70.82310099981508,48.08581159813156],[-70.82310019941617,48.08490970333987],[-70.82303309616275,48.08490639858761],[-70.82175861045509,48.08487929685026],[-70.82175810829686,48.084443311696404],[-70.82178489605865,48.084398333153516],[-70.82178483407488,48.08434437337271],[-70.8217579466001,48.084303162817456],[-70.82254421142557,48.084302747543155],[-70.82254375957298,48.083918985861494],[-70.82175750103573,48.08391939993864],[-70.8217569943859,48.08348178393234],[-70.82274678062385,48.0835113090767],[-70.82273146255162,48.08296208964753],[-70.8225270967228,48.0829559941979],[-70.82243543981771,48.0824045009502],[-70.82161809597835,48.08238011948331],[-70.82161540462577,48.082369108901],[-70.82161268093382,48.08235810071688],[-70.82160992400422,48.08234709793153],[-70.82160713383695,48.08233609814454],[-70.82160431043201,48.082325101955945],[-70.82160145378941,48.08231410996589],[-70.82159856390915,48.08230312097415],[-70.8215956407912,48.08229213738125],[-70.8215926844356,48.082281157386795],[-70.82158969484233,48.082270180390665],[-70.82158667290973,48.08225920819323],[-70.82158361684112,48.08224824019437],[-70.82158052753486,48.08223727639409],[-70.82157740588926,48.082226316192255],[-70.82157425100597,48.08221536018903],[-70.82167148734727,48.08220271721282],[-70.82162832689112,48.08198234772451],[-70.82144586378556,48.081422415059215],[-70.82146194632409,48.08132615536052],[-70.82144054396245,48.081274135619005],[-70.82133082103871,48.08121044843776],[-70.8212794625573,48.08111287582634],[-70.82085403840503,48.08110060226836],[-70.82020355303645,48.081081189983905],[-70.82049217275407,48.081188035476394],[-70.8206159237693,48.081292662620505],[-70.820707001261,48.081420846890836],[-70.82073201574842,48.08150198768696],[-70.82072486426044,48.08165990289015],[-70.82066616025493,48.08182098452795],[-70.82062355675427,48.08195703464844],[-70.82064350474346,48.08204582510354],[-70.820731903459,48.082235080513065],[-70.82079168454453,48.0825017752485],[-70.82084069123654,48.08261811420107],[-70.8208512042203,48.082660394331555],[-70.82087743053502,48.0828334147151],[-70.82089299115239,48.08295162290132],[-70.82091556312051,48.083131772943695],[-70.82091768763617,48.08318628370685],[-70.82093253319455,48.08326524448491],[-70.82094712093645,48.08331911537994],[-70.82095073755379,48.083339431198624],[-70.82096304087992,48.08345809431108],[-70.82096516000568,48.08347853429905],[-70.82098326016033,48.08353410089945],[-70.82102701350456,48.08366841275759],[-70.82102994201237,48.08381555168278],[-70.82110891380732,48.08399494856083],[-70.82125530955425,48.084180453320855],[-70.8212106435217,48.084423245957794],[-70.8211693614428,48.08464911993905],[-70.82111006814246,48.08487108687298],[-70.8210763920991,48.085089653893064],[-70.82105231275791,48.08521105481004],[-70.821050167581,48.085254683625905],[-70.82107313660453,48.08547273233531],[-70.8211030478085,48.085749495406134],[-70.821108664974,48.085807590131964],[-70.8211249981425,48.08597654213582],[-70.82110704620986,48.086133364047946],[-70.82114214428633,48.08618633181109],[-70.82104880214177,48.08626538399738],[-70.8209783041549,48.08624030706205],[-70.8209883715743,48.0864344665156],[-70.82099592101595,48.086482835541176],[-70.82106188610389,48.086491285894056],[-70.8211006484084,48.0867233214076],[-70.82110730761961,48.08688754059519],[-70.82115942338082,48.08706494291062],[-70.82122658861798,48.087352484905175],[-70.82123741331715,48.087452471766724],[-70.82123678988634,48.08753795175318],[-70.82120208617029,48.08766460468863],[-70.82113500178149,48.087770534606314],[-70.82104427014116,48.08791404280375],[-70.82099119228428,48.088015758558214],[-70.82097336521748,48.088092204258736],[-70.82096916289858,48.0881534982717],[-70.82097878475359,48.08825869030724],[-70.82102329447929,48.088360387978355],[-70.82108037702571,48.08848087088642],[-70.82112826262023,48.08857252795647],[-70.8211669512629,48.088635358142476],[-70.82119112582551,48.08866644767604],[-70.82124091045856,48.08870563074656],[-70.82128538065837,48.088741899917544],[-70.82132984995988,48.088778168462845],[-70.82137191357307,48.08883095768632],[-70.82143671893597,48.08893783328583],[-70.82151749364968,48.08908616744116],[-70.82153588935007,48.08914381916094],[-70.8215472736997,48.08922923993159],[-70.8215631262695,48.08928969912111],[-70.821590739583,48.08940889094952],[-70.82162888923651,48.08962385761636],[-70.82164397644169,48.08972457631619],[-70.82167409785148,48.08984123975673],[-70.82173934338888,48.090065753055576],[-70.82189418868936,48.09042412576422],[-70.82193573127967,48.09049020287863],[-70.82218421786366,48.090885446319945],[-70.822187153558,48.090889914147255],[-70.82263475082644,48.09157152207292],[-70.82270494697937,48.091702448025245],[-70.82274259088133,48.091827083039576],[-70.82274959055404,48.0920004073981],[-70.82270285480307,48.09232146858077],[-70.82271116960933,48.09258796041622],[-70.82282592669195,48.09288968210327],[-70.8228575860175,48.09293280459996],[-70.82529966779546,48.093023858529946],[-70.82489606012821,48.09254694486957],[-70.82584253499303,48.092582223113766]]],[[[-70.82517784456485,48.09027762258268],[-70.82503570862902,48.090099018668624],[-70.82494326390145,48.09012863902104],[-70.82429719734573,48.090335435576804],[-70.82443909882129,48.09051408607253],[-70.82517784456485,48.09027762258268]]],[[[-70.8197838475593,48.080939827450294],[-70.81956572852347,48.080555508945295],[-70.81969090336842,48.08059946759176],[-70.81948383900048,48.08021241343793],[-70.81894890931677,48.08002455615527],[-70.81911113248067,48.080355550223445],[-70.81912959196144,48.08040234536324],[-70.81918643465768,48.08054645446533],[-70.81928504362472,48.08068156092058],[-70.81940360597086,48.08077342513746],[-70.8195879537419,48.08086163489233],[-70.8197838475593,48.080939827450294]]]]}},{"type":"Feature","properties":{"zone_code":"14-AF","prefix":"","kind":"unknown","n_lots":47,"source":"geopdf-claude48-vision","confidence":"contour-auto"},"geometry":{"type":"MultiPolygon","coordinates":[[[[-70.87128165588689,48.08756166769871],[-70.87034911748542,48.08756084800399],[-70.86963307037243,48.087560213730676],[-70.86840873221719,48.08754990393822],[-70.86713732683265,48.08754754206474],[-70.86570386626916,48.087543426787974],[-70.86446938972762,48.08753329281254],[-70.86328964753633,48.087526261795844],[-70.86179327076698,48.08751530452118],[-70.86043652363381,48.087511121433955],[-70.8587324419977,48.08750404120845],[-70.85730340114542,48.08750351134666],[-70.85592438926794,48.087490541431876],[-70.85446679905759,48.08748696081308],[-70.85332224028275,48.087476766219424],[-70.85185375081306,48.087463271236246],[-70.85011556823046,48.08747569569399],[-70.8492784165391,48.08746765175052],[-70.8489001629224,48.087435418957455],[-70.84846026152104,48.08732797976845],[-70.84752781923928,48.087070131159905],[-70.8467023456466,48.086863344876924],[-70.84622478956346,48.08676242374776],[-70.84622711799668,48.08527828660605],[-70.84622851847021,48.084385308446095],[-70.82274678062385,48.0835113090767],[-70.8217569943859,48.08348178393234],[-70.82175750103573,48.08391939993864],[-70.82254375957298,48.083918985861494],[-70.82254421142557,48.084302747543155],[-70.8217579466001,48.084303162817456],[-70.82178483407488,48.08434437337271],[-70.82178489605865,48.084398333153516],[-70.82175810829686,48.084443311696404],[-70.82175861045509,48.08487929685026],[-70.82303309616275,48.08490639858761],[-70.82310019941617,48.08490970333987],[-70.82310099981508,48.08581159813156],[-70.82296257212475,48.08580477991138],[-70.8217596453143,48.085779200476026],[-70.82172770032449,48.08577852117399],[-70.82172782159707,48.08588375527262],[-70.82175913507125,48.08588442137131],[-70.82295430852247,48.08590983633008],[-70.82383163197501,48.085953040891006],[-70.82424516512786,48.08597340487658],[-70.82484529094162,48.0860221121849],[-70.82490719564447,48.08603017795755],[-70.82527106723346,48.086077587224686],[-70.82564786198611,48.08614318685465],[-70.82569208784417,48.08832980231043],[-70.82495311572515,48.08830215092123],[-70.82469964708459,48.088292666361085],[-70.8244747879892,48.08828425050764],[-70.82447928765046,48.08830213531965],[-70.82465084970005,48.088362919631464],[-70.82468254765315,48.08841203751778],[-70.82485081917388,48.08865485578444],[-70.82492211576302,48.088803548988665],[-70.82500758507241,48.08898179857031],[-70.8251775535107,48.08910485904328],[-70.82435882896074,48.089378154693065],[-70.82450410271187,48.08955924350112],[-70.82469780374163,48.08980069245316],[-70.82405693393984,48.09001461401148],[-70.82406977984841,48.09003176557227],[-70.82443230845605,48.0899046306321],[-70.82452404980275,48.09002713205923],[-70.8241615202968,48.09015426849667],[-70.8240027295956,48.0902099544933],[-70.82412608175885,48.09036268744851],[-70.82428073392153,48.090555961289844],[-70.82431939112314,48.09060427303631],[-70.8244160489494,48.090725068704785],[-70.82450019324375,48.0908302248789],[-70.82472294129823,48.09110790536462],[-70.82500192388949,48.09145501796376],[-70.82499420466625,48.0915618155073],[-70.82523327510945,48.091849383961744],[-70.82562223035613,48.09231723548329],[-70.82584253499303,48.092582223113766],[-70.82489606012821,48.09254694486957],[-70.82529966779546,48.093023858529946],[-70.8228575860175,48.09293280459996],[-70.82303206938839,48.09316830367451],[-70.82347173992274,48.09348632396439],[-70.8241124902486,48.093992002847095],[-70.82419755890938,48.09410138289168],[-70.82444144342418,48.09441496228951],[-70.82456567952964,48.094822019862924],[-70.82459007328119,48.09501894823611],[-70.82463188177283,48.09535645998105],[-70.82468818458158,48.09557939526387],[-70.82467775244618,48.095746025666514],[-70.8245848432896,48.095917181116896],[-70.82449193323471,48.09608833599752],[-70.82446559013901,48.09616935886053],[-70.8244392470433,48.09625038279577],[-70.82445318170998,48.096331292609634],[-70.82448048690136,48.09640316980634],[-70.82454812824564,48.096483928188476],[-70.82464250974094,48.096546621516175],[-70.82470986901421,48.09658240938561],[-70.8247771707953,48.09660920137427],[-70.82496514147186,48.09660866980636],[-70.82515299896072,48.09659014952154],[-70.82524687111128,48.09657189561409],[-70.82534068576966,48.09654464643303],[-70.82542090442622,48.09649045340982],[-70.82547421404844,48.09642734183745],[-70.82550072602743,48.096373300482156],[-70.82550038556592,48.0963193358658],[-70.82541886255557,48.096166662600254],[-70.82531048800308,48.096014066277554],[-70.82524295984653,48.09595129610412],[-70.82518891360577,48.095897483437774],[-70.82516177819599,48.09585258810847],[-70.82517492144692,48.095807579345056],[-70.82521480305228,48.09574450653273],[-70.82567923115585,48.095491232947616],[-70.82591785603466,48.095455089732155],[-70.8264015251533,48.09544009449909],[-70.82657744133708,48.09544260840435],[-70.82670504971813,48.09546559293245],[-70.82679749175077,48.09551103397835],[-70.82685431917564,48.09554738954607],[-70.82690988985743,48.0956039216678],[-70.82699476987199,48.09574171065453],[-70.82708897978908,48.09588461223544],[-70.82717132655456,48.09603405189784],[-70.82727679685375,48.09620440003177],[-70.82729622471841,48.096229374913825],[-70.8273101198592,48.0962491318626],[-70.82733790564927,48.096288643937484],[-70.82735912834787,48.096318683701504],[-70.82738283758316,48.09635243544247],[-70.8274035473437,48.09637906136027],[-70.82743075461873,48.09641042279678],[-70.8274449659665,48.09642800239989],[-70.82746363834801,48.09645390352012],[-70.82747647078185,48.09647483871455],[-70.82752544154124,48.09656316553434],[-70.82756173707197,48.09662092706464],[-70.82759325356541,48.09669290285032],[-70.82763403528267,48.09680361806334],[-70.82770047827435,48.096992562988795],[-70.82776509588938,48.09714660050509],[-70.8277776812865,48.09717775388828],[-70.82779371172275,48.09723307350524],[-70.8278010033479,48.097252679479354],[-70.82780930378114,48.097275782589506],[-70.82781971795022,48.09730976468504],[-70.82782983837022,48.09733533838545],[-70.82784088136,48.09736588569978],[-70.82784351342377,48.097399336176075],[-70.82784467584375,48.097409032640435],[-70.82785968040396,48.097534163183134],[-70.82785669350562,48.0976148489945],[-70.82781314857054,48.09781970700505],[-70.8278130623323,48.09783697595243],[-70.8278106359827,48.097882644082986],[-70.82780703463672,48.09791458715241],[-70.82780004125223,48.09795495827291],[-70.82778407279976,48.09800614881534],[-70.82777323552415,48.098030086713386],[-70.82767002179297,48.09813498197125],[-70.82754742690949,48.098238963899206],[-70.82738666979616,48.098338346449566],[-70.82723298691565,48.0983910562658],[-70.8270370589623,48.09845039239091],[-70.82692646018116,48.09850003279067],[-70.82689583301985,48.0985473003753],[-70.82691416583818,48.09857941641462],[-70.8269538336445,48.098612187568754],[-70.82695796499647,48.09864067812992],[-70.82694120063664,48.09870695946443],[-70.8269491390488,48.098773169320744],[-70.8270096531596,48.09883131112857],[-70.82709367079151,48.098869227785386],[-70.82715615131447,48.098882449203835],[-70.82730004166004,48.09889480670948],[-70.82733416775937,48.09890123803466],[-70.82744696831129,48.09891187791651],[-70.82753503914175,48.098934295753374],[-70.82761876302453,48.09898241544794],[-70.8276303099692,48.09902545244358],[-70.82763277135308,48.09905793654438],[-70.82762727905342,48.099080620088756],[-70.8276066474463,48.09915353732719],[-70.82763047705583,48.09927704500581],[-70.82768579800597,48.099434666263505],[-70.8276790750144,48.09951165592398],[-70.82766051043072,48.0995924250216],[-70.82764739682422,48.09962196071511],[-70.82754129231444,48.099747712795725],[-70.82744514293462,48.099832144071804],[-70.82732379401448,48.099898227094656],[-70.82721883485668,48.099949325113556],[-70.82718326516469,48.09995800842412],[-70.82714534727654,48.09996705108807],[-70.82710733416698,48.09997586697895],[-70.8270691908017,48.09998442850042],[-70.82703087675652,48.09999270745608],[-70.82699235430219,48.10000067564973],[-70.82695358660779,48.10000830428505],[-70.8269145673851,48.100015592162435],[-70.82687539724546,48.10002261127289],[-70.82683619835971,48.10002944920539],[-70.82679708840719,48.100036195348615],[-70.8267581913554,48.10004293669157],[-70.82671962757857,48.100049759623246],[-70.82668151116275,48.1000567505326],[-70.8266438169551,48.10006387342419],[-70.82660633834313,48.100070951920436],[-70.82656885883286,48.100077793446026],[-70.82653116642184,48.10008421382459],[-70.82649304012456,48.10009002408056],[-70.82645426793857,48.10009503463837],[-70.82641463516657,48.10009906012212],[-70.82637392261955,48.100101909756475],[-70.82633191739689,48.1001033981654],[-70.8262884021062,48.100103333973635],[-70.82624316294849,48.10010153120504],[-70.82619625112774,48.10009805285131],[-70.82614883714871,48.10009400936984],[-70.82610237987548,48.100090781183546],[-70.82605834266363,48.10008975051562],[-70.82601818437716,48.10009229898903],[-70.82598336567676,48.1000998100259],[-70.82595813289873,48.1001147871021],[-70.82594771872965,48.10012609324692],[-70.82591576655331,48.10015974650083],[-70.82590240591007,48.100183541214626],[-70.82591406334753,48.10020628905388],[-70.82594428806357,48.1002274524903],[-70.82598365762921,48.100246387210376],[-70.8260235059969,48.10026257128521],[-70.82606122176412,48.10027644325954],[-70.82609708251026,48.100288898817126],[-70.8261313855777,48.10030084203944],[-70.82616442651216,48.100313172207706],[-70.82619650355431,48.10032678980218],[-70.82622789248697,48.100342577904364],[-70.82625809384683,48.10036064809733],[-70.82628614194495,48.100380185087786],[-70.82631266021214,48.10040056255808],[-70.82633858109965,48.10042120458471],[-70.82637559977421,48.10044940438247],[-70.82639234347279,48.100461031410255],[-70.82642140756548,48.10048018381476],[-70.82645134931222,48.100499776552205],[-70.82648073051021,48.100520068786714],[-70.82650806983757,48.10054128068734],[-70.82653188866733,48.10056363422242],[-70.82655070477927,48.1005873543595],[-70.82656303595319,48.10061266246606],[-70.8265681033497,48.10063961733163],[-70.82657712423178,48.100665499532454],[-70.82660169135816,48.10068750806174],[-70.82663239846953,48.100707739030746],[-70.82665703207125,48.10072893825567],[-70.82666409103274,48.10075372016676],[-70.82666162605561,48.10077561887377],[-70.82666099813322,48.100781196284544],[-70.82666690635286,48.100807942291404],[-70.82667977292266,48.100833558045466],[-70.8266961959227,48.10085825891772],[-70.82671476499793,48.100882368862884],[-70.82673413896367,48.10090621903412],[-70.82675297753349,48.100930133984974],[-70.82676994131931,48.10095444306758],[-70.82678371249261,48.10097946783459],[-70.82679359845231,48.10100534206549],[-70.82679963602934,48.10103197997156],[-70.82680191236027,48.101059283765906],[-70.82680050200527,48.101087157461734],[-70.82679654492644,48.10111532089953],[-70.82679591700408,48.101142666643376],[-70.8268058290149,48.10116786289322],[-70.8268259764301,48.10119127259787],[-70.8268371784217,48.101217197714526],[-70.82683869567622,48.10124438682775],[-70.82683527848488,48.10127141935032],[-70.82683113365815,48.10129833127688],[-70.82683044465033,48.10132521739334],[-70.82683737515273,48.10135216828582],[-70.82684531086996,48.10137857024826],[-70.82682999728932,48.101402938509665],[-70.82681111021046,48.10142778968508],[-70.82680212885425,48.10145412741865],[-70.8268016671202,48.10148098765758],[-70.82680435038795,48.10150794626718],[-70.82680215670202,48.10153499124913],[-70.8267903007369,48.1015611825507],[-70.82676893071461,48.10158417154233],[-70.82674085746366,48.10160353949436],[-70.82671291896001,48.101622917637485],[-70.82668671420485,48.10164321722741],[-70.8266620608402,48.101664341678415],[-70.82663075365424,48.101690278554564],[-70.8266083927902,48.10171133039778],[-70.82656173788759,48.10174053132734],[-70.82646223150357,48.101827068589],[-70.82642549400171,48.10188235380808],[-70.82638070310334,48.10198929646673],[-70.82636355516287,48.10201981042089],[-70.82615655457532,48.10217226233969],[-70.82611585011317,48.10224641878148],[-70.82608505676355,48.1024200973508],[-70.82596056194326,48.10265755541569],[-70.82583176778604,48.10276400035099],[-70.82571870312943,48.10285744663271],[-70.82544924088354,48.103002343463395],[-70.82533504075643,48.10320851655388],[-70.8250744799167,48.10331287394647],[-70.8249935246416,48.10332038571253],[-70.82491101707768,48.10332989689531],[-70.82597776737589,48.10340210504199],[-70.82606605649697,48.10332690406732],[-70.82631698021034,48.1033909897811],[-70.82654555294113,48.1034493651201],[-70.82654052147721,48.10345885048402],[-70.82653552684424,48.10346834424461],[-70.82653056634723,48.10347784520201],[-70.82652564178284,48.10348735515595],[-70.82652075225276,48.10349687350647],[-70.82651589865527,48.103506400253565],[-70.82651107919378,48.10351593419755],[-70.8265062965632,48.10352547653811],[-70.8265015480686,48.10353502727522],[-70.82649683640496,48.10354458520918],[-70.82649215977557,48.103554151539726],[-70.82641988671772,48.10393232700977],[-70.82604610311787,48.10484899346791],[-70.82751062562726,48.10489527023331],[-70.84620459363924,48.10548433571392],[-70.84620613874154,48.10403729120825],[-70.84620700112421,48.10323037882189],[-70.84620864234624,48.10169287974026],[-70.84620951101711,48.10087932369985],[-70.84621114684924,48.09934846873541],[-70.84621203079149,48.09852084176415],[-70.84621365135226,48.09700405580762],[-70.84621455056586,48.09616235662307],[-70.8462161585502,48.0946570754279],[-70.84621706674696,48.09380693787214],[-70.8462186666465,48.09231009291799],[-70.84621958472471,48.09145151982431],[-70.84622117564108,48.089963110691464],[-70.8462221009058,48.08909610129346],[-70.84622367834746,48.08762069888505],[-70.86111643960774,48.087618399421984],[-70.86179205085482,48.087620480460075],[-70.8632880925526,48.08763143591214],[-70.86446772964096,48.0876384657143],[-70.86570256730523,48.087648603269436],[-70.86713677257212,48.08765272033797],[-70.86840789678398,48.08765508220662],[-70.86963286196328,48.08766548258831],[-70.87127141868594,48.08766692875243],[-70.87128165588689,48.08756166769871]],[[-70.82517784456485,48.09027762258268],[-70.82443909882129,48.09051408607253],[-70.82429719734573,48.090335435576804],[-70.82494326390145,48.09012863902104],[-70.82503570862902,48.090099018668624],[-70.82517784456485,48.09027762258268]]]]}},{"type":"Feature","properties":{"zone_code":"7-1-Rt","prefix":"","kind":"unknown","n_lots":27,"source":"geopdf-claude48-vision","confidence":"contour-auto"},"geometry":{"type":"MultiPolygon","coordinates":[[[[-70.84625230585894,48.06917374502811],[-70.8342465996661,48.068651592084954],[-70.83422425227677,48.0686506178144],[-70.83426892549585,48.06869399054521],[-70.83406379969232,48.068787825303],[-70.83374291428629,48.06893461480213],[-70.83334915215454,48.068689230249745],[-70.83289745138191,48.068874550687354],[-70.83264207831294,48.06906038430168],[-70.83239358813569,48.06927292562932],[-70.83235215513983,48.06929830437429],[-70.8325879682918,48.06949359627359],[-70.83238050237695,48.06995015349238],[-70.83211636893732,48.07017450390267],[-70.83192841173548,48.07024962850971],[-70.83173512123578,48.0703003105903],[-70.83151389043582,48.07035831771654],[-70.83105348319145,48.07038341620061],[-70.83038356995822,48.07035795215212],[-70.82969571287718,48.07033180198202],[-70.82901695034006,48.07030599395296],[-70.82765033341687,48.07025401949401],[-70.82771116642961,48.06953563387244],[-70.82758652608224,48.06954453781925],[-70.82560482100592,48.069462368492346],[-70.82494543153622,48.069400133776426],[-70.82493787939963,48.06939943384855],[-70.82493033265293,48.0693987105097],[-70.82492279039782,48.06939796375984],[-70.82491525353257,48.069397193599045],[-70.82490772115891,48.06939640002723],[-70.82490019597178,48.06939558304445],[-70.82489267527622,48.06939474265069],[-70.82488516176718,48.06939387884594],[-70.82487765364803,48.069392991630224],[-70.8248701518171,48.06939208160382],[-70.82486265537605,48.0693911475661],[-70.82485516612154,48.069390190717684],[-70.82484768495185,48.06938921105858],[-70.82484020827376,48.06938820798849],[-70.82483273968046,48.06938718090708],[-70.82482527827372,48.069386131015015],[-70.8248178249518,48.06938505771192],[-70.8248103779181,48.069383962198415],[-70.82480293986755,48.06938284207333],[-70.82479550810518,48.0693816997378],[-70.824788085326,48.06938053399127],[-70.82478067063165,48.06937934603433],[-70.82477326312382,48.06937813406609],[-70.82476586549745,48.069376899887416],[-70.82475847505762,48.069375642297715],[-70.82475109539754,48.06937436189727],[-70.82474372382232,48.06937305808585],[-70.82473636033195,48.06937173206398],[-70.82239436614798,48.06928019205069],[-70.82222171983184,48.06936498309828],[-70.82166332076302,48.06963650776198],[-70.82140250300512,48.070026849343684],[-70.82139401841727,48.07003957814995],[-70.8213855679654,48.07005231775795],[-70.82137715164947,48.07006506696716],[-70.82136876946957,48.07007782697817],[-70.82136042232395,48.07009059599008],[-70.821352108416,48.070103375803754],[-70.82134383044064,48.07011616581889],[-70.82133558570297,48.07012896543518],[-70.82132737599959,48.07014177465268],[-70.82131919953387,48.070154594671905],[-70.82131105900076,48.07016742369199],[-70.82130295170532,48.070180262313215],[-70.8212948794442,48.0701931111359],[-70.82128684221735,48.07020597015999],[-70.82127883822817,48.070218838184964],[-70.82127087017159,48.07023171641127],[-70.821262936251,48.07024460423874],[-70.82125503556807,48.07025750106706],[-70.82124717171608,48.070270408096754],[-70.82123934200006,48.07028332412724],[-70.82123154552171,48.070296249158574],[-70.82122378587428,48.070309183790975],[-70.82121606036286,48.07032212802447],[-70.82120836898739,48.07033508185902],[-70.8212007117479,48.07034804469439],[-70.82119309133934,48.07036101653051],[-70.82118550506678,48.07037399796766],[-70.82117795293019,48.0703869884056],[-70.82117043582788,48.07039998784433],[-70.82116295375988,48.07041299688406],[-70.82115550672617,48.07042601372405],[-70.82114809472677,48.07043904076527],[-70.82114071955829,48.07045207560668],[-70.82113337762748,48.07046511944885],[-70.82112606983263,48.07047817229175],[-70.8211187979704,48.070491234135346],[-70.8211115620408,48.07050430497967],[-70.82110436024716,48.07051738422439],[-70.82109719438613,48.07053047186955],[-70.82109006355941,48.07054356911569],[-70.82108296776698,48.07055667416198],[-70.82107590611054,48.070569788208914],[-70.8210688803867,48.07058291065626],[-70.82106189059547,48.07059604090378],[-70.82105493583853,48.07060918075215],[-70.8210480161159,48.070622327800415],[-70.82104113142756,48.07063548384933],[-70.82103428267183,48.07064864769831],[-70.82102746984873,48.07066182054794],[-70.82102069026327,48.070675000597426],[-70.82101394840707,48.0706881896475],[-70.82100724068685,48.07070138649765],[-70.82100056979753,48.07071459114786],[-70.82099393214591,48.070727804198384],[-70.8209873313252,48.070741025048996],[-70.8209807664371,48.07075425429994],[-70.8209742365833,48.070767491350935],[-70.82096774266212,48.07078073500141],[-70.82096128377522,48.07079398825275],[-70.82095486082095,48.070807248103556],[-70.82094847379926,48.0708205157544],[-70.82094212181191,48.07083379180552],[-70.82093580575713,48.07084707505638],[-70.82092952563498,48.07086036610729],[-70.82092328054713,48.07087366495815],[-70.82091707139189,48.070886971008775],[-70.82091089906757,48.07090028365883],[-70.82090476177754,48.07091360470915],[-70.82089865952182,48.07092693355944],[-70.82089259409702,48.07094026840892],[-70.82088656460483,48.07095361165859],[-70.82088057104527,48.070966961507715],[-70.82087461162168,48.070980319156845],[-70.82086868992732,48.07099368340531],[-70.82086280416557,48.07100705545378],[-70.82085695343812,48.07102043410163],[-70.82085113864329,48.07103381994913],[-70.82071116225741,48.07132517916526],[-70.8207005819,48.071383603516175],[-70.82057656947502,48.07167166475345],[-70.82030636611903,48.07166151624618],[-70.81994839107156,48.0722874413596],[-70.81987327304918,48.072303503380496],[-70.81976738413508,48.07234643185131],[-70.8196708421915,48.072381778574346],[-70.81958742643083,48.07243489735382],[-70.81946312564665,48.07245206258006],[-70.81919616970042,48.07248409767776],[-70.81919589301931,48.072491278410894],[-70.81919461471665,48.072503050417275],[-70.81919323670101,48.07251279179254],[-70.81919129634,48.07252284049127],[-70.81918983837429,48.07253204344333],[-70.81918951947237,48.07254592409938],[-70.81919095947177,48.07256342302442],[-70.81919416915228,48.072577493949396],[-70.81920116523172,48.07260361236588],[-70.81922518708073,48.07270908950484],[-70.81925586095441,48.07285634501082],[-70.81927532564998,48.07296481322611],[-70.81928903124627,48.07307348409334],[-70.81929484604112,48.073178581519535],[-70.8192982605375,48.073258181904286],[-70.81929865220297,48.0733076125318],[-70.81929060419634,48.07344349729338],[-70.81928741697371,48.07350738496389],[-70.81928605961933,48.073583504692685],[-70.81928902765303,48.07362226948724],[-70.81929874832271,48.07368718933348],[-70.8193061127114,48.07374450897945],[-70.81931559442923,48.07397929401511],[-70.81931804323669,48.074009580899954],[-70.81931765336786,48.07403042379331],[-70.81928734690511,48.07421700287602],[-70.81927658598633,48.074265941598874],[-70.81922439297,48.07445324969787],[-70.81921461929973,48.07449972368569],[-70.81918805162518,48.07457536417069],[-70.81912972940368,48.07472093672347],[-70.81908701451192,48.07480743663093],[-70.81901664678078,48.07493857392028],[-70.81892105345813,48.075077199157995],[-70.81885243205188,48.07515638125754],[-70.81871832435975,48.075325307624404],[-70.81861712195648,48.07545447730406],[-70.81853541029992,48.07561048560124],[-70.81845008292434,48.075767942925054],[-70.81840658829492,48.07591729699779],[-70.81840044292005,48.07595719502128],[-70.8183935869778,48.07599692675726],[-70.81838525690019,48.07603640037495],[-70.81837469361075,48.07607552464401],[-70.8183611371348,48.07611420533339],[-70.81834382120938,48.076152352413736],[-70.81832229847348,48.07618990826684],[-70.81829983879474,48.076227272028],[-70.81828215545839,48.07626513693],[-70.81827603703299,48.07628969835434],[-70.81827482430737,48.07630417939779],[-70.8182750390047,48.07634413654112],[-70.81827432394574,48.07638406604422],[-70.81827250216234,48.07642391208864],[-70.81827009827066,48.076463692080296],[-70.81826764676823,48.07650342582594],[-70.81826567766113,48.076543130731466],[-70.81826471915873,48.07658282720352],[-70.81826530665691,48.076622534448504],[-70.81826796297521,48.07666226326992],[-70.81827312738977,48.07670190863339],[-70.81828100202156,48.07674130068383],[-70.81829082420087,48.07678048743735],[-70.81830147372858,48.076819597336105],[-70.81831183220211,48.07685876422361],[-70.81832078211728,48.07689811293995],[-70.81832720327493,48.07693777852828],[-70.8183300626125,48.076977878625655],[-70.81833053782128,48.07701822116942],[-70.81833219251804,48.07705828339199],[-70.81833871338868,48.077097525721896],[-70.81835365686342,48.077135426595035],[-70.81837642735925,48.07717212645906],[-70.81840136369321,48.07720856521417],[-70.81842332211203,48.077245599931864],[-70.81844225230999,48.07728326782254],[-70.81846003985093,48.07732128979703],[-70.81847747435397,48.07735950440384],[-70.81849225253873,48.077398083296394],[-70.81850153932213,48.07743725154403],[-70.8185054523835,48.077476964131485],[-70.81850686363681,48.07749008481744],[-70.81850972207606,48.07751666708531],[-70.81851603453755,48.07755621396009],[-70.81852301534563,48.07759575540283],[-70.81852945357126,48.07763539824645],[-70.818534692546,48.07767512388502],[-70.8185381537548,48.07771489390654],[-70.81853926227585,48.07775466989917],[-70.81853744228908,48.07779441045022],[-70.81853260396296,48.07783409515356],[-70.8185257929365,48.0778737300112],[-70.8185182174437,48.07791333182825],[-70.8185110830237,48.07795291320869],[-70.81850559970722,48.07799248855682],[-70.81850289757483,48.07803898275498],[-70.81850413904655,48.07807168057425],[-70.81850818775354,48.07811132305115],[-70.81851343032154,48.078151015312365],[-70.81851818420603,48.07819076876124],[-70.81852076057427,48.07823059660145],[-70.8185203518408,48.07827048622911],[-70.81851947957668,48.0783103302124],[-70.81852145676862,48.07834999411179],[-70.81852885170002,48.07838938309984],[-70.81853932336129,48.078428625614826],[-70.81854852929632,48.0784679497237],[-70.81855275137816,48.07850754448149],[-70.81855290139681,48.07854735947278],[-70.81855196804723,48.07858909198928],[-70.81855214950693,48.07859798116577],[-70.81855254207069,48.07860915280165],[-70.8185524360695,48.07861826463911],[-70.81855275676804,48.07862841897642],[-70.81855305680537,48.07863741557714],[-70.81855287265073,48.07864723201309],[-70.81855339367358,48.078665091967984],[-70.81855347811522,48.0786731006775],[-70.8185537763559,48.07868564789332],[-70.81855381318681,48.07869095282117],[-70.81855367035469,48.078702497744274],[-70.81855411861402,48.07871251942681],[-70.81855434948106,48.078714316343465],[-70.81855580295517,48.07872499941369],[-70.81855757173797,48.078737847303195],[-70.81855871978492,48.07874683428204],[-70.81856002863027,48.07875619816736],[-70.81856169770008,48.07876633507248],[-70.81856315297084,48.07877577397571],[-70.81856497565256,48.07878582085121],[-70.81856709567663,48.07880048424444],[-70.81856782061705,48.07880549987777],[-70.81856938278733,48.07881491776786],[-70.81857097819527,48.07882499224356],[-70.81857100514473,48.07883485365656],[-70.81857038979877,48.07884474207537],[-70.81856923097206,48.0788546520984],[-70.81856762568263,48.07886457472313],[-70.81856567364352,48.07887450574835],[-70.81856347277107,48.0788844367716],[-70.81856112098166,48.07889436239146],[-70.81855871619165,48.07890427360528],[-70.81855635901235,48.07891416561174],[-70.81855414556348,48.07892403060863],[-70.81855217645638,48.078933862594305],[-70.81855054781077,48.0789436531664],[-70.81854935933966,48.078953396323215],[-70.81854870895938,48.07896308726338],[-70.81854869548465,48.078972715183944],[-70.81854941683183,48.07898227708411],[-70.81855007709355,48.07898698421267],[-70.81855096822233,48.07899176396127],[-70.8185533595376,48.07900117821628],[-70.8185565153192,48.07901052645091],[-70.81856035741367,48.079019815267095],[-70.81856480676927,48.07902905486782],[-70.81856978792753,48.079038251854854],[-70.81857522183668,48.079047415230804],[-70.81858102854667,48.0790565509974],[-70.81858713349735,48.07906566875728],[-70.81859345314537,48.07907477571252],[-70.81859991472722,48.07908387966533],[-70.8186064373945,48.079092989018044],[-70.81861294479042,48.07910211157281],[-70.81861935516828,48.07911125453169],[-70.81862559576454,48.079120426296996],[-70.81863158303591,48.0791296346709],[-70.81863724421883,48.07913888745554],[-70.8186425433807,48.07914818825192],[-70.81864750118275,48.07915753525954],[-70.81865214187951,48.079166925477466],[-70.81865648882717,48.07917635650507],[-70.81866056268699,48.07918582654179],[-70.81866439040843,48.07919533198664],[-70.81866799444934,48.07920487103902],[-70.818671395471,48.07921444429917],[-70.81867462132118,48.079224043964864],[-70.81867769266114,48.07923367183663],[-70.81868063284706,48.07924332371322],[-70.81868346523515,48.079252998994455],[-70.81868621587655,48.07926269167873],[-70.81868890453418,48.079272403566456],[-70.81869155636093,48.0792821310567],[-70.81869419650955,48.079291869948214],[-70.818696844743,48.07930161844058],[-70.8187905498069,48.07953316544646],[-70.81883503976968,48.07967904565874],[-70.81884560395741,48.079727089748275],[-70.81885063721795,48.07974810737286],[-70.81894890931677,48.08002455615527],[-70.81948383900048,48.08021241343793],[-70.81969090336842,48.08059946759176],[-70.81956572852347,48.080555508945295],[-70.8197838475593,48.080939827450294],[-70.81992721239043,48.080980941075836],[-70.82002420438998,48.08101514159064],[-70.82020355303645,48.081081189983905],[-70.82085403840503,48.08110060226836],[-70.8212794625573,48.08111287582634],[-70.82133082103871,48.08121044843776],[-70.82144054396245,48.081274135619005],[-70.82146194632409,48.08132615536052],[-70.82144586378556,48.081422415059215],[-70.82162832689112,48.08198234772451],[-70.82167148734727,48.08220271721282],[-70.82157425100597,48.08221536018903],[-70.82157740588926,48.082226316192255],[-70.82158052753486,48.08223727639409],[-70.82158361684112,48.08224824019437],[-70.82158667290973,48.08225920819323],[-70.82158969484233,48.082270180390665],[-70.8215926844356,48.082281157386795],[-70.8215956407912,48.08229213738125],[-70.82159856390915,48.08230312097415],[-70.82160145378941,48.08231410996589],[-70.82160431043201,48.082325101955945],[-70.82160713383695,48.08233609814454],[-70.82160992400422,48.08234709793153],[-70.82161268093382,48.08235810071688],[-70.82161540462577,48.082369108901],[-70.82161809597835,48.08238011948331],[-70.82243543981771,48.0824045009502],[-70.8225270967228,48.0829559941979],[-70.82273146255162,48.08296208964753],[-70.82274678062385,48.0835113090767],[-70.84622851847021,48.084385308446095],[-70.84623081366576,48.08292048790454],[-70.84623220605444,48.08202993356116],[-70.84623448238538,48.08057401219963],[-70.8462358882488,48.079674562453725],[-70.84623772799851,48.07849802450535],[-70.84623814930838,48.07822753449222],[-70.84623958122293,48.07731168377438],[-70.84624182431621,48.07587782028773],[-70.84624327150212,48.07495146116918],[-70.84624549752739,48.07352810561311],[-70.84624663569285,48.07280027287788],[-70.84624917163691,48.07117839888574],[-70.84625230585894,48.06917374502811]],[[-70.84424991527655,48.075073998211444],[-70.84423685467064,48.07512800252903],[-70.84423721399675,48.075181967776096],[-70.8441448887451,48.075425091586084],[-70.84394501359439,48.07564155479792],[-70.8438514262098,48.075695800403565],[-70.84373093697735,48.07574113287539],[-70.84358354499878,48.07577755103652],[-70.84340931135955,48.07581404959956],[-70.8431677921089,48.07582376573955],[-70.842912912215,48.07584251497956],[-70.84275227817083,48.07590595431911],[-70.8425917034155,48.07597838824532],[-70.84243088880997,48.07601484525181],[-70.84225659318697,48.07604234719375],[-70.84200177168357,48.07607008920236],[-70.8417469501802,48.076097831195995],[-70.84161395909395,48.07611642188258],[-70.84138435958882,48.076118416956845],[-70.84125742584253,48.076050338305436],[-70.84109278890546,48.07594929872748],[-70.84107562479534,48.07594514170885],[-70.84086371311811,48.075851714937095],[-70.8406286383813,48.075788534219754],[-70.8404387210555,48.07572675791015],[-70.84015260314597,48.07567934090347],[-70.83984975231759,48.0756037914725],[-70.83973438348227,48.075612203398634],[-70.83966854954836,48.07561376514175],[-70.83970237201713,48.07550183869843],[-70.8396886763023,48.07537661552832],[-70.83971699030175,48.075329577533005],[-70.83978563326755,48.075257161900176],[-70.84006225508625,48.07503250172941],[-70.84023530294931,48.074816124787574],[-70.8402005543175,48.07473370398306],[-70.84016713159905,48.07465442879919],[-70.84005869865602,48.07449285114664],[-70.84004409204952,48.0743130069764],[-70.84008322805317,48.07414199870389],[-70.84012307462424,48.07407892032658],[-70.84018988143362,48.07403375145271],[-70.8403503942052,48.07395232637392],[-70.84051120342085,48.073915872707836],[-70.84071251138444,48.073915275480445],[-70.84091381934803,48.07391467885329],[-70.8410748064301,48.073905206645875],[-70.8412358536993,48.07390472886383],[-70.84165111610906,48.07378656831551],[-70.84205289660304,48.07365945144215],[-70.84229446526103,48.07365873236476],[-70.84253603391902,48.0736580126872],[-70.84271020108295,48.073612520518985],[-70.84288442843399,48.0735760239957],[-70.84305889473688,48.07357550299389],[-70.84322005968538,48.07359301057231],[-70.84330076163555,48.07361975271463],[-70.84338146358573,48.0736464942428],[-70.84346222662136,48.07368223022313],[-70.84354298786035,48.07371796617863],[-70.84362357123291,48.073726719944375],[-70.8437172753985,48.073690462394055],[-70.84390450316835,48.073590964380415],[-70.84402522686105,48.07358160855846],[-70.8441194098287,48.073617303768096],[-70.84418693169702,48.073680062187826],[-70.84424241434392,48.07394972618572],[-70.84424415438065,48.07421055705922],[-70.84424703527775,48.074642276745486],[-70.8442486190076,48.07487961701129],[-70.84424991527655,48.075073998211444]]]]}},{"type":"Feature","properties":{"zone_code":"15-AF","prefix":"","kind":"unknown","n_lots":32,"source":"geopdf-claude48-vision","confidence":"contour-auto"},"geometry":{"type":"MultiPolygon","coordinates":[[[[-70.89667297127882,48.07116284373394],[-70.8723035542013,48.071173124997095],[-70.87230542269708,48.070912012810226],[-70.87232689243237,48.06945291347372],[-70.87234453354792,48.068823407382055],[-70.87234801092637,48.06869930190588],[-70.87234488299256,48.06817229856384],[-70.87230944445461,48.06774645616462],[-70.87227806091184,48.06756921714067],[-70.87227583847982,48.0672980705681],[-70.8722475487349,48.06705299337478],[-70.87227630919705,48.06677139745667],[-70.87226738263806,48.066461324041136],[-70.87211046222927,48.066461354056926],[-70.87211931243147,48.066768815515296],[-70.87209024115222,48.06705345921424],[-70.87211897646155,48.06730242038315],[-70.87212121596156,48.06757572321936],[-70.87215306393331,48.06775559033602],[-70.8721880039063,48.06817543810932],[-70.87219110848392,48.06869852393082],[-70.87218760685093,48.06882345720599],[-70.87217000705787,48.069451406769474],[-70.87214852025461,48.07091124207177],[-70.87214664547061,48.07117317481872],[-70.87214198501093,48.07182424387037],[-70.87210444261856,48.07225695117755],[-70.87205173396926,48.07308234301037],[-70.8721076594856,48.07352288898745],[-70.84624549752739,48.07352810561311],[-70.84624327150212,48.07495146116918],[-70.84624182431621,48.07587782028773],[-70.84623958122293,48.07731168377438],[-70.84623814930838,48.07822753449222],[-70.84623772799851,48.07849802450535],[-70.8462358882488,48.079674562453725],[-70.84623448238538,48.08057401219963],[-70.84623220605444,48.08202993356116],[-70.84623081366576,48.08292048790454],[-70.84622851847021,48.084385308446095],[-70.84622711799668,48.08527828660605],[-70.87190798016762,48.0852731179792],[-70.87158964238374,48.08600853640829],[-70.87147300063567,48.08629447128279],[-70.87144682732156,48.086380849118],[-70.87109039557976,48.0863600250298],[-70.87098138771498,48.08638371151433],[-70.87088796292542,48.08642215222156],[-70.87078872334105,48.08648598537105],[-70.8705872366127,48.086790092166964],[-70.87054983795079,48.086962796221165],[-70.8705313883515,48.08702632986206],[-70.86981534932337,48.087025697982476],[-70.86963307037243,48.087560213730676],[-70.87034911748542,48.08756084800399],[-70.87128165588689,48.08756166769871],[-70.87127141868594,48.08766692875243],[-70.87119430101372,48.08834486922399],[-70.87111018905873,48.0894407384754],[-70.87044386639168,48.08935822349034],[-70.8703798973603,48.089493488615766],[-70.87031464733133,48.089601316310855],[-70.87022455169821,48.08969650684587],[-70.87017199935579,48.089770438265866],[-70.87009469752894,48.08995849037319],[-70.87107047094675,48.0899581963529],[-70.87104383230532,48.0902317592852],[-70.87006179942661,48.090232055104025],[-70.86998186643432,48.0910527447653],[-70.87096391368607,48.091052449551235],[-70.87094919479014,48.09120360553387],[-70.87085870120336,48.092285884750474],[-70.8708572567124,48.092305240005146],[-70.87072964204313,48.09401611601237],[-70.87068726222297,48.09465227193543],[-70.87084441080381,48.09465222393654],[-70.87088644207766,48.094021083962616],[-70.87096191493457,48.09300923939151],[-70.87101442775112,48.09230519200402],[-70.87110598134994,48.091208888769856],[-70.87274277557799,48.09120837514696],[-70.87265125701347,48.09230468079208],[-70.89121533492357,48.092297245418216],[-70.89121289779422,48.089951348680366],[-70.89121046425812,48.08760786101496],[-70.89120803251863,48.08526545415219],[-70.8965785188166,48.08526274591836],[-70.89657924555365,48.08290495310585],[-70.89657955277748,48.082768610230794],[-70.8965844917149,48.08057547956842],[-70.89657264652958,48.078211581752456],[-70.89660608631604,48.07586228816386],[-70.89663953059406,48.073512563176216],[-70.89667297127882,48.07116284373394]],[[-70.8957184376276,48.08013398391304],[-70.89567858566666,48.080188086746475],[-70.89562517273816,48.0802242484946],[-70.895571760708,48.08026040901693],[-70.89553197701902,48.08032350682299],[-70.89549219333003,48.08038660395156],[-70.89542570362595,48.080467782388105],[-70.89538571242613,48.08050389712776],[-70.8953585922877,48.08046801344668],[-70.89533126553678,48.08040514687668],[-70.8952773010427,48.08036935495015],[-70.89522333654864,48.08033356299873],[-70.89520970820747,48.080306626895165],[-70.89523634505227,48.08027955214184],[-70.8951690971701,48.08026179537387],[-70.89510191755988,48.08025303131698],[-70.89490051706983,48.08024472937777],[-70.89468569485109,48.08023647364915],[-70.89457811171435,48.080209859778044],[-70.89448381286402,48.08016521182002],[-70.8944028674704,48.08011152307033],[-70.89434862988851,48.08003975573588],[-70.8943210291514,48.07994091216947],[-70.89429349668626,48.0798510636013],[-70.89419816926494,48.07967150343125],[-70.89412968440261,48.079491850809426],[-70.89411536974856,48.07937497364061],[-70.89411440675458,48.07924905590196],[-70.89413987668783,48.07906908191515],[-70.89415192399412,48.078889153511874],[-70.89411131565168,48.07884432075528],[-70.89405735295426,48.07880852894319],[-70.89401640145539,48.07871872641114],[-70.89398887078688,48.07862887690881],[-70.89390696689085,48.07844927106081],[-70.89383841734985,48.07826062470794],[-70.89381206527098,48.07821343810425],[-70.89374316089543,48.07809005868415],[-70.89366132796631,48.07791944648099],[-70.8936201024813,48.077793666823155],[-70.89363263218287,48.077676697569196],[-70.89365878932732,48.07758666379061],[-70.89371178813245,48.077496539226225],[-70.89380518866749,48.07742426468646],[-70.89389852003224,48.07734299502016],[-70.89389810860385,48.0772890302391],[-70.89389762710685,48.077226071556446],[-70.89393651787044,48.077046051480266],[-70.89397540773572,48.0768660313744],[-70.89401443504325,48.07670399911611],[-70.89414761657234,48.076568627731135],[-70.89420123252006,48.07655944830855],[-70.89425498591002,48.07656825860964],[-70.89445623458482,48.076558573220304],[-70.8946572074768,48.07651291135967],[-70.89468377425302,48.07647684363482],[-70.8946969201989,48.07644082089962],[-70.89474998547935,48.07635968952653],[-70.8948434515914,48.07629640739879],[-70.89489713581109,48.07629622373739],[-70.89497773176008,48.07630494045223],[-70.89511214847266,48.07633146151177],[-70.89517966764605,48.07638519501992],[-70.89519343253114,48.07643011994929],[-70.89519377748421,48.076475090454544],[-70.89519515460155,48.07665497268268],[-70.8951965335155,48.076834854882065],[-70.89523776169548,48.07696063328288],[-70.89530576416249,48.07707732687622],[-70.89537431819507,48.07726597216621],[-70.89542938222705,48.0774456691723],[-70.89547109370062,48.07763440734078],[-70.8954993852422,48.07782319163118],[-70.89552767588545,48.07801197462868],[-70.89551570224101,48.0782008979754],[-70.89550190771152,48.07821257444754],[-70.89546236117776,48.07824605238792],[-70.89540895004589,48.078282214300756],[-70.89530274851806,48.07843548382418],[-70.8952099687189,48.07858870607739],[-70.89518395171164,48.078696727683734],[-70.89518477906002,48.078804657237],[-70.89518622534763,48.07899353326041],[-70.89520109516052,48.07918236297764],[-70.89522931663349,48.07936215351783],[-70.8952843824621,48.07954185040448],[-70.89536581025102,48.07965849733226],[-70.89544716886968,48.0797661493943],[-70.89558263032293,48.07992758085275],[-70.89570460177559,48.08008006527077],[-70.8957184376276,48.08013398391304]],[[-70.88963604006024,48.074533302478315],[-70.88961001317152,48.07464132299582],[-70.88959613599701,48.07468257610416],[-70.88957063462271,48.074758383781344],[-70.88953166301074,48.074929408011826],[-70.88947933704377,48.075109472707204],[-70.88943556752986,48.07523706016679],[-70.88943332084332,48.075243575479675],[-70.88942680895583,48.0752625542124],[-70.8893980718499,48.075299108360284],[-70.88933010082393,48.07538556768187],[-70.8893204601043,48.075397830599115],[-70.88925369551575,48.07544302828605],[-70.88916002009624,48.07547932361509],[-70.88905285647273,48.075506669188506],[-70.88894548982998,48.07550703231551],[-70.88886476182864,48.075480322365],[-70.88879745375937,48.075453567384805],[-70.88870303273816,48.075390925768545],[-70.88868795810937,48.0753749421387],[-70.888635386004,48.075319200466105],[-70.88863504823746,48.07527422955078],[-70.88866155033497,48.075229168564164],[-70.88864738480125,48.075130277941724],[-70.88861979753888,48.075031433345835],[-70.8885518139365,48.07491473691292],[-70.88847040860544,48.07479808583194],[-70.8883216305264,48.07464568539505],[-70.88818620500575,48.07448424396539],[-70.88814519870967,48.0743854443456],[-70.88813103497257,48.07428655510271],[-70.8881162603811,48.07410671801442],[-70.88811484014464,48.07391784085713],[-70.88816798088358,48.073845707145935],[-70.88820763252022,48.073764623300576],[-70.88828680104622,48.07358446926611],[-70.88831516175804,48.073516654365775],[-70.88836590130023,48.07339532008628],[-70.88843164899588,48.07321521097708],[-70.88848404413315,48.07304414083296],[-70.88852322145931,48.07290009955143],[-70.88849522905674,48.07274729013033],[-70.88845422455728,48.072648490176626],[-70.88841315088754,48.07254069716994],[-70.88835818477195,48.07236998973332],[-70.8883165703164,48.0721902437872],[-70.88832917906973,48.072082269145355],[-70.88835527423042,48.07198324222043],[-70.8883543265078,48.07185732499879],[-70.88831305161544,48.07172254891968],[-70.8882588302032,48.07165077708607],[-70.88819125713091,48.071588045603896],[-70.88815079431556,48.07156119856145],[-70.8881238188059,48.071543301325704],[-70.88819064807313,48.07150709746051],[-70.88828438367977,48.07147979778214],[-70.8883648358983,48.0714705316149],[-70.88843200203378,48.071479298968576],[-70.88847253312109,48.071515139698114],[-70.88851306331009,48.071550980402726],[-70.88860774663934,48.071649598185324],[-70.88867565927482,48.07175730061958],[-70.88874397884712,48.07191896789615],[-70.88881229841942,48.07208063466483],[-70.88890752612775,48.07225120500433],[-70.88901624293838,48.07243072444483],[-70.88911147244333,48.07260129482439],[-70.88922012277864,48.07277181962041],[-70.88930200062352,48.07295142908135],[-70.88937039116274,48.07312209017152],[-70.88942549741552,48.07331078537719],[-70.8894536964306,48.073490576628366],[-70.88943866402263,48.07351613756498],[-70.8894271952314,48.073535637937084],[-70.8893739215418,48.07358978492389],[-70.88936111156583,48.07367077660911],[-70.88934836986186,48.073760764419916],[-70.88937609276984,48.073877596720806],[-70.88941730478012,48.074003378149314],[-70.88945804158163,48.074066199722196],[-70.88951233396078,48.074146965572865],[-70.88960736493806,48.074290552595734],[-70.88962425685867,48.074407164012165],[-70.88962980575216,48.07443876273147],[-70.88963604006024,48.074533302478315]],[[-70.87368910940731,48.079704056174286],[-70.8736760137671,48.07974907063042],[-70.87362271672129,48.07980320927811],[-70.8735559970485,48.079857392280594],[-70.87347572449302,48.0798936310815],[-70.87336847912283,48.07991196832992],[-70.87328781580021,48.07989424084282],[-70.87326071183145,48.07985835253535],[-70.87322025081275,48.079831500205295],[-70.87319308126698,48.07978661785649],[-70.87315248999255,48.079741778079956],[-70.87311202897385,48.079714925689046],[-70.87307169821085,48.07970606191233],[-70.87307130744371,48.07965209720928],[-70.87305755962659,48.07960717029198],[-70.8730163835489,48.07948138275694],[-70.87293487580993,48.07934673287625],[-70.87277257898418,48.079176366707905],[-70.8727048846393,48.07909563755993],[-70.87270468970489,48.07906865519538],[-70.87271778714174,48.07902364134425],[-70.87277140847935,48.07901447196236],[-70.87282522564969,48.079032287377274],[-70.87298648222637,48.07905874581376],[-70.87312102649973,48.079103280700124],[-70.87318852680849,48.07915702871828],[-70.87322918276163,48.0792108625041],[-70.873350304408,48.0792554398706],[-70.87345800612236,48.07930006161073],[-70.87352557110984,48.079362802296195],[-70.87356629263996,48.07942563112929],[-70.87364780127727,48.07956028080351],[-70.87368910940731,48.079704056174286]]]]}},{"type":"Feature","properties":{"zone_code":"8-Rt","prefix":"","kind":"unknown","n_lots":1,"source":"geopdf-claude48-vision","confidence":"contour-auto"},"geometry":{"type":"MultiPolygon","coordinates":[[[[-70.87214664547061,48.07117317481872],[-70.84624917163691,48.07117839888574],[-70.84624663569285,48.07280027287788],[-70.84624549752739,48.07352810561311],[-70.8721076594856,48.07352288898745],[-70.87205173396926,48.07308234301037],[-70.87210444261856,48.07225695117755],[-70.87214198501093,48.07182424387037],[-70.87214664547061,48.07117317481872]]]]}}]}