{"type":"FeatureCollection","crs":{"type":"name","properties":{"name":"urn:ogc:def:crs:OGC:1.3:CRS84"}},"features":[{"type":"Feature","properties":{"zone_code":"A-1","prefix":"A","kind":"agricultural","n_lots":15,"source":"t2-gcp-claude48-vision-multisheet","confidence":"contour-autogcp-multisheet"},"geometry":{"type":"MultiPolygon","coordinates":[[[[-73.11427801996196,45.265242514444374],[-73.10598216904296,45.25946909460355],[-73.09768650856681,45.25374039429769],[-73.09796506715325,45.25021379128155],[-73.0943914970878,45.24775054127318],[-73.0922654201689,45.24628489716459],[-73.09127327585335,45.24560090993072],[-73.09095700958454,45.245382870310664],[-73.09066456663705,45.24518357279326],[-73.09032455879358,45.245433561550016],[-73.08987032117858,45.245413270386194],[-73.08993298855114,45.244684998629026],[-73.08971218804419,45.24453451917115],[-73.08919786301816,45.25051401645715],[-73.08815148291733,45.250469078467425],[-73.08802428955794,45.251947318377155],[-73.08907069750654,45.25199223369548],[-73.08899238327838,45.252902558225244],[-73.08849569577464,45.258834248876795],[-73.08840615260543,45.26024226833861],[-73.08840039979435,45.26028339207294],[-73.08861405150827,45.260429791237755],[-73.08974418693293,45.26120416401439],[-73.09057167454846,45.26177114170526],[-73.09314321972856,45.2635379474419],[-73.09671666672483,45.26601478700141],[-73.09662074192383,45.267081964965975],[-73.11297500645583,45.27827946995405],[-73.1131253556883,45.27695919781565],[-73.1131471901396,45.27676745253211],[-73.11207299011274,45.27603537470768],[-73.11229178917324,45.27565940478978],[-73.11263121490838,45.275902270472905],[-73.11285119435516,45.276042551993285],[-73.11293542848104,45.276034498565444],[-73.1132262535627,45.27594621926749],[-73.1132671556542,45.27555179651902],[-73.11337229806833,45.274537857259325],[-73.11245958728179,45.2739165331716],[-73.11283578285816,45.2736358296793],[-73.11285267657539,45.27364420711542],[-73.11342570021702,45.27402285493755],[-73.11347838012021,45.27351482199017],[-73.11285374736718,45.27309125764484],[-73.11298207889206,45.27264938678],[-73.11311733552945,45.27215706766],[-73.11300761979221,45.27208122681994],[-73.11331716217113,45.271767155133695],[-73.11279963285449,45.271409413920054],[-73.11311659621596,45.2710642928104],[-73.1137251832614,45.27113452114634],[-73.11375119847202,45.2708836049235],[-73.11305711786268,45.27038961222518],[-73.11333235268259,45.27008418414806],[-73.11380083218809,45.2704048792237],[-73.1138062400461,45.270352718278865],[-73.11386249883739,45.26974339824442],[-73.11331246218558,45.26971484649057],[-73.11342295227057,45.269066805313045],[-73.11303152126699,45.26879855591854],[-73.11308595917319,45.26851211499585],[-73.11348462790303,45.268436354635114],[-73.11397865190197,45.268485306921285],[-73.11413109870061,45.26683401120574],[-73.11418486466701,45.266251622498196],[-73.11427801996196,45.265242514444374]]]]}},{"type":"Feature","properties":{"zone_code":"A-2","prefix":"A","kind":"agricultural","n_lots":58,"source":"t2-gcp-claude48-vision-multisheet","confidence":"contour-autogcp-multisheet"},"geometry":{"type":"MultiPolygon","coordinates":[[[[-73.18382232478075,45.25127422181157],[-73.18124271811931,45.250197088939935],[-73.17929074638056,45.249381965696074],[-73.17605839329093,45.24803204000532],[-73.17477246304655,45.247494954101505],[-73.17254608563292,45.24656492508828],[-73.17244728173144,45.24668296135724],[-73.17205991470621,45.24652115530101],[-73.17141961802956,45.24625369242255],[-73.17027510237385,45.245775593254955],[-73.16946760227337,45.24543826465648],[-73.169566332513,45.245320292843964],[-73.16954440014534,45.245311132645654],[-73.16696363016558,45.24423296578261],[-73.16567863327079,45.243696095692236],[-73.16437322844936,45.24315067603984],[-73.16308838336984,45.24261381975686],[-73.16114074959562,45.241799979231224],[-73.15984573468877,45.24125881218084],[-73.15789018226528,45.24044157198556],[-73.15659333928683,45.2398995785503],[-73.14681525467431,45.25181447828361],[-73.14683638664306,45.251823207396534],[-73.14669331376439,45.25199603697907],[-73.14799047025487,45.25253177758023],[-73.13670699248247,45.26511316264329],[-73.13798556193142,45.26565351190822],[-73.14452105715168,45.2684151562318],[-73.15534594856477,45.256223800845916],[-73.15575180830845,45.25578265046395],[-73.15667168136277,45.25616442051256],[-73.1574379191473,45.25649064006918],[-73.15702565711058,45.25695548415942],[-73.15742479116773,45.257125388690945],[-73.15783704152634,45.25666052765336],[-73.15831356095364,45.25686338361045],[-73.1561138904534,45.25934311637056],[-73.15591029178583,45.25957262581282],[-73.15682981180223,45.26054908923715],[-73.15774165032465,45.26151734949468],[-73.15865727883924,45.262489598152484],[-73.15886033402604,45.26225950551584],[-73.16218581366454,45.25849089329313],[-73.16267073683132,45.2586931502178],[-73.16226111943482,45.259159166313815],[-73.1629298603666,45.259438086801424],[-73.16333947416985,45.25897206920064],[-73.16334503024989,45.25897438794473],[-73.16336136790997,45.258981344176426],[-73.1635276433741,45.259052152761676],[-73.15981418585598,45.2632722958788],[-73.1607035386485,45.26421656125106],[-73.16160950847717,45.265178431322674],[-73.16552576067069,45.26070798402024],[-73.16607455854574,45.26093942912295],[-73.1665914302956,45.26034934604046],[-73.16798146539993,45.26093554234169],[-73.16738002085935,45.26164018481083],[-73.16766350131523,45.2617597287594],[-73.16826494226258,45.2610550846124],[-73.1691935433482,45.26144666854686],[-73.169331416778,45.26128121127662],[-73.16970067915699,45.26095667651389],[-73.17018656801271,45.26118504445058],[-73.1699101339419,45.261523249475715],[-73.16997572892396,45.26155066088959],[-73.1702439317318,45.26123126006355],[-73.1709644003526,45.26152383182298],[-73.17142792115774,45.26097187776056],[-73.17211113664372,45.26122431359206],[-73.1729758432581,45.260180318057955],[-73.17425324399888,45.26072191565951],[-73.17265806961623,45.26268411872544],[-73.17393572458022,45.2632254825259],[-73.18382232478075,45.25127422181157]]],[[[-73.1463592051574,45.25127647130458],[-73.14610725377135,45.2511741379394],[-73.14630228610437,45.25092902065665],[-73.14593257636434,45.250776317712955],[-73.14552918339443,45.251283295040125],[-73.1461916055765,45.25155689770283],[-73.1463592051574,45.25127647130458]]],[[[-73.14538820179374,45.25144745401333],[-73.14496919520587,45.25127438560653],[-73.14464442728122,45.251615919218786],[-73.14506343566572,45.25178898784963],[-73.14538820179374,45.25144745401333]]]]}},{"type":"Feature","properties":{"zone_code":"A-3","prefix":"A","kind":"agricultural","n_lots":2,"source":"t2-gcp-claude48-vision-multisheet","confidence":"contour-autogcp-multisheet"},"geometry":{"type":"MultiPolygon","coordinates":[[[[-73.12608430824656,45.2695346809383],[-73.12553128200148,45.26914942056056],[-73.12511651725836,45.26886047340311],[-73.12442525286747,45.26837889006346],[-73.12384458007116,45.26797434397781],[-73.12325871411423,45.26756617042552],[-73.1226781221663,45.2671616647008],[-73.12206986929418,45.26673787654618],[-73.12291834514801,45.26593049362633],[-73.11614869596413,45.26219240426148],[-73.11600119618774,45.26231030246077],[-73.11600306468353,45.262448479177614],[-73.11615360525715,45.26255568423444],[-73.11596507403185,45.26268771832919],[-73.11697460164645,45.263406623475724],[-73.1218820567211,45.26687056919123],[-73.12589771289069,45.26966823317054],[-73.12608430824656,45.2695346809383]]]]}},{"type":"Feature","properties":{"zone_code":"A-5","prefix":"A","kind":"agricultural","n_lots":13,"source":"t2-gcp-claude48-vision-multisheet","confidence":"contour-autogcp-multisheet"},"geometry":{"type":"MultiPolygon","coordinates":[[[[-73.15659333928683,45.2398995785503],[-73.1552876802422,45.23935387449216],[-73.15271592126305,45.2382787826617],[-73.15149568122214,45.23776870799378],[-73.15117355883599,45.23815803169904],[-73.15117168584862,45.23816450910316],[-73.15116977692864,45.23817097954838],[-73.151167834771,45.23817744683006],[-73.15116585668073,45.238183907785405],[-73.15116384535281,45.23819036367955],[-73.1511617989906,45.23819681514507],[-73.1511597175941,45.23820325965169],[-73.15115760116328,45.238209699097176],[-73.15115545149482,45.238216132848855],[-73.15115326769035,45.23822256090677],[-73.1511510488516,45.23822898263837],[-73.15114879497855,45.23823539867626],[-73.15114650786785,45.23824180902035],[-73.15114418482452,45.23824821303818],[-73.15114182854353,45.238254610729705],[-73.15113943902486,45.238261002094944],[-73.1511370135736,45.23826738713384],[-73.15113455488466,45.238273764581386],[-73.15113206026312,45.23828013570257],[-73.15112953330222,45.23828650113007],[-73.15112697310369,45.23829285896613],[-73.1511243769725,45.23829921110852],[-73.15112174760365,45.23830555502689],[-73.15111908409885,45.238311891986456],[-73.15111638645806,45.23831822198721],[-73.15111365468125,45.2383245450291],[-73.15111088966684,45.238330859847004],[-73.15110809051639,45.23833716770615],[-73.15110525812831,45.23834346797388],[-73.15110239160424,45.23834976065023],[-73.15109949184252,45.23835604573518],[-73.15109655794478,45.238362323861324],[-73.15109358991107,45.23836859313098],[-73.15109058863972,45.23837485417675],[-73.15108755502901,45.23838110763111],[-73.15108448548568,45.23838735286152],[-73.15108138450131,45.23839358986806],[-73.15107824938097,45.23839981801811],[-73.15107508192128,45.23840603794426],[-73.15107187942729,45.23841224964649],[-73.15106864459396,45.2384184531248],[-73.15106537652296,45.23842464711409],[-73.1510620761126,45.23843083287948],[-73.15105874156626,45.23843700915588],[-73.15105537378227,45.23844317720839],[-73.15105197365891,45.23844933577187],[-73.1510485393996,45.23845548484632],[-73.15104507369922,45.23846162506433],[-73.1510415747612,45.238467755793366],[-73.15103804168717,45.238473877666],[-73.15103447807044,45.23847999004958],[-73.15103087941942,45.23848609167911],[-73.15102725022565,45.23849218508472],[-73.15102358689593,45.23849826773625],[-73.15101989122685,45.23850434089883],[-73.15101616321843,45.23851040520497],[-73.15101240287065,45.23851645812448],[-73.15100861018352,45.23852250092243],[-73.15100478515706,45.238528534231435],[-73.15100092689289,45.23853455678639],[-73.15099703718771,45.23854056921979],[-73.1509931160415,45.23854657089918],[-73.15098916165762,45.23855256182446],[-73.15098517493439,45.23855854326083],[-73.15098115677013,45.23856451267797],[-73.15097710716483,45.2385704732388],[-73.15097302522017,45.23857642114785],[-73.15096891093619,45.23858235830289],[-73.15096476521114,45.238588284703866],[-73.15096058804507,45.23859419971829],[-73.15095637853963,45.238600103978634],[-73.1509521375932,45.238605996219825],[-73.150947866104,45.23861187770704],[-73.15094356227549,45.238617747807666],[-73.15093922700592,45.23862360588911],[-73.15093486119365,45.23862945321658],[-73.15093046304202,45.23863528789241],[-73.15092603434766,45.23864111118161],[-73.15092157421228,45.23864692181916],[-73.15091708173753,45.23865272107016],[-73.1509125596184,45.23865850830203],[-73.15090800605822,45.2386642841474],[-73.15090342195533,45.23867004607595],[-73.1508988073097,45.23867579725053],[-73.15089416122306,45.23868153514091],[-73.15088948459369,45.23868726101224],[-73.15046116786624,45.23920935026278],[-73.14993724883297,45.239625843830524],[-73.15029448456693,45.23920688143052],[-73.15030105035336,45.23919798528382],[-73.15030758380041,45.23918907838247],[-73.15031408580643,45.23918016009382],[-73.15032055547312,45.23917123041791],[-73.15032699459708,45.23916228935477],[-73.15033340228,45.2391533362718],[-73.15033977672525,45.23914437243406],[-73.15034612062779,45.23913539720909],[-73.1503524330893,45.23912641122937],[-73.15035871231312,45.23911741322982],[-73.15036496099424,45.23910840510803],[-73.15037117643767,45.239099384966416],[-73.1503773604401,45.23909035407005],[-73.15038351300149,45.239081313051436],[-73.15038963412184,45.239072261278075],[-73.15039572200452,45.23906319811742],[-73.15040177754784,45.23905412420195],[-73.15040780165015,45.239045039531696],[-73.1504137934131,45.23903594410666],[-73.15041975283667,45.239026839191915],[-73.15042567992093,45.23901772352238],[-73.15043157466582,45.239008596465474],[-73.15043743796969,45.238999459286326],[-73.15044326803586,45.23899031198494],[-73.15044906576271,45.23898115392869],[-73.15045483204851,45.23897198638273],[-73.15046056509667,45.23896280808195],[-73.15046626490714,45.238953620291426],[-73.15047193237828,45.23894442237862],[-73.15047756751005,45.2389352143435],[-73.15048317030248,45.23892599618609],[-73.15048874075556,45.23891676790639],[-73.15049427886927,45.238907531401985],[-73.15049978284702,45.23889828351022],[-73.15050525448544,45.23888902612865],[-73.15051069468278,45.2388797592573],[-73.15051610074417,45.23887048289619],[-73.15052147356788,45.23886119704534],[-73.15052681495055,45.23885190233719],[-73.15053212309556,45.23884259687416],[-73.15053739710461,45.238833283186466],[-73.1505426387743,45.238823959376404],[-73.15054784810462,45.23881462734159],[-73.15055302240064,45.23880528518448],[-73.15055816525565,45.2387959341701],[-73.150563274873,45.238786574298445],[-73.15056835125266,45.238777204936945],[-73.15057339439467,45.23876782735072],[-73.15057840429901,45.238758440274694],[-73.15058338096567,45.23874904497389],[-73.15058832439469,45.23873964018327],[-73.15059323458604,45.23873022716792],[-73.15059811153971,45.23872080592782],[-73.15060295435741,45.238711375197894],[-73.15060776483575,45.23870193624317],[-73.15061254117813,45.23869248906368],[-73.15061728428282,45.238683033026874],[-73.15062199325153,45.23867356939792],[-73.15062666988091,45.23866409691158],[-73.15063131237429,45.23865461620046],[-73.15063592163001,45.238645127264576],[-73.15064049674977,45.23863563136904],[-73.15064503863184,45.238626125983586],[-73.15064954637795,45.23861661300591],[-73.15065402088636,45.23860709180344],[-73.15065846125881,45.23859756300873],[-73.1506628683936,45.23858802598919],[-73.1506672413924,45.23857848200996],[-73.15067158025522,45.23856892980592],[-73.1506758867787,45.238559370009646],[-73.15068015826787,45.23854980325363],[-73.15068439562108,45.23854022827279],[-73.15068859973658,45.238530646332265],[-73.15069276971614,45.23852105679943],[-73.15069690555973,45.23851146030688],[-73.1507010072673,45.238501854956944],[-73.15070507573722,45.23849224391237],[-73.15070910917285,45.23848262527553],[-73.15071310937081,45.23847300031149],[-73.15071707543278,45.2384633671226],[-73.15072100646046,45.23845372697394],[-73.1507249042505,45.23844408113068],[-73.1507287670062,45.238434427062515],[-73.15073259742258,45.238424767299755],[-73.15073639190634,45.23841509994464],[-73.15074015225412,45.23840542626235],[-73.15074387936424,45.238395746252834],[-73.15074757144005,45.238386059283535],[-73.15075122937989,45.238376364721915],[-73.15075485318376,45.23836666573075],[-73.15075844195331,45.238356959147225],[-73.1507619974852,45.238347246869075],[-73.15076551708448,45.23833752826363],[-73.15076900434441,45.23832780333099],[-73.15077245477343,45.2383180720711],[-73.15077587196477,45.23830833511657],[-73.15077925502013,45.238298591834734],[-73.1507826030412,45.23828884285826],[-73.15078591692625,45.23827908818709],[-73.15078919577705,45.23826932718861],[-73.15079244139018,45.23825956112805],[-73.1507956510707,45.23824978810764],[-73.1507988257169,45.23824001002514],[-73.15080196712545,45.238230226880404],[-73.15080507260139,45.23822043804102],[-73.15080814483967,45.23821064413947],[-73.15081118114531,45.23820084391064],[-73.150814183315,45.23819103925223],[-73.15081715134869,45.238181228266534],[-73.15082008255148,45.23817141221863],[-73.15082298141489,45.23816159174118],[-73.1508258443457,45.238151766201526],[-73.15082867314052,45.23814193496713],[-73.15083146600276,45.238132098670576],[-73.150834224729,45.23812225794437],[-73.15083694931924,45.23811241215605],[-73.15083963797689,45.238102561938064],[-73.15084229160026,45.23809270665786],[-73.15084491108762,45.238082846948096],[-73.15084749464236,45.238072982808674],[-73.15085004495945,45.238063114239594],[-73.15085255844562,45.23805323997579],[-73.15085503869413,45.238043361914904],[-73.15085748301001,45.23803348005691],[-73.15085989318992,45.238023593769306],[-73.15086226653891,45.23801370305207],[-73.1508646066502,45.23800380790516],[-73.15086691082892,45.23799390896114],[-73.15086918087165,45.23798400622006],[-73.15087141498175,45.2379740990493],[-73.15087361405757,45.237964188081484],[-73.1508757789974,45.23795427394912],[-73.15087790800463,45.237944354754546],[-73.15088000197755,45.237934433027945],[-73.15088206001788,45.23792450687175],[-73.15088408392222,45.23791457691839],[-73.15088607279223,45.237904643800526],[-73.15088802572967,45.23789470815063],[-73.15088994363279,45.23788476807113],[-73.15089182650163,45.237874824194456],[-73.15089367433617,45.23786487778584],[-73.1508954862381,45.23785492821263],[-73.15089726490237,45.23784497484232],[-73.15089900673571,45.23783501767492],[-73.15090071353474,45.23782505860806],[-73.1509023852995,45.237815097009204],[-73.15090402113162,45.237805131613214],[-73.15090562282776,45.23779516368522],[-73.1509071885913,45.2377851925927],[-73.15090871842224,45.23777521960072],[-73.15091021321886,45.23776524281158],[-73.15091167298121,45.2377552647556],[-73.15091309860756,45.23774528290246],[-73.15091448740299,45.23773529914988],[-73.15091584116414,45.237725312865315],[-73.15091715899264,45.23771532404874],[-73.1509184426852,45.23770533396526],[-73.15091969044511,45.23769534008461],[-73.15092090317077,45.237685344937105],[-73.15092207996378,45.23767534789017],[-73.1509232217225,45.237665347678636],[-73.15092432754861,45.23765534683277],[-73.15092539834043,45.23764534282232],[-73.15092643409795,45.237635337545],[-73.15092743392287,45.237625331000764],[-73.15092839781516,45.237615321924515],[-73.15092932757149,45.237605311581355],[-73.15093022139521,45.23759529997131],[-73.1509310792863,45.237585285829255],[-73.15093190214309,45.23757527105286],[-73.15093268906729,45.23756525374444],[-73.15093344095716,45.23755523580168],[-73.15093415691446,45.237545216592],[-73.15093483783744,45.23753519674802],[-73.15093548372613,45.2375251750046],[-73.1509360936822,45.23751515262682],[-73.15093666770568,45.23750512898213],[-73.15093720669485,45.237495104070504],[-73.15093771064973,45.23748507789207],[-73.15093817867198,45.237475051711804],[-73.15093861165995,45.2374650248972],[-73.15093900871531,45.23745499555056],[-73.15093936983804,45.23744496809988],[-73.15093969592648,45.23743493811712],[-73.15093998698065,45.23742490876521],[-73.15094024210218,45.23741487751381],[-73.15094046129111,45.23740484752574],[-73.15094064454743,45.23739481563821],[-73.15094079366777,45.23738478501407],[-73.1509409068555,45.237374752490425],[-73.15094098500892,45.23736472059758],[-73.15094102633144,45.23735468996813],[-73.15094284721651,45.23659940448155],[-73.15094314096561,45.236477777625396],[-73.15094903032062,45.23399384992938],[-73.15071613848995,45.23399357348085],[-73.15070812102604,45.237354411638215],[-73.15070808060185,45.23736423668318],[-73.15070800244843,45.23737406172643],[-73.15070789015901,45.23738388676803],[-73.1507077428353,45.237393711175315],[-73.15070755868066,45.2374035355809],[-73.15070733949175,45.23741335998483],[-73.1507070843702,45.237423183121855],[-73.15070679421437,45.23743300562465],[-73.15070646992255,45.2374428281258],[-73.15070610790148,45.237452649992626],[-73.15070571174445,45.23746247059265],[-73.15070527965479,45.237472291190926],[-73.15070481163252,45.237482111154975],[-73.15070430857597,45.23749192985222],[-73.15070376958678,45.23750174665003],[-73.15070319556334,45.23751156407873],[-73.15070258560725,45.23752137960801],[-73.15070194061688,45.237531193870474],[-73.15070126059221,45.237541008131245],[-73.15070054463493,45.23755081986006],[-73.15069979274504,45.23756062968951],[-73.15069900582085,45.237570440149796],[-73.15069818296405,45.23758024807812],[-73.15069732597125,45.23759005410707],[-73.15069643214757,45.23759985886918],[-73.15069550328955,45.237609661731966],[-73.15069453849894,45.237619462695285],[-73.15069353867403,45.23762926302438],[-73.15069250381482,45.23763906082154],[-73.15069143392132,45.23764885671933],[-73.15069032809521,45.237658650717705],[-73.15068918723479,45.237668442816705],[-73.15068800954344,45.2376782317512],[-73.15068679771613,45.23768802005143],[-73.15068554995621,45.237697805819764],[-73.15068426716199,45.237707589056114],[-73.15068294933347,45.23771736976053],[-73.15068159647063,45.237727147933015],[-73.15068020677688,45.23773692420609],[-73.15067878204887,45.23774669668214],[-73.15067732318485,45.237756467891394],[-73.1506758283882,45.23776623593611],[-73.15067429765895,45.23777600208152],[-73.15067273189541,45.23778576506236],[-73.15067113109758,45.23779552424619],[-73.15066949526546,45.237805280898044],[-73.15066782439902,45.23781503501804],[-73.15066611759998,45.23782478597353],[-73.15066437576664,45.23783453376452],[-73.15066259800071,45.23784427775845],[-73.15066078609877,45.237854019220464],[-73.15065893916254,45.237863756885424],[-73.15065705629371,45.23787349201851],[-73.15065513839058,45.23788322272197],[-73.15065318545315,45.23789295089351],[-73.15065119748142,45.23790267526801],[-73.1506491735771,45.2379123958455],[-73.15064711553678,45.23792211199336],[-73.15064502156385,45.2379318262419],[-73.15064289345494,45.237941534795716],[-73.15064072941341,45.23795124018507],[-73.1506385303376,45.237960941777374],[-73.15063629622749,45.23797063894011],[-73.15063402708309,45.237980332938385],[-73.1506317238027,45.23799002187453],[-73.1506293845897,45.237999707013685],[-73.15062701034242,45.238009387723196],[-73.15062460106081,45.23801906400319],[-73.15062215674493,45.23802873711873],[-73.15061967739473,45.238038403907005],[-73.15061716480689,45.23804806689826],[-73.15061461538811,45.23805772609254],[-73.15061203183335,45.23806738022466],[-73.15060941234599,45.23807702929467],[-73.15060675962096,45.23808667393515],[-73.15060407096331,45.23809631414608],[-73.15060134727136,45.23810594929486],[-73.15059858944343,45.23811557811645],[-73.15059579658123,45.23812520314099],[-73.15059296868472,45.23813482310348],[-73.15059010665222,45.23814443800387],[-73.15058720958542,45.238154047209555],[-73.15058427748434,45.23816365198578],[-73.15058131034895,45.23817325106729],[-73.1505783099759,45.238182843821576],[-73.15057527367024,45.238192432146356],[-73.15057220233028,45.23820201477655],[-73.15056909775265,45.238211592344555],[-73.15056595724243,45.238221162952875],[-73.15056278349454,45.23823072913165],[-73.15055957471233,45.23824028898323],[-73.15055633089585,45.23824984314022],[-73.15055305294338,45.23825939096996],[-73.1505497399566,45.238268933105125],[-73.15054639283386,45.23827847017824],[-73.15054301067681,45.23828800029158],[-73.15053959618042,45.23829752407775],[-73.1505361448531,45.2383070421693],[-73.15053265938981,45.23831655330115],[-73.15052914068883,45.23832605810582],[-73.15052558695358,45.2383355572159],[-73.15052199908233,45.238345049998834],[-73.15051837707509,45.23835453582205],[-73.1505147209319,45.23836401531809],[-73.15051102975438,45.2383734878544],[-73.15050730444091,45.23838295406362],[-73.15050354588975,45.23839241331314],[-73.15049975230431,45.23840186623553],[-73.15049592458287,45.23841131093307],[-73.15049206272548,45.23842074993607],[-73.15048816763041,45.23843018197937],[-73.15048423750103,45.23843960643044],[-73.150480274134,45.238449023921866],[-73.15047627573269,45.23845843445354],[-73.15047224409368,45.23846783739305],[-73.1504681783187,45.238477233372876],[-73.15046407840774,45.23848662112792],[-73.1504599443608,45.23849600192333],[-73.15045577617788,45.23850537639163],[-73.1504515747573,45.238514742002614],[-73.15044733920074,45.238524100021394],[-73.1504430704065,45.23853345108051],[-73.15043876747632,45.23854279391488],[-73.1504344304101,45.23855212915707],[-73.15043006010626,45.23856145617452],[-73.15042565476809,45.238570774967236],[-73.1504212170906,45.238580087432865],[-73.15041674617542,45.23858939040868],[-73.15041224112427,45.23859868515972],[-73.15040770193716,45.238607972318654],[-73.15040312951234,45.238617251252826],[-73.15039852384989,45.23862652196229],[-73.15039388405145,45.238635784447034],[-73.15038921101532,45.238645038074516],[-73.15038450474157,45.238654283477345],[-73.15037976523013,45.23866352002287],[-73.15037499248102,45.238672748343745],[-73.15037018649424,45.238681968439884],[-73.15036534637152,45.238691178413696],[-73.15036047301109,45.23870038142791],[-73.15035556731132,45.238709574319806],[-73.15035062747556,45.23871875835451],[-73.15034565440214,45.238727934164494],[-73.15034064898938,45.23873710048475],[-73.15033561033897,45.238746257947724],[-73.15033053845087,45.23875540655354],[-73.1503254333251,45.23876454503704],[-73.15032029406338,45.238773675295924],[-73.1503151233606,45.23878279543246],[-73.15030991942015,45.238791907344364],[-73.15030468224205,45.23880100850143],[-73.15029941182628,45.23881010143387],[-73.15029410996945,45.23881918297891],[-73.15028877397668,45.23882825756447],[-73.15028340654287,45.23883732013008],[-73.15027800407474,45.23884637447108],[-73.15027257106391,45.23885541805722],[-73.15026710391709,45.23886445215369],[-73.15026160532922,45.23887347612792],[-73.15025607350371,45.238882491245],[-73.15025050933883,45.23889149497472],[-73.15024491193631,45.23890048921479],[-73.15023928309273,45.23890947333258],[-73.1502336210115,45.238918447328125],[-73.15022792748923,45.23892741120151],[-73.15022220072929,45.238936364320075],[-73.15021644163,45.23894530731644],[-73.15021065019135,45.23895424019057],[-73.15020482641337,45.23896316231001],[-73.15019897029605,45.2389720743072],[-73.15019308273767,45.238980975549616],[-73.15018716194163,45.23898986540478],[-73.15018121060288,45.23899874513778],[-73.15017522512814,45.239007613483494],[-73.15016920911069,45.23901647107444],[-73.15016316075388,45.23902531917579],[-73.15015708005772,45.23903415525731],[-73.15015096881882,45.23904298058414],[-73.15014482434228,45.239051794523746],[-73.15013864842471,45.239060597076055],[-73.15013244016778,45.239069389506234],[-73.15012620046981,45.23907817054918],[-73.15011992933081,45.23908693957231],[-73.15011362675078,45.23909569720826],[-73.1501072918314,45.239104443456945],[-73.15010092547098,45.23911317958352],[-73.15009452766954,45.239121902425246],[-73.15008809842705,45.23913061451233],[-73.1497668752545,45.239559946759954],[-73.15004471339209,45.23903881461513],[-73.15004980863638,45.23903221143335],[-73.15005487243963,45.239025596232395],[-73.15005990390354,45.239018969644825],[-73.15006490482473,45.239012331670544],[-73.15006987430488,45.23900568041195],[-73.150074812344,45.23899901839924],[-73.15007971804377,45.23899234563237],[-73.15008459320082,45.23898565958122],[-73.1500894360185,45.238978963408464],[-73.15009424739516,45.238972254583935],[-73.15009902643249,45.23896553563779],[-73.15010377402876,45.23895880403986],[-73.15010848928569,45.2389520623203],[-73.15011317220325,45.23894530921408],[-73.1501178245781,45.23893854408859],[-73.150122442817,45.238931769474014],[-73.15012703051315,45.23892498347277],[-73.15013158497162,45.23891818608475],[-73.1501361079891,45.238911379207686],[-73.15014059776888,45.238904560311326],[-73.15014505610763,45.23889773129336],[-73.15014948210704,45.23889089215376],[-73.15015387486878,45.23888404225995],[-73.15015823618948,45.23887718224451],[-73.15016256337421,45.23887031147487],[-73.15016685911789,45.23886343121612],[-73.15017112252222,45.238856540203166],[-73.15017535179061,45.238849639068576],[-73.15017954871959,45.23884272844485],[-73.15018371420757,45.23883580706693],[-73.15018784645788,45.23882887746499],[-73.15019194547051,45.23882193710883],[-73.15019601124548,45.23881498726354],[-73.1502000437828,45.23880802729658],[-73.15020404398076,45.23880105847303],[-73.15020801004275,45.238794080160375],[-73.15021194376538,45.238787092358514],[-73.15021584514865,45.23878009506759],[-73.15021971239595,45.23877308828746],[-73.15022354730391,45.23876607328334],[-73.15022734807587,45.2387590494226],[-73.15023111471186,45.23875201544013],[-73.15023484900848,45.23874497323364],[-73.15023855006746,45.23873792217051],[-73.15024221699045,45.23873086225079],[-73.15024585067577,45.23872379410702],[-73.15024945202175,45.23871671710662],[-73.15025301833343,45.23870963124958],[-73.15025655230575,45.23870253716848],[-73.15026005124379,45.23869543549587],[-73.15026351694416,45.23868832496662],[-73.15026694940686,45.238681206213286],[-73.15027034683526,45.23867407923583],[-73.15027371192431,45.23866694529946],[-73.15027704197908,45.23865980250638],[-73.15028033879616,45.23865265212184],[-73.1502836023756,45.23864549351314],[-73.15028683092072,45.23863832794549],[-73.15029002622818,45.23863115415368],[-73.15029318560305,45.238623973402895],[-73.15029631263855,45.23861678506057],[-73.15029940553806,45.238609589126696],[-73.1503024643016,45.2386023862338],[-73.15030548892918,45.238595175116785],[-73.15030847852243,45.238587958305864],[-73.15031143487803,45.23858073390339],[-73.15031435619933,45.23857350190936],[-73.15031724428299,45.23856626422136],[-73.150320096434,45.23855901894186],[-73.15032291444905,45.23855176733582],[-73.15032570012475,45.23854450940334],[-73.15032844896952,45.23853724451185],[-73.15033116457663,45.23852997202874],[-73.15033384604776,45.23852269511679],[-73.15033649158624,45.23851540998075],[-73.1503391038871,45.23850812041585],[-73.15034168115365,45.23850082389193],[-73.1503442233859,45.23849352104151],[-73.15034673148219,45.238486213129725],[-73.15034920454417,45.23847889825886],[-73.15035164347015,45.23847157832662],[-73.15035404646353,45.23846425206791],[-73.15035641711756,45.238456920115205],[-73.15035875094068,45.23844958310117],[-73.1503610497295,45.238442241025695],[-73.15036331438232,45.23843489325627],[-73.15036554489917,45.23842753916033],[-73.15036773948341,45.23842018126812],[-73.15036989993168,45.23841281704939],[-73.15037202444734,45.23840544840182],[-73.15037411482699,45.23839807406029],[-73.15037617107068,45.23839069592245],[-73.15037819048344,45.23838331209063],[-73.1503801757602,45.23837592446251],[-73.15038212600268,45.23836853114046],[-73.15038404121088,45.23836113338952],[-73.15038592138475,45.238353731209735],[-73.15038776652436,45.238346325233636],[-73.15038957573134,45.23833891419606],[-73.15039135080235,45.23833149936227],[-73.15039308994072,45.238324080099574],[-73.15039479494314,45.238316657040556],[-73.15039646401294,45.2383092301852],[-73.15039809715013,45.238301798901],[-73.15039969615134,45.23829436445307],[-73.15040125921993,45.23828692494367],[-73.15040278725424,45.238279482903074],[-73.15040428025422,45.23827203706614],[-73.15040573732162,45.23826458743291],[-73.15040716025304,45.23825713526848],[-73.1504085463535,45.23824967804257],[-73.15040989831802,45.23824221891802],[-73.1504112143499,45.238234757262255],[-73.15041249444918,45.23822729117763],[-73.15041374041249,45.23821982192921],[-73.15041495044318,45.238212351414695],[-73.15041612454125,45.23820487710382],[-73.15041726360502,45.23819739899665],[-73.1504183676345,45.23818992025596],[-73.1504194357314,45.2381824370863],[-73.15042046699735,45.23817495328313],[-73.15042146502562,45.23816746631623],[-73.15042242622297,45.23815997618548],[-73.15042335238603,45.238152484156096],[-73.15042424351478,45.238144990228],[-73.15042509871094,45.23813749503383],[-73.15042591707616,45.23812999730844],[-73.1504267013054,45.23812249705183],[-73.15042745050036,45.23811499489656],[-73.15042816196606,45.23810749210774],[-73.1504288401941,45.23809998678768],[-73.15042948159122,45.238092480201495],[-73.1504300870557,45.23808497234918],[-73.15043065838422,45.23807746323078],[-73.1504311919835,45.23806995221371],[-73.15043169234512,45.238062439930516],[-73.1504321549775,45.23805492701381],[-73.15043258347389,45.238047412830966],[-73.15043297603768,45.23803989801455],[-73.15043333177053,45.23803238193205],[-73.15043365336737,45.23802486521593],[-73.15043393903164,45.23801734723377],[-73.1504341887633,45.23800982925057],[-73.15043440346064,45.23800231126637],[-73.15043458132708,45.23799479138353],[-73.1504347241592,45.23798727213225],[-73.15043483105872,45.237979752247405],[-73.15043490292395,45.23797223236156],[-73.15043493885656,45.23796471184215],[-73.15043646599254,45.237325927095114],[-73.15011665497161,45.237192229833575],[-73.1488338149318,45.23665593843721],[-73.14753250912302,45.23611190297411],[-73.14623922437141,45.23557119477529],[-73.14362318922855,45.23447738169689],[-73.14103505036853,45.233395135121015],[-73.13973999234257,45.23285355842496],[-73.13829863109615,45.232250770785136],[-73.13827511769358,45.23224096446744],[-73.13825158812135,45.23223117839202],[-73.13822804148111,45.23222141382421],[-73.1382044777729,45.2322116688661],[-73.13818089699669,45.232201944782936],[-73.13815729915248,45.232192240942126],[-73.13813368513861,45.23218255671107],[-73.13811005405675,45.23217289398765],[-73.13808640680521,45.23216325150659],[-73.1380627424857,45.23215362990052],[-73.13803906109817,45.23214402790428],[-73.13801536354097,45.23213444678301],[-73.13799164801748,45.23212488653685],[-73.13796791722261,45.232115346533085],[-73.13794417025807,45.23210582740443],[-73.13792040622555,45.23209632851819],[-73.13789662512504,45.23208685050705],[-73.13787282785484,45.23207739400364],[-73.1378490153133,45.23206795647749],[-73.13782518480544,45.23205854045904],[-73.13439525265896,45.236212018445784],[-73.13419896627781,45.23644968863672],[-73.12794683563078,45.24401879367164],[-73.12856538589102,45.244274438228466],[-73.12884720626028,45.244390911314994],[-73.1291878698739,45.24398409947957],[-73.12961673547201,45.24416332464204],[-73.12981383123523,45.243927952311964],[-73.13019747294699,45.244088273703674],[-73.12967703129218,45.24473386134218],[-73.12988476490501,45.244819712372724],[-73.13044272469764,45.24414464208514],[-73.13071677104642,45.24381306647394],[-73.13158124769211,45.24417043005868],[-73.13074933587379,45.24517700890699],[-73.13118961726254,45.24535895628992],[-73.13168255789323,45.24556266408399],[-73.13204470381854,45.245191059468134],[-73.1322482602653,45.24528302272447],[-73.13213571573324,45.245405732509845],[-73.1324664242169,45.24554239447048],[-73.13256235350946,45.2454254645657],[-73.13280396079499,45.24552570846459],[-73.13267559513416,45.24568072710209],[-73.13313801819803,45.24587181400689],[-73.13314779366495,45.245860008894304],[-73.13342595339941,45.24597495194255],[-73.13323578005375,45.24620461091734],[-73.13380313083438,45.246438945423584],[-73.13576353146544,45.24724898166921],[-73.13640266751872,45.247513060655066],[-73.13710409365214,45.24780286844958],[-73.13743578219776,45.247399787241044],[-73.1380409682215,45.24764664888219],[-73.1377072458901,45.24805206713496],[-73.13779102906169,45.24808668231631],[-73.13832753349209,45.24744034790367],[-73.1395467332839,45.247932647380104],[-73.13901211711224,45.24858163877609],[-73.13989842910753,45.24894780121065],[-73.14019776482819,45.24857902362429],[-73.14061669505925,45.24875209139009],[-73.14057517492682,45.24880324573154],[-73.14122326269191,45.249071119706066],[-73.14128473171186,45.248996338346],[-73.14151937795229,45.24909327335596],[-73.14171406712887,45.24885598998092],[-73.1420492186799,45.24899444229574],[-73.14185453040164,45.24923172445995],[-73.14153333058529,45.24962319640795],[-73.14170100292968,45.24969246341292],[-73.14172038048868,45.24966868148725],[-73.14223092989558,45.24904460791861],[-73.14248318940376,45.24914757755735],[-73.14274224736204,45.24926220153021],[-73.14281349903544,45.249304114906124],[-73.14285451700961,45.24935841068429],[-73.14285374086522,45.24941348999592],[-73.14280020756249,45.249500049868026],[-73.1427413346737,45.249545209975764],[-73.14270830362071,45.2495744650193],[-73.1425244571096,45.24980355669794],[-73.1425582571205,45.24981730001903],[-73.14243468756494,45.24996375589201],[-73.14296167164999,45.25018144274347],[-73.14308577480479,45.250232707736785],[-73.14471498186195,45.250130927128374],[-73.14424818040939,45.25075417673542],[-73.14552918339443,45.251283295040125],[-73.14593257636434,45.250776317712955],[-73.14630228610437,45.25092902065665],[-73.14610725377135,45.2511741379394],[-73.1463592051574,45.25127647130458],[-73.1461916055765,45.25155689770283],[-73.14681525467431,45.25181447828361],[-73.15659333928683,45.2398995785503]]]]}},{"type":"Feature","properties":{"zone_code":"AC-1","prefix":"AC","kind":"unknown","n_lots":138,"source":"t2-gcp-claude48-vision-multisheet","confidence":"contour-autogcp-multisheet"},"geometry":{"type":"MultiPolygon","coordinates":[[[[-73.1216183418964,45.233679024763155],[-73.12118162951428,45.23349952676792],[-73.12137656033767,45.23326236171613],[-73.1210489294822,45.2331257967392],[-73.12124375879597,45.232889299437296],[-73.12143901750443,45.23265227354592],[-73.1212176708218,45.23256105911194],[-73.12112003203526,45.2326795843912],[-73.12078261762801,45.232540722862886],[-73.12049232345069,45.23289804474349],[-73.12039739038978,45.23301518325766],[-73.12020299316566,45.23325504870329],[-73.11988482336676,45.233647818790644],[-73.11966250380867,45.23392124133464],[-73.11946967953462,45.23415930636204],[-73.11937300913195,45.2342782160932],[-73.11924840292056,45.23443323758632],[-73.11913256516468,45.234576030521005],[-73.11910418019833,45.23461102145349],[-73.11891146551875,45.23485005272818],[-73.11862408727283,45.23520791234178],[-73.11843242452045,45.23544645464467],[-73.11828174560627,45.23562250648116],[-73.11817371151525,45.23576851881885],[-73.1179534868284,45.23604289901085],[-73.11780997108029,45.236221899987946],[-73.11767032347782,45.236396194016315],[-73.1175716516287,45.23651934619091],[-73.11747399038425,45.236637865112506],[-73.1173762689527,45.23675635848394],[-73.1172931388563,45.236849111561675],[-73.11715667308655,45.23700148189111],[-73.11700613341125,45.237194205981524],[-73.1167278173699,45.23750916855037],[-73.11646991015353,45.23780990936104],[-73.116763133737,45.23793048710908],[-73.11681090255054,45.23786925005623],[-73.1168864427811,45.237900161467074],[-73.11684400996033,45.23755992627644],[-73.11728546365052,45.23775277119019],[-73.11708483211834,45.2379813418732],[-73.1172695580801,45.23805693033184],[-73.117659496982,45.23761268539323],[-73.11788141409485,45.23770636567722],[-73.1181640115068,45.23782672730851],[-73.11834762535426,45.23760008406245],[-73.11859254382995,45.237722916080855],[-73.11868011968868,45.23776683813646],[-73.11883274615042,45.2375902014948],[-73.11879650451858,45.237354120656974],[-73.11874882104497,45.237264320603025],[-73.1187508548308,45.23726395687588],[-73.11875288053174,45.23726356974366],[-73.11875489635125,45.23726315857383],[-73.11875690228929,45.237262724631464],[-73.11875889834585,45.237262267916634],[-73.11876088272432,45.23726178779678],[-73.11876285632299,45.237261283639285],[-73.11876481824356,45.23726075860702],[-73.1187667666894,45.2372602095371],[-73.11876870345718,45.23725963895984],[-73.11877062585188,45.23725904561008],[-73.11877253387354,45.23725842948782],[-73.11877442931879,45.2372577924908],[-73.11877630859436,45.23725713398639],[-73.11877817080195,45.237256452709524],[-73.11878001953481,45.23725574992531],[-73.11878185030135,45.237255026898815],[-73.1187836639999,45.237254281732454],[-73.11878545973217,45.23725351569127],[-73.11878723929475,45.237252729407864],[-73.11878899909438,45.23725192288225],[-73.11879074002941,45.23725109548183],[-73.11879246209982,45.2372502484718],[-73.11879416440726,45.23724938185207],[-73.11879584515516,45.23724849562267],[-73.11879750614013,45.23724758978362],[-73.11879914556552,45.23724666496753],[-73.11880076343134,45.237245720541736],[-73.1188023588393,45.23724475840397],[-73.11880393178934,45.23724377855427],[-73.11880548317986,45.237242779727495],[-73.11880701031583,45.23724176255617],[-73.1188085131973,45.23724072893807],[-73.11880999182425,45.23723967760795],[-73.11881144709501,45.23723860983107],[-73.11881287631464,45.23723752497474],[-73.11881428127974,45.23723642240647],[-73.1188156592954,45.237235305921665],[-73.1188170121582,45.2372341723575],[-73.11881833717325,45.23723302361158],[-73.11881963703546,45.23723185968401],[-73.11882090904992,45.23723068057477],[-73.11882215321657,45.23722948754893],[-73.11882337043379,45.23722828060659],[-73.1188245589049,45.23722705848254],[-73.11882571952825,45.23722582370704],[-73.1188268505072,45.23722457564758],[-73.11882795363837,45.2372233136716],[-73.11882902532851,45.23722204094188],[-73.11883006917087,45.237220754928174],[-73.11915456580431,45.237350596620615],[-73.11939392370839,45.23744634519813],[-73.11947464182825,45.2374784163336],[-73.11969756864747,45.23756773213653],[-73.11985345779031,45.23737799376749],[-73.12000934872975,45.237188254132356],[-73.12033164449078,45.23732044146259],[-73.12044013402763,45.237188401521124],[-73.12051682500007,45.23709506070628],[-73.12019452205254,45.23696287032146],[-73.12048664879303,45.236607305359996],[-73.12058419056153,45.23648858205211],[-73.12068173322835,45.23636985912872],[-73.12077917618217,45.23625125108687],[-73.12097403064875,45.23601407601101],[-73.12107147360257,45.235895467859194],[-73.12113967998714,45.2358124474458],[-73.12126635771357,45.235658252710564],[-73.12136379707411,45.235539644448615],[-73.12114223749076,45.2354486744002],[-73.12128978128459,45.23527133027409],[-73.12096000255728,45.235135778477485],[-73.12077546883498,45.23505992676966],[-73.1209706592715,45.23482286564965],[-73.1207861255492,45.234747013524114],[-73.1207190222958,45.23471943165553],[-73.12081595859979,45.234600618369974],[-73.12083534963351,45.23457685163437],[-73.12091200467334,45.23448146259939],[-73.12091349946996,45.234479601490264],[-73.12100782706636,45.23436222117781],[-73.12104373093165,45.23437717713541],[-73.121141329294,45.23425863325548],[-73.12115198870318,45.23424568388211],[-73.12123892585974,45.23414008976089],[-73.12132555399585,45.23403461121021],[-73.12136556855185,45.23398589112049],[-73.12142296371199,45.23391600588552],[-73.12152037252982,45.233797399680675],[-73.12152111004667,45.23379650264312],[-73.1216183418964,45.233679024763155]],[[-73.12114223749076,45.2354486744002],[-73.12104479543527,45.235567281586825],[-73.12084994276529,45.23580445789492],[-73.12053217541164,45.23567384217897],[-73.12062991840277,45.235555357936825],[-73.12072763085116,45.23543691393334],[-73.12082537474059,45.23531843046236],[-73.12114223749076,45.2354486744002]]],[[[-73.11614306801887,45.23600147938638],[-73.11527986698088,45.23595243140681],[-73.11393330943798,45.237605169254174],[-73.1135800703087,45.237461504030605],[-73.11364927741651,45.23737656353188],[-73.11339844712793,45.23723138209418],[-73.1129713664823,45.23705681925442],[-73.11248411937389,45.23765481737617],[-73.1129473625996,45.237845167773905],[-73.1129018656254,45.23789781972287],[-73.11314432900541,45.23799629434807],[-73.11349756993133,45.2381399620149],[-73.11380032643658,45.238263095861505],[-73.11396853687187,45.23833150885059],[-73.11422611710148,45.23801537301211],[-73.1144616562673,45.23811116727886],[-73.11457557791667,45.237971346776014],[-73.11475482595183,45.23804424686675],[-73.11491565133716,45.23811053471929],[-73.11507284752872,45.23817532712541],[-73.11519059600121,45.238223860181506],[-73.11607170764934,45.237143358103765],[-73.11528771286659,45.237097290518534],[-73.11547256459251,45.23687040271997],[-73.11614306801887,45.23600147938638]]],[[[-73.11317521667814,45.23814264343341],[-73.11281628582321,45.23799685669465],[-73.11277539361318,45.23804417981536],[-73.11243983871857,45.237906298582274],[-73.1121881747934,45.23780288664721],[-73.11193651086823,45.23769947515652],[-73.11149021166543,45.23751608123395],[-73.11112611280267,45.23793741871826],[-73.11157241380212,45.238120813178625],[-73.1118240786256,45.238224226432784],[-73.1120757443474,45.23832763886613],[-73.11241130014032,45.238465521607026],[-73.11224596072068,45.23865060897393],[-73.11260978200401,45.23879326922876],[-73.11317521667814,45.23814264343341]]],[[[-73.10977011396615,45.25815051457014],[-73.10785903623407,45.25682420124672],[-73.10469139957415,45.25463041811214],[-73.10664775868474,45.25253539426999],[-73.10778745038739,45.25331067215412],[-73.10798833254954,45.25306895688094],[-73.10929513335292,45.251641206727186],[-73.10867804285502,45.25122439839644],[-73.10818279355404,45.25088473438513],[-73.10926327370305,45.24970095189598],[-73.1082244619085,45.248992734079614],[-73.10819611107812,45.24897340486143],[-73.10859099340904,45.24854572549009],[-73.10877680543399,45.24834447912032],[-73.10920092163917,45.24788503461127],[-73.10941298423336,45.24765530527111],[-73.10962504413259,45.247425575634274],[-73.10837623766565,45.246850345902374],[-73.10858829846319,45.24662061743726],[-73.10885856020968,45.246327683646044],[-73.10913269818661,45.24603390778977],[-73.10895567887165,45.24595311204764],[-73.10885377668077,45.24606452508693],[-73.10866921241576,45.2462663127056],[-73.10848464904906,45.24646809897495],[-73.10783246855952,45.246170425300996],[-73.10741107245302,45.246631130898926],[-73.10722622611699,45.24683321818944],[-73.10704137888267,45.24703530476098],[-73.10685652895341,45.24723739124606],[-73.10664582461193,45.24746774208271],[-73.10645618845884,45.24767505868142],[-73.10614644755223,45.24801367304805],[-73.1054942616728,45.24771598660246],[-73.10533612943671,45.24788870282546],[-73.10534098483082,45.247891956151726],[-73.10449782071527,45.24881321046336],[-73.10348527026972,45.24813470031525],[-73.10640247010315,45.244972064490376],[-73.10531158476822,45.24421805479593],[-73.09919819442524,45.250831558813395],[-73.09812841321126,45.250096420072786],[-73.10110680179027,45.246855801521534],[-73.0988606623387,45.24612816744626],[-73.0979779930119,45.24578298751062],[-73.09761719635611,45.24554330333969],[-73.09739820685277,45.245340858536885],[-73.09707378837277,45.24480075173826],[-73.09386401803107,45.24715697669095],[-73.09455419995207,45.247632750084776],[-73.0943914970878,45.24775054127318],[-73.09796506715325,45.25021379128155],[-73.09768650856681,45.25374039429769],[-73.10598216904296,45.25946909460355],[-73.1064321657115,45.25899130459321],[-73.10677133902007,45.258018999823015],[-73.1070933140825,45.25759331404952],[-73.10746831489955,45.257846877187944],[-73.10822118485433,45.257307331315054],[-73.10960408104711,45.25826984834299],[-73.10977011396615,45.25815051457014]]],[[[-73.0949130436704,45.24553615571879],[-73.09440104617929,45.245062314707056],[-73.09380844734928,45.245469195351134],[-73.09415937421504,45.245724254666605],[-73.09297013503456,45.24654076427107],[-73.09303959816222,45.24658865075917],[-73.0942270281357,45.24577341374874],[-73.09439241786097,45.24589362041205],[-73.0949130436704,45.24553615571879]]],[[[-73.09066456663705,45.24518357279326],[-73.08993298855114,45.244684998629026],[-73.08987032117858,45.245413270386194],[-73.09032455879358,45.245433561550016],[-73.09066456663705,45.24518357279326]]]]}},{"type":"Feature","properties":{"zone_code":"AR-3","prefix":"AR","kind":"unknown","n_lots":38,"source":"t2-gcp-claude48-vision-multisheet","confidence":"contour-autogcp-multisheet"},"geometry":{"type":"MultiPolygon","coordinates":[[[[-73.13715021495545,45.23180709284059],[-73.13714242476532,45.23180478184415],[-73.13713462199875,45.2318024936223],[-73.13712680485915,45.23180022880762],[-73.13711897424483,45.231797986767596],[-73.1371111319524,45.2317957681347],[-73.1371032752869,45.23179357164381],[-73.13709540694335,45.23179139919276],[-73.13708752422671,45.23178924888372],[-73.137079629832,45.23178712324711],[-73.13707172286087,45.231785019119876],[-73.13706380331332,45.23178293903248],[-73.13705587208769,45.23178088298493],[-73.13704792918394,45.231778849079404],[-73.13703997370379,45.2317768392137],[-73.13703200654552,45.23177485275529],[-73.13702402770919,45.23177288970409],[-73.13701603719473,45.23177095006012],[-73.1370080367988,45.231769033823454],[-73.13700002292816,45.23176714099398],[-73.13699199917603,45.23176527220446],[-73.13698396464414,45.23176342682212],[-73.13697591843415,45.23176160484711],[-73.13696786234269,45.231759806911924],[-73.13695979547143,45.23175803301666],[-73.13695171782038,45.23175628189604],[-73.13694363118621,45.231754554815346],[-73.13693553287392,45.231752851774495],[-73.13692742647679,45.23175117277357],[-73.1369193092999,45.23174951781258],[-73.1369111822415,45.23174788625884],[-73.13690304530165,45.231746278744986],[-73.13689489937865,45.231744695271075],[-73.1368867444725,45.231743135204425],[-73.1368785796849,45.231741599810306],[-73.13687040591414,45.231740087823496],[-73.13686222405852,45.231738599876635],[-73.13685403411809,45.23173713723491],[-73.13684583429615,45.2317356967352],[-73.13683762638941,45.23173428217334],[-73.13682941039784,45.231732891018794],[-73.1368211863214,45.23173152390415],[-73.13681295416012,45.23173018082942],[-73.13680471391402,45.23172886179465],[-73.13679646737972,45.23172756806508],[-73.13678821096394,45.23172629774278],[-73.13677994915828,45.231725052093054],[-73.13677167926778,45.23172383111593],[-73.13676340219074,45.231722634178674],[-73.1367551179272,45.23172146128144],[-73.13674682647711,45.23172031179144],[-73.13673852963716,45.23171918823934],[-73.13673022561068,45.231718089359816],[-73.13672191439765,45.23171701388757],[-73.13671359869308,45.2317159630879],[-73.13670527580197,45.231714936960856],[-73.13669694662266,45.23171393487373],[-73.13668861205345,45.23171295682655],[-73.13668027209437,45.23171200534987],[-73.13667192584704,45.2317110760152],[-73.13666357510817,45.23171017325109],[-73.13665521808107,45.23170929389422],[-73.13664685656241,45.23170843920998],[-73.13663848965386,45.231707609198324],[-73.13663011825372,45.2317068038593],[-73.13662174236202,45.23170602319282],[-73.13661336197873,45.231705267198976],[-73.13660497620555,45.23170453587766],[-73.13659658773744,45.23170382922899],[-73.13658819477774,45.2317031472529],[-73.13657979732645,45.23170248931677],[-73.13657139628192,45.2317018573185],[-73.13656299164413,45.231701249360185],[-73.13655458341306,45.23170066544187],[-73.13654617158873,45.23170010682879],[-73.13653775706946,45.23169957288831],[-73.13652933985526,45.23169906425301],[-73.13652091814949,45.23169858029035],[-73.13651249464704,45.23169812036765],[-73.1365040684497,45.231697685117595],[-73.13649564045569,45.231697275172735],[-73.13648720976674,45.23169688990046],[-73.13647877548455,45.231696529933444],[-73.13647034030403,45.23169619400642],[-73.13646190332689,45.23169588338463],[-73.1364534645531,45.23169559806804],[-73.13644502398269,45.23169533615882],[-73.13643658251395,45.23169510018748],[-73.13642813835028,45.2316948882561],[-73.13641969418663,45.2316947022626],[-73.13641124822631,45.23169454030906],[-73.13640280226603,45.23169440302812],[-73.1363943554074,45.23169429105243],[-73.13638590765048,45.231694203116746],[-73.13637745899523,45.2316941411189],[-73.13636901123829,45.231694103161054],[-73.13636056258305,45.23169409114105],[-73.1363521139278,45.231694103161054],[-73.13634365089952,45.2316941404863],[-73.13633519056617,45.2316942024841],[-73.1363267293345,45.23169428915455],[-73.13631826810284,45.23169440113024],[-73.13630980776949,45.23169453841118],[-73.13630134923278,45.23169470036468],[-73.13629289069605,45.231694886990816],[-73.13628443395598,45.231695099554834],[-73.13627597811421,45.231695335526176],[-73.13626752406907,45.2316955974354],[-73.13625907182058,45.23169588338463],[-73.13625062136867,45.2316961952717],[-73.13624217181513,45.231696531198715],[-73.13623372585482,45.23169689243098],[-73.13622528079283,45.23169727833589],[-73.1362168393241,45.231697689545996],[-73.1362083987537,45.23169812416346],[-73.13619996177655,45.231698585351396],[-73.13619152749435,45.23169907057933],[-73.13618309680541,45.2316995811125],[-73.1361746679131,45.23170011631823],[-73.13616624261405,45.23170067556399],[-73.13615782180658,45.23170126011495],[-73.13614940369405,45.231701870603736],[-73.13614098917479,45.23170250449992],[-73.13613257735047,45.23170316306866],[-73.13612417181433,45.23170384757526],[-73.13611576897317,45.23170455548922],[-73.13610737062359,45.23170528934105],[-73.13609897676558,45.231706047232784],[-73.13609058739914,45.23170683042978],[-73.13608220252428,45.23170763766673],[-73.13607382303931,45.23170846957626],[-73.13606544804591,45.23170932615842],[-73.1360570784424,45.231710207413116],[-73.1360487133305,45.23171111460572],[-73.13604035450676,45.23171204457298],[-73.13603200197124,45.23171300047806],[-73.13602365392732,45.231713980423116],[-73.13601531127327,45.23171498440816],[-73.13600697580574,45.23171601369837],[-73.13599864662645,45.2317170676612],[-73.13599032283703,45.23171814566391],[-73.13598200533579,45.23171924833924],[-73.13597369591943,45.23172037568719],[-73.13596539189294,45.231721527707656],[-73.13595709415466,45.23172270313545],[-73.13594880450121,45.23172390323581],[-73.13594052113599,45.23172512864138],[-73.13593224675391,45.23172637871951],[-73.13592397866002,45.23172765157232],[-73.13591571865099,45.23172894973028],[-73.13590746582847,45.23173027256085],[-73.13589922019248,45.231731618166094],[-73.13589098353962,45.23173298970914],[-73.13588275497163,45.23173438465948],[-73.13587453448847,45.23173580428243],[-73.13586632298846,45.231737247312594],[-73.13585811957329,45.23173871564799],[-73.13584992514126,45.23174020739065],[-73.13584173969238,45.231741723805904],[-73.13583356232837,45.23174326362841],[-73.1358253948458,45.231744827490814],[-73.1358172372447,45.231746415393154],[-73.13580908862676,45.231748028600634],[-73.13580094899197,45.23174966458281],[-73.13579281923865,45.23175132460488],[-73.1357847002651,45.231753008666836],[-73.13577659027472,45.23175471676867],[-73.13576849106413,45.23175644827784],[-73.13576040173498,45.23175820445949],[-73.13575232318564,45.231759983415785],[-73.13574425541607,45.23176178767723],[-73.13573619752798,45.231763614713316],[-73.13572815131798,45.23176546578927],[-73.13572011498944,45.23176733963987],[-73.13571209033903,45.231769237530386],[-73.13570407736668,45.2317711594607],[-73.13569607517414,45.23177310479834],[-73.13568808465966,45.231775073543204],[-73.13568010582331,45.23177706569527],[-73.1356721395634,45.23177908188725],[-73.13566418498154,45.23178112148648],[-73.13565624207781,45.23178318386028],[-73.13564831175047,45.23178527090657],[-73.13564039399957,45.23178737946223],[-73.13563248792674,45.23178951269038],[-73.13562459532866,45.231791668693134],[-73.13561671530698,45.23179384747044],[-73.13560884786172,45.23179604965499],[-73.1356009938912,45.23179827587941],[-73.13559315249708,45.23180052487839],[-73.13558532457769,45.23180279665195],[-73.13557751103136,45.23180509056746],[-73.13556971006143,45.23180740852284],[-73.13556192346455,45.23180974988539],[-73.1355541512407,45.231812113389886],[-73.13554639159328,45.23181449966896],[-73.13553864721722,45.231816909987884],[-73.13553091631587,45.231819341816056],[-73.1355231997876,45.23182179641884],[-73.13551549853065,45.23182427379614],[-73.13550781164678,45.231826774580654],[-73.13550014003425,45.231829297507076],[-73.13549248279476,45.231831842575424],[-73.13548484082663,45.23183441105091],[-73.13547721323155,45.23183700166836],[-73.13546960270446,45.231839615060316],[-73.13546200655043,45.23184224996158],[-73.13545442566776,45.231844907637374],[-73.13544686185307,45.23184758745502],[-73.1354393124114,45.23185029004726],[-73.13543177913942,45.23185301351611],[-73.13542426383377,45.23185576102471],[-73.13541676379947,45.23185853004257],[-73.13540927993483,45.231861319937074],[-73.13540181134157,45.2318641326061],[-73.1353943607146,45.23186696804963],[-73.13538692625731,45.2318698250024],[-73.13537950976631,45.23187270283176],[-73.13537211034333,45.231875604068264],[-73.13536472708999,45.23187852554876],[-73.13526519375651,45.23191811798409],[-73.1345602111929,45.232198541258576],[-73.13455374871276,45.23220109643237],[-73.13454727006291,45.232203630729444],[-73.13454077434511,45.232206141619244],[-73.13453426066097,45.232208631632325],[-73.13452773080718,45.23221109823815],[-73.1345211838854,45.232213543334616],[-73.13451462079391,45.232215966289104],[-73.1345080424311,45.23221836773419],[-73.13450144610196,45.23222074577209],[-73.13449483360317,45.232223101668],[-73.134488205833,45.23222543542194],[-73.13448156279145,45.23222774640127],[-73.13447490268194,45.23223003460601],[-73.1344682290977,45.23223230066878],[-73.13446153934377,45.23223454458963],[-73.1344548343185,45.23223676447057],[-73.13444811402185,45.23223896220959],[-73.13444137935218,45.23224113780667],[-73.1344346285128,45.23224328936389],[-73.13442786509705,45.23224541877916],[-73.13442108551159,45.232247524787255],[-73.13441429424805,45.23224960865336],[-73.13440748681482,45.23225166847972],[-73.13440066590687,45.23225370553145],[-73.13439383062585,45.23225571980866],[-73.13438698276845,45.23225771067866],[-73.13438012143632,45.23225967750882],[-73.13437324662945,45.232261621564476],[-73.13436635834785,45.23226354284555],[-73.13435945748984,45.232265440719495],[-73.13435254405542,45.2322673145536],[-73.13434561804458,45.23226916434788],[-73.13433867855899,45.232270992632934],[-73.13433172739533,45.23227279561289],[-73.13432476365524,45.23227457581834],[-73.13431778913538,45.23227633135134],[-73.1343108020391,45.23227806474248],[-73.1343038023664,45.23227977346117],[-73.13429679281225,45.232281458772746],[-73.13428977068168,45.23228312067713],[-73.13428273777131,45.232284757909134],[-73.13427569318286,45.23228637173397],[-73.13426863871292,45.232287961519035],[-73.1342615725649,45.232289527896995],[-73.13425449653542,45.23229106960251],[-73.13424740972613,45.23229258790092],[-73.13424031393372,45.23229408152691],[-73.13423320646318,45.23229555174578],[-73.1342260891112,45.232296996659684],[-73.13421896367434,45.23229841879902],[-73.13421182745773,45.23229981563335],[-73.13420468135965,45.23230118842794],[-73.1341975262784,45.232302537815436],[-73.13419036221403,45.23230386253051],[-73.13418319006477,45.23230516257321],[-73.13417600803409,45.23230643857619],[-73.13416881881686,45.23230769053939],[-73.1341616206165,45.232308917830224],[-73.13415441343298,45.2323101204487],[-73.1341471981646,45.232311298394826],[-73.13413997660804,45.232312452933854],[-73.13413274517,45.23231358280048],[-73.13412550744377,45.23231468799475],[-73.134118262531,45.232315767884025],[-73.13411100953338,45.23231682373359],[-73.13410374934926,45.23231785491081],[-73.13409648197863,45.23231886078299],[-73.13408920921808,45.2323198426155],[-73.13408192927102,45.23232079977562],[-73.13407464213743,45.23232173289604],[-73.13406735051227,45.23232264071147],[-73.13406005080228,45.23232352385456],[-73.13405274660069,45.23232438169268],[-73.13404543611091,45.23232521549103],[-73.13403812023122,45.23232602398447],[-73.13403079806335,45.232326807805514],[-73.13402347140389,45.232327566954275],[-73.13401614025288,45.23232830206327],[-73.13400880281363,45.232329010602044],[-73.13400146178112,45.232329695733746],[-73.13399411625704,45.232330354927846],[-73.13398676534308,45.23233099008225],[-73.13397941083585,45.232331599931676],[-73.13397205183703,45.23233218384351],[-73.1339646901433,45.23233274371565],[-73.13395732305965,45.23233327891546],[-73.13394995417937,45.2323337888103],[-73.1339425799092,45.23233427403281],[-73.1339352038424,45.23233473395037],[-73.13392782508065,45.232335168562955],[-73.13392044182733,45.2323355791358],[-73.1339130567774,45.232335963138475],[-73.13390566993081,45.23233632310146],[-73.13389828038926,45.232336657759475],[-73.1338908881528,45.23233696774511],[-73.13388349411969,45.23233725179321],[-73.13387609828996,45.232337511801624],[-73.13386869976527,45.23233774587244],[-73.1338613012406,45.232337955903525],[-73.1338539009193,45.23233813999706],[-73.13384649880135,45.232338298785635],[-73.13383909668342,45.23233843290189],[-73.13383169276884,45.23233854171319],[-73.13382428885427,45.23233862585217],[-73.1338168849397,45.23233868468619],[-73.1338094801268,45.23233871884784],[-73.1338020744156,45.232338727072],[-73.13379466960274,45.232338710623736],[-73.13378726478985,45.23233866887057],[-73.13377985997695,45.2323386030777],[-73.13377245696068,45.23233851071462],[-73.13376505304612,45.232338393679214],[-73.13375765092817,45.232338251971484],[-73.13375024970856,45.2323380849588],[-73.13374284938725,45.232337892641155],[-73.13373545086256,45.232337675018556],[-73.13372805323618,45.232337432723625],[-73.1337206583048,45.232337165123745],[-73.13371326427166,45.23233687285154],[-73.13370587383184,45.23233655464178],[-73.13369848429029,45.23233621302488],[-73.13369109744373,45.232335844837834],[-73.1336837132921,45.23233545197843],[-73.1336763318354,45.23233503381405],[-73.13366895397196,45.23233459224262],[-73.13366157790519,45.232334124100966],[-73.13365420543163,45.23233363065434],[-73.13364683744967,45.232333113168025],[-73.13363947216266,45.23233256974411],[-73.13363211046891,45.23233200291308],[-73.13362475326673,45.23233141014451],[-73.13361740055613,45.23233079207096],[-73.13361005143878,45.23233014995772],[-73.13360270681304,45.23232948190688],[-73.13359536667885,45.232328789816286],[-73.13358803103623,45.2323280730534],[-73.13358070168184,45.23232733098551],[-73.133573376819,45.23232656424532],[-73.13356605644775,45.23232577220011],[-73.1335587423647,45.2323249561152],[-73.13355143367154,45.232324114092734],[-73.1335441303683,45.232323248030504],[-73.13353683335325,45.232322357295935],[-73.13352954352472,45.23232144188898],[-73.13352225818775,45.232320501177085],[-73.13351498003733,45.23231953579285],[-73.13350770907341,45.23231854700148],[-73.13350044439771,45.2323175322725],[-73.13349318690854,45.23231649287122],[-73.13348593660588,45.232315430062755],[-73.13347869348975,45.23231434194937],[-73.13347145756013,45.2323132291636],[-73.13346422881703,45.23231209233809],[-73.1334570090571,45.232310930207575],[-73.133449797382,45.23230974403734],[-73.13344259289342,45.23230853382738],[-73.133435397388,45.23230729894506],[-73.1334282090691,45.232306040022955],[-73.13342103152998,45.23230475579586],[-73.13341386117737,45.23230344816166],[-73.13340669980794,45.232302115855056],[-73.13339954831996,45.23230075887607],[-73.1333924049168,45.23229937785736],[-73.13338527229345,45.232297972798904],[-73.13337814865325,45.2322965443333],[-73.13337103489451,45.23229509119532],[-73.13336393191557,45.23229361338496],[-73.13335683791976,45.23229211216744],[-73.13334975470374,45.232290586277536],[-73.13334268226751,45.23228903698047],[-73.13333561971274,45.232287463011026],[-73.13332856793777,45.232285866267084],[-73.1333215278409,45.232284244850725],[-73.13331449762548,45.232282600027226],[-73.13330747998648,45.232280931163935],[-73.1323814013702,45.23338843765686],[-73.1319815827968,45.2338665695832],[-73.13176042386205,45.23416210500005],[-73.13162971719157,45.23431844009119],[-73.13112778172994,45.234918786756644],[-73.13093217896672,45.23515567351363],[-73.12907645362583,45.23439066355704],[-73.12927185875971,45.23415371667682],[-73.12952620774924,45.23384256341519],[-73.12976885797885,45.23354571809837],[-73.12976129416415,45.23354257718777],[-73.13010670267911,45.23312573600816],[-73.13030264231055,45.23288927160211],[-73.13010132716043,45.23280654159722],[-73.12982328420695,45.23314045189755],[-73.12961031072109,45.23339621752025],[-73.12959870628424,45.23339122304796],[-73.12923980776867,45.23383028071498],[-73.12904981588271,45.23406270202528],[-73.12753894120299,45.235894698004174],[-73.1275212039677,45.235626468375],[-73.12750208242856,45.23553067940825],[-73.12734692990426,45.23519208236057],[-73.12664485698384,45.23390542364716],[-73.12410547777914,45.23700260597137],[-73.12412322040431,45.237077220940016],[-73.12414854301386,45.23718371417855],[-73.1241738665217,45.23729020595235],[-73.12419918913126,45.23739669879173],[-73.12422451263912,45.237503190798954],[-73.12424983524868,45.237609683871746],[-73.12426846001947,45.23768800297223],[-73.12427644783897,45.23769814613924],[-73.12426013084014,45.23771795994268],[-73.12412946549216,45.23787663585255],[-73.12398009183009,45.23805802719113],[-73.12403021063643,45.238121937236734],[-73.12403185635003,45.23812401139907],[-73.12403353260635,45.2381260722776],[-73.12403523850706,45.23812812113741],[-73.1240369740522,45.23813015797855],[-73.12403874014005,45.23813218153583],[-73.12404053587231,45.23813419244189],[-73.12404235945233,45.23813619006409],[-73.12404421357506,45.23813817440248],[-73.1240460955456,45.238140145457116],[-73.1240480062622,45.23814210133019],[-73.1240499466232,45.238144043919476],[-73.12405191483201,45.23814597195986],[-73.12405390909194,45.238147886083844],[-73.12405593389458,45.2381497862915],[-73.1240579856467,45.23815167005252],[-73.12406006344995,45.23815353989722],[-73.12406216910097,45.23815539392785],[-73.12406430259978,45.23815723340955],[-73.12406646214971,45.238159056444665],[-73.12406864864911,45.23816086303318],[-73.12407086119967,45.23816265444026],[-73.12407309980135,45.238164429400705],[-73.12407536445419,45.23816618791461],[-73.12407765425984,45.238167929981884],[-73.12407996921831,45.238169654970015],[-73.12408230932964,45.23817136351162],[-73.12408467459379,45.23817305434145],[-73.12408706501076,45.23817472809218],[-73.12408947878393,45.2381763841312],[-73.12409191681161,45.23817802245857],[-73.12409437819548,45.23817964307421],[-73.12409686383388,45.23818124597815],[-73.12409937282847,45.23818282990529],[-73.12410190428093,45.23818439612077],[-73.1241044581913,45.23818594399197],[-73.12410703545784,45.23818747225381],[-73.12410963428395,45.23818898217144],[-73.12411225556795,45.23819047311221],[-73.12411489841152,45.2381919450762],[-73.12411756281466,45.23819339743088],[-73.12412024787905,45.238194830176155],[-73.12412295360467,45.238196243312125],[-73.12412568088988,45.23819763747126],[-73.1241284270397,45.23819901012339],[-73.12413119385077,45.23820036316615],[-73.12413397952648,45.238201695967014],[-73.12413678496509,45.23820300915852],[-73.12413961016667,45.238204301475584],[-73.12414245243623,45.238205572918226],[-73.12414531446872,45.2382068241189],[-73.12414819356921,45.238208053180045],[-73.12415109153432,45.23820926199928],[-73.12442115026154,45.23788190319743],[-73.1246402107318,45.23761700075218],[-73.12517067668685,45.23783567554002],[-73.12487717103238,45.2381910506383],[-73.12512874332938,45.23829475474106],[-73.12527802985488,45.238356294330025],[-73.12544981827992,45.23842710902225],[-73.12547262560668,45.23843651133438],[-73.12567149464427,45.238518589202336],[-73.12583858757532,45.238316505226784],[-73.1258444221331,45.23830944272448],[-73.12591215241058,45.23822732660088],[-73.12620532029848,45.23787189290123],[-73.12670840290873,45.23807901743051],[-73.12602434480304,45.23890836700144],[-73.12597797646299,45.238964583017406],[-73.12600683304488,45.23916413006899],[-73.12610746950953,45.23977461894147],[-73.12611276238319,45.239832481868106],[-73.12620084489174,45.24038442191277],[-73.12626140122336,45.2406970631212],[-73.12625038158977,45.24076374700532],[-73.12660803863362,45.24242080348547],[-73.12703534745134,45.241899183976386],[-73.12769189285484,45.24216978565284],[-73.12696863316845,45.243052676503616],[-73.1272917490913,45.24318342199888],[-73.12761800911765,45.24331543852154],[-73.1277138315107,45.24335421275472],[-73.12775008841389,45.243647685587476],[-73.12792118513617,45.24371798389217],[-73.12792672594483,45.243791572988286],[-73.12779745118893,45.243957402526924],[-73.12794683563078,45.24401879367164],[-73.13419896627781,45.23644968863672],[-73.13372496482826,45.235943828269434],[-73.13392152789052,45.23570645517616],[-73.13715021495545,45.23180709284059]]],[[[-73.1236279154078,45.233313476233654],[-73.12330562862995,45.23318132955891],[-73.12316054262672,45.23336049833548],[-73.12293944837067,45.233268974424995],[-73.1226072388022,45.23313243350327],[-73.12240590927902,45.233049684873876],[-73.12220469114696,45.23296698167238],[-73.12176853033043,45.23278771106879],[-73.12143901750443,45.23265227354592],[-73.12124375879597,45.232889299437296],[-73.1210489294822,45.2331257967392],[-73.12137656033767,45.23326236171613],[-73.12118162951428,45.23349952676792],[-73.1216183418964,45.233679024763155],[-73.12152111004667,45.23379650264312],[-73.12152037252982,45.233797399680675],[-73.12142296371199,45.23391600588552],[-73.12136556855185,45.23398589112049],[-73.12176858512767,45.23415153482696],[-73.12164145554866,45.23430553564613],[-73.12197366960872,45.234442079442736],[-73.1218760739413,45.234560622939995],[-73.12177847827388,45.23467916682258],[-73.12168229026653,45.234795720942024],[-73.12165504346565,45.23482873677426],[-73.1216368732424,45.234850753011806],[-73.1216236841774,45.23486673491104],[-73.12158303271583,45.23491599384925],[-73.12148530858934,45.235034407941384],[-73.12138754583528,45.2351528673334],[-73.12128978128459,45.23527133027409],[-73.12114223749076,45.2354486744002],[-73.12136379707411,45.235539644448615],[-73.1214003531163,45.23549570422418],[-73.1215113417663,45.23536229807604],[-73.12163265744877,45.23521529721878],[-73.12174680816855,45.23507697769281],[-73.12182411358864,45.23498330509324],[-73.1219316616911,45.2348529860751],[-73.1219999111948,45.234770285497866],[-73.1221559216102,45.23458078956237],[-73.12247804399635,45.23471318222639],[-73.12257538184728,45.23459494902075],[-73.12267272059651,45.23447671620167],[-73.12279951600223,45.23432270192915],[-73.12299470194716,45.234085613062184],[-73.12309229491963,45.23396706857408],[-73.12338507024377,45.233611433626095],[-73.12348266141963,45.23349288814886],[-73.1236279154078,45.233313476233654]]]]}},{"type":"Feature","properties":{"zone_code":"AR-2","prefix":"AR","kind":"unknown","n_lots":25,"source":"t2-gcp-claude48-vision-multisheet","confidence":"contour-autogcp-multisheet"},"geometry":{"type":"MultiPolygon","coordinates":[[[[-73.11396937589834,45.23932584575193],[-73.11322408233465,45.239034154624754],[-73.11296281721575,45.23893169926095],[-73.11260978200401,45.23879326922876],[-73.11224596072068,45.23865060897393],[-73.11241130014032,45.238465521607026],[-73.1120757443474,45.23832763886613],[-73.1118240786256,45.238224226432784],[-73.11157241380212,45.238120813178625],[-73.11112611280267,45.23793741871826],[-73.11149021166543,45.23751608123395],[-73.11193651086823,45.23769947515652],[-73.1121881747934,45.23780288664721],[-73.11243983871857,45.237906298582274],[-73.11277539361318,45.23804417981536],[-73.11281628582321,45.23799685669465],[-73.1129018656254,45.23789781972287],[-73.1129473625996,45.237845167773905],[-73.11248411937389,45.23765481737617],[-73.11131519649189,45.237174484350724],[-73.11087917221927,45.236996048098206],[-73.11087079183599,45.23699260374374],[-73.11086242582576,45.23698914167703],[-73.11085407598517,45.236985663163246],[-73.11084574051768,45.23698216377439],[-73.11083742211812,45.23697864793844],[-73.11082911809164,45.236975113757666],[-73.11082082843821,45.23697156123208],[-73.11081255585276,45.236967990994295],[-73.11080429853865,45.23696440177907],[-73.11079605649594,45.236960794851576],[-73.11078783062287,45.236957170844434],[-73.11119461922455,45.236464782579525],[-73.11075881054761,45.23628505300287],[-73.11327810881247,45.23319035443562],[-73.11011106683726,45.23493533291139],[-73.10965620938474,45.23518573746199],[-73.1089751417706,45.2345803265],[-73.1087398262853,45.23436226735769],[-73.10964433724993,45.2338711053738],[-73.1105672223554,45.23336939223303],[-73.11087414614526,45.233202532260194],[-73.11040285221796,45.23276970293886],[-73.11009540381197,45.23293622699755],[-73.10964184352672,45.232519646439016],[-73.10871880480934,45.23302121968189],[-73.10855939606722,45.23287947425126],[-73.10873785089,45.232782503983096],[-73.10843360407969,45.2325119657773],[-73.1080490029672,45.232720951398946],[-73.10766439736314,45.232929934986956],[-73.10727978906412,45.23313891780643],[-73.1069682955444,45.23286192985936],[-73.10635292711692,45.23319628962298],[-73.10666441884,45.23347328289913],[-73.10696866385369,45.233743826650525],[-73.1071280725958,45.23388557625143],[-73.10685453828673,45.23403914572217],[-73.10678661307483,45.233978745841185],[-73.10638548745271,45.233622050080115],[-73.08976086056292,45.242704799839686],[-73.09070849694939,45.24353075810773],[-73.09694574430878,45.24012394118356],[-73.09700917794426,45.24047436504849],[-73.09685773995366,45.241251228843986],[-73.09657455324687,45.241442304082305],[-73.09650803569504,45.24176795164871],[-73.09865941815548,45.240581022703914],[-73.10060044212587,45.24228014475509],[-73.09707378837277,45.24480075173826],[-73.09739820685277,45.245340858536885],[-73.09761719635611,45.24554330333969],[-73.0979779930119,45.24578298751062],[-73.0988606623387,45.24612816744626],[-73.10110680179027,45.246855801521534],[-73.09812841321126,45.250096420072786],[-73.09919819442524,45.250831558813395],[-73.10531158476822,45.24421805479593],[-73.10640247010315,45.244972064490376],[-73.10348527026972,45.24813470031525],[-73.10449782071527,45.24881321046336],[-73.10534098483082,45.247891956151726],[-73.10533612943671,45.24788870282546],[-73.1054942616728,45.24771598660246],[-73.10614644755223,45.24801367304805],[-73.10645618845884,45.24767505868142],[-73.10664582461193,45.24746774208271],[-73.10685652895341,45.24723739124606],[-73.10704137888267,45.24703530476098],[-73.10722622611699,45.24683321818944],[-73.10741107245302,45.246631130898926],[-73.10783246855952,45.246170425300996],[-73.10801703372286,45.24596863923916],[-73.10820159798789,45.24576685309297],[-73.10838616135457,45.245565066862525],[-73.10860639143132,45.24532428315569],[-73.10879095210308,45.245122495985626],[-73.10897551007987,45.244920708731264],[-73.10916006805668,45.244718921392604],[-73.10934462513518,45.24451713207221],[-73.10952917951873,45.244315343932556],[-73.10971373210563,45.244113555708594],[-73.10990519812698,45.243904208452435],[-73.11008283638115,45.243709977110406],[-73.11030305208484,45.24346918996817],[-73.10976985075976,45.24322582119474],[-73.11020981594152,45.24274519560757],[-73.11034803342608,45.24259411455486],[-73.11040547260365,45.242531329082816],[-73.11051719248228,45.242409212077156],[-73.11055328858703,45.242369757248504],[-73.1108032609845,45.24209651450865],[-73.11101441807689,45.24186638035051],[-73.11138979349138,45.24145763895495],[-73.11164544952968,45.24117925508983],[-73.1117423049853,45.24124659496859],[-73.11216990036559,45.24144695691739],[-73.11221345158887,45.24140016668496],[-73.11238407220404,45.24121685744711],[-73.11265419201673,45.240916913311125],[-73.11280692537797,45.24098664698511],[-73.1131194959777,45.240639557190185],[-73.11322368617762,45.24052386012071],[-73.11307072284767,45.240454021510665],[-73.11334644455445,45.24008733118688],[-73.1135666054609,45.23970355354441],[-73.1136117314309,45.239723509602925],[-73.11381337895766,45.23949929846415],[-73.1138225381803,45.23948911450326],[-73.11391622168465,45.23938494829199],[-73.11396937589834,45.23932584575193]]]]}},{"type":"Feature","properties":{"zone_code":"A-4","prefix":"A","kind":"agricultural","n_lots":18,"source":"t2-gcp-claude48-vision-multisheet","confidence":"contour-autogcp-multisheet"},"geometry":{"type":"MultiPolygon","coordinates":[[[[-73.10031988388958,45.22821296164063],[-73.10017415109935,45.228083075028664],[-73.10015894351992,45.22809159521077],[-73.09986766928061,45.22783198879398],[-73.0992548565601,45.22816863931253],[-73.0989654876475,45.227910724382795],[-73.09957829767309,45.227574076132804],[-73.09897487234728,45.227036239431705],[-73.0971079674727,45.225372156735396],[-73.09712318134034,45.22536364373807],[-73.09619818070239,45.224539083516945],[-73.09542119727044,45.223846442752084],[-73.09431123890538,45.224456837403444],[-73.0941435854256,45.22430830184838],[-73.09238238800542,45.225276778824636],[-73.09147565730372,45.224446285039406],[-73.09252503508264,45.22386921491305],[-73.09172950593165,45.223159968321276],[-73.09355180675745,45.22215781076155],[-73.09341054308575,45.22203186999167],[-73.09333822421381,45.2219673938991],[-73.09279081782913,45.22227405331117],[-73.09241716717996,45.221940921981094],[-73.09296457356464,45.22163426836506],[-73.09154955990549,45.220372672485645],[-73.09142822266345,45.22026448738854],[-73.09097526514773,45.22052286348728],[-73.09014361384085,45.21978133838468],[-73.09059656955993,45.219522964611066],[-73.08872158344104,45.217851109060604],[-73.08775125022059,45.21840353595662],[-73.07215759103629,45.22703739028178],[-73.07399065008593,45.228664420948675],[-73.07400334238257,45.228675686175386],[-73.07492659849224,45.22950008959813],[-73.07679587402087,45.23116912709644],[-73.07761105831031,45.23189694706765],[-73.07865668741954,45.232822438035235],[-73.07902237001214,45.23314609545466],[-73.07636499080665,45.23514436718756],[-73.07737052091827,45.23581852342578],[-73.07719420318755,45.23594980871522],[-73.07714291387639,45.236345831877856],[-73.07734181345671,45.23649587946701],[-73.07771513801742,45.23629906211515],[-73.07894545176595,45.237123880627536],[-73.08031500079022,45.23807325860482],[-73.08256464636636,45.239632631013166],[-73.08352869856633,45.240300833715914],[-73.08226645779432,45.24231758256297],[-73.08158152113624,45.24341170708301],[-73.08214148866357,45.2434427495686],[-73.08436882547794,45.24356619386526],[-73.08464544639833,45.24107484402675],[-73.08565137895515,45.2417720225398],[-73.08565191974095,45.2417671565725],[-73.08585269051201,45.24190400439112],[-73.08603581118436,45.24202882332586],[-73.08645486897619,45.2423144560525],[-73.08661677144154,45.24219613176769],[-73.08656092857022,45.242158068322965],[-73.0858150573898,45.24164967366474],[-73.08582765536335,45.24164060142739],[-73.08471318565894,45.24086819975448],[-73.08622443313952,45.23957414735801],[-73.0860682331796,45.23943447341031],[-73.08588343265765,45.239269225896074],[-73.08515298105911,45.238615383321076],[-73.08423415633874,45.23779289594659],[-73.10018961380035,45.228957655855965],[-73.10029652409894,45.22889843744858],[-73.09983115545927,45.228483670884785],[-73.10031988388958,45.22821296164063]]],[[[-73.07648912540249,45.23466052100059],[-73.07592599939866,45.23428296124227],[-73.07553046129759,45.23458484009267],[-73.07609358640312,45.23496240100839],[-73.07648912540249,45.23466052100059]]]]}},{"type":"Feature","properties":{"zone_code":"AR-1","prefix":"AR","kind":"unknown","n_lots":86,"source":"t2-gcp-claude48-vision-multisheet","confidence":"contour-autogcp-multisheet"},"geometry":{"type":"MultiPolygon","coordinates":[[[[-73.1264031679516,45.2263355458377],[-73.12618493393141,45.22624068581981],[-73.12597459250934,45.22649600228179],[-73.12580275827023,45.22670457726675],[-73.12561127338427,45.2266262132928],[-73.1257832387774,45.226417639285664],[-73.12597036324098,45.22619053675662],[-73.1253426187238,45.22592194814167],[-73.12535450433332,45.225908558410865],[-73.12472437928065,45.225628440065414],[-73.12470557754176,45.225649404526344],[-73.12463906088823,45.225620883746764],[-73.12463185999292,45.22561778858518],[-73.12462467886053,45.22561467064632],[-73.12461751479614,45.22561153246092],[-73.1246103704947,45.22560837339626],[-73.12460324505784,45.225605192187025],[-73.12459613758733,45.225601990731185],[-73.12458905077804,45.22559876776348],[-73.12458198193507,45.22559552328378],[-73.12457493285504,45.22559225919023],[-73.12456790263963,45.22558897358474],[-73.12456089218715,45.22558566773268],[-73.12455390149762,45.22558234036868],[-73.12454693146933,45.2255789927581],[-73.12453998030564,45.225575623635514],[-73.12453304980323,45.225572234266444],[-73.12452613996207,45.22556882528345],[-73.12451924988385,45.22556539542116],[-73.12451237956854,45.22556194467965],[-73.12450553081283,45.22555847369149],[-73.12449870182004,45.225554982456785],[-73.12449189348848,45.22555147160813],[-73.12448510671652,45.22554794051291],[-73.12447834060579,45.22554438853842],[-73.12447159515635,45.225540817582676],[-73.12446487216474,45.22553722638037],[-73.12445817073274,45.22553361429872],[-73.12445148906363,45.22552998323586],[-73.12444483075075,45.22552633255908],[-73.12443819309912,45.22552266226837],[-73.12443157700706,45.22551897173102],[-73.12442498427117,45.22551526157974],[-73.12441841219656,45.225511532447236],[-73.12441186347813,45.225507783700834],[-73.1244053363193,45.225504015340434],[-73.12439883251663,45.22550022863151],[-73.12439235027354,45.22549642167592],[-73.12438589048834,45.22549259573904],[-73.12437945405932,45.22548875082095],[-73.1243730400882,45.225484886288896],[-73.12436664947326,45.225481003408255],[-73.12436028221454,45.225477101546346],[-73.12435393741369,45.225473180703176],[-73.12434761596903,45.22546924151144],[-73.1243413196772,45.22546528270568],[-73.12433504494494,45.22546130555139],[-73.1243287944672,45.22545731068115],[-73.12432256824397,45.22545329682968],[-73.12431636537691,45.225449264629574],[-73.12431018586608,45.22544521344813],[-73.12430403150807,45.225441144550814],[-73.12429790140457,45.22543705730491],[-73.12429179555559,45.22543295234308],[-73.12428571306279,45.22542882839993],[-73.12427965572283,45.22542468737355],[-73.1242736235357,45.22542052863124],[-73.12426761470476,45.22541635027494],[-73.12426163192497,45.22541215673349],[-73.12425567429803,45.225407943578],[-73.12424974092555,45.225403713339254],[-73.12424383270593,45.22539946538457],[-73.12423795143576,45.22539520034666],[-73.12423209442012,45.22539091759278],[-73.12422626165896,45.22538661775565],[-73.1242204558473,45.22538230083525],[-73.12421467518844,45.22537796683158],[-73.12420891968242,45.22537361447927],[-73.12420319202417,45.2253692463091],[-73.12419748862042,45.225364860422935],[-73.12419181216615,45.22536045871886],[-73.12418616086468,45.22535603929883],[-73.1241805365127,45.22535160342824],[-73.12417493911016,45.225347151739754],[-73.12416936775877,45.22534268233525],[-73.12416382245851,45.22533819648018],[-73.12415830410772,45.22533369480717],[-73.12415281270641,45.2253291766836],[-73.12414734825454,45.2253246427421],[-73.12414191075212,45.225320091717286],[-73.12413650019917,45.22531552550727],[-73.12413111659566,45.2253109428466],[-73.12412575994162,45.225306343735355],[-73.12412043203368,45.22530172943887],[-73.12411513017686,45.225297099324415],[-73.12410985616783,45.2252924533921],[-73.12410461000657,45.22528779227448],[-73.12409939079477,45.22528311533897],[-73.12409420122736,45.22527842385092],[-73.12408903771112,45.225273715279464],[-73.12408390294095,45.2252689927882],[-73.12407879601857,45.225264254479],[-73.12407371784228,45.22525950161719],[-73.12406866661543,45.22525473230476],[-73.12406364503298,45.225249949705194],[-73.1240586504,45.225245151287616],[-73.12405368541143,45.22524033958284],[-73.12404875006726,45.22523551142744],[-73.12404384167255,45.22523066935215],[-73.12403896292223,45.225225813357],[-73.12403411291803,45.225220942809244],[-73.12402929165988,45.225216057708884],[-73.12402450004616,45.22521115742327],[-73.1240197362802,45.225206243850415],[-73.12401500305698,45.22520131635767],[-73.12401029768152,45.22519637431236],[-73.12195272179461,45.22302655346424],[-73.12161641860337,45.223352285688264],[-73.12099032339306,45.22395894375665],[-73.12064720468378,45.22429126414497],[-73.12041058304804,45.22452569978754],[-73.12032257599797,45.2246331219538],[-73.12002679311425,45.2249898519849],[-73.1198296066212,45.22522766717668],[-73.11926195310832,45.22493495841994],[-73.1189762493221,45.22490454169305],[-73.11891248600492,45.22513300271365],[-73.11854498432386,45.22558484775479],[-73.11817747545629,45.22603668983716],[-73.1177791148486,45.22583127208668],[-73.11756131201976,45.22604219553965],[-73.11725020567394,45.226343472818066],[-73.11710377040116,45.22648527883758],[-73.11663351582465,45.22624278192731],[-73.11648024976245,45.22639120233976],[-73.11632698190363,45.22653962363009],[-73.11617596432457,45.22668586176367],[-73.1165089868684,45.22706132593308],[-73.1166462674101,45.2269283877853],[-73.11721393349939,45.22722111664634],[-73.1171019099902,45.22735881881708],[-73.1173249868281,45.227447851268096],[-73.1169914199052,45.227855538179746],[-73.11601145315164,45.229057995872466],[-73.11720864062575,45.228407280123],[-73.11622361905208,45.22960604409626],[-73.11520166055058,45.23084969710912],[-73.11327810881247,45.23319035443562],[-73.11075881054761,45.23628505300287],[-73.11119461922455,45.236464782579525],[-73.11078783062287,45.236957170844434],[-73.11079605649594,45.236960794851576],[-73.11080429853865,45.23696440177907],[-73.11081255585276,45.236967990994295],[-73.11082082843821,45.23697156123208],[-73.11082911809164,45.236975113757666],[-73.11083742211812,45.23697864793844],[-73.11084574051768,45.23698216377439],[-73.11085407598517,45.236985663163246],[-73.11086242582576,45.23698914167703],[-73.11087079183599,45.23699260374374],[-73.11087917221927,45.236996048098206],[-73.11131519649189,45.237174484350724],[-73.11248411937389,45.23765481737617],[-73.1129713664823,45.23705681925442],[-73.11339844712793,45.23723138209418],[-73.11364927741651,45.23737656353188],[-73.1135800703087,45.237461504030605],[-73.11393330943798,45.237605169254174],[-73.11527986698088,45.23595243140681],[-73.11614306801887,45.23600147938638],[-73.11547256459251,45.23687040271997],[-73.11528771286659,45.237097290518534],[-73.11607170764934,45.237143358103765],[-73.11519059600121,45.238223860181506],[-73.11532373081789,45.23827873395478],[-73.11493976661096,45.23872955349933],[-73.11500577661468,45.23875676148075],[-73.11515588599694,45.23858051820239],[-73.11527599524202,45.23843949826339],[-73.11555420797707,45.23855416661558],[-73.11592998044696,45.238095588600046],[-73.11615869331493,45.238189834227924],[-73.11619866295518,45.23814104179353],[-73.1163347972466,45.23797485306209],[-73.11646991015353,45.23780990936104],[-73.1167278173699,45.23750916855037],[-73.11700613341125,45.237194205981524],[-73.11715667308655,45.23700148189111],[-73.1172931388563,45.236849111561675],[-73.1173762689527,45.23675635848394],[-73.11747399038425,45.236637865112506],[-73.1175716516287,45.23651934619091],[-73.11767032347782,45.236396194016315],[-73.11780997108029,45.236221899987946],[-73.1179534868284,45.23604289901085],[-73.11817371151525,45.23576851881885],[-73.11828174560627,45.23562250648116],[-73.11843242452045,45.23544645464467],[-73.11862408727283,45.23520791234178],[-73.11891146551875,45.23485005272818],[-73.11910418019833,45.23461102145349],[-73.11913256516468,45.234576030521005],[-73.11924840292056,45.23443323758632],[-73.11937300913195,45.2342782160932],[-73.11946967953462,45.23415930636204],[-73.11966250380867,45.23392124133464],[-73.11988482336676,45.233647818790644],[-73.12020299316566,45.23325504870329],[-73.12039739038978,45.23301518325766],[-73.12049232345069,45.23289804474349],[-73.12078261762801,45.232540722862886],[-73.12112003203526,45.2326795843912],[-73.1212176708218,45.23256105911194],[-73.12143901750443,45.23265227354592],[-73.1215857096954,45.23247420076891],[-73.12170340157402,45.232332211046376],[-73.12182110692737,45.23219020262293],[-73.12201660368942,45.231953275669035],[-73.12213351852532,45.231810941127094],[-73.12232835951718,45.23157374309074],[-73.12242577821648,45.23145514275241],[-73.1225426930524,45.23131280759559],[-73.12286210611967,45.23144483272097],[-73.12295951314086,45.231326228317755],[-73.12305691926375,45.231207624299735],[-73.12315432718326,45.23108902003417],[-73.12325173330615,45.230970414888496],[-73.12334913942904,45.23085181076056],[-73.1234465446536,45.230733206385175],[-73.12356344242154,45.23059086562451],[-73.12363163982295,45.230507827339416],[-73.12368034108778,45.23044852514006],[-73.12377774451572,45.230329919290405],[-73.12387463770057,45.230211936983714],[-73.1239141357253,45.2301638431017],[-73.12396296544921,45.23010438364655],[-73.1239725513716,45.23009271001189],[-73.12416735553253,45.229855500376026],[-73.12417893301992,45.2298602844861],[-73.12448562773938,45.22998704933793],[-73.12471939003757,45.22970239598812],[-73.1248468573831,45.22954345494646],[-73.12498913974433,45.229370304621874],[-73.1251392230755,45.229187661356654],[-73.12523667680908,45.22906906363115],[-73.12543158427628,45.228831866172406],[-73.12562647377717,45.228594689867116],[-73.12572391673099,45.22847610165968],[-73.12591880353693,45.22823892640056],[-73.12602416603829,45.22811069807828],[-73.12611368764793,45.22800174888644],[-73.12626751964876,45.22781453078565],[-73.12638375805327,45.227673066563675],[-73.12615581953307,45.22743169392865],[-73.12602874025971,45.227295384463034],[-73.1263204663516,45.22693499110816],[-73.12601781764417,45.22681174540499],[-73.12613628297227,45.226665351954225],[-73.12625480938578,45.22651888220384],[-73.1264031679516,45.2263355458377]]]]}},{"type":"Feature","properties":{"zone_code":"AP-2","prefix":"AP","kind":"unknown","n_lots":18,"source":"t2-gcp-claude48-vision-multisheet","confidence":"contour-autogcp-multisheet"},"geometry":{"type":"MultiPolygon","coordinates":[[[[-73.09986766928061,45.22783198879398],[-73.09957829767309,45.227574076132804],[-73.0989654876475,45.227910724382795],[-73.0992548565601,45.22816863931253],[-73.09986766928061,45.22783198879398]]],[[[-73.0992789951901,45.22686585389395],[-73.09879678224053,45.226436044226524],[-73.09834663734998,45.22603480883797],[-73.09805130362389,45.22577156008205],[-73.0986540884509,45.2254481479132],[-73.09800779551973,45.22487213445398],[-73.09738991630103,45.22520409772114],[-73.09683659810345,45.22471088380579],[-73.0968214013038,45.22471939753358],[-73.09644292849818,45.22438203060348],[-73.09797374757385,45.22353930082933],[-73.09749155618385,45.2231094830935],[-73.0963550912297,45.22373512028143],[-73.0961477465874,45.223547016237816],[-73.09639888230318,45.22341931767703],[-73.09615440310365,45.22319646204552],[-73.09551036314724,45.223550725252096],[-73.09550673036023,45.22354748824821],[-73.09531001458434,45.22337212727146],[-73.09616246997491,45.222894538523235],[-73.09569960044836,45.22248191804151],[-73.0948471459561,45.22295950329597],[-73.09413622283351,45.22232573641599],[-73.09466660973683,45.222032270515136],[-73.0951707514608,45.221753321358044],[-73.09589473878258,45.22134807547609],[-73.09546312074643,45.220964002334846],[-73.09545514460503,45.220967948166276],[-73.09544716936193,45.22097189463018],[-73.09502963331617,45.221202771467205],[-73.09473558867256,45.22136607583534],[-73.0942321647025,45.22164566153353],[-73.0937030129827,45.22193953248505],[-73.09355580515877,45.22180829645509],[-73.09401575066907,45.22155380808146],[-73.09488341633403,45.221070987041195],[-73.09451059932144,45.2207374405362],[-73.09364212247779,45.22122071682345],[-73.09316087881042,45.2214869890263],[-73.09176322689079,45.22024086398907],[-73.09222184558942,45.21998753224748],[-73.09217771405446,45.219948185239204],[-73.09239240422085,45.21982959291437],[-73.0922593664222,45.21971097566441],[-73.09204467445919,45.21982956760389],[-73.09186026919599,45.21966515021841],[-73.09140165049735,45.21991847896707],[-73.09081857830094,45.21939859612765],[-73.09059656955993,45.219522964611066],[-73.09014361384085,45.21978133838468],[-73.09097526514773,45.22052286348728],[-73.09142822266345,45.22026448738854],[-73.09154955990549,45.220372672485645],[-73.09296457356464,45.22163426836506],[-73.09241716717996,45.221940921981094],[-73.09279081782913,45.22227405331117],[-73.09333822421381,45.2219673938991],[-73.09341054308575,45.22203186999167],[-73.09355180675745,45.22215781076155],[-73.09172950593165,45.223159968321276],[-73.09252503508264,45.22386921491305],[-73.09147565730372,45.224446285039406],[-73.09238238800542,45.225276778824636],[-73.0941435854256,45.22430830184838],[-73.09431123890538,45.224456837403444],[-73.09542119727044,45.223846442752084],[-73.09619818070239,45.224539083516945],[-73.09712318134034,45.22536364373807],[-73.0971079674727,45.225372156735396],[-73.09897487234728,45.227036239431705],[-73.0992789951901,45.22686585389395]]]]}},{"type":"Feature","properties":{"zone_code":"A-7","prefix":"A","kind":"agricultural","n_lots":25,"source":"t2-gcp-claude48-vision-multisheet","confidence":"contour-autogcp-multisheet"},"geometry":{"type":"MultiPolygon","coordinates":[[[[-73.17772258613516,45.23112290220248],[-73.17771671025487,45.23081352778153],[-73.17768652147146,45.22922397533236],[-73.1776663776495,45.22816325275794],[-73.17758524091474,45.22389059192203],[-73.17754420048267,45.22172918479073],[-73.17752894169924,45.22092551148147],[-73.17751374579791,45.22012513298164],[-73.1774837771017,45.21854667416205],[-73.17747960802048,45.21832709621321],[-73.17747834858245,45.21827224936843],[-73.17747593480928,45.21816694322751],[-73.17744369786699,45.21816708750169],[-73.1774292987713,45.217005339983615],[-73.1773486004144,45.21337617132217],[-73.17733451662737,45.21217371290349],[-73.17736687214727,45.212173586966685],[-73.17731213600038,45.21059378914218],[-73.17728289853282,45.20974987467246],[-73.17726823623076,45.209002675781505],[-73.17726156623976,45.20866271315666],[-73.16976548811316,45.20868776409621],[-73.16978929077325,45.209782060797565],[-73.1675370346929,45.209790044513184],[-73.16528491785144,45.209797983293576],[-73.16305205639806,45.20980581005405],[-73.15970276062477,45.209817468868415],[-73.15858301691131,45.20982134459144],[-73.15266585366071,45.209841644034434],[-73.15267527249645,45.21105657481545],[-73.15268097230692,45.21163251750506],[-73.15080466656288,45.21164177869346],[-73.15081671925904,45.211930184154944],[-73.15082241996784,45.21306486951357],[-73.15249076841856,45.21305662109834],[-73.15249215541736,45.21333087868089],[-73.1524946087164,45.213816312587376],[-73.15427172248678,45.213807499796744],[-73.15428476961797,45.21513212360389],[-73.15083920229398,45.21514918493496],[-73.15084188735837,45.215423434324485],[-73.15086987526935,45.21828244599038],[-73.15085823400159,45.21828248775388],[-73.15085938384516,45.21844265053858],[-73.15086672397933,45.21946526703859],[-73.15183367234779,45.21946356046574],[-73.15181760777557,45.21985282353902],[-73.15176336570208,45.22025328946558],[-73.15170701797757,45.2205160879429],[-73.1516617815148,45.220875212829384],[-73.15164421406112,45.2210146691688],[-73.15151580078958,45.22154978129947],[-73.15088170518334,45.22155220913773],[-73.15089840576279,45.222674454729024],[-73.15090354232957,45.22374454843501],[-73.15090891335664,45.22486296083569],[-73.15091396548182,45.225915223223645],[-73.15091625259251,45.22639158448454],[-73.15181275507639,45.226386703280944],[-73.15181552817569,45.22696265584013],[-73.15091901850528,45.22696753699427],[-73.15092927906247,45.22910446918313],[-73.15093091130133,45.22944449750768],[-73.15145681022149,45.22944344982933],[-73.15145876854882,45.22993437234501],[-73.1509328669337,45.229935419381704],[-73.15093380477487,45.23017104326833],[-73.1509381032135,45.23125004824827],[-73.15152030853565,45.23125116991175],[-73.15152249144181,45.231799678419705],[-73.15094028701796,45.23179855613441],[-73.15094236302457,45.23231984894171],[-73.15094662103903,45.23338886593526],[-73.15165300407617,45.233388554057484],[-73.1516539589853,45.23445813104292],[-73.15146417011862,45.23445905906745],[-73.15146224053738,45.23527175031462],[-73.17737585350346,45.23519679896668],[-73.17736690089336,45.23459788617641],[-73.17736580944029,45.23456637706088],[-73.17732866320499,45.23349443678049],[-73.17728608306051,45.23226560836498],[-73.17724666049425,45.231127857650606],[-73.17772258613516,45.23112290220248]]]]}},{"type":"Feature","properties":{"zone_code":"AP-1","prefix":"AP","kind":"unknown","n_lots":14,"source":"t2-gcp-claude48-vision-multisheet","confidence":"contour-autogcp-multisheet"},"geometry":{"type":"MultiPolygon","coordinates":[[[[-73.13348659327436,45.229228755067],[-73.13347113506494,45.22922051215974],[-73.13345569841509,45.22921225027155],[-73.1334402824265,45.229203968137064],[-73.13342488979411,45.229195665123655],[-73.13340951782298,45.22918734312927],[-73.13339416651309,45.22917900088852],[-73.1333788385594,45.229170639034166],[-73.13336353126695,45.22916225693352],[-73.13334824643239,45.22915385521915],[-73.1333329831574,45.229145433258424],[-73.13331774144197,45.229136991051384],[-73.13330252218442,45.22912852986331],[-73.13328732538476,45.22912004906148],[-73.13327215014468,45.229111548013314],[-73.13325699736245,45.22910302671875],[-73.13324186613981,45.22909448707578],[-73.13322675827335,45.2290859271864],[-73.13321167106818,45.22907734831593],[-73.13319660721916,45.22906874919903],[-73.13318156582804,45.22906012983568],[-73.1331665468948,45.2290514921239],[-73.13315155041946,45.2290428341657],[-73.133136576402,45.22903415722633],[-73.1331216248424,45.22902546130578],[-73.1331066957407,45.22901674513883],[-73.13309178999519,45.22900800935801],[-73.13307690670756,45.22899925522869],[-73.13306204587781,45.228990480852865],[-73.13304720750595,45.22898168812848],[-73.13303239249029,45.22897287515761],[-73.13301760172912,45.228964043838204],[-73.13300283252755,45.22895519290488],[-73.13298808668216,45.22894632299033],[-73.13297336329465,45.22893743282927],[-73.13295866505997,45.228928524952266],[-73.13294398748653,45.228919598094016],[-73.13292933416763,45.22891065098917],[-73.13291470420491,45.22890168616836],[-73.1329000984967,45.22889270110098],[-73.13288551524639,45.22888369831763],[-73.13287095535226,45.22887467592031],[-73.13285641971265,45.228865633909024],[-73.13284190653093,45.228856574181776],[-73.13282741760369,45.22884749610583],[-73.13281295203268,45.228838398415895],[-73.13279851071617,45.22882928111195],[-73.13278409275586,45.22882014609201],[-73.13276969815175,45.22881099209068],[-73.13275532870045,45.22880182037332],[-73.13274098260538,45.22879262840925],[-73.13272665896818,45.228783419361775],[-73.1327123613821,45.22877419006757],[-73.13269808625392,45.22876494305731],[-73.13268383627857,45.22875567833094],[-73.13266960876112,45.228746393990484],[-73.13265540729478,45.228737091301284],[-73.13264122918464,45.228727770263276],[-73.13262707622737,45.2287184308765],[-73.13261294572794,45.22870907314094],[-73.13259884127964,45.228699697056555],[-73.13258476108591,45.228690303255995],[-73.13257070514665,45.228680890474],[-73.1325566725636,45.228671459975786],[-73.13254266603168,45.22866201112878],[-73.13252868375427,45.228652543300235],[-73.1325147257314,45.228643058388144],[-73.13250079286135,45.22863355512721],[-73.13248688514412,45.22862403351736],[-73.13247300078308,45.22861449292597],[-73.13245914157487,45.22860493651637],[-73.13244530841781,45.22859536049251],[-73.13243149951528,45.22858576738508],[-73.13241771576556,45.228576155296054],[-73.13240395627034,45.22856652612342],[-73.13239022282626,45.22855687923451],[-73.13237651453504,45.228547213996656],[-73.13236283049831,45.22853753104249],[-73.13234917251275,45.22852783037205],[-73.13233553967999,45.22851811198528],[-73.13232193110174,45.228508376514846],[-73.13230834857465,45.228498623328115],[-73.1322947920987,45.22848885115967],[-73.13228125987726,45.22847906317289],[-73.13226775460528,45.22846925620442],[-73.1322542735878,45.22845943215226],[-73.13224081862147,45.22844959101637],[-73.13222738880799,45.22843973216409],[-73.13221398504564,45.22842985622811],[-73.13220060733443,45.22841996194304],[-73.13218725477603,45.22841005120689],[-73.13217392916712,45.22840012338698],[-73.1321606278127,45.228390177218],[-73.13214735340773,45.22838021396523],[-73.13213410505394,45.228370234261355],[-73.13212088185296,45.22836023747368],[-73.13210768470312,45.228350222336886],[-73.13209451360441,45.22834019138159],[-73.1320813694552,45.228330142077155],[-73.13206825045879,45.22832007632153],[-73.13205515841183,45.22830999411478],[-73.13204209241601,45.2282998941915],[-73.13202905336966,45.228289777184365],[-73.13201603947614,45.228279644358715],[-73.13200305343041,45.228269493183866],[-73.13199009253749,45.228259326190454],[-73.13197715859401,45.228249142113135],[-73.13196425160001,45.2282389415846],[-73.13195137065718,45.22822872333951],[-73.13193851576544,45.22821848927582],[-73.13192568782317,45.22820823749551],[-73.13191296498383,45.2281980312656],[-73.13190026639896,45.22818780858448],[-73.13188759566188,45.228177569452065],[-73.13187495187425,45.22816731450102],[-73.13186233323945,45.22815704246606],[-73.13184974245245,45.228146754612496],[-73.13183717771655,45.228136450307595],[-73.1318246390318,45.22812612955139],[-73.13181212729654,45.22811579234393],[-73.13179964340904,45.22810544058309],[-73.13178718557268,45.22809507110561],[-73.13177475468578,45.22808468644211],[-73.13176234985002,45.22807428532727],[-73.13174997286204,45.22806386839375],[-73.1317376219252,45.22805343500886],[-73.13172529883612,45.22804298643793],[-73.13171300359484,45.2280325214156],[-73.13170073440467,45.228022041207254],[-73.13168849126568,45.228011544547456],[-73.13167627687275,45.228001032068946],[-73.13166408942931,45.227990504404374],[-73.13165192803699,45.22797996028833],[-73.13163979539074,45.2279694016189],[-73.13162768879566,45.22795882649803],[-73.13161561094667,45.227948235558344],[-73.13160356004714,45.22793762943255],[-73.13159153609706,45.227927007487935],[-73.13157953999475,45.227916370357214],[-73.13156757084191,45.22790571804037],[-73.13155562953683,45.22789504927197],[-73.13154371697784,45.22788436658276],[-73.13153183047001,45.22787366744203],[-73.13151997180995,45.22786295311515],[-73.13150814189598,45.22785222360206],[-73.13149633893146,45.227841479535435],[-73.13148456381471,45.22783071964994],[-73.13147281654574,45.22781994457826],[-73.13146109802285,45.22780915305497],[-73.13144940644943,45.22779834824347],[-73.13143774272378,45.227787527613074],[-73.13142610774422,45.22777669242909],[-73.13141450061245,45.22776584142619],[-73.1314029204301,45.22775497650237],[-73.13139136989219,45.22774409639226],[-73.13137984630373,45.2277332004632],[-73.13136835146136,45.22772229061315],[-73.13135688536505,45.22771136557687],[-73.13134544711654,45.227700425354215],[-73.13133403671581,45.22768947121064],[-73.13132265506115,45.2276785025134],[-73.13131130125429,45.22766751862985],[-73.13129997709181,45.22765651955988],[-73.13128867987879,45.22764550656897],[-73.1312774123102,45.22763447839172],[-73.13126617348767,45.2276234362934],[-73.13125496251293,45.22761238027405],[-73.13124378028428,45.22760130843566],[-73.13123262590338,45.227590223308916],[-73.1312215011669,45.22757912362842],[-73.13121040517652,45.22756800939419],[-73.13119933703392,45.22755688060624],[-73.131188299434,45.227545737264485],[-73.13117728878356,45.227534580634384],[-73.13116630777753,45.2275234094505],[-73.13115535641592,45.22751222308013],[-73.13114443200374,45.22750102405399],[-73.13113353813429,45.2274898104741],[-73.13112267301092,45.22747858360575],[-73.13111183663365,45.227467341550906],[-73.13110102990078,45.227456085574914],[-73.131090251914,45.22744481631046],[-73.13107950267333,45.22743353249216],[-73.13106878307703,45.22742223538537],[-73.13105809312515,45.227410924357415],[-73.13104743191936,45.22739959940827],[-73.13103679945965,45.22738826053794],[-73.13102619664436,45.22737690837906],[-73.13101562347346,45.227365542299],[-73.1310050808453,45.22735416229772],[-73.1309945660649,45.22734276964056],[-73.13098408092888,45.227331362429474],[-73.1309736254373,45.227319942562524],[-73.13096319959011,45.22730850814164],[-73.13095280338734,45.22729706106488],[-73.13094243682895,45.22728560006684],[-73.13093209991497,45.22727412641287],[-73.13092179264541,45.22726263947031],[-73.13091151591856,45.227251138606455],[-73.1309012679378,45.22723962445399],[-73.13089104960144,45.22722809764556],[-73.13088086090949,45.2272165575485],[-73.13087070276026,45.227205003530166],[-73.13086057425542,45.22719343748848],[-73.130850475395,45.22718185815815],[-73.13084040617899,45.227170265539165],[-73.13083036840399,45.227158659631506],[-73.13082035937511,45.22714704043513],[-73.1308103799906,45.22713540858282],[-73.13080043114883,45.227123762176376],[-73.13079051195147,45.22711210437928],[-73.13078062419513,45.227100434558864],[-73.13077076608322,45.227088750184336],[-73.13076093761569,45.22707705441914],[-73.1307511405892,45.227065345365205],[-73.1307413723088,45.227053623022485],[-73.13073163546944,45.2270418892891],[-73.13072192827447,45.22703014353231],[-73.13071225252054,45.22701838322136],[-73.13070260641102,45.22700661215237],[-73.13069298994591,45.226994828427316],[-73.13068340492183,45.22698303141341],[-73.13067385044046,45.22697122237612],[-73.1306643256035,45.22695940131536],[-73.13065483310591,45.22694756823114],[-73.1306453702527,45.22693572249079],[-73.13063593794222,45.226923864094275],[-73.13062653617446,45.226911994307],[-73.13061716494941,45.226900112496246],[-73.1306078251654,45.22688821802928],[-73.1305985159241,45.22687631217155],[-73.13058923722555,45.22686439302491],[-73.130579989968,45.22685246312013],[-73.1305707732532,45.226840521191825],[-73.13056158708109,45.22682856724002],[-73.13055243145173,45.22681660126466],[-73.13054330816169,45.22680462326576],[-73.13053421451608,45.22679263450872],[-73.13052515320979,45.22678063309537],[-73.13051612064962,45.22676862029119],[-73.13050712132711,45.226756596096116],[-73.1304981525473,45.22674456051014],[-73.13048921431024,45.226732512267915],[-73.13048030751419,45.22672045326744],[-73.1304714330575,45.22670838224338],[-73.13046258824521,45.22669630046105],[-73.13045377577228,45.22668420728784],[-73.13044499384205,45.22667210209098],[-73.13043624335288,45.22665998613587],[-73.13042752430474,45.226647858157115],[-73.13041883759594,45.22663572005279],[-73.13041018053154,45.2266235705575],[-73.1304015567048,45.226611409038526],[-73.13039296252249,45.22659923739396],[-73.13038440067952,45.22658705435842],[-73.13037587027758,45.226574859931866],[-73.13036737131668,45.22656265411431],[-73.13035890469511,45.22655043817114],[-73.13035046861629,45.22653821146965],[-73.13034206577512,45.22652597337708],[-73.13033369257835,45.22651372452623],[-73.13032535261927,45.226501464916986],[-73.13031704320287,45.22648919518214],[-73.13030876522754,45.22647691405619],[-73.13030052048985,45.22646462217188],[-73.1302923062949,45.22645232016185],[-73.1302841253376,45.2264400073935],[-73.13027597492304,45.22642768323405],[-73.13026785684782,45.22641534894887],[-73.13025977021363,45.22640300517069],[-73.13025171591879,45.22639065000136],[-73.13024369396331,45.22637828533903],[-73.13023570434716,45.22636590991832],[-73.13022774527374,45.226353524371795],[-73.130219819438,45.22634112806688],[-73.13021192504327,45.226328721003476],[-73.1302040629879,45.226316305079735],[-73.1301962332719,45.2263038783975],[-73.13018843499691,45.22629144222221],[-73.13018066906129,45.226278995288446],[-73.130172935465,45.22626653822887],[-73.13016523420806,45.22625407230892],[-73.13015756529047,45.22624159499773],[-73.13014992781395,45.22622910945886],[-73.13014232357506,45.22621661189609],[-73.13013475167553,45.226204106105534],[-73.13012721211535,45.2261915901892],[-73.13011970489453,45.226179065412424],[-73.13011222911473,45.22616652924436],[-73.13010478657259,45.22615398484859],[-73.13009737726814,45.226141430326926],[-73.13008999850639,45.22612886631212],[-73.13008265388063,45.22611629343684],[-73.13007534069591,45.22610371043569],[-73.13006806074884,45.226091117308634],[-73.13006081314113,45.22607851532108],[-73.13005359787276,45.22606590384035],[-73.13004641584206,45.22605328413181],[-73.13003926615072,45.22604065429732],[-73.13003214879873,45.22602801623502],[-73.1300250646844,45.22601536741411],[-73.13001801290943,45.22600271036541],[-73.13001099347379,45.22599004382341],[-73.13000400727582,45.225977369053595],[-73.12999705431552,45.22596468415782],[-73.12999013369456,45.22595199103419],[-73.12998324541297,45.22593928904997],[-73.12997639036904,45.22592657820522],[-73.12996956856277,45.225913857867134],[-73.12996277999417,45.22590112993392],[-73.1299560237649,45.2258883918747],[-73.12994930077333,45.22587564622028],[-73.12994261101942,45.225862891072595],[-73.12993595270653,45.22585012832966],[-73.12992932852963,45.22583735609341],[-73.12992273759038,45.225824576261935],[-73.12991617809217,45.22581178693717],[-73.12990965362827,45.22579898875176],[-73.12990316150372,45.225786182971085],[-73.12989670261682,45.225773368962514],[-73.12989027606928,45.22576054672594],[-73.12988388455602,45.22574771626146],[-73.12987752448383,45.22573487693628],[-73.12987119854759,45.225722030015824],[-73.12986490584902,45.22570917486746],[-73.1298586454898,45.22569631085836],[-73.12985241926657,45.225683439886694],[-73.129846226281,45.22567056005433],[-73.1298400665331,45.2256576732594],[-73.12983393912455,45.22564477697105],[-73.12982784675029,45.225631873720076],[-73.12982178671538,45.22561896287384],[-73.12981575991813,45.225606043799544],[-73.12980976635856,45.22559311712994],[-73.12980380693499,45.22558018286497],[-73.12979788164736,45.22556724100473],[-73.1297919886991,45.225554290916406],[-73.1297861289885,45.225541333865465],[-73.12979627635794,45.224291998092525],[-73.12979136347164,45.22394741818115],[-73.12976830102338,45.222330223774264],[-73.12974979033862,45.22071120975728],[-73.12974864588496,45.2206109163842],[-73.1297433422315,45.219165123933344],[-73.12924612202681,45.219174232030234],[-73.12923243170188,45.217858543018956],[-73.12922012747744,45.21667609860021],[-73.12920917521748,45.215623579774125],[-73.12919810707487,45.214559948103954],[-73.12919227341541,45.21399930140277],[-73.12918695628726,45.21348831144599],[-73.12917594204356,45.21242984246072],[-73.12916472388228,45.21135166368738],[-73.12800080820968,45.21137104937138],[-73.12801202726926,45.21244261391197],[-73.12802301186856,45.213500351104074],[-73.12803395155208,45.21455372177113],[-73.12812522667316,45.223342410766556],[-73.12812539465813,45.22335684256509],[-73.12812559947399,45.223371273727274],[-73.12812583932418,45.22338570488581],[-73.12812611420867,45.22340013540798],[-73.12812642502575,45.22341456655917],[-73.12812677087713,45.22342899644124],[-73.12812715266114,45.22344342568695],[-73.12812757127605,45.22345785556169],[-73.12812802492527,45.22347228353467],[-73.1281285145071,45.22348671150393],[-73.12812903822493,45.22350113946953],[-73.12812959877364,45.223515565533326],[-73.12813019435669,45.2235299915934],[-73.12813082587233,45.223544417649876],[-73.1281314933206,45.22355884180453],[-73.12813219580313,45.22357326595549],[-73.1281329342183,45.22358768883736],[-73.12813370766777,45.223602109817435],[-73.12813451794814,45.22361653079384],[-73.12813536326284,45.223630950501125],[-73.12813624451012,45.22364536957202],[-73.12813716079171,45.22365978674112],[-73.12813811300592,45.22367420390657],[-73.12813910025442,45.22368861853747],[-73.12814012433384,45.223703032532],[-73.12814118344755,45.22371744589019],[-73.12814227669726,45.22373185671379],[-73.12814340677788,45.22374626690102],[-73.12814457279113,45.22376067581917],[-73.12814577383865,45.22377508283554],[-73.12814701081881,45.2237894885828],[-73.12814828283324,45.22380389306099],[-73.1281495907803,45.22381829563735],[-73.12815093555828,45.223832695679185],[-73.12815231447225,45.223847095717375],[-73.12815372931881,45.22386149322105],[-73.12815517919968,45.22387588882294],[-73.12815666501317,45.22389028315573],[-73.12815818586094,45.223904674954],[-73.12815974353964,45.2239190648505],[-73.1281613353543,45.223933452845216],[-73.12816296310163,45.22394784020351],[-73.12816462678153,45.223962223761895],[-73.12816632639404,45.22397660605123],[-73.12816806014253,45.22399098580602],[-73.12816982982365,45.22400536429176],[-73.12817163633568,45.2240197389776],[-73.1281734769837,45.22403411302704],[-73.12817535356434,45.224048483909286],[-73.12817726517926,45.22406285288974],[-73.12817921362512,45.22407721933569],[-73.12818119620694,45.22409158324716],[-73.12818321382308,45.22410594525686],[-73.12818526827012,45.22412030409935],[-73.12818735864978,45.224134659774634],[-73.12818948226712,45.224149014180846],[-73.12819164361369,45.22416336478717],[-73.12819383819793,45.22417771412446],[-73.12819607051142,45.224192059029114],[-73.12819833606257,45.22420640203197],[-73.12820063844464,45.224220743133074],[-73.128202975861,45.224235080434305],[-73.12820534831167,45.22424941393563],[-73.12820775759326,45.224263746167935],[-73.1282102001125,45.2242780739676],[-73.1282126794627,45.224292399865476],[-73.12821519384718,45.22430672196355],[-73.12821774326596,45.224321040894395],[-73.12822032861736,45.224335357290784],[-73.12822294900303,45.22434966988728],[-73.12822560532132,45.224363979949366],[-73.12822829667392,45.22437828621156],[-73.12823102216248,45.22439258930659],[-73.12823378448199,45.22440688923445],[-73.12823658093747,45.22442118536243],[-73.12823941422387,45.224435478323294],[-73.12824228164627,45.224449767484224],[-73.12824518410295,45.22446405221266],[-73.12824812339055,45.22447833440661],[-73.12825109681414,45.224492613433455],[-73.12825410527203,45.22450688802771],[-73.12825714966253,45.22452115818943],[-73.128260228189,45.22453542644941],[-73.12826334354642,45.22454968901145],[-73.1282664930398,45.224563948406306],[-73.1282696784658,45.22457820463407],[-73.12827289802779,45.224592456429264],[-73.12827615352236,45.224606703159225],[-73.12827944405124,45.22462094735477],[-73.12828277051275,45.224635187117805],[-73.12828613111022,45.22464942244827],[-73.128289526742,45.22466365334624],[-73.12829295830637,45.22467788044437],[-73.12829642490507,45.22469210310999],[-73.12829992653805,45.224706321343064],[-73.128303462307,45.224720535143646],[-73.12830703490688,45.22473474514445],[-73.12831064164276,45.224748950712716],[-73.1283142825146,45.22476315121573],[-73.12831795931905,45.224777348551704],[-73.1283216711578,45.22479153955703],[-73.12832541892918,45.22480572739532],[-73.12832920083653,45.224819909535654],[-73.12833301777816,45.224834087243515],[-73.1283368697541,45.22484826051887],[-73.12834075676435,45.224862428729075],[-73.12834467970718,45.22487659250679],[-73.12834863678601,45.22489075121927],[-73.12835262889914,45.224904904233924],[-73.12835665514824,45.22491905344879],[-73.12836071643163,45.22493319759849],[-73.12836481364764,45.22494733668303],[-73.12836894589796,45.224961470702375],[-73.12837311228425,45.22497559839118],[-73.12837731370483,45.22498972228027],[-73.12838155105801,45.22500384047146],[-73.12838582164888,45.225017953597494],[-73.12839012727403,45.2250320616584],[-73.1283944688318,45.22504616338875],[-73.12839884452555,45.225060260686675],[-73.12840325435528,45.22507435165405],[-73.12840770101593,45.225088438821686],[-73.12841218091427,45.22510251839339],[-73.12841669584687,45.22511659353271],[-73.12842124581378,45.225130663606855],[-73.12842582991668,45.225144727350525],[-73.12843044905388,45.225158785396374],[-73.12843510232705,45.22517283774442],[-73.12843979153283,45.22518688439465],[-73.1284445148746,45.22520092534708],[-73.12844927235236,45.22521496060172],[-73.12845406486439,45.225228989525846],[-73.1284588924107,45.22524301275224],[-73.12846375499134,45.22525702964807],[-73.12846865080964,45.225271041478884],[-73.12847358166225,45.2252850463465],[-73.12847854754914,45.2252990455163],[-73.12848354757202,45.225313038355715],[-73.12848858262917,45.225327024864605],[-73.12849365182231,45.22534100567578],[-73.12849875604978,45.22535497952378],[-73.1285038953115,45.22536894767403],[-73.12850906781091,45.225382909493824],[-73.12851427534461,45.22539686498321],[-73.1285195170143,45.22541081287672],[-73.12852479281996,45.22542475570526],[-73.12853010365991,45.2254386909379],[-73.12853544863586,45.22545261984019],[-73.12854082774778,45.22546654304472],[-73.128546241894,45.22548045865345],[-73.12855169017621,45.22549436793176],[-73.12855717259437,45.22550826961428],[-73.12856269004685,45.2255221655991],[-73.128568240737,45.22553605462086],[-73.12857382735974,45.225549936679506],[-73.12857944632184,45.22556381177505],[-73.12858510031823,45.22557767990753],[-73.12859078934895,45.22559154107697],[-73.12859651071899,45.225605394650614],[-73.12860226802164,45.22561924189388],[-73.12860805946028,45.22563308090874],[-73.12861388413658,45.22564691359324],[-73.12861974294887,45.22566073994738],[-73.12862563679545,45.22567455807304],[-73.1286315638797,45.225688368603016],[-73.12863752599823,45.225702171537286],[-73.12864352225276,45.22571596814117],[-73.12864955084663,45.225729756516685],[-73.1286556153731,45.22574353856187],[-73.12866171313725,45.22575731174595],[-73.12866784503738,45.22577107859971],[-73.1286740110735,45.225784836592425],[-73.12868021124558,45.225798587622116],[-73.12868644555365,45.2258123316888],[-73.12869271220109,45.225826068159854],[-73.1286990138828,45.2258397957698],[-73.1287053497005,45.225853515784095],[-73.12871171965416,45.22586722757003],[-73.1287181219472,45.225880931760315],[-73.12872455927453,45.225894628987625],[-73.12873103073785,45.22590831798665],[-73.1287375354388,45.22592199812458],[-73.12874407427576,45.22593567066691],[-73.12875064635037,45.22594933498095],[-73.12875725256097,45.22596299106662],[-73.12876389200925,45.225976638923996],[-73.1287705655935,45.22599027918577],[-73.12877727241539,45.2260039112192],[-73.12878401337329,45.2260175350244],[-73.12879078846717,45.22603114870318],[-73.12879759679872,45.2260447560518],[-73.1288044374696,45.22605835390675],[-73.12881131227647,45.22607194416612],[-73.12881822121932,45.22608552493183],[-73.12882516429816,45.226099098102],[-73.12883213971632,45.22611266177849],[-73.12883914927049,45.22612621785946],[-73.12884619296062,45.22613976507947],[-73.12885326899013,45.226153302805905],[-73.12886037825729,45.22616683167141],[-73.12886752166042,45.22618035294135],[-73.1288746974029,45.22619386471772],[-73.12888190728137,45.22620736826588],[-73.12888915039753,45.22622086168774],[-73.12889642764962,45.22623434688145],[-73.12890373813941,45.22624782321427],[-73.12891108096855,45.2262612900535],[-73.12891845703535,45.226274748031855],[-73.12892586544149,45.226288197149344],[-73.12893330888194,45.226301636140605],[-73.12894078466175,45.22631506690371],[-73.12894829367919,45.226328488173316],[-73.12895583683263,45.226341899949375],[-73.12896341142711,45.22635530286458],[-73.12897102105588,45.22636869628627],[-73.12897866212568,45.22638208021448],[-73.12898633643316,45.226395454016455],[-73.1289940439783,45.22640881895768],[-73.1290017847611,45.2264221737727],[-73.12900955878156,45.2264355203596],[-73.12901736514138,45.22644885618767],[-73.12902520473888,45.22646218315499],[-73.12903307667571,45.22647549999614],[-73.12904098185021,45.22648880734382],[-73.12904892026238,45.226502103932674],[-73.12905689101389,45.22651539229347],[-73.12906489500308,45.226528669895465],[-73.12907293222993,45.22654193800401],[-73.1290810008978,45.22655519535381],[-73.12908910280335,45.22656844321014],[-73.12909723794655,45.226581680940434],[-73.12910540542914,45.22659490917727],[-73.12911360525104,45.22660812728808],[-73.12912183831062,45.226621334007405],[-73.12913010281123,45.22663453186606],[-73.12913840144782,45.22664771896595],[-73.12914673242376,45.22666089593979],[-73.12915509484074,45.2266740634203],[-73.1291634904954,45.226687218876705],[-73.12917191848939,45.22670036483974],[-73.12918037882274,45.22671350130947],[-73.12918887239374,45.226726626387766],[-73.1291973974058,45.22673974007472],[-73.12920595565551,45.22675284426833],[-73.12921454534626,45.22676593833597],[-73.12922316737634,45.226779021012256],[-73.12923182264412,45.22679209292988],[-73.12924050935291,45.22680515535419],[-73.12924922840106,45.226818205121816],[-73.12925798068687,45.226831245396156],[-73.1292667635154,45.22684427491186],[-73.1292755795816,45.226857293036254],[-73.12928442708885,45.22687030040202],[-73.12929330783373,45.22688329700919],[-73.12930222091799,45.22689628222506],[-73.12931116454496,45.226909257315036],[-73.12932014051127,45.226922220381034],[-73.12932914881694,45.22693517332111],[-73.12933818946196,45.226948114237274],[-73.12934726154802,45.22696104439487],[-73.12935636597342,45.22697396316122],[-73.12936550183986,45.226986871168975],[-73.12937467004565,45.22699976715285],[-73.12938386969248,45.22701265237819],[-73.12939310078032,45.227025526212316],[-73.12940236510585,45.22703838802254],[-73.12941165997411,45.22705123907425],[-73.12942098538507,45.227064078102124],[-73.12943034493202,45.22707690637145],[-73.12943973502168,45.227089721984264],[-73.12944915655237,45.227102527471246],[-73.12945861042242,45.22711532030172],[-73.12946809573351,45.22712810110839],[-73.12947761158732,45.22714087115657],[-73.12948715978048,45.22715362918091],[-73.12949674031297,45.227166375181476],[-73.12950635048989,45.22717910915822],[-73.12951599390446,45.2271918311112],[-73.12952566786174,45.22720454230572],[-73.12953537326007,45.22721724021112],[-73.12954511009946,45.22722992609277],[-73.12955487837985,45.22724260121598],[-73.12956467720296,45.22725526305009],[-73.12957450836545,45.22726791412582],[-73.12958437007063,45.22728055254511],[-73.12959426321686,45.22729317830802],[-73.1296041869058,45.22730579141453],[-73.12961414203576,45.22731839313001],[-73.12962412950509,45.22733098218909],[-73.12963414572052,45.227343559224444],[-73.1296441951736,45.227356122970775],[-73.1296542742711,45.22736867532614],[-73.12966438480962,45.22738121502513],[-73.12967452589086,45.22739374206775],[-73.12968469931144,45.22740625708675],[-73.12969490237644,45.22741875944939],[-73.12970513598415,45.22743124852305],[-73.12971540193124,45.227443725573096],[-73.1297256975227,45.22745618933414],[-73.12973602455521,45.227468640438914],[-73.12974638123212,45.22748107952006],[-73.12975677024836,45.22749350531222],[-73.12976718801073,45.22750591844817],[-73.12976521531036,45.227604145357226],[-73.13109874638333,45.228183607022736],[-73.1311000309742,45.22823255605154],[-73.13204643577042,45.22864192275456],[-73.13336970628622,45.22923506773243],[-73.13348659327436,45.229228755067]]],[[[-73.12830173574503,45.22717496003449],[-73.1278013759284,45.2269655604907],[-73.12759537965734,45.227486916605834],[-73.12809504417793,45.22769810343532],[-73.12830173574503,45.22717496003449]]],[[[-73.12787391039602,45.22064632720446],[-73.12602786080906,45.22063826338756],[-73.1260128760118,45.22234808905005],[-73.1274133234886,45.222354210128195],[-73.12739660134959,45.223276149345764],[-73.12739652050121,45.223279655905834],[-73.12739640372023,45.22328316120023],[-73.12739625100662,45.22328666586171],[-73.1273960623604,45.22329016989019],[-73.12739583867992,45.22329367328578],[-73.1273955799651,45.223297174782985],[-73.12739528531769,45.2233006750145],[-73.12739495563598,45.22330417398039],[-73.12739459002167,45.22330767104785],[-73.12739418847472,45.223311166216945],[-73.12739375279183,45.223314658854925],[-73.1273932820746,45.22331815022722],[-73.12739277452648,45.22332163780299],[-73.12739223194403,45.223325122847605],[-73.12739165432731,45.2233286059939],[-73.1273910416763,45.2233320859763],[-73.12739039399098,45.22333556216218],[-73.12738971037304,45.2233390358169],[-73.12738899172082,45.22334250504242],[-73.1273882389326,45.223345971104045],[-73.12738744931346,45.22334943336914],[-73.12738662555834,45.22335289120494],[-73.12738576766725,45.22335634524421],[-73.12738487384355,45.22335979422145],[-73.12738394498554,45.22336323813674],[-73.12738298199156,45.223366678255466],[-73.12738198396329,45.22337011331216],[-73.12738095000239,45.223373543306856],[-73.12737988280384,45.22337696697416],[-73.12737877967267,45.22338038621214],[-73.1273776424055,45.223383799122736],[-73.12737647190069,45.223387206971296],[-73.12737526456496,45.22339060785971],[-73.12737402488986,45.223394003053414],[-73.12737274928216,45.223397391919676],[-73.12737144043679,45.223400773825745],[-73.12737009745544,45.22340415003715],[-73.1273687194398,45.22340751928838],[-73.12736730728817,45.223410880314006],[-73.12736586279719,45.22341423501224],[-73.1273643823736,45.22341758211756],[-73.12736286961068,45.22342092099729],[-73.12736132181342,45.22342425291685],[-73.12735974077853,45.2234275772436],[-73.12735812650597,45.223430892079236],[-73.12735647809743,45.223434199954795],[-73.12735479645121,45.223437498972],[-73.12735308156734,45.223440789130926],[-73.12735133344577,45.22344407106421],[-73.12734955208657,45.22344734413923],[-73.12734773659139,45.22345060709048],[-73.12734588965516,45.22345386244887],[-73.12734400858297,45.2234571070508],[-73.12734209606973,45.22346034216169],[-73.12734014942049,45.22346356841431],[-73.12733817043193,45.223466783277736],[-73.12733616000233,45.223469989282805],[-73.12733411543672,45.22347318389874],[-73.12733203943013,45.223476369023636],[-73.12732993198247,45.22347954402481],[-73.12732779129713,45.22348270700412],[-73.12732561827247,45.22348586049236],[-73.12732341470507,45.22348900132598],[-73.12732117879833,45.2234921320359],[-73.12731891145056,45.223495251356645],[-73.12731661176342,45.22349835802279],[-73.12731428153359,45.22350145393245],[-73.12731191986269,45.223504538452936],[-73.12730952675078,45.22350760905342],[-73.12730710219783,45.22351066953016],[-73.12730464800048,45.223513716086835],[-73.12730216146376,45.22351675125436],[-73.12729964528266,45.22351977313457],[-73.12729709855881,45.22352278236015],[-73.12729452039395,45.223525779563886],[-73.1272919125847,45.22352876221485],[-73.1272892742327,45.22353173221121],[-73.1272866062363,45.22353468828757],[-73.12728390949383,45.223537631076574],[-73.1272811813103,45.22354056121103],[-73.12727842438069,45.22354347615998],[-73.12727563780668,45.22354637718896],[-73.12727282158828,45.223549264297866],[-73.12726997662378,45.22355213748675],[-73.12726710291317,45.22355499612293],[-73.12726419955817,45.223557839573616],[-73.12726126745709,45.22356066847158],[-73.12725830750823,45.22356348218409],[-73.12725531881328,45.223566281343814],[-73.12725230137222,45.22356906531816],[-73.127248895859,45.22357220551446],[-73.12724551819353,45.2235753602632],[-73.12724216837583,45.22357853019708],[-73.12723884730421,45.22358171531609],[-73.12723555587702,45.22358491562023],[-73.12723229229759,45.22358812921133],[-73.12722905746425,45.22359135862032],[-73.127225851377,45.22359460258166],[-73.12722267583248,45.22359785919723],[-73.1272195272374,45.22360113163066],[-73.12721641008336,45.22360441735104],[-73.12721332167543,45.22360771762383],[-73.12721026201356,45.22361103055086],[-73.12720723379275,45.22361435739751],[-73.127204234318,45.223617698163835],[-73.12720126538599,45.223621052217126],[-73.12719832609838,45.22362441955736],[-73.1271954173535,45.22362779955178],[-73.12719253915132,45.22363119220044],[-73.12718969149188,45.223634598136016],[-73.12718687347683,45.22363801735852],[-73.1271840860045,45.22364144860252],[-73.12718132997321,45.2236448925007],[-73.12717860538295,45.22364834715497],[-73.12717591133541,45.22365181572882],[-73.12717324872892,45.22365529569149],[-73.12717061756344,45.2236587876756],[-73.12716801604238,45.2236622916812],[-73.127165447759,45.22366580644282],[-73.12716291001831,45.22366933259314],[-73.127160404617,45.223672870765],[-73.12715793065668,45.223676419692865],[-73.12715548813742,45.22367997937671],[-73.12715307795753,45.22368355044934],[-73.12715069921865,45.22368713164525],[-73.12714835371744,45.223690723597166],[-73.12714603965728,45.223694326305136],[-73.12714375793647,45.22369793850361],[-73.1271415094533,45.223701561458135],[-73.12713929241119,45.223705194535974],[-73.12713710860672,45.22370883773708],[-73.12713495714162,45.223712489795986],[-73.12713283801587,45.22371615134548],[-73.12713075212777,45.22371982365101],[-73.12712870037566,45.22372350354888],[-73.12712668006459,45.22372719357007],[-73.12712469299117,45.22373089244908],[-73.12712274005375,45.22373459955322],[-73.12712081945568,45.22373831551519],[-73.12711893299357,45.22374204033497],[-73.12711707887082,45.22374577337988],[-73.12711525888406,45.22374951464986],[-73.12711347303329,45.22375326477772],[-73.12711172042016,45.22375702123249],[-73.1271100010447,45.223760786545085],[-73.12710831490692,45.22376455945005],[-73.12710666470174,45.22376833931471],[-73.1271050459376,45.22377212677173],[-73.12710346220776,45.223775921821115],[-73.1271019135122,45.223779723830184],[-73.127100397156,45.223783531533414],[-73.1270989158341,45.223787346829056],[-73.12709746864819,45.22379116845164],[-73.12709605559824,45.22379499640113],[-73.1270946775826,45.22379883131029],[-73.1270933319063,45.22380267128093],[-73.12709202306092,45.22380651757851],[-73.12709074745322,45.22381037083577],[-73.1270895059815,45.22381422788905],[-73.12708830044238,45.22381809190193],[-73.12708712903925,45.2238219597109],[-73.1270859917721,45.223825833846796],[-73.12708489043757,45.22382971241144],[-73.12708382234071,45.22383359540487],[-73.12708279017644,45.22383748472519],[-73.12708179214816,45.22384137784162],[-73.12708082915418,45.22384527475401],[-73.12707990119449,45.223849175462504],[-73.12707900826909,45.223853081865165],[-73.127078150378,45.223856990798424],[-73.1270773284195,45.223860904793185],[-73.127076540597,45.22386482195123],[-73.12707578691048,45.223868741639926],[-73.12707506915658,45.2238726644919],[-73.12707438733527,45.22387659177266],[-73.12707374054825,45.223880521584015],[-73.12707312789723,45.22388445392596],[-73.12707255117883,45.2238883887985],[-73.12707201039301,45.22389232683432],[-73.1270715028449,45.2238962667681],[-73.12707103302598,45.2239002085997],[-73.12707059734309,45.22390415359466],[-73.12707019759277,45.22390809985477],[-73.12706983197846,45.22391204674727],[-73.12706950319506,45.22391599680315],[-73.12706920854765,45.22391994749143],[-73.12706894983286,45.2239238994449],[-73.12706872615234,45.22392785266355],[-73.12706853930277,45.22393180651459],[-73.12706838658919,45.223935760998096],[-73.12706826890987,45.22393971674674],[-73.12706818806149,45.22394367186242],[-73.12702780429791,45.22644418630725],[-73.12721752758759,45.22652383109377],[-73.12725302990593,45.22432651259659],[-73.127259164501,45.223945207467196],[-73.12725923726454,45.22394173068586],[-73.127259346859,45.22393825580251],[-73.12725948969114,45.223934780286214],[-73.12725966755755,45.22393130540243],[-73.12725988135661,45.22392783241658],[-73.12726012929161,45.22392436069596],[-73.12726041136263,45.22392088960782],[-73.12726072936623,45.223917420417656],[-73.12726108240415,45.22391395249267],[-73.12726146957802,45.22391048773108],[-73.12726189178622,45.22390702360202],[-73.12726234813037,45.22390356137087],[-73.12726284040714,45.223900102303105],[-73.1272633668199,45.223896646398735],[-73.12726392736865,45.22389319239233],[-73.12726452384999,45.22388974154927],[-73.127265153569,45.223886293236866],[-73.12726581832233,45.22388284935331],[-73.12726651810992,45.22387940736768],[-73.12726725293182,45.22387597044358],[-73.12726802099138,45.22387253668286],[-73.12726882498357,45.223869106718226],[-73.12726966131511,45.22386568054974],[-73.12727053357924,45.223862259442754],[-73.12727143997937,45.2238588427646],[-73.12727238051548,45.22385542924985],[-73.12727335428923,45.22385202269477],[-73.12727436399561,45.22384861930309],[-73.12727540693966,45.223845222238396],[-73.12727648312136,45.22384183023524],[-73.12727759523568,45.223838443293616],[-73.12727874058767,45.223835062678994],[-73.12727991917733,45.22383168775863],[-73.12728113280127,45.223828317267085],[-73.1272823796629,45.223824954368],[-73.12728365976217,45.223821598428586],[-73.12728497399743,45.223818248183456],[-73.12728632147036,45.22381490426531],[-73.12728770218095,45.22381156730687],[-73.12728911792584,45.22380823857356],[-73.12729056601007,45.223804915534586],[-73.12729204733196,45.223801600720705],[-73.12729356278986,45.22379829349925],[-73.1272951105871,45.223794993237576],[-73.12729669162199,45.22379170120101],[-73.12729830589457,45.22378841612414],[-73.12729995250649,45.22378514117061],[-73.12730163145774,45.22378187317683],[-73.12730334454498,45.22377861467361],[-73.1273050899716,45.22377536439556],[-73.12730686773754,45.223772122342666],[-73.12730867874116,45.223768890413126],[-73.12731052118579,45.223765666708715],[-73.1273123968681,45.22376245249491],[-73.12731430399145,45.22375924840446],[-73.12731624345416,45.22375605317188],[-73.1273182143579,45.22375286742992],[-73.12732021849928,45.223749692444],[-73.12732225408173,45.223746527581454],[-73.12732432020688,45.2237433734749],[-73.1273264195697,45.22374022822631],[-73.12732854947524,45.22373709563192],[-73.12733071082181,45.22373397252811],[-73.12733290360941,45.2237308601804],[-73.12733512783805,45.22372775922144],[-73.12733738260943,45.22372466965132],[-73.12733966972013,45.22372159146993],[-73.12734198647526,45.223718524677345],[-73.1273443337731,45.22371546927355],[-73.12734671251197,45.22371242652402],[-73.12734912179356,45.22370939453055],[-73.12735156071955,45.2237063751913],[-73.12735402928996,45.22370336913899],[-73.1273565293014,45.223700374475534],[-73.12735905985555,45.22369739309899],[-73.12736161915579,45.22369442437671],[-73.12736420810043,45.2236914683087],[-73.1273668266895,45.223688525527606],[-73.12736947582125,45.22368559540083],[-73.12737215280082,45.2236826791937],[-73.12737485942478,45.223679776273535],[-73.12737759569312,45.22367688727311],[-73.12738036070756,45.22367401155961],[-73.1273831544681,45.22367115039858],[-73.12738597697472,45.22366830252449],[-73.12738882732913,45.22366546920287],[-73.12739170732792,45.22366265043364],[-73.12739461517448,45.22365984621686],[-73.12739755086884,45.22365705655252],[-73.12740051351264,45.223654281440574],[-73.12740350580086,45.2236515215138],[-73.12740690322926,45.22364838954725],[-73.1274102728099,45.22364524239521],[-73.12741361364444,45.223642079424984],[-73.12741692663121,45.223638902534695],[-73.12742021177019,45.223635710459],[-73.1274234681631,45.223632504463225],[-73.12742669491159,45.22362928328194],[-73.12742989381233,45.22362604754794],[-73.12743306306865,45.22362279852663],[-73.12743620268057,45.22361953431981],[-73.12743931354639,45.2236162574584],[-73.12744239566614,45.22361296541149],[-73.12744544903978,45.22360966007726],[-73.12744847097241,45.22360634145569],[-73.12745146415894,45.223603008914026],[-73.12745442680274,45.22359966435051],[-73.12745735980214,45.22359630523419],[-73.12746026315713,45.223592934096],[-73.12746313596942,45.22358954903769],[-73.1274659791373,45.22358615195752],[-73.12746879086414,45.22358274222273],[-73.12747157204825,45.22357932046599],[-73.12747432268965,45.22357588542194],[-73.12747704278834,45.22357243835596],[-73.12747973324261,45.22356897926805],[-73.12748239135753,45.22356550942367],[-73.12748501803141,45.2235620262919],[-73.12748761416259,45.22355853113823],[-73.12749017885272,45.22355502586082],[-73.12749271300015,45.22355150792874],[-73.12749521390991,45.22354797987291],[-73.12749768517523,45.22354444042786],[-73.12750012320292,45.22354089022633],[-73.12750252978957,45.22353732800286],[-73.12750490493518,45.22353375628836],[-73.12750724774143,45.223530173817316],[-73.12750955910667,45.22352658122252],[-73.12751183813253,45.223522977871234],[-73.12751408392074,45.22351936439619],[-73.12751629826793,45.22351574079732],[-73.12751848027577,45.2235121083401],[-73.12752062904592,45.22350846512639],[-73.12752274637505,45.223504813054376],[-73.12752482956819,45.22350115085854],[-73.12752688132029,45.223497479804344],[-73.12752889893642,45.22349379989179],[-73.1275308842132,45.22349011238636],[-73.12753283715062,45.2234864141244],[-73.12753475595207,45.22348270826954],[-73.12753664241419,45.223478992923596],[-73.12753849474029,45.22347526998474],[-73.12754031472706,45.22347153818753],[-73.12754210147617,45.223467798797415],[-73.12754385319097,45.22346405118166],[-73.1275455716681,45.22346029597295],[-73.12754725780587,45.22345653380407],[-73.1275489098077,45.22345276404228],[-73.1275505276735,45.22344898605479],[-73.12755211230167,45.223445201739864],[-73.12755366279386,45.22344140983203],[-73.12755517915005,45.223437612229375],[-73.12755666226859,45.22343380703386],[-73.12755811035284,45.22342999487811],[-73.1275595251994,45.223426177027605],[-73.12756090501168,45.22342235284959],[-73.12756225068797,45.223418521711345],[-73.12756356312661,45.22341468614384],[-73.12756484142925,45.22341084424878],[-73.12756608379928,45.223406996026284],[-73.12756729203335,45.22340314274174],[-73.12756846613142,45.22339928502783],[-73.12756960609352,45.22339542098648],[-73.12757071102132,45.223391553148446],[-73.12757178181315,45.223387678983],[-73.12757281846898,45.223383801020894],[-73.12757381919221,45.22337991799674],[-73.12757478577944,45.223376031176],[-73.12757571733242,45.22337213992591],[-73.12757661385106,45.2233682442465],[-73.12757747623372,45.223364344770474],[-73.12757830448041,45.22336044213059],[-73.1275790958962,45.22335653506136],[-73.12757985317596,45.22335262482822],[-73.12758057631979,45.22334871079847],[-73.12758126353097,45.2233447942376],[-73.12758191570786,45.22334087514551],[-73.12758253285045,45.22333695225684],[-73.12758311495877,45.223333026836954],[-73.12758366203278,45.22332909888596],[-73.1275841740725,45.2233251690365],[-73.12758465107791,45.223321236655856],[-73.12758509304902,45.22331730300949],[-73.12758549998586,45.22331336619925],[-73.12758587099005,45.22330942812328],[-73.12758620695996,45.22330548878161],[-73.12758650789559,45.223301548174206],[-73.12758677379692,45.223297605668314],[-73.12758700376563,45.22329366189673],[-73.12758720049668,45.223289718124924],[-73.1275873603968,45.22328577308732],[-73.1275874843643,45.22328182678401],[-73.12758757419583,45.22327788111318],[-73.1276043214877,45.22235504344012],[-73.12785898129431,45.22235615388989],[-73.12787391039602,45.22064632720446]]],[[[-73.1275729253685,45.22686995242545],[-73.127079925449,45.22666362724958],[-73.12690223329591,45.22658926054085],[-73.12667768052602,45.226493466464866],[-73.12656782016002,45.226446862583444],[-73.12659147280146,45.22641762979534],[-73.1264031679516,45.2263355458377],[-73.12625480938578,45.22651888220384],[-73.12613628297227,45.226665351954225],[-73.12601781764417,45.22681174540499],[-73.1263204663516,45.22693499110816],[-73.12602874025971,45.227295384463034],[-73.12615581953307,45.22743169392865],[-73.12638375805327,45.227673066563675],[-73.12643132923743,45.227725272411305],[-73.12671972527458,45.22725164538349],[-73.1273225460342,45.227503630685895],[-73.1275729253685,45.22686995242545]]],[[[-73.12618493393141,45.22624068581981],[-73.12599619968688,45.226159181153086],[-73.12597036324098,45.22619053675662],[-73.1257832387774,45.226417639285664],[-73.12561127338427,45.2266262132928],[-73.12580275827023,45.22670457726675],[-73.12597459250934,45.22649600228179],[-73.12618493393141,45.22624068581981]]]]}},{"type":"Feature","properties":{"zone_code":"A-8","prefix":"A","kind":"agricultural","n_lots":18,"source":"t2-gcp-claude48-vision-multisheet","confidence":"contour-autogcp-multisheet"},"geometry":{"type":"MultiPolygon","coordinates":[[[[-73.15061459023529,45.218397644151935],[-73.15061376917511,45.218283362888975],[-73.15061017501566,45.21791612832067],[-73.14990321166684,45.21792934275431],[-73.14988870836659,45.21734303860754],[-73.15060449766307,45.21733586718994],[-73.15058579294222,45.21542435696448],[-73.15057015057818,45.21382562341373],[-73.15056900792113,45.21359636198589],[-73.15056456036216,45.2127034493397],[-73.14967996864064,45.21270564466974],[-73.14967876938974,45.21246427620044],[-73.149676151699,45.211937722042045],[-73.15056073443736,45.21193552161956],[-73.15054869701257,45.21164711681796],[-73.15054292443854,45.21106855423367],[-73.15053687608173,45.21028400111581],[-73.15053655897646,45.21024285384019],[-73.1505333241431,45.20982328878159],[-73.1505194829012,45.20771094395629],[-73.15051461942227,45.20628023306851],[-73.15023204985806,45.20628071345011],[-73.1502317174814,45.206182816157465],[-73.1500980697267,45.20618304337394],[-73.15009779933379,45.2061034099667],[-73.15000526387638,45.20610356819564],[-73.15000312588602,45.20555388641769],[-73.1291091127763,45.20600649971924],[-73.12913120773902,45.20813035751287],[-73.12913996002484,45.20897154423277],[-73.12914242051042,45.20920801889827],[-73.12915113327035,45.21003778153137],[-73.12915358028117,45.21028069500666],[-73.12916472388228,45.21135166368738],[-73.12917594204356,45.21242984246072],[-73.12918695628726,45.21348831144599],[-73.12919227341541,45.21399930140277],[-73.12919810707487,45.214559948103954],[-73.12920917521748,45.215623579774125],[-73.12922012747744,45.21667609860021],[-73.12923243170188,45.217858543018956],[-73.12924612202681,45.219174232030234],[-73.1297433422315,45.219165123933344],[-73.12973951361177,45.2185619905349],[-73.15061459023529,45.218397644151935]]],[[[-73.1291091127763,45.20600649971924],[-73.12909797815837,45.204936353203],[-73.12909036134306,45.20574369304673],[-73.12909906601817,45.206006702885546],[-73.1291091127763,45.20600649971924]]]]}},{"type":"Feature","properties":{"zone_code":"A-6","prefix":"A","kind":"agricultural","n_lots":25,"source":"t2-gcp-claude48-vision-multisheet","confidence":"contour-autogcp-multisheet"},"geometry":{"type":"MultiPolygon","coordinates":[[[[-73.11199984209578,45.214477916636085],[-73.11059326092222,45.21322667591555],[-73.11001363466325,45.21271104281442],[-73.10979142649624,45.212513364067384],[-73.1097948625522,45.21250888795838],[-73.10979826896377,45.212504400457824],[-73.10980164752755,45.21249990346423],[-73.10980499644693,45.212495394446265],[-73.1098083157219,45.212490875935245],[-73.10981160714911,45.21248634603271],[-73.10981486803358,45.21248180600426],[-73.10981810017198,45.212477254584236],[-73.10982130356429,45.21247269367117],[-73.10982447551555,45.212468121999365],[-73.10982761872074,45.21246353956888],[-73.10983073228151,45.212458947645295],[-73.10983381619788,45.21245434559583],[-73.10983687046985,45.21244973342049],[-73.10983989509741,45.21244511238492],[-73.10984288918225,45.21244048059063],[-73.10984585272438,45.21243583993611],[-73.10984878841872,45.21243118978856],[-73.10985169177373,45.21242652951508],[-73.10985456638262,45.21242185974851],[-73.10985741044881,45.21241718175462],[-73.10986022397228,45.21241249363477],[-73.10986300695302,45.2124077966547],[-73.10986584832428,45.212402938298595],[-73.10986865735617,45.21239807171508],[-73.1098714331504,45.2123931956385],[-73.10987417750358,45.212388309435916],[-73.10987688772082,45.21238341437312],[-73.10987956649699,45.21237851045001],[-73.10988221113718,45.21237359766667],[-73.10988482433633,45.2123686766559],[-73.10988740429782,45.21236374551915],[-73.10988995102166,45.21235880742067],[-73.10989246540613,45.21235386046192],[-73.10989494655297,45.21234890464288],[-73.10989739356378,45.212343940596405],[-73.10989980823528,45.21233896958821],[-73.10990218877077,45.212333989719724],[-73.10990453696694,45.21232900162375],[-73.10990685192543,45.21232400656611],[-73.10990913454455,45.21231900264811],[-73.10991138212941,45.21231399240123],[-73.10991359647656,45.21230897455973],[-73.10991577668777,45.21230394849082],[-73.10991792545792,45.21229891546013],[-73.10992003829546,45.21229387673337],[-73.10992211879368,45.21228882914629],[-73.10992416515589,45.21228377523029],[-73.10992617828045,45.212278715618254],[-73.10992815726901,45.212273648411575],[-73.1099301021216,45.21226857424315],[-73.10993201283821,45.21226349437859],[-73.10993389031717,45.212258408185136],[-73.10993573366012,45.2122533156628],[-73.10993754286712,45.21224821617861],[-73.10993931793811,45.2122431122641],[-73.1099410588731,45.21223800138778],[-73.10994276567217,45.21223288544818],[-73.10994443923354,45.21222776317968],[-73.10994607776061,45.21222263648081],[-73.10994768215171,45.21221750345298],[-73.10994925240684,45.21221236536188],[-73.10995078762765,45.212207221574715],[-73.1099522896108,45.212202073357126],[-73.10995375745799,45.212196920076295],[-73.10995518937254,45.21219176236508],[-73.10995658715113,45.21218659959062],[-73.10995795079371,45.212181431120015],[-73.10995928119866,45.21217625948474],[-73.10996057477269,45.21217108341902],[-73.10996183510902,45.21216590229005],[-73.10996306130937,45.212160717996376],[-73.10996425157714,45.212155529272295],[-73.10996540770888,45.21215033611783],[-73.10996652970469,45.212145140431446],[-73.10996761666618,45.212139939048946],[-73.10996866859338,45.2121347364003],[-73.1099696863846,45.21212952932122],[-73.10997066914152,45.21212431844459],[-73.10997161686414,45.21211910440323],[-73.10997252955246,45.212113887197155],[-73.10997340810482,45.21210866809206],[-73.10997425162287,45.21210344518938],[-73.10997506010662,45.21209821912195],[-73.10997583355609,45.21209299115552],[-73.10997657286956,45.21208776129008],[-73.10997727714874,45.21208252825986],[-73.10997794639363,45.21207729206495],[-73.1099785788076,45.212072055236696],[-73.1099791788822,45.21206681650943],[-73.10997974302421,45.21206157398457],[-73.1099802721319,45.212056331459216],[-73.10998076620533,45.21205108640199],[-73.10998122524443,45.21204583944575],[-73.10998164924924,45.2120405912233],[-73.10998203821975,45.212035342367564],[-73.10998239125766,45.212030090979894],[-73.10998271015958,45.21202483895887],[-73.1099829940272,45.21201958630455],[-73.10998324286054,45.21201433301689],[-73.10998345665959,45.212009078463076],[-73.10998363452602,45.21200382327586],[-73.10998377915479,45.211998568088205],[-73.10998388695262,45.211993312267204],[-73.10998396061446,45.211988055179994],[-73.10998399924202,45.211982799358026],[-73.10998530000255,45.21164503093084],[-73.1097484016857,45.21164497270826],[-73.10974707487405,45.21198233421301],[-73.10974703804312,45.21198716729103],[-73.1097469670762,45.21199199910292],[-73.10974686107501,45.21199683154725],[-73.10974671914119,45.21200166335837],[-73.1097465430714,45.21200649453617],[-73.1097463319673,45.21201132508074],[-73.10974608672721,45.212016155624895],[-73.10974580555454,45.21202098363725],[-73.10974549024588,45.21202581164915],[-73.1097451390046,45.212030637129295],[-73.10974475452566,45.21203546260898],[-73.10974433321579,45.21204028618976],[-73.10974387866827,45.21204510850438],[-73.10974338908642,45.212049928287236],[-73.1097428644703,45.21205474743682],[-73.10974230481987,45.212059564687415],[-73.10974171013517,45.21206437814053],[-73.10974108131447,45.212069190327576],[-73.10974041745948,45.21207400061563],[-73.1097397194685,45.212078808371885],[-73.10973898644322,45.21208361359634],[-73.10973821838364,45.21208841565613],[-73.10973741528979,45.212093214551274],[-73.10973657805994,45.212098011547475],[-73.10973570669411,45.212102804746166],[-73.10973480029399,45.21210759414734],[-73.1097338597579,45.21211238164962],[-73.10973288328918,45.212117164721484],[-73.1097318735828,45.21212194462874],[-73.10973082974044,45.21212672073854],[-73.10972975086379,45.21213149241796],[-73.10972863605453,45.21213626156555],[-73.10972748890589,45.21214102565],[-73.10972630672299,45.21214578530409],[-73.10972508950579,45.21215054052786],[-73.10972383815258,45.2121552913213],[-73.10972255356172,45.21216003831721],[-73.10972123393657,45.21216478024998],[-73.10971987927712,45.212169517752386],[-73.10971849138002,45.21217424955877],[-73.10971706934691,45.21217897630198],[-73.10971561317784,45.212183698614886],[-73.1097141237711,45.21218841523176],[-73.10971259843174,45.212193126785415],[-73.10971104075304,45.2121978326431],[-73.10970944714173,45.21220253153904],[-73.10970782119105,45.21220722537181],[-73.10970616110443,45.212211914774244],[-73.1097044677801,45.21221659658213],[-73.1097027394215,45.212221272693995],[-73.10970097872355,45.212225941844174],[-73.10969918299129,45.212230605298345],[-73.10969735491969,45.21223526179078],[-73.1096954918138,45.21223991132154],[-73.10969359547023,45.21224455452343],[-73.109691665889,45.21224919139646],[-73.10968970217179,45.21225382067495],[-73.10968770611522,45.21225844235891],[-73.109685676821,45.212263057714004],[-73.1096836133908,45.21226766547458],[-73.10968151762123,45.21227226564058],[-73.1096793877157,45.21227685757924],[-73.1096772254708,45.21228144255619],[-73.10967502998825,45.212286019938574],[-73.10967280036972,45.212290587827916],[-73.10967053931014,45.2122951487556],[-73.1096682450129,45.212299701455905],[-73.1096659165797,45.2123042459288],[-73.10966355670544,45.21230878090865],[-73.10966116359353,45.21231330766114],[-73.10965873814226,45.21231782681907],[-73.10965627945333,45.21232233585116],[-73.10965378932336,45.212326836655855],[-73.10965126595573,45.21233132860032],[-73.10964871024873,45.212335810418914],[-73.1096461222024,45.21234028401015],[-73.10964350181672,45.21234474747547],[-73.10964084999,45.212349202713476],[-73.10963816492563,45.212353646559905],[-73.1096354484202,45.21235808154608],[-73.10963269957543,45.212362507039295],[-73.10962991928965,45.212366921773736],[-73.10962710666448,45.212371327015134],[-73.10962426259827,45.212375721497814],[-73.10824251714739,45.21113548299255],[-73.10778751865936,45.21072706546341],[-73.10517629938474,45.20841489546818],[-73.104482852986,45.207800824246235],[-73.10395020322649,45.207329132465986],[-73.10357850731138,45.20699339144747],[-73.10256835357102,45.206104088452435],[-73.10165029421526,45.20529582902046],[-73.1014665492138,45.205134058284834],[-73.10119120390111,45.2048916348697],[-73.09980096667583,45.203663297062356],[-73.09962838863164,45.20351010504708],[-73.09902290077395,45.202972622385495],[-73.09884593895119,45.202815840303614],[-73.09789831603945,45.201976261421954],[-73.08150725741173,45.211040857718665],[-73.08162849134753,45.211148473071056],[-73.08245350410445,45.211890480338674],[-73.082230804559,45.21201419378989],[-73.08362860919223,45.21327131808441],[-73.08548395993564,45.21493982968965],[-73.08462691235736,45.215415943094705],[-73.08508280646575,45.21582584505764],[-73.08594681149589,45.21535604992396],[-73.08685617336307,45.21617377363128],[-73.08632229560658,45.21647030721318],[-73.08685925817775,45.21689310111813],[-73.08735182151604,45.21661950743519],[-73.08779490025857,45.217017958536665],[-73.087917628991,45.217128314596266],[-73.08694745836561,45.21768087380623],[-73.08775125022059,45.21840353595662],[-73.08872158344104,45.217851109060604],[-73.09059656955993,45.219522964611066],[-73.09081857830094,45.21939859612765],[-73.09140165049735,45.21991847896707],[-73.09186026919599,45.21966515021841],[-73.09204467445919,45.21982956760389],[-73.0922593664222,45.21971097566441],[-73.09239240422085,45.21982959291437],[-73.09217771405446,45.219948185239204],[-73.09222184558942,45.21998753224748],[-73.09176322689079,45.22024086398907],[-73.09316087881042,45.2214869890263],[-73.09364212247779,45.22122071682345],[-73.09451059932144,45.2207374405362],[-73.09488341633403,45.221070987041195],[-73.09401575066907,45.22155380808146],[-73.09355580515877,45.22180829645509],[-73.0937030129827,45.22193953248505],[-73.0942321647025,45.22164566153353],[-73.09473558867256,45.22136607583534],[-73.09502963331617,45.221202771467205],[-73.09544716936193,45.22097189463018],[-73.09545514460503,45.220967948166276],[-73.09546312074643,45.220964002334846],[-73.09589473878258,45.22134807547609],[-73.0951707514608,45.221753321358044],[-73.09466660973683,45.222032270515136],[-73.09413622283351,45.22232573641599],[-73.0948471459561,45.22295950329597],[-73.09569960044836,45.22248191804151],[-73.09616246997491,45.222894538523235],[-73.09531001458434,45.22337212727146],[-73.09550673036023,45.22354748824821],[-73.09551036314724,45.223550725252096],[-73.09615440310365,45.22319646204552],[-73.11199984209578,45.214477916636085]],[[-73.08374128038675,45.2125328955424],[-73.0833859508778,45.212729083245684],[-73.08281770627346,45.2122180325137],[-73.0831730348841,45.21202184557883],[-73.08374128038675,45.2125328955424]]]]}},{"type":"Feature","properties":{"zone_code":"AC-2","prefix":"AC","kind":"unknown","n_lots":35,"source":"t2-gcp-claude48-vision-multisheet","confidence":"contour-autogcp-multisheet"},"geometry":{"type":"MultiPolygon","coordinates":[[[[-73.12803395155208,45.21455372177113],[-73.12802301186856,45.213500351104074],[-73.12801202726926,45.21244261391197],[-73.12800080820968,45.21137104937138],[-73.12798968167658,45.21029970133423],[-73.12797869797559,45.20923302086591],[-73.12796769720664,45.20817364043107],[-73.1279564404178,45.20708952850269],[-73.12794543875052,45.20603002080346],[-73.12794270697374,45.205766890184805],[-73.12793433826855,45.20496081905902],[-73.12791211305012,45.20282031844131],[-73.12790089578715,45.201739875689505],[-73.12789000461265,45.20069073587788],[-73.10992698496757,45.2008561170739],[-73.10993279616915,45.201933816893785],[-73.10993564113363,45.20246117637298],[-73.1096795700737,45.20246336893356],[-73.10967692902676,45.20197310610779],[-73.10967258567236,45.20116705465081],[-73.10967090761942,45.20085559360422],[-73.09674230284638,45.20095200751394],[-73.09789831603945,45.201976261421954],[-73.09884593895119,45.202815840303614],[-73.09902290077395,45.202972622385495],[-73.09962838863164,45.20351010504708],[-73.09980096667583,45.203663297062356],[-73.10119120390111,45.2048916348697],[-73.1014665492138,45.205134058284834],[-73.10165029421526,45.20529582902046],[-73.10256835357102,45.206104088452435],[-73.10357850731138,45.20699339144747],[-73.10395020322649,45.207329132465986],[-73.104482852986,45.207800824246235],[-73.10517629938474,45.20841489546818],[-73.10778751865936,45.21072706546341],[-73.10824251714739,45.21113548299255],[-73.10962426259827,45.212375721497814],[-73.10962710666448,45.212371327015134],[-73.10962991928965,45.212366921773736],[-73.10963269957543,45.212362507039295],[-73.1096354484202,45.21235808154608],[-73.10963816492563,45.212353646559905],[-73.10964084999,45.212349202713476],[-73.10964350181672,45.21234474747547],[-73.1096461222024,45.21234028401015],[-73.10964871024873,45.212335810418914],[-73.10965126595573,45.21233132860032],[-73.10965378932336,45.212326836655855],[-73.10965627945333,45.21232233585116],[-73.10965873814226,45.21231782681907],[-73.10966116359353,45.21231330766114],[-73.10966355670544,45.21230878090865],[-73.1096659165797,45.2123042459288],[-73.1096682450129,45.212299701455905],[-73.10967053931014,45.2122951487556],[-73.10967280036972,45.212290587827916],[-73.10967502998825,45.212286019938574],[-73.1096772254708,45.21228144255619],[-73.1096793877157,45.21227685757924],[-73.10968151762123,45.21227226564058],[-73.1096836133908,45.21226766547458],[-73.109685676821,45.212263057714004],[-73.10968770611522,45.21225844235891],[-73.10968970217179,45.21225382067495],[-73.109691665889,45.21224919139646],[-73.10969359547023,45.21224455452343],[-73.1096954918138,45.21223991132154],[-73.10969735491969,45.21223526179078],[-73.10969918299129,45.212230605298345],[-73.10970097872355,45.212225941844174],[-73.1097027394215,45.212221272693995],[-73.1097044677801,45.21221659658213],[-73.10970616110443,45.212211914774244],[-73.10970782119105,45.21220722537181],[-73.10970944714173,45.21220253153904],[-73.10971104075304,45.2121978326431],[-73.10971259843174,45.212193126785415],[-73.1097141237711,45.21218841523176],[-73.10971561317784,45.212183698614886],[-73.10971706934691,45.21217897630198],[-73.10971849138002,45.21217424955877],[-73.10971987927712,45.212169517752386],[-73.10972123393657,45.21216478024998],[-73.10972255356172,45.21216003831721],[-73.10972383815258,45.2121552913213],[-73.10972508950579,45.21215054052786],[-73.10972630672299,45.21214578530409],[-73.10972748890589,45.21214102565],[-73.10972863605453,45.21213626156555],[-73.10972975086379,45.21213149241796],[-73.10973082974044,45.21212672073854],[-73.1097318735828,45.21212194462874],[-73.10973288328918,45.212117164721484],[-73.1097338597579,45.21211238164962],[-73.10973480029399,45.21210759414734],[-73.10973570669411,45.212102804746166],[-73.10973657805994,45.212098011547475],[-73.10973741528979,45.212093214551274],[-73.10973821838364,45.21208841565613],[-73.10973898644322,45.21208361359634],[-73.1097397194685,45.212078808371885],[-73.10974041745948,45.21207400061563],[-73.10974108131447,45.212069190327576],[-73.10974171013517,45.21206437814053],[-73.10974230481987,45.212059564687415],[-73.1097428644703,45.21205474743682],[-73.10974338908642,45.212049928287236],[-73.10974387866827,45.21204510850438],[-73.10974433321579,45.21204028618976],[-73.10974475452566,45.21203546260898],[-73.1097451390046,45.212030637129295],[-73.10974549024588,45.21202581164915],[-73.10974580555454,45.21202098363725],[-73.10974608672721,45.212016155624895],[-73.1097463319673,45.21201132508074],[-73.1097465430714,45.21200649453617],[-73.10974671914119,45.21200166335837],[-73.10974686107501,45.21199683154725],[-73.1097469670762,45.21199199910292],[-73.10974703804312,45.21198716729103],[-73.10974707487405,45.21198233421301],[-73.1097484016857,45.21164497270826],[-73.10998530000255,45.21164503093084],[-73.10998399924202,45.211982799358026],[-73.10998396061446,45.211988055179994],[-73.10998388695262,45.211993312267204],[-73.10998377915479,45.211998568088205],[-73.10998363452602,45.21200382327586],[-73.10998345665959,45.212009078463076],[-73.10998324286054,45.21201433301689],[-73.1099829940272,45.21201958630455],[-73.10998271015958,45.21202483895887],[-73.10998239125766,45.212030090979894],[-73.10998203821975,45.212035342367564],[-73.10998164924924,45.2120405912233],[-73.10998122524443,45.21204583944575],[-73.10998076620533,45.21205108640199],[-73.1099802721319,45.212056331459216],[-73.10997974302421,45.21206157398457],[-73.1099791788822,45.21206681650943],[-73.1099785788076,45.212072055236696],[-73.10997794639363,45.21207729206495],[-73.10997727714874,45.21208252825986],[-73.10997657286956,45.21208776129008],[-73.10997583355609,45.21209299115552],[-73.10997506010662,45.21209821912195],[-73.10997425162287,45.21210344518938],[-73.10997340810482,45.21210866809206],[-73.10997252955246,45.212113887197155],[-73.10997161686414,45.21211910440323],[-73.10997066914152,45.21212431844459],[-73.1099696863846,45.21212952932122],[-73.10996866859338,45.2121347364003],[-73.10996761666618,45.212139939048946],[-73.10996652970469,45.212145140431446],[-73.10996540770888,45.21215033611783],[-73.10996425157714,45.212155529272295],[-73.10996306130937,45.212160717996376],[-73.10996183510902,45.21216590229005],[-73.10996057477269,45.21217108341902],[-73.10995928119866,45.21217625948474],[-73.10995795079371,45.212181431120015],[-73.10995658715113,45.21218659959062],[-73.10995518937254,45.21219176236508],[-73.10995375745799,45.212196920076295],[-73.1099522896108,45.212202073357126],[-73.10995078762765,45.212207221574715],[-73.10994925240684,45.21221236536188],[-73.10994768215171,45.21221750345298],[-73.10994607776061,45.21222263648081],[-73.10994443923354,45.21222776317968],[-73.10994276567217,45.21223288544818],[-73.1099410588731,45.21223800138778],[-73.10993931793811,45.2122431122641],[-73.10993754286712,45.21224821617861],[-73.10993573366012,45.2122533156628],[-73.10993389031717,45.212258408185136],[-73.10993201283821,45.21226349437859],[-73.1099301021216,45.21226857424315],[-73.10992815726901,45.212273648411575],[-73.10992617828045,45.212278715618254],[-73.10992416515589,45.21228377523029],[-73.10992211879368,45.21228882914629],[-73.10992003829546,45.21229387673337],[-73.10991792545792,45.21229891546013],[-73.10991577668777,45.21230394849082],[-73.10991359647656,45.21230897455973],[-73.10991138212941,45.21231399240123],[-73.10990913454455,45.21231900264811],[-73.10990685192543,45.21232400656611],[-73.10990453696694,45.21232900162375],[-73.10990218877077,45.212333989719724],[-73.10989980823528,45.21233896958821],[-73.10989739356378,45.212343940596405],[-73.10989494655297,45.21234890464288],[-73.10989246540613,45.21235386046192],[-73.10988995102166,45.21235880742067],[-73.10988740429782,45.21236374551915],[-73.10988482433633,45.2123686766559],[-73.10988221113718,45.21237359766667],[-73.10987956649699,45.21237851045001],[-73.10987688772082,45.21238341437312],[-73.10987417750358,45.212388309435916],[-73.1098714331504,45.2123931956385],[-73.10986865735617,45.21239807171508],[-73.10986584832428,45.212402938298595],[-73.10986300695302,45.2124077966547],[-73.10986022397228,45.21241249363477],[-73.10985741044881,45.21241718175462],[-73.10985456638262,45.21242185974851],[-73.10985169177373,45.21242652951508],[-73.10984878841872,45.21243118978856],[-73.10984585272438,45.21243583993611],[-73.10984288918225,45.21244048059063],[-73.10983989509741,45.21244511238492],[-73.10983687046985,45.21244973342049],[-73.10983381619788,45.21245434559583],[-73.10983073228151,45.212458947645295],[-73.10982761872074,45.21246353956888],[-73.10982447551555,45.212468121999365],[-73.10982130356429,45.21247269367117],[-73.10981810017198,45.212477254584236],[-73.10981486803358,45.21248180600426],[-73.10981160714911,45.21248634603271],[-73.1098083157219,45.212490875935245],[-73.10980499644693,45.212495394446265],[-73.10980164752755,45.21249990346423],[-73.10979826896377,45.212504400457824],[-73.1097948625522,45.21250888795838],[-73.10979142649624,45.212513364067384],[-73.11001363466325,45.21271104281442],[-73.11059326092222,45.21322667591555],[-73.11199984209578,45.214477916636085],[-73.11203782645926,45.21451170555557],[-73.11222724701669,45.21451095945818],[-73.11383814910332,45.214504606555465],[-73.11411315125955,45.2144887613158],[-73.1211153563042,45.21452164782453],[-73.12803395155208,45.21455372177113]]]]}},{"type":"Feature","properties":{"zone_code":"A-9","prefix":"A","kind":"agricultural","n_lots":42,"source":"t2-gcp-claude48-vision-multisheet","confidence":"contour-autogcp-multisheet"},"geometry":{"type":"MultiPolygon","coordinates":[[[[-73.12789000461265,45.20069073587788],[-73.12787291416437,45.19904480547692],[-73.12782667877501,45.19459172200824],[-73.12779771349699,45.1918016160534],[-73.12778659325207,45.19073044643928],[-73.12775316424542,45.18751012516364],[-73.1277420323224,45.186437754134865],[-73.12773095429833,45.185370542674825],[-73.12770866170624,45.183222728965674],[-73.12769744623992,45.18214225031742],[-73.1276861660949,45.18105563007327],[-73.12767502698537,45.179982323784046],[-73.10976443751184,45.18021254891194],[-73.10975002404312,45.17914011196523],[-73.10949406167933,45.17914193119391],[-73.10611187948177,45.17917752550293],[-73.09670544407196,45.17920704599208],[-73.08594084398747,45.1792877067564],[-73.0859647966662,45.18041278279169],[-73.08601288348336,45.182695528037186],[-73.08599516601102,45.18431571351018],[-73.08598922455373,45.18485888082959],[-73.0859716436253,45.18534228724282],[-73.08610905172779,45.18548618864918],[-73.08613303674589,45.186975080856286],[-73.08619159702094,45.19027755523512],[-73.08622538625202,45.19160749027378],[-73.08659886532298,45.19194020737156],[-73.08712579640739,45.19240961982112],[-73.08753619803313,45.1927752148521],[-73.08849210431013,45.19362673534069],[-73.09074386452043,45.195632469490896],[-73.09131534036484,45.19614019835248],[-73.09224672892277,45.196967667641516],[-73.09256669175899,45.1972519234015],[-73.09318595528157,45.19780070359901],[-73.09507812347691,45.19947742125943],[-73.09601348797828,45.20030623584181],[-73.09674230284638,45.20095200751394],[-73.10967090761942,45.20085559360422],[-73.10967258567236,45.20116705465081],[-73.10967692902676,45.20197310610779],[-73.1096795700737,45.20246336893356],[-73.10993564113363,45.20246117637298],[-73.10993279616915,45.201933816893785],[-73.10992698496757,45.2008561170739],[-73.12789000461265,45.20069073587788]],[[-73.0896287291644,45.189171866067674],[-73.08921134313731,45.18917568115306],[-73.0871036205963,45.18696877552851],[-73.08752219778945,45.186966052442216],[-73.0896287291644,45.189171866067674]]],[[[-73.10946935172079,45.17772652014034],[-73.10945458431584,45.17699312324357],[-73.10872596348383,45.17700291692609],[-73.10869348758969,45.17700335386132],[-73.10870802502593,45.17754442908673],[-73.10862228532365,45.17754549545183],[-73.10862435683867,45.17773588816525],[-73.10946935172079,45.17772652014034]]]]}},{"type":"Feature","properties":{"zone_code":"R-1","prefix":"R","kind":"residential","n_lots":8,"source":"t2-gcp-claude48-vision-multisheet","confidence":"contour-autogcp-multisheet"},"geometry":{"type":"MultiPolygon","coordinates":[[[[-73.15183367234779,45.21946356046574],[-73.15086672397933,45.21946526703859],[-73.1508768650606,45.220878020347236],[-73.15088170518334,45.22155220913773],[-73.15151580078958,45.22154978129947],[-73.15164421406112,45.2210146691688],[-73.1516617815148,45.220875212829384],[-73.15170701797757,45.2205160879429],[-73.15176336570208,45.22025328946558],[-73.15181760777557,45.21985282353902],[-73.15183367234779,45.21946356046574]]],[[[-73.15181552817569,45.22696265584013],[-73.15181275507639,45.226386703280944],[-73.15091625259251,45.22639158448454],[-73.15091396548182,45.225915223223645],[-73.15090891335664,45.22486296083569],[-73.15090354232957,45.22374454843501],[-73.15067069541468,45.22374510649355],[-73.15068610780999,45.22695793032576],[-73.1506878128124,45.22731308051837],[-73.15033023032872,45.22728315728909],[-73.15019308812755,45.22728162114184],[-73.15019028268894,45.2274309132035],[-73.15004761674709,45.22742936567198],[-73.15004572220015,45.22751654869624],[-73.1498204265235,45.22751697638625],[-73.1497939944946,45.22802028997153],[-73.15069115724022,45.22801024250854],[-73.15069426181783,45.228657345858814],[-73.1506966639129,45.22915806240307],[-73.15069784070593,45.22944548002247],[-73.15070515568728,45.23123325492508],[-73.15071352888404,45.233337672408986],[-73.15071613848995,45.23399357348085],[-73.15094903032062,45.23399384992938],[-73.15094662103903,45.23338886593526],[-73.15094236302457,45.23231984894171],[-73.15094028701796,45.23179855613441],[-73.1509381032135,45.23125004824827],[-73.15093380477487,45.23017104326833],[-73.1509328669337,45.229935419381704],[-73.15093091130133,45.22944449750768],[-73.15092927906247,45.22910446918313],[-73.15091901850528,45.22696753699427],[-73.15181552817569,45.22696265584013]]],[[[-73.15066812084306,45.223214447266926],[-73.15066743363188,45.2230728690953],[-73.15066556513608,45.22267559807464],[-73.15066547710119,45.222669714938085],[-73.15045205445766,45.22267172575853],[-73.15003682259064,45.222675637303986],[-73.15003947890891,45.22322437156342],[-73.15066812084306,45.223214447266926]]],[[[-73.15064572494472,45.22111506813141],[-73.15064152891404,45.22053015409363],[-73.15007560375976,45.22053510793423],[-73.15008271662018,45.22084858790971],[-73.15000617386976,45.22084928014004],[-73.15001108675605,45.22112080526388],[-73.15064572494472,45.22111506813141]]]]}},{"type":"Feature","properties":{"zone_code":"R-18","prefix":"R","kind":"residential","n_lots":14,"source":"t2-gcp-claude48-vision-multisheet","confidence":"contour-autogcp-multisheet"},"geometry":{"type":"MultiPolygon","coordinates":[[[[-73.15428476961797,45.21513212360389],[-73.15427172248678,45.213807499796744],[-73.1524946087164,45.213816312587376],[-73.15249215541736,45.21333087868089],[-73.15249076841856,45.21305662109834],[-73.15082241996784,45.21306486951357],[-73.15081671925904,45.211930184154944],[-73.15080466656288,45.21164177869346],[-73.15268097230692,45.21163251750506],[-73.15267527249645,45.21105657481545],[-73.15266585366071,45.209841644034434],[-73.15078960630714,45.2098508972871],[-73.15078111183782,45.20874900474303],[-73.15077735867655,45.20824384844538],[-73.15077538777282,45.20766492403337],[-73.15076810872407,45.20552721381711],[-73.1507234938955,45.20552707773885],[-73.15055671806974,45.205539842512124],[-73.15051210413947,45.20553970580096],[-73.15051461942227,45.20628023306851],[-73.1505194829012,45.20771094395629],[-73.1505333241431,45.20982328878159],[-73.15053655897646,45.21024285384019],[-73.15053687608173,45.21028400111581],[-73.15054292443854,45.21106855423367],[-73.15054869701257,45.21164711681796],[-73.15056073443736,45.21193552161956],[-73.149676151699,45.211937722042045],[-73.14967876938974,45.21246427620044],[-73.14967996864064,45.21270564466974],[-73.15056456036216,45.2127034493397],[-73.15056900792113,45.21359636198589],[-73.15057015057818,45.21382562341373],[-73.15058579294222,45.21542435696448],[-73.15060449766307,45.21733586718994],[-73.14988870836659,45.21734303860754],[-73.14990321166684,45.21792934275431],[-73.15061017501566,45.21791612832067],[-73.15061376917511,45.218283362888975],[-73.15061459023529,45.218397644151935],[-73.12973951361177,45.2185619905349],[-73.1297433422315,45.219165123933344],[-73.12974864588496,45.2206109163842],[-73.12974979033862,45.22071120975728],[-73.12976830102338,45.222330223774264],[-73.12979136347164,45.22394741818115],[-73.12979627635794,45.224291998092525],[-73.1297861289885,45.225541333865465],[-73.1297919886991,45.225554290916406],[-73.12979788164736,45.22556724100473],[-73.12980380693499,45.22558018286497],[-73.12980976635856,45.22559311712994],[-73.12981575991813,45.225606043799544],[-73.12982178671538,45.22561896287384],[-73.12982784675029,45.225631873720076],[-73.12983393912455,45.22564477697105],[-73.1298400665331,45.2256576732594],[-73.129846226281,45.22567056005433],[-73.12985241926657,45.225683439886694],[-73.1298586454898,45.22569631085836],[-73.12986490584902,45.22570917486746],[-73.12987119854759,45.225722030015824],[-73.12987752448383,45.22573487693628],[-73.12988388455602,45.22574771626146],[-73.12989027606928,45.22576054672594],[-73.12989670261682,45.225773368962514],[-73.12990316150372,45.225786182971085],[-73.12990965362827,45.22579898875176],[-73.12991617809217,45.22581178693717],[-73.12992273759038,45.225824576261935],[-73.12992932852963,45.22583735609341],[-73.12993595270653,45.22585012832966],[-73.12994261101942,45.225862891072595],[-73.12994930077333,45.22587564622028],[-73.1299560237649,45.2258883918747],[-73.12996277999417,45.22590112993392],[-73.12996956856277,45.225913857867134],[-73.12997639036904,45.22592657820522],[-73.12998324541297,45.22593928904997],[-73.12999013369456,45.22595199103419],[-73.12999705431552,45.22596468415782],[-73.13000400727582,45.225977369053595],[-73.13001099347379,45.22599004382341],[-73.13001801290943,45.22600271036541],[-73.1300250646844,45.22601536741411],[-73.13003214879873,45.22602801623502],[-73.13003926615072,45.22604065429732],[-73.13004641584206,45.22605328413181],[-73.13005359787276,45.22606590384035],[-73.13006081314113,45.22607851532108],[-73.13006806074884,45.226091117308634],[-73.13007534069591,45.22610371043569],[-73.13008265388063,45.22611629343684],[-73.13008999850639,45.22612886631212],[-73.13009737726814,45.226141430326926],[-73.13010478657259,45.22615398484859],[-73.13011222911473,45.22616652924436],[-73.13011970489453,45.226179065412424],[-73.13012721211535,45.2261915901892],[-73.13013475167553,45.226204106105534],[-73.13014232357506,45.22621661189609],[-73.13014992781395,45.22622910945886],[-73.13015756529047,45.22624159499773],[-73.13016523420806,45.22625407230892],[-73.130172935465,45.22626653822887],[-73.13018066906129,45.226278995288446],[-73.13018843499691,45.22629144222221],[-73.1301962332719,45.2263038783975],[-73.1302040629879,45.226316305079735],[-73.13021192504327,45.226328721003476],[-73.130219819438,45.22634112806688],[-73.13022774527374,45.226353524371795],[-73.13023570434716,45.22636590991832],[-73.13024369396331,45.22637828533903],[-73.13025171591879,45.22639065000136],[-73.13025977021363,45.22640300517069],[-73.13026785684782,45.22641534894887],[-73.13027597492304,45.22642768323405],[-73.1302841253376,45.2264400073935],[-73.1302923062949,45.22645232016185],[-73.13030052048985,45.22646462217188],[-73.13030876522754,45.22647691405619],[-73.13031704320287,45.22648919518214],[-73.13032535261927,45.226501464916986],[-73.13033369257835,45.22651372452623],[-73.13034206577512,45.22652597337708],[-73.13035046861629,45.22653821146965],[-73.13035890469511,45.22655043817114],[-73.13036737131668,45.22656265411431],[-73.13037587027758,45.226574859931866],[-73.13038440067952,45.22658705435842],[-73.13039296252249,45.22659923739396],[-73.1304015567048,45.226611409038526],[-73.13041018053154,45.2266235705575],[-73.13041883759594,45.22663572005279],[-73.13042752430474,45.226647858157115],[-73.13043624335288,45.22665998613587],[-73.13044499384205,45.22667210209098],[-73.13045377577228,45.22668420728784],[-73.13046258824521,45.22669630046105],[-73.1304714330575,45.22670838224338],[-73.13048030751419,45.22672045326744],[-73.13048921431024,45.226732512267915],[-73.1304981525473,45.22674456051014],[-73.13050712132711,45.226756596096116],[-73.13051612064962,45.22676862029119],[-73.13052515320979,45.22678063309537],[-73.13053421451608,45.22679263450872],[-73.13054330816169,45.22680462326576],[-73.13055243145173,45.22681660126466],[-73.13056158708109,45.22682856724002],[-73.1305707732532,45.226840521191825],[-73.130579989968,45.22685246312013],[-73.13058923722555,45.22686439302491],[-73.1305985159241,45.22687631217155],[-73.1306078251654,45.22688821802928],[-73.13061716494941,45.226900112496246],[-73.13062653617446,45.226911994307],[-73.13063593794222,45.226923864094275],[-73.1306453702527,45.22693572249079],[-73.13065483310591,45.22694756823114],[-73.1306643256035,45.22695940131536],[-73.13067385044046,45.22697122237612],[-73.13068340492183,45.22698303141341],[-73.13069298994591,45.226994828427316],[-73.13070260641102,45.22700661215237],[-73.13071225252054,45.22701838322136],[-73.13072192827447,45.22703014353231],[-73.13073163546944,45.2270418892891],[-73.1307413723088,45.227053623022485],[-73.1307511405892,45.227065345365205],[-73.13076093761569,45.22707705441914],[-73.13077076608322,45.227088750184336],[-73.13078062419513,45.227100434558864],[-73.13079051195147,45.22711210437928],[-73.13080043114883,45.227123762176376],[-73.1308103799906,45.22713540858282],[-73.13082035937511,45.22714704043513],[-73.13083036840399,45.227158659631506],[-73.15068610780999,45.22695793032576],[-73.15067069541468,45.22374510649355],[-73.15090354232957,45.22374454843501],[-73.15089840576279,45.222674454729024],[-73.15088170518334,45.22155220913773],[-73.1508768650606,45.220878020347236],[-73.15086672397933,45.21946526703859],[-73.15085938384516,45.21844265053858],[-73.15085823400159,45.21828248775388],[-73.15086987526935,45.21828244599038],[-73.15084188735837,45.215423434324485],[-73.15083920229398,45.21514918493496],[-73.15428476961797,45.21513212360389]],[[-73.15066812084306,45.223214447266926],[-73.15003947890891,45.22322437156342],[-73.15003682259064,45.222675637303986],[-73.15045205445766,45.22267172575853],[-73.15066547710119,45.222669714938085],[-73.15066556513608,45.22267559807464],[-73.15066743363188,45.2230728690953],[-73.15066812084306,45.223214447266926]],[[-73.15064572494472,45.22111506813141],[-73.15001108675605,45.22112080526388],[-73.15000617386976,45.22084928014004],[-73.15008271662018,45.22084858790971],[-73.15007560375976,45.22053510793423],[-73.15064152891404,45.22053015409363],[-73.15064572494472,45.22111506813141]]]]}},{"type":"Feature","properties":{"zone_code":"R-2","prefix":"R","kind":"residential","n_lots":12,"source":"t2-gcp-claude48-vision-multisheet","confidence":"contour-autogcp-multisheet"},"geometry":{"type":"MultiPolygon","coordinates":[[[[-73.15296581191386,45.237273530806625],[-73.15229371038458,45.23697697415248],[-73.15228703769864,45.236974169327404],[-73.15228038387734,45.23697134236211],[-73.15227374802234,45.236968493256654],[-73.15226713103195,45.236965623276184],[-73.15226053290618,45.23696273242067],[-73.15225395274672,45.23695981942502],[-73.1522473923502,45.23695688555426],[-73.1522408508183,45.23695393017595],[-73.15223432815104,45.23695095455515],[-73.1522278252467,45.23694795742669],[-73.15222134120697,45.23694493815809],[-73.15221487693019,45.236941899279536],[-73.15220843151802,45.23693884015852],[-73.15220200766544,45.23693575952984],[-73.15219560267745,45.23693265739353],[-73.15218921924904,45.236929535014774],[-73.15218285468525,45.23692639239349],[-73.15217651078271,45.236923229529694],[-73.15217018664312,45.236920046423386],[-73.1521638849614,45.236916842442014],[-73.15215760304262,45.23691361758553],[-73.15215134178509,45.23691037311911],[-73.15214510208712,45.23690710841019],[-73.15213888394872,45.23690382345874],[-73.15213268647159,45.236900518264754],[-73.15212651055401,45.236897193460806],[-73.1521203570943,45.23689384841431],[-73.15211422339755,45.23689048312532],[-73.15210811305698,45.23688709949147],[-73.15210202427599,45.23688369434995],[-73.15209595795287,45.23688027023104],[-73.15208991408765,45.23687682713472],[-73.15208389178198,45.23687336442842],[-73.1520778919342,45.23686988211208],[-73.1520719145443,45.236866380185816],[-73.1520659605106,45.236862859282134],[-73.15206002893476,45.236859319400985],[-73.15205412071515,45.23685576054242],[-73.15204823585171,45.236852182073896],[-73.15204237254785,45.2368485846279],[-73.15203653439683,45.23684496820447],[-73.15203071870368,45.23684133343616],[-73.15202492726505,45.236837679057864],[-73.1520191591826,45.23683400759979],[-73.15201341445636,45.23683031653174],[-73.15200769488294,45.23682660648624],[-73.15200199866574,45.23682287809583],[-73.15199632670303,45.23681913262566],[-73.15199067809654,45.23681536754546],[-73.15198505554116,45.23681158538555],[-73.15197945634198,45.236807784248136],[-73.15197388229566,45.23680396539837],[-73.15196833340214,45.23680012820377],[-73.15196280876313,45.23679627329675],[-73.15195730927698,45.23679240067744],[-73.15195183404532,45.23678851034576],[-73.15194638486481,45.23678460230176],[-73.15194096083712,45.23678067654541],[-73.15193556286059,45.23677673307666],[-73.15193019093519,45.23677277316078],[-73.15192484416261,45.23676879553245],[-73.15191952254287,45.23676480019179],[-73.15191422697427,45.23676078840393],[-73.15190895835512,45.236756759536256],[-73.15190371488882,45.23675271232364],[-73.15189849747364,45.236748649296345],[-73.15189330700792,45.23674456918929],[-73.15188814349168,45.23674047326753],[-73.15188300512824,45.23673635963336],[-73.1518778937143,45.236732230184536],[-73.15187281014809,45.23672808428847],[-73.15186775263304,45.23672392131262],[-73.15186272296576,45.236719742522055],[-73.15185772024795,45.236715547284184],[-73.15185274358127,45.236711335599104],[-73.15184779476238,45.2367071080993],[-73.15184287379125,45.2367028654174],[-73.15183797976958,45.23669860628823],[-73.15183311359569,45.23669433134433],[-73.15182827526957,45.236690040585785],[-73.15182346479122,45.236685734645036],[-73.15181868216065,45.23668141352218],[-73.15181392827618,45.23667707658461],[-73.15180920044284,45.23667272319971],[-73.1518045031522,45.23666835653045],[-73.15179983281104,45.23666397341384],[-73.15179519121597,45.236659575115105],[-73.15179057746867,45.23665516353189],[-73.15178599246745,45.23665073550143],[-73.15178143800897,45.236646293553896],[-73.15177691049993,45.236641836424226],[-73.151772411737,45.236637364112354],[-73.15176794261845,45.236632878516055],[-73.15176350314431,45.236628378370185],[-73.15175909151796,45.236623863674644],[-73.15175471043433,45.23661933442954],[-73.15175035809678,45.23661479126739],[-73.15174603540363,45.236610234188156],[-73.15174174145658,45.236605663191924],[-73.15173747895055,45.23660107954377],[-73.15173324429229,45.23659648071344],[-73.15172904107507,45.236591868598644],[-73.15172486570563,45.23658724256674],[-73.15172072177722,45.23658260325037],[-73.15171660749323,45.236577951282094],[-73.15171252375195,45.23657328539676],[-73.15170846965506,45.236568606226946],[-73.1517044452026,45.23656391440518],[-73.15170045219116,45.23655921056406],[-73.15169649062075,45.23655449217331],[-73.15169255779645,45.23654976239578],[-73.15168865641316,45.236545019333704],[-73.15168478557261,45.23654026361972],[-73.15168094527478,45.23653549525381],[-73.15167713641796,45.23653071423593],[-73.15167335900219,45.23652592246385],[-73.15166961123083,45.23652111740725],[-73.15166589669712,45.23651630033126],[-73.15166221180785,45.23651147123592],[-73.15165855835957,45.23650663138631],[-73.15165493635234,45.23650177825219],[-73.15165134578616,45.23649691436383],[-73.15164778666099,45.23649203845607],[-73.15164425897687,45.236487151161526],[-73.1516407636321,45.23648225311271],[-73.15163729972838,45.23647734367707],[-73.15163386726567,45.236472423487186],[-73.15163046714233,45.23646749127793],[-73.15162709846001,45.23646254831438],[-73.15162376211704,45.23645759459658],[-73.15162045811343,45.23645263012453],[-73.15161718555085,45.23644765553082],[-73.15161394622594,45.236442670182846],[-73.15161073834204,45.23643767471316],[-73.15160756279754,45.2364326684892],[-73.15160442049066,45.23642765151098],[-73.15160130872651,45.23642262567622],[-73.15159823199666,45.23641758845459],[-73.15159518670785,45.23641254237641],[-73.15159217375839,45.236407486176546],[-73.1515891940466,45.23640242048757],[-73.15158624847079,45.23639734467687],[-73.151583334336,45.236392260642184],[-73.15158045343887,45.23638716522062],[-73.15157760488111,45.236382062207674],[-73.1515747886627,45.236376949705566],[-73.15157200837689,45.236371828346876],[-73.15156925863381,45.23636669749908],[-73.1515665430267,45.23636155842729],[-73.15156386065728,45.23635640923374],[-73.15156121152549,45.23635125371398],[-73.1515585965297,45.23634608743989],[-73.15155601477156,45.23634091420695],[-73.15155346625112,45.23633573211741],[-73.15155095096831,45.23633054243646],[-73.15154846982149,45.23632534326633],[-73.15154602191235,45.23632013713737],[-73.15154360813919,45.236314923417],[-73.15154122760367,45.236309702737735],[-73.15153888210249,45.236304472569294],[-73.15153656894061,45.23629923544201],[-73.15153428991475,45.236293991355886],[-73.15153204592318,45.23628873967829],[-73.15152983516924,45.23628348040926],[-73.15152765765299,45.23627821544653],[-73.15152551606937,45.236272942259774],[-73.15152340772339,45.236267662114116],[-73.15152133261508,45.2362623756422],[-73.15151929254108,45.23625708221139],[-73.15151728750136,45.236251783719446],[-73.1515153156993,45.23624647637089],[-73.15151337893155,45.236241164593785],[-73.15151147629979,45.23623584522523],[-73.15150960870231,45.23623052142809],[-73.1515077743425,45.236225190672045],[-73.1515059759153,45.236219853589716],[-73.15150421072576,45.23621451144626],[-73.15150248057053,45.236209163609075],[-73.15150078544958,45.23620381071069],[-73.15149912446464,45.23619845148603],[-73.15149749851395,45.236193087200235],[-73.15149590759759,45.236187717220695],[-73.15149435081722,45.23618234344515],[-73.1514928281728,45.236176963343276],[-73.151491341461,45.236171579445426],[-73.1514898897835,45.23616619048638],[-73.151488472242,45.23616079646619],[-73.1514870906331,45.23615539865001],[-73.15148574226184,45.2361499951401],[-73.15148443072154,45.23614458846676],[-73.15148315331719,45.236139177364805],[-73.15148191004883,45.23613376246688],[-73.15148070361141,45.23612834314038],[-73.15147953130996,45.2361229206504],[-73.15147839404283,45.23611749373186],[-73.15147729270828,45.23611206364992],[-73.15147622550973,45.23610662913933],[-73.15147519334546,45.23610119273052],[-73.15147419711381,45.2360957512605],[-73.15147323681477,45.23609030725969],[-73.15147231065171,45.23608486136057],[-73.15147141952295,45.23607941166542],[-73.15147056342849,45.23607395943942],[-73.15146974326663,45.23606850341744],[-73.15146895813908,45.23606304612975],[-73.15146820894412,45.236057585678616],[-73.1514674956818,45.23605212332923],[-73.15146681655544,45.236046658448984],[-73.15146617246337,45.23604119167044],[-73.15146556430392,45.23603572236103],[-73.15146499117877,45.23603025115342],[-73.15146445398625,45.236024778680054],[-73.15146395182799,45.236019304308414],[-73.15146348650067,45.23601382867111],[-73.15146305530935,45.23600835050291],[-73.1514626591523,45.23600287233422],[-73.15146229892787,45.23599739226723],[-73.15146197553436,45.23599191156717],[-73.15146168537854,45.235986429601375],[-73.15146143205362,45.23598094636987],[-73.15146121286469,45.235975462505294],[-73.151461031405,45.23596997864014],[-73.15146088408129,45.235964493509314],[-73.15146077179189,45.23595900711281],[-73.1514606963334,45.23595352261353],[-73.1514606550109,45.235948036215916],[-73.15146065051933,45.23594255045038],[-73.15146224053738,45.23527175031462],[-73.15146417011862,45.23445905906745],[-73.1516539589853,45.23445813104292],[-73.15165300407617,45.233388554057484],[-73.15094662103903,45.23338886593526],[-73.15094903032062,45.23399384992938],[-73.15094314096561,45.236477777625396],[-73.15095780326769,45.23648379533709],[-73.15200996043409,45.23691561208781],[-73.15206100720012,45.23688963357957],[-73.15296581191386,45.237273530806625]]],[[[-73.15152249144181,45.231799678419705],[-73.15152030853565,45.23125116991175],[-73.1509381032135,45.23125004824827],[-73.15094028701796,45.23179855613441],[-73.15152249144181,45.231799678419705]]],[[[-73.15149568122214,45.23776870799378],[-73.15136750510582,45.23771501978546],[-73.15121204625602,45.23765014272334],[-73.1512128915707,45.23765669672566],[-73.15121370095277,45.23766325199232],[-73.15121447530055,45.23766980978853],[-73.15121521461403,45.23767636948167],[-73.15121591979153,45.23768293107172],[-73.15121658903642,45.23768949455873],[-73.15121722414533,45.237696059942664],[-73.1512178224233,45.237702626590945],[-73.1512183874636,45.23770919450362],[-73.15121891657132,45.23771576494579],[-73.15121941154304,45.23772233601976],[-73.15121987058215,45.23772890899067],[-73.15122029458696,45.23773548196079],[-73.15122068355748,45.23774205682789],[-73.15122103929033,45.23774863295934],[-73.15122135819226,45.23775520909001],[-73.1512216420599,45.23776178648503],[-73.15122189089323,45.2377683645119],[-73.15122210379393,45.237774943803124],[-73.15122228255868,45.23778152309358],[-73.15122242718743,45.237788103015795],[-73.15122253498528,45.237794682937306],[-73.15122260864715,45.23780126285805],[-73.1512226472747,45.237807842777976],[-73.15122264996963,45.2378144239623],[-73.15122261763028,45.237821003880754],[-73.15122255115494,45.237827585063556],[-73.15122244874702,45.237834164980484],[-73.15122231220309,45.23784074363151],[-73.15122213972656,45.23784732354692],[-73.15122193221573,45.237853902828995],[-73.15122168967059,45.23786048084516],[-73.15122141209118,45.237867057595466],[-73.15122110037578,45.23787363497753],[-73.15122075182943,45.237880211093746],[-73.15122036914713,45.2378867859441],[-73.15121995143052,45.23789335952854],[-73.15121950317118,45.23789986289784],[-73.15121902077588,45.23790636500131],[-73.1512185042446,45.23791286583887],[-73.15121795357733,45.23791936477799],[-73.15121736787577,45.23792586308383],[-73.15121674803822,45.23793235949126],[-73.1512160940647,45.2379388546328],[-73.1512154059552,45.237945346610786],[-73.15121468460801,45.23795183795551],[-73.15121392732823,45.237958326769196],[-73.15121313591246,45.237964813684485],[-73.15121231125903,45.237971298701346],[-73.15121145246962,45.23797778181982],[-73.15121055864591,45.23798426303983],[-73.15120963158454,45.23799073983114],[-73.15120866948888,45.237997215989196],[-73.15120767325722,45.2380036889837],[-73.15120664199128,45.23801015881471],[-73.15120557838598,45.23801662674721],[-73.15120447974637,45.2380230908837],[-73.1512033469708,45.238029553121734],[-73.15120218005926,45.23803601156366],[-73.15120097901173,45.23804246684203],[-73.15119974472654,45.238048919589495],[-73.15119847540703,45.23805536854079],[-73.15119717195154,45.23806181369603],[-73.1511958352584,45.23806825568777],[-73.15119446442927,45.23807469514851],[-73.15119305946419,45.238081129548036],[-73.1511916203631,45.23808756078403],[-73.15119014802434,45.238093988856505],[-73.1511886415496,45.23810041186776],[-73.15118710004059,45.23810683108294],[-73.15118552619221,45.23811324713462],[-73.15118391730954,45.23811965812507],[-73.1511822751892,45.2381260646869],[-73.15118059983119,45.23813246682006],[-73.15117889033719,45.238138865157175],[-73.15117714670723,45.23814525906568],[-73.15117536983959,45.23815164791295],[-73.15117355883599,45.23815803169904],[-73.15149568122214,45.23776870799378]]],[[[-73.15145876854882,45.22993437234501],[-73.15145681022149,45.22944344982933],[-73.15093091130133,45.22944449750768],[-73.1509328669337,45.229935419381704],[-73.15145876854882,45.22993437234501]]],[[[-73.15071613848995,45.23399357348085],[-73.15071352888404,45.233337672408986],[-73.15070515568728,45.23123325492508],[-73.15069784070593,45.22944548002247],[-73.1506966639129,45.22915806240307],[-73.15069426181783,45.228657345858814],[-73.15069115724022,45.22801024250854],[-73.1497939944946,45.22802028997153],[-73.13459078535361,45.228189465547224],[-73.13461839687048,45.229165979499925],[-73.13391365146211,45.22918444175554],[-73.13390777917509,45.229206002767455],[-73.13348659327436,45.229228755067],[-73.13350202273767,45.22923694482974],[-73.13351747286224,45.2292451162442],[-73.13353294364806,45.229253266779786],[-73.13354843599345,45.2292613977018],[-73.13356394989842,45.22926950774496],[-73.13357948356631,45.22927759880719],[-73.13359503969207,45.229285668990585],[-73.13361061558079,45.229293720193105],[-73.13362621302906,45.2293017498841],[-73.1336418311386,45.22930975869628],[-73.13365746990938,45.229317749160245],[-73.1336731293414,45.229325718745415],[-73.13368880943469,45.229333668084415],[-73.13370450929092,45.22934159591198],[-73.1337202307067,45.22934950475874],[-73.13346658779298,45.22937283208592],[-73.13325695603996,45.22944896026314],[-73.13110220310054,45.23191803827291],[-73.13093922535181,45.23211601838222],[-73.1307611020074,45.23233239577252],[-73.13056484886388,45.23257077997055],[-73.13043096215732,45.23273341147234],[-73.13030264231055,45.23288927160211],[-73.13071548016737,45.23249956385658],[-73.1309489172754,45.23227920156864],[-73.13107319739835,45.23212821541574],[-73.13143697196928,45.23168625600576],[-73.13143830417084,45.23168466304069],[-73.13143966601682,45.23168308272823],[-73.1314410584055,45.23168151570096],[-73.1314424804386,45.23167996322414],[-73.13144393121779,45.231678422767274],[-73.13144541253968,45.23167689686089],[-73.13144692170937,45.231675386137645],[-73.13144846052343,45.2316738886996],[-73.13145002718531,45.231672405812],[-73.13145162169492,45.231670938740166],[-73.13145324495065,45.23166948811671],[-73.13145489515583,45.23166805077845],[-73.13145657320878,45.23166663115387],[-73.13145827731286,45.231665226712366],[-73.13146000836643,45.231663838719285],[-73.13146176636943,45.23166246780718],[-73.13146355042358,45.23166111397614],[-73.13146535873226,45.23165977596079],[-73.13146719399036,45.2316584556591],[-73.13146905350301,45.231657153703715],[-73.13147093816848,45.2316558700946],[-73.13147284708846,45.231654602933865],[-73.13147477936462,45.23165335475204],[-73.13147673589532,45.231652126181764],[-73.13147871578221,45.231650914692516],[-73.13148071812698,45.23164972281482],[-73.13148274382795,45.231648551181316],[-73.13148479108848,45.231647397894086],[-73.13148685990858,45.231646263585816],[-73.13148895118655,45.23164515078693],[-73.13149106312581,45.23164405696701],[-73.13149319482795,45.23164298402394],[-73.1314953480897,45.23164193069238],[-73.13149752021604,45.231640897605025],[-73.13149971300366,45.23163988665974],[-73.13150192465588,45.231638895958675],[-73.13150415427442,45.23163792676706],[-73.13150640185927,45.231636979084875],[-73.13150866830874,45.231636051646916],[-73.13151095182619,45.23163514698368],[-73.13151325330993,45.231634263829896],[-73.13151557006506,45.231633402818254],[-73.13151790388817,45.231632563948644],[-73.13152025298263,45.23163174785378],[-73.13152261824678,45.231630953901],[-73.13152499788397,45.23163018209034],[-73.1315273918942,45.23162943368704],[-73.13152980027746,45.23162870805849],[-73.13153222213548,45.23162800457199],[-73.13153465746821,45.23162732512552],[-73.13153710537736,45.23162666908643],[-73.13153956586294,45.23162603582204],[-73.1315420380266,45.231625426597674],[-73.13154452097004,45.23162484078066],[-73.13154701648989,45.23162427900367],[-73.13154952099289,45.231623740001424],[-73.13155203627569,45.23162322567181],[-73.13155456054164,45.23162273601477],[-73.13155709468906,45.23162226913253],[-73.131559636023,45.23162182692292],[-73.1315621872384,45.23162141001858],[-73.13156474564033,45.23162101588895],[-73.13156731122879,45.23162064706463],[-73.13156988310546,45.2316203029129],[-73.13157246216863,45.23161998280121],[-73.13157504752002,45.2316196867295],[-73.13157763736298,45.23161941659573],[-73.13158023259582,45.23161917050197],[-73.13158283142195,45.231618949080804],[-73.13158543563797,45.23161875296497],[-73.13158804254891,45.231618580889126],[-73.13159065215481,45.23161843475115],[-73.13159326445566,45.23161831265322],[-73.13159587945147,45.23161821586055],[-73.13159849534559,45.23161814374053],[-73.13160111213799,45.231618096925736],[-73.13160373072704,45.231618074783626],[-73.13160634931609,45.23161807794679],[-73.13160896700684,45.23161810578259],[-73.13161158469757,45.23161815765843],[-73.13161420059168,45.23161823547215],[-73.13161681468915,45.231618338591126],[-73.13161942609167,45.23161846575011],[-73.13162203569759,45.231618618847016],[-73.13162464171023,45.23161879598392],[-73.13162724412959,45.231618997793476],[-73.13162984205741,45.231619224908286],[-73.13163243639194,45.23161947669577],[-73.13163502533659,45.231619752523244],[-73.13163760978968,45.231620053655995],[-73.13164018615791,45.231620379461376],[-73.13164275713625,45.23162072993939],[-73.1316453218264,45.23162110382479],[-73.13164787753335,45.23162150301543],[-73.13165042695213,45.23162192687874],[-73.13165296648945,45.2316223735168],[-73.13165549884025,45.23162284546008],[-73.13165802130956,45.2316233414434],[-73.1316605338974,45.2316238614667],[-73.13166303660378,45.231624405530034],[-73.13166552853038,45.23162497300071],[-73.1316680096772,45.231625564511425],[-73.1316704782476,45.23162617879684],[-73.13167293693652,45.23162681775486],[-73.13167538125242,45.231627479487685],[-73.1316778138902,45.23162816462784],[-73.13168023215495,45.231628872542736],[-73.13168263784328,45.23162960386498],[-73.13168502826026,45.231630357961954],[-73.13168740430419,45.231631133568435],[-73.13168976597507,45.23163193258224],[-73.13169211147627,45.23163275500339],[-73.1316944417061,45.23163359893403],[-73.13169675576628,45.23163446500677],[-73.13169905275846,45.23163535258895],[-73.13170133178434,45.23163626294588],[-73.13170359374223,45.231637194812286],[-73.13301721635187,45.23218667130752],[-73.1330234838976,45.23218927898975],[-73.13302976940965,45.23219186516262],[-73.13303607109138,45.232194431091386],[-73.13304239073939,45.232196975510746],[-73.1330487265571,45.23219949905338],[-73.13305507944278,45.2322020010866],[-73.13306144849814,45.232204482243105],[-73.13306783462151,45.23220694189025],[-73.13307423601623,45.232209381293266],[-73.13308065447892,45.232211797921664],[-73.13308708911131,45.23221419430594],[-73.13309353901504,45.23221656918086],[-73.13310000508847,45.23221892191383],[-73.13310648733155,45.23222125313744],[-73.13311298484601,45.23222356348432],[-73.13311949763181,45.232225851056626],[-73.13312602568898,45.23222811711956],[-73.1331325681192,45.232230362305806],[-73.13313912582078,45.23223258535004],[-73.1331456987937,45.232234786252356],[-73.13315228524137,45.232236965012675],[-73.13315888696039,45.23223912226368],[-73.13316550215413,45.23224125737277],[-73.13317213261925,45.23224337033988],[-73.13317877655909,45.232245461165036],[-73.13318543487198,45.23224752984825],[-73.13319210665959,45.23224957638952],[-73.13319879192194,45.23225160142149],[-73.13320549065901,45.23225360304625],[-73.13321220287082,45.23225558316171],[-73.13321892765903,45.23225753986997],[-73.13322566592197,45.23225947506894],[-73.13323241586303,45.232261386860706],[-73.1332391801771,45.23226327714323],[-73.1332459561693,45.23226514528379],[-73.13325274473792,45.23226699001716],[-73.1332595449846,45.23226881197601],[-73.13326635780773,45.23227061116032],[-73.13327318320724,45.23227238820267],[-73.13328001848824,45.23227414183793],[-73.13328686724398,45.232275873963864],[-73.13329372677947,45.23227758204999],[-73.1333005979931,45.23227926799425],[-73.13330747998648,45.232280931163935],[-73.13331449762548,45.232282600027226],[-73.1333215278409,45.232284244850725],[-73.13332856793777,45.232285866267084],[-73.13333561971274,45.232287463011026],[-73.13334268226751,45.23228903698047],[-73.13334975470374,45.232290586277536],[-73.13335683791976,45.23229211216744],[-73.13336393191557,45.23229361338496],[-73.13337103489451,45.23229509119532],[-73.13337814865325,45.2322965443333],[-73.13338527229345,45.232297972798904],[-73.1333924049168,45.23229937785736],[-73.13339954831996,45.23230075887607],[-73.13340669980794,45.232302115855056],[-73.13341386117737,45.23230344816166],[-73.13342103152998,45.23230475579586],[-73.1334282090691,45.232306040022955],[-73.133435397388,45.23230729894506],[-73.13344259289342,45.23230853382738],[-73.133449797382,45.23230974403734],[-73.1334570090571,45.232310930207575],[-73.13346422881703,45.23231209233809],[-73.13347145756013,45.2323132291636],[-73.13347869348975,45.23231434194937],[-73.13348593660588,45.232315430062755],[-73.13349318690854,45.23231649287122],[-73.13350044439771,45.2323175322725],[-73.13350770907341,45.23231854700148],[-73.13351498003733,45.23231953579285],[-73.13352225818775,45.232320501177085],[-73.13352954352472,45.23232144188898],[-73.13353683335325,45.232322357295935],[-73.1335441303683,45.232323248030504],[-73.13355143367154,45.232324114092734],[-73.1335587423647,45.2323249561152],[-73.13356605644775,45.23232577220011],[-73.133573376819,45.23232656424532],[-73.13358070168184,45.23232733098551],[-73.13358803103623,45.2323280730534],[-73.13359536667885,45.232328789816286],[-73.13360270681304,45.23232948190688],[-73.13361005143878,45.23233014995772],[-73.13361740055613,45.23233079207096],[-73.13362475326673,45.23233141014451],[-73.13363211046891,45.23233200291308],[-73.13363947216266,45.23233256974411],[-73.13364683744967,45.232333113168025],[-73.13365420543163,45.23233363065434],[-73.13366157790519,45.232334124100966],[-73.13366895397196,45.23233459224262],[-73.1336763318354,45.23233503381405],[-73.1336837132921,45.23233545197843],[-73.13369109744373,45.232335844837834],[-73.13369848429029,45.23233621302488],[-73.13370587383184,45.23233655464178],[-73.13371326427166,45.23233687285154],[-73.1337206583048,45.232337165123745],[-73.13372805323618,45.232337432723625],[-73.13373545086256,45.232337675018556],[-73.13374284938725,45.232337892641155],[-73.13375024970856,45.2323380849588],[-73.13375765092817,45.232338251971484],[-73.13376505304612,45.232338393679214],[-73.13377245696068,45.23233851071462],[-73.13377985997695,45.2323386030777],[-73.13378726478985,45.23233866887057],[-73.13379466960274,45.232338710623736],[-73.1338020744156,45.232338727072],[-73.1338094801268,45.23233871884784],[-73.1338168849397,45.23233868468619],[-73.13382428885427,45.23233862585217],[-73.13383169276884,45.23233854171319],[-73.13383909668342,45.23233843290189],[-73.13384649880135,45.232338298785635],[-73.1338539009193,45.23233813999706],[-73.1338613012406,45.232337955903525],[-73.13386869976527,45.23233774587244],[-73.13387609828996,45.232337511801624],[-73.13388349411969,45.23233725179321],[-73.1338908881528,45.23233696774511],[-73.13389828038926,45.232336657759475],[-73.13390566993081,45.23233632310146],[-73.1339130567774,45.232335963138475],[-73.13392044182733,45.2323355791358],[-73.13392782508065,45.232335168562955],[-73.1339352038424,45.23233473395037],[-73.1339425799092,45.23233427403281],[-73.13394995417937,45.2323337888103],[-73.13395732305965,45.23233327891546],[-73.1339646901433,45.23233274371565],[-73.13397205183703,45.23233218384351],[-73.13397941083585,45.232331599931676],[-73.13398676534308,45.23233099008225],[-73.13399411625704,45.232330354927846],[-73.13400146178112,45.232329695733746],[-73.13400880281363,45.232329010602044],[-73.13401614025288,45.23232830206327],[-73.13402347140389,45.232327566954275],[-73.13403079806335,45.232326807805514],[-73.13403812023122,45.23232602398447],[-73.13404543611091,45.23232521549103],[-73.13405274660069,45.23232438169268],[-73.13406005080228,45.23232352385456],[-73.13406735051227,45.23232264071147],[-73.13407464213743,45.23232173289604],[-73.13408192927102,45.23232079977562],[-73.13408920921808,45.2323198426155],[-73.13409648197863,45.23231886078299],[-73.13410374934926,45.23231785491081],[-73.13411100953338,45.23231682373359],[-73.134118262531,45.232315767884025],[-73.13412550744377,45.23231468799475],[-73.13413274517,45.23231358280048],[-73.13413997660804,45.232312452933854],[-73.1341471981646,45.232311298394826],[-73.13415441343298,45.2323101204487],[-73.1341616206165,45.232308917830224],[-73.13416881881686,45.23230769053939],[-73.13417600803409,45.23230643857619],[-73.13418319006477,45.23230516257321],[-73.13419036221403,45.23230386253051],[-73.1341975262784,45.232302537815436],[-73.13420468135965,45.23230118842794],[-73.13421182745773,45.23229981563335],[-73.13421896367434,45.23229841879902],[-73.1342260891112,45.232296996659684],[-73.13423320646318,45.23229555174578],[-73.13424031393372,45.23229408152691],[-73.13424740972613,45.23229258790092],[-73.13425449653542,45.23229106960251],[-73.1342615725649,45.232289527896995],[-73.13426863871292,45.232287961519035],[-73.13427569318286,45.23228637173397],[-73.13428273777131,45.232284757909134],[-73.13428977068168,45.23228312067713],[-73.13429679281225,45.232281458772746],[-73.1343038023664,45.23227977346117],[-73.1343108020391,45.23227806474248],[-73.13431778913538,45.23227633135134],[-73.13432476365524,45.23227457581834],[-73.13433172739533,45.23227279561289],[-73.13433867855899,45.232270992632934],[-73.13434561804458,45.23226916434788],[-73.13435254405542,45.2322673145536],[-73.13435945748984,45.232265440719495],[-73.13436635834785,45.23226354284555],[-73.13437324662945,45.232261621564476],[-73.13438012143632,45.23225967750882],[-73.13438698276845,45.23225771067866],[-73.13439383062585,45.23225571980866],[-73.13440066590687,45.23225370553145],[-73.13440748681482,45.23225166847972],[-73.13441429424805,45.23224960865336],[-73.13442108551159,45.232247524787255],[-73.13442786509705,45.23224541877916],[-73.1344346285128,45.23224328936389],[-73.13444137935218,45.23224113780667],[-73.13444811402185,45.23223896220959],[-73.1344548343185,45.23223676447057],[-73.13446153934377,45.23223454458963],[-73.1344682290977,45.23223230066878],[-73.13447490268194,45.23223003460601],[-73.13448156279145,45.23222774640127],[-73.134488205833,45.23222543542194],[-73.13449483360317,45.232223101668],[-73.13450144610196,45.23222074577209],[-73.1345080424311,45.23221836773419],[-73.13451462079391,45.232215966289104],[-73.1345211838854,45.232213543334616],[-73.13452773080718,45.23221109823815],[-73.13453426066097,45.232208631632325],[-73.13454077434511,45.232206141619244],[-73.13454727006291,45.232203630729444],[-73.13455374871276,45.23220109643237],[-73.1345602111929,45.232198541258576],[-73.13526519375651,45.23191811798409],[-73.13536472708999,45.23187852554876],[-73.13537211034333,45.231875604068264],[-73.13537950976631,45.23187270283176],[-73.13538692625731,45.2318698250024],[-73.1353943607146,45.23186696804963],[-73.13540181134157,45.2318641326061],[-73.13540927993483,45.231861319937074],[-73.13541676379947,45.23185853004257],[-73.13542426383377,45.23185576102471],[-73.13543177913942,45.23185301351611],[-73.1354393124114,45.23185029004726],[-73.13544686185307,45.23184758745502],[-73.13545442566776,45.231844907637374],[-73.13546200655043,45.23184224996158],[-73.13546960270446,45.231839615060316],[-73.13547721323155,45.23183700166836],[-73.13548484082663,45.23183441105091],[-73.13549248279476,45.231831842575424],[-73.13550014003425,45.231829297507076],[-73.13550781164678,45.231826774580654],[-73.13551549853065,45.23182427379614],[-73.1355231997876,45.23182179641884],[-73.13553091631587,45.231819341816056],[-73.13553864721722,45.231816909987884],[-73.13554639159328,45.23181449966896],[-73.1355541512407,45.231812113389886],[-73.13556192346455,45.23180974988539],[-73.13556971006143,45.23180740852284],[-73.13557751103136,45.23180509056746],[-73.13558532457769,45.23180279665195],[-73.13559315249708,45.23180052487839],[-73.1356009938912,45.23179827587941],[-73.13560884786172,45.23179604965499],[-73.13561671530698,45.23179384747044],[-73.13562459532866,45.231791668693134],[-73.13563248792674,45.23178951269038],[-73.13564039399957,45.23178737946223],[-73.13564831175047,45.23178527090657],[-73.13565624207781,45.23178318386028],[-73.13566418498154,45.23178112148648],[-73.1356721395634,45.23177908188725],[-73.13568010582331,45.23177706569527],[-73.13568808465966,45.231775073543204],[-73.13569607517414,45.23177310479834],[-73.13570407736668,45.2317711594607],[-73.13571209033903,45.231769237530386],[-73.13572011498944,45.23176733963987],[-73.13572815131798,45.23176546578927],[-73.13573619752798,45.231763614713316],[-73.13574425541607,45.23176178767723],[-73.13575232318564,45.231759983415785],[-73.13576040173498,45.23175820445949],[-73.13576849106413,45.23175644827784],[-73.13577659027472,45.23175471676867],[-73.1357847002651,45.231753008666836],[-73.13579281923865,45.23175132460488],[-73.13580094899197,45.23174966458281],[-73.13580908862676,45.231748028600634],[-73.1358172372447,45.231746415393154],[-73.1358253948458,45.231744827490814],[-73.13583356232837,45.23174326362841],[-73.13584173969238,45.231741723805904],[-73.13584992514126,45.23174020739065],[-73.13585811957329,45.23173871564799],[-73.13586632298846,45.231737247312594],[-73.13587453448847,45.23173580428243],[-73.13588275497163,45.23173438465948],[-73.13589098353962,45.23173298970914],[-73.13589922019248,45.231731618166094],[-73.13590746582847,45.23173027256085],[-73.13591571865099,45.23172894973028],[-73.13592397866002,45.23172765157232],[-73.13593224675391,45.23172637871951],[-73.13594052113599,45.23172512864138],[-73.13594880450121,45.23172390323581],[-73.13595709415466,45.23172270313545],[-73.13596539189294,45.231721527707656],[-73.13597369591943,45.23172037568719],[-73.13598200533579,45.23171924833924],[-73.13599032283703,45.23171814566391],[-73.13599864662645,45.2317170676612],[-73.13600697580574,45.23171601369837],[-73.13601531127327,45.23171498440816],[-73.13602365392732,45.231713980423116],[-73.13603200197124,45.23171300047806],[-73.13604035450676,45.23171204457298],[-73.1360487133305,45.23171111460572],[-73.1360570784424,45.231710207413116],[-73.13606544804591,45.23170932615842],[-73.13607382303931,45.23170846957626],[-73.13608220252428,45.23170763766673],[-73.13609058739914,45.23170683042978],[-73.13609897676558,45.231706047232784],[-73.13610737062359,45.23170528934105],[-73.13611576897317,45.23170455548922],[-73.13612417181433,45.23170384757526],[-73.13613257735047,45.23170316306866],[-73.13614098917479,45.23170250449992],[-73.13614940369405,45.231701870603736],[-73.13615782180658,45.23170126011495],[-73.13616624261405,45.23170067556399],[-73.1361746679131,45.23170011631823],[-73.13618309680541,45.2316995811125],[-73.13619152749435,45.23169907057933],[-73.13619996177655,45.231698585351396],[-73.1362083987537,45.23169812416346],[-73.1362168393241,45.231697689545996],[-73.13622528079283,45.23169727833589],[-73.13623372585482,45.23169689243098],[-73.13624217181513,45.231696531198715],[-73.13625062136867,45.2316961952717],[-73.13625907182058,45.23169588338463],[-73.13626752406907,45.2316955974354],[-73.13627597811421,45.231695335526176],[-73.13628443395598,45.231695099554834],[-73.13629289069605,45.231694886990816],[-73.13630134923278,45.23169470036468],[-73.13630980776949,45.23169453841118],[-73.13631826810284,45.23169440113024],[-73.1363267293345,45.23169428915455],[-73.13633519056617,45.2316942024841],[-73.13634365089952,45.2316941404863],[-73.1363521139278,45.231694103161054],[-73.13636056258305,45.23169409114105],[-73.13636901123829,45.231694103161054],[-73.13637745899523,45.2316941411189],[-73.13638590765048,45.231694203116746],[-73.1363943554074,45.23169429105243],[-73.13640280226603,45.23169440302812],[-73.13641124822631,45.23169454030906],[-73.13641969418663,45.2316947022626],[-73.13642813835028,45.2316948882561],[-73.13643658251395,45.23169510018748],[-73.13644502398269,45.23169533615882],[-73.1364534645531,45.23169559806804],[-73.13646190332689,45.23169588338463],[-73.13647034030403,45.23169619400642],[-73.13647877548455,45.231696529933444],[-73.13648720976674,45.23169688990046],[-73.13649564045569,45.231697275172735],[-73.1365040684497,45.231697685117595],[-73.13651249464704,45.23169812036765],[-73.13652091814949,45.23169858029035],[-73.13652933985526,45.23169906425301],[-73.13653775706946,45.23169957288831],[-73.13654617158873,45.23170010682879],[-73.13655458341306,45.23170066544187],[-73.13656299164413,45.231701249360185],[-73.13657139628192,45.2317018573185],[-73.13657979732645,45.23170248931677],[-73.13658819477774,45.2317031472529],[-73.13659658773744,45.23170382922899],[-73.13660497620555,45.23170453587766],[-73.13661336197873,45.231705267198976],[-73.13662174236202,45.23170602319282],[-73.13663011825372,45.2317068038593],[-73.13663848965386,45.231707609198324],[-73.13664685656241,45.23170843920998],[-73.13665521808107,45.23170929389422],[-73.13666357510817,45.23171017325109],[-73.13667192584704,45.2317110760152],[-73.13668027209437,45.23171200534987],[-73.13668861205345,45.23171295682655],[-73.13669694662266,45.23171393487373],[-73.13670527580197,45.231714936960856],[-73.13671359869308,45.2317159630879],[-73.13672191439765,45.23171701388757],[-73.13673022561068,45.231718089359816],[-73.13673852963716,45.23171918823934],[-73.13674682647711,45.23172031179144],[-73.1367551179272,45.23172146128144],[-73.13676340219074,45.231722634178674],[-73.13677167926778,45.23172383111593],[-73.13677994915828,45.231725052093054],[-73.13678821096394,45.23172629774278],[-73.13679646737972,45.23172756806508],[-73.13680471391402,45.23172886179465],[-73.13681295416012,45.23173018082942],[-73.1368211863214,45.23173152390415],[-73.13682941039784,45.231732891018794],[-73.13683762638941,45.23173428217334],[-73.13684583429615,45.2317356967352],[-73.13685403411809,45.23173713723491],[-73.13686222405852,45.231738599876635],[-73.13687040591414,45.231740087823496],[-73.1368785796849,45.231741599810306],[-73.1368867444725,45.231743135204425],[-73.13689489937865,45.231744695271075],[-73.13690304530165,45.231746278744986],[-73.1369111822415,45.23174788625884],[-73.1369193092999,45.23174951781258],[-73.13692742647679,45.23175117277357],[-73.13693553287392,45.231752851774495],[-73.13694363118621,45.231754554815346],[-73.13695171782038,45.23175628189604],[-73.13695979547143,45.23175803301666],[-73.13696786234269,45.231759806911924],[-73.13697591843415,45.23176160484711],[-73.13698396464414,45.23176342682212],[-73.13699199917603,45.23176527220446],[-73.13700002292816,45.23176714099398],[-73.1370080367988,45.231769033823454],[-73.13701603719473,45.23177095006012],[-73.13702402770919,45.23177288970409],[-73.13703200654552,45.23177485275529],[-73.13703997370379,45.2317768392137],[-73.13704792918394,45.231778849079404],[-73.13705587208769,45.23178088298493],[-73.13706380331332,45.23178293903248],[-73.13707172286087,45.231785019119876],[-73.137079629832,45.23178712324711],[-73.13708752422671,45.23178924888372],[-73.13709540694335,45.23179139919276],[-73.1371032752869,45.23179357164381],[-73.1371111319524,45.2317957681347],[-73.13711897424483,45.231797986767596],[-73.13712680485915,45.23180022880762],[-73.13713462199875,45.2318024936223],[-73.13714242476532,45.23180478184415],[-73.13715021495545,45.23180709284059],[-73.13715772756618,45.23180934816553],[-73.13716522670217,45.23181162310189],[-73.13717271326175,45.231813920180194],[-73.1371801863466,45.231816238767856],[-73.13718764775335,45.23181857759953],[-73.13719509388874,45.23182093920579],[-73.13720252744771,45.23182332105605],[-73.13720994663365,45.23182572378302],[-73.13721735234485,45.23182814801931],[-73.13722474458132,45.23183059313226],[-73.13723212244474,45.23183305912184],[-73.13723948683345,45.23183554598812],[-73.13724683684909,45.23183805373103],[-73.13725417249171,45.23184058171798],[-73.13727814313675,45.23184942777356],[-73.1373020976121,45.23185829470455],[-73.13732603771443,45.23186718187824],[-73.13734996164709,45.23187608992733],[-73.137373872105,45.23188501758652],[-73.13739776549492,45.231893966753674],[-73.1374216445118,45.231902935530904],[-73.13744550735902,45.23191192581608],[-73.13746935403655,45.23192093571132],[-73.13749318634103,45.231929967114525],[-73.13751700247585,45.23193901812773],[-73.1375408033393,45.23194809001624],[-73.13756458803307,45.23195718151478],[-73.13758835835381,45.2319662945212],[-73.13761211250487,45.23197542777026],[-73.13763585048625,45.23198458062933],[-73.13765957229798,45.23199375499623],[-73.1376832788383,45.23200294897312],[-73.13770697010732,45.23201216255997],[-73.1377306443083,45.23202139765469],[-73.13775430413625,45.23203065299195],[-73.13777794689621,45.23203992857178],[-73.1378015734865,45.23204922502677],[-73.13782518480544,45.23205854045904],[-73.1378490153133,45.23206795647749],[-73.13787282785484,45.23207739400364],[-73.13789662512504,45.23208685050705],[-73.13792040622555,45.23209632851819],[-73.13794417025807,45.23210582740443],[-73.13796791722261,45.232115346533085],[-73.13799164801748,45.23212488653685],[-73.13801536354097,45.23213444678301],[-73.13803906109817,45.23214402790428],[-73.1380627424857,45.23215362990052],[-73.13808640680521,45.23216325150659],[-73.13811005405675,45.23217289398765],[-73.13813368513861,45.23218255671107],[-73.13815729915248,45.232192240942126],[-73.13818089699669,45.232201944782936],[-73.1382044777729,45.2322116688661],[-73.13822804148111,45.23222141382421],[-73.13825158812135,45.23223117839202],[-73.13827511769358,45.23224096446744],[-73.13829863109615,45.232250770785136],[-73.13973999234257,45.23285355842496],[-73.14103505036853,45.233395135121015],[-73.14362318922855,45.23447738169689],[-73.14623922437141,45.23557119477529],[-73.14753250912302,45.23611190297411],[-73.1488338149318,45.23665593843721],[-73.15011665497161,45.237192229833575],[-73.15043646599254,45.237325927095114],[-73.15043493885656,45.23796471184215],[-73.15043490292395,45.23797223236156],[-73.15043483105872,45.237979752247405],[-73.1504347241592,45.23798727213225],[-73.15043458132708,45.23799479138353],[-73.15043440346064,45.23800231126637],[-73.1504341887633,45.23800982925057],[-73.15043393903164,45.23801734723377],[-73.15043365336737,45.23802486521593],[-73.15043333177053,45.23803238193205],[-73.15043297603768,45.23803989801455],[-73.15043258347389,45.238047412830966],[-73.1504321549775,45.23805492701381],[-73.15043169234512,45.238062439930516],[-73.1504311919835,45.23806995221371],[-73.15043065838422,45.23807746323078],[-73.1504300870557,45.23808497234918],[-73.15042948159122,45.238092480201495],[-73.1504288401941,45.23809998678768],[-73.15042816196606,45.23810749210774],[-73.15042745050036,45.23811499489656],[-73.1504267013054,45.23812249705183],[-73.15042591707616,45.23812999730844],[-73.15042509871094,45.23813749503383],[-73.15042424351478,45.238144990228],[-73.15042335238603,45.238152484156096],[-73.15042242622297,45.23815997618548],[-73.15042146502562,45.23816746631623],[-73.15042046699735,45.23817495328313],[-73.1504194357314,45.2381824370863],[-73.1504183676345,45.23818992025596],[-73.15041726360502,45.23819739899665],[-73.15041612454125,45.23820487710382],[-73.15041495044318,45.238212351414695],[-73.15041374041249,45.23821982192921],[-73.15041249444918,45.23822729117763],[-73.1504112143499,45.238234757262255],[-73.15040989831802,45.23824221891802],[-73.1504085463535,45.23824967804257],[-73.15040716025304,45.23825713526848],[-73.15040573732162,45.23826458743291],[-73.15040428025422,45.23827203706614],[-73.15040278725424,45.238279482903074],[-73.15040125921993,45.23828692494367],[-73.15039969615134,45.23829436445307],[-73.15039809715013,45.238301798901],[-73.15039646401294,45.2383092301852],[-73.15039479494314,45.238316657040556],[-73.15039308994072,45.238324080099574],[-73.15039135080235,45.23833149936227],[-73.15038957573134,45.23833891419606],[-73.15038776652436,45.238346325233636],[-73.15038592138475,45.238353731209735],[-73.15038404121088,45.23836113338952],[-73.15038212600268,45.23836853114046],[-73.1503801757602,45.23837592446251],[-73.15037819048344,45.23838331209063],[-73.15037617107068,45.23839069592245],[-73.15037411482699,45.23839807406029],[-73.15037202444734,45.23840544840182],[-73.15036989993168,45.23841281704939],[-73.15036773948341,45.23842018126812],[-73.15036554489917,45.23842753916033],[-73.15036331438232,45.23843489325627],[-73.1503610497295,45.238442241025695],[-73.15035875094068,45.23844958310117],[-73.15035641711756,45.238456920115205],[-73.15035404646353,45.23846425206791],[-73.15035164347015,45.23847157832662],[-73.15034920454417,45.23847889825886],[-73.15034673148219,45.238486213129725],[-73.1503442233859,45.23849352104151],[-73.15034168115365,45.23850082389193],[-73.1503391038871,45.23850812041585],[-73.15033649158624,45.23851540998075],[-73.15033384604776,45.23852269511679],[-73.15033116457663,45.23852997202874],[-73.15032844896952,45.23853724451185],[-73.15032570012475,45.23854450940334],[-73.15032291444905,45.23855176733582],[-73.150320096434,45.23855901894186],[-73.15031724428299,45.23856626422136],[-73.15031435619933,45.23857350190936],[-73.15031143487803,45.23858073390339],[-73.15030847852243,45.238587958305864],[-73.15030548892918,45.238595175116785],[-73.1503024643016,45.2386023862338],[-73.15029940553806,45.238609589126696],[-73.15029631263855,45.23861678506057],[-73.15029318560305,45.238623973402895],[-73.15029002622818,45.23863115415368],[-73.15028683092072,45.23863832794549],[-73.1502836023756,45.23864549351314],[-73.15028033879616,45.23865265212184],[-73.15027704197908,45.23865980250638],[-73.15027371192431,45.23866694529946],[-73.15027034683526,45.23867407923583],[-73.15026694940686,45.238681206213286],[-73.15026351694416,45.23868832496662],[-73.15026005124379,45.23869543549587],[-73.15025655230575,45.23870253716848],[-73.15025301833343,45.23870963124958],[-73.15024945202175,45.23871671710662],[-73.15024585067577,45.23872379410702],[-73.15024221699045,45.23873086225079],[-73.15023855006746,45.23873792217051],[-73.15023484900848,45.23874497323364],[-73.15023111471186,45.23875201544013],[-73.15022734807587,45.2387590494226],[-73.15022354730391,45.23876607328334],[-73.15021971239595,45.23877308828746],[-73.15021584514865,45.23878009506759],[-73.15021194376538,45.238787092358514],[-73.15020801004275,45.238794080160375],[-73.15020404398076,45.23880105847303],[-73.1502000437828,45.23880802729658],[-73.15019601124548,45.23881498726354],[-73.15019194547051,45.23882193710883],[-73.15018784645788,45.23882887746499],[-73.15018371420757,45.23883580706693],[-73.15017954871959,45.23884272844485],[-73.15017535179061,45.238849639068576],[-73.15017112252222,45.238856540203166],[-73.15016685911789,45.23886343121612],[-73.15016256337421,45.23887031147487],[-73.15015823618948,45.23887718224451],[-73.15015387486878,45.23888404225995],[-73.15014948210704,45.23889089215376],[-73.15014505610763,45.23889773129336],[-73.15014059776888,45.238904560311326],[-73.1501361079891,45.238911379207686],[-73.15013158497162,45.23891818608475],[-73.15012703051315,45.23892498347277],[-73.150122442817,45.238931769474014],[-73.1501178245781,45.23893854408859],[-73.15011317220325,45.23894530921408],[-73.15010848928569,45.2389520623203],[-73.15010377402876,45.23895880403986],[-73.15009902643249,45.23896553563779],[-73.15009424739516,45.238972254583935],[-73.1500894360185,45.238978963408464],[-73.15008459320082,45.23898565958122],[-73.15007971804377,45.23899234563237],[-73.150074812344,45.23899901839924],[-73.15006987430488,45.23900568041195],[-73.15006490482473,45.239012331670544],[-73.15005990390354,45.239018969644825],[-73.15005487243963,45.239025596232395],[-73.15004980863638,45.23903221143335],[-73.15004471339209,45.23903881461513],[-73.1497668752545,45.239559946759954],[-73.15008809842705,45.23913061451233],[-73.15009452766954,45.239121902425246],[-73.15010092547098,45.23911317958352],[-73.1501072918314,45.239104443456945],[-73.15011362675078,45.23909569720826],[-73.15011992933081,45.23908693957231],[-73.15012620046981,45.23907817054918],[-73.15013244016778,45.239069389506234],[-73.15013864842471,45.239060597076055],[-73.15014482434228,45.239051794523746],[-73.15015096881882,45.23904298058414],[-73.15015708005772,45.23903415525731],[-73.15016316075388,45.23902531917579],[-73.15016920911069,45.23901647107444],[-73.15017522512814,45.239007613483494],[-73.15018121060288,45.23899874513778],[-73.15018716194163,45.23898986540478],[-73.15019308273767,45.238980975549616],[-73.15019897029605,45.2389720743072],[-73.15020482641337,45.23896316231001],[-73.15021065019135,45.23895424019057],[-73.15021644163,45.23894530731644],[-73.15022220072929,45.238936364320075],[-73.15022792748923,45.23892741120151],[-73.1502336210115,45.238918447328125],[-73.15023928309273,45.23890947333258],[-73.15024491193631,45.23890048921479],[-73.15025050933883,45.23889149497472],[-73.15025607350371,45.238882491245],[-73.15026160532922,45.23887347612792],[-73.15026710391709,45.23886445215369],[-73.15027257106391,45.23885541805722],[-73.15027800407474,45.23884637447108],[-73.15028340654287,45.23883732013008],[-73.15028877397668,45.23882825756447],[-73.15029410996945,45.23881918297891],[-73.15029941182628,45.23881010143387],[-73.15030468224205,45.23880100850143],[-73.15030991942015,45.238791907344364],[-73.1503151233606,45.23878279543246],[-73.15032029406338,45.238773675295924],[-73.1503254333251,45.23876454503704],[-73.15033053845087,45.23875540655354],[-73.15033561033897,45.238746257947724],[-73.15034064898938,45.23873710048475],[-73.15034565440214,45.238727934164494],[-73.15035062747556,45.23871875835451],[-73.15035556731132,45.238709574319806],[-73.15036047301109,45.23870038142791],[-73.15036534637152,45.238691178413696],[-73.15037018649424,45.238681968439884],[-73.15037499248102,45.238672748343745],[-73.15037976523013,45.23866352002287],[-73.15038450474157,45.238654283477345],[-73.15038921101532,45.238645038074516],[-73.15039388405145,45.238635784447034],[-73.15039852384989,45.23862652196229],[-73.15040312951234,45.238617251252826],[-73.15040770193716,45.238607972318654],[-73.15041224112427,45.23859868515972],[-73.15041674617542,45.23858939040868],[-73.1504212170906,45.238580087432865],[-73.15042565476809,45.238570774967236],[-73.15043006010626,45.23856145617452],[-73.1504344304101,45.23855212915707],[-73.15043876747632,45.23854279391488],[-73.1504430704065,45.23853345108051],[-73.15044733920074,45.238524100021394],[-73.1504515747573,45.238514742002614],[-73.15045577617788,45.23850537639163],[-73.1504599443608,45.23849600192333],[-73.15046407840774,45.23848662112792],[-73.1504681783187,45.238477233372876],[-73.15047224409368,45.23846783739305],[-73.15047627573269,45.23845843445354],[-73.150480274134,45.238449023921866],[-73.15048423750103,45.23843960643044],[-73.15048816763041,45.23843018197937],[-73.15049206272548,45.23842074993607],[-73.15049592458287,45.23841131093307],[-73.15049975230431,45.23840186623553],[-73.15050354588975,45.23839241331314],[-73.15050730444091,45.23838295406362],[-73.15051102975438,45.2383734878544],[-73.1505147209319,45.23836401531809],[-73.15051837707509,45.23835453582205],[-73.15052199908233,45.238345049998834],[-73.15052558695358,45.2383355572159],[-73.15052914068883,45.23832605810582],[-73.15053265938981,45.23831655330115],[-73.1505361448531,45.2383070421693],[-73.15053959618042,45.23829752407775],[-73.15054301067681,45.23828800029158],[-73.15054639283386,45.23827847017824],[-73.1505497399566,45.238268933105125],[-73.15055305294338,45.23825939096996],[-73.15055633089585,45.23824984314022],[-73.15055957471233,45.23824028898323],[-73.15056278349454,45.23823072913165],[-73.15056595724243,45.238221162952875],[-73.15056909775265,45.238211592344555],[-73.15057220233028,45.23820201477655],[-73.15057527367024,45.238192432146356],[-73.1505783099759,45.238182843821576],[-73.15058131034895,45.23817325106729],[-73.15058427748434,45.23816365198578],[-73.15058720958542,45.238154047209555],[-73.15059010665222,45.23814443800387],[-73.15059296868472,45.23813482310348],[-73.15059579658123,45.23812520314099],[-73.15059858944343,45.23811557811645],[-73.15060134727136,45.23810594929486],[-73.15060407096331,45.23809631414608],[-73.15060675962096,45.23808667393515],[-73.15060941234599,45.23807702929467],[-73.15061203183335,45.23806738022466],[-73.15061461538811,45.23805772609254],[-73.15061716480689,45.23804806689826],[-73.15061967739473,45.238038403907005],[-73.15062215674493,45.23802873711873],[-73.15062460106081,45.23801906400319],[-73.15062701034242,45.238009387723196],[-73.1506293845897,45.237999707013685],[-73.1506317238027,45.23799002187453],[-73.15063402708309,45.237980332938385],[-73.15063629622749,45.23797063894011],[-73.1506385303376,45.237960941777374],[-73.15064072941341,45.23795124018507],[-73.15064289345494,45.237941534795716],[-73.15064502156385,45.2379318262419],[-73.15064711553678,45.23792211199336],[-73.1506491735771,45.2379123958455],[-73.15065119748142,45.23790267526801],[-73.15065318545315,45.23789295089351],[-73.15065513839058,45.23788322272197],[-73.15065705629371,45.23787349201851],[-73.15065893916254,45.237863756885424],[-73.15066078609877,45.237854019220464],[-73.15066259800071,45.23784427775845],[-73.15066437576664,45.23783453376452],[-73.15066611759998,45.23782478597353],[-73.15066782439902,45.23781503501804],[-73.15066949526546,45.237805280898044],[-73.15067113109758,45.23779552424619],[-73.15067273189541,45.23778576506236],[-73.15067429765895,45.23777600208152],[-73.1506758283882,45.23776623593611],[-73.15067732318485,45.237756467891394],[-73.15067878204887,45.23774669668214],[-73.15068020677688,45.23773692420609],[-73.15068159647063,45.237727147933015],[-73.15068294933347,45.23771736976053],[-73.15068426716199,45.237707589056114],[-73.15068554995621,45.237697805819764],[-73.15068679771613,45.23768802005143],[-73.15068800954344,45.2376782317512],[-73.15068918723479,45.237668442816705],[-73.15069032809521,45.237658650717705],[-73.15069143392132,45.23764885671933],[-73.15069250381482,45.23763906082154],[-73.15069353867403,45.23762926302438],[-73.15069453849894,45.237619462695285],[-73.15069550328955,45.237609661731966],[-73.15069643214757,45.23759985886918],[-73.15069732597125,45.23759005410707],[-73.15069818296405,45.23758024807812],[-73.15069900582085,45.237570440149796],[-73.15069979274504,45.23756062968951],[-73.15070054463493,45.23755081986006],[-73.15070126059221,45.237541008131245],[-73.15070194061688,45.237531193870474],[-73.15070258560725,45.23752137960801],[-73.15070319556334,45.23751156407873],[-73.15070376958678,45.23750174665003],[-73.15070430857597,45.23749192985222],[-73.15070481163252,45.237482111154975],[-73.15070527965479,45.237472291190926],[-73.15070571174445,45.23746247059265],[-73.15070610790148,45.237452649992626],[-73.15070646992255,45.2374428281258],[-73.15070679421437,45.23743300562465],[-73.1507070843702,45.237423183121855],[-73.15070733949175,45.23741335998483],[-73.15070755868066,45.2374035355809],[-73.1507077428353,45.237393711175315],[-73.15070789015901,45.23738388676803],[-73.15070800244843,45.23737406172643],[-73.15070808060185,45.23736423668318],[-73.15070812102604,45.237354411638215],[-73.15071613848995,45.23399357348085]],[[-73.1337202307067,45.22934950475874],[-73.13389322017929,45.22933997377899],[-73.13388105160044,45.22934342871979],[-73.13386889290308,45.229346905170736],[-73.1338567458838,45.22935040060114],[-73.13384461233926,45.229353916909076],[-73.13383248957449,45.22935745409441],[-73.13382037848784,45.22936100962665],[-73.13380827907928,45.22936458666894],[-73.13379619224713,45.22936818395604],[-73.13378411709309,45.229371800855276],[-73.13377205451545,45.229375438631976],[-73.13375907745285,45.22936897604246],[-73.13374611386499,45.2293624989011],[-73.1337331664468,45.22935600910582],[-73.1337202307067,45.22934950475874]],[[-73.13909554634762,45.22910259651008],[-73.13467721765699,45.22916443454633],[-73.13469078850598,45.22916217342251],[-73.13470436654148,45.229159935074286],[-73.13471795356016,45.229157722665065],[-73.13473154776537,45.22915553366413],[-73.13474515005541,45.22915336807152],[-73.13475875953195,45.22915122715253],[-73.13477237709334,45.2291491102745],[-73.13478600184125,45.22914701743742],[-73.1347996337757,45.229144948008724],[-73.13481327379496,45.22914290451892],[-73.13482692010244,45.229140883172164],[-73.13484057359643,45.22913888713172],[-73.13485423517528,45.22913691513224],[-73.13486790214402,45.22913496717378],[-73.13488157719759,45.229133044521596],[-73.13489525764106,45.22913114527776],[-73.13490894706767,45.229129270074964],[-73.13492264098586,45.22912741954577],[-73.13493634298888,45.229125592424936],[-73.13495005038182,45.22912378997781],[-73.13496376406293,45.22912201220429],[-73.13497748493059,45.229120259104505],[-73.13499121118811,45.22911852941302],[-73.13500494463219,45.22911682439522],[-73.13501868256782,45.22911514405113],[-73.13503242679168,45.22911348711536],[-73.13504617730374,45.22911185548596],[-73.13505993320567,45.22911024789755],[-73.13507369539585,45.22910866498283],[-73.13508746207755,45.229107106109154],[-73.13510123504749,45.229105571909166],[-73.13511501340732,45.229104062382866],[-73.13512879715705,45.22910257626496],[-73.13514258539834,45.22910111482073],[-73.13515637902952,45.229099678050204],[-73.13517017805061,45.22909826595336],[-73.13518398246157,45.22909687789755],[-73.13519779136412,45.229095515148146],[-73.13521160565656,45.229094175807106],[-73.13522542354227,45.22909286177243],[-73.13523924681786,45.22909157177879],[-73.13525307368671,45.22909030582622],[-73.13526690594546,45.22908906581266],[-73.13528074179746,45.2290878492075],[-73.13529458303935,45.22908665727606],[-73.13530842787452,45.22908549001832],[-73.13532227630293,45.22908434680168],[-73.13533612832461,45.229083228891355],[-73.13534998573618,45.22908213502213],[-73.13536384674101,45.22908106582663],[-73.13537771044079,45.229080021937506],[-73.13539157863215,45.229079002089435],[-73.13540545041677,45.22907800628246],[-73.13541932579466,45.22907703514915],[-73.13543320386748,45.22907608868962],[-73.13544708553356,45.22907516816914],[-73.1354609707929,45.22907427105706],[-73.1354748587472,45.22907339798602],[-73.13548875029475,45.22907255022143],[-73.13550264543558,45.229071727130574],[-73.13551654147471,45.229070928080716],[-73.1355304411071,45.22907015496999],[-73.13554434433273,45.22906940463502],[-73.13555824935503,45.22906867960641],[-73.13557215707226,45.2290679798842],[-73.13558606748443,45.22906730483577],[-73.13559997879491,45.22906665382836],[-73.13561389459699,45.2290660281274],[-73.13562781129737,45.229065427100174],[-73.13564172979437,45.22906485011402],[-73.13565565098635,45.229064297801656],[-73.13566957397492,45.22906377016297],[-73.13568349965847,45.2290632678307],[-73.135697425342,45.22906278890688],[-73.13571135372048,45.22906233592214],[-73.13572528299729,45.22906190697845],[-73.1357392140707,45.22906150270853],[-73.13575314783907,45.22906112374501],[-73.13576708160743,45.22906076882261],[-73.13578101627412,45.22906043857391],[-73.13579495273744,45.22906013363167],[-73.13580888920077,45.229059852730494],[-73.13582282746071,45.22905959650307],[-73.13583676661897,45.22905936558205],[-73.13585070667555,45.22905915996746],[-73.13801505452051,45.22902903457325],[-73.13824713966405,45.22902580041195],[-73.13909554634762,45.22910259651008]],[[-73.1385024759021,45.231213562857306],[-73.13841890832617,45.23131773076275],[-73.13838647465283,45.231302927097744],[-73.13835405984412,45.231288105082434],[-73.1383216621034,45.23127326218627],[-73.1382892832273,45.231258399041906],[-73.13825692231751,45.23124351628195],[-73.13822458027232,45.23122861390636],[-73.13819225619345,45.23121369191513],[-73.1381599500809,45.231198750308266],[-73.13812766283296,45.23118378782043],[-73.13809539444964,45.23116880634961],[-73.13806314313429,45.231153805263034],[-73.1380309106836,45.231138783295506],[-73.13799869799583,45.23112374234484],[-73.13796650237603,45.23110868114584],[-73.13793432651919,45.231093600963725],[-73.13790216862864,45.23107850116584],[-73.13787002870443,45.23106337985425],[-73.13783790854312,45.231048240824705],[-73.13780580544982,45.23103308091414],[-73.13779958910803,45.23102991898759],[-73.13779339432585,45.231026736183814],[-73.13778721930657,45.23102353313546],[-73.13778106584688,45.23102030984245],[-73.13777493304843,45.2310170669375],[-73.13776882180956,45.231013803155264],[-73.13776273123193,45.231010520393696],[-73.1377566631122,45.231007218020146],[-73.13775061655201,45.23100389540194],[-73.13774459155141,45.23100055317179],[-73.13773858811035,45.23099719132959],[-73.13773260712719,45.2309938092428],[-73.13772664860191,45.230990408176595],[-73.1377207116362,45.23098698813102],[-73.13771479712837,45.23098354784084],[-73.13770890507843,45.23098008983655],[-73.13770303638468,45.230976610954926],[-73.13769719014881,45.23097311435924],[-73.13769136726913,45.230969598151475],[-73.13768556594901,45.23096606296436],[-73.13767978888343,45.23096250943048],[-73.13767403517404,45.230958936284566],[-73.13766830482085,45.2309553441593],[-73.13766259782385,45.23095173431984],[-73.13765691418305,45.230948104868325],[-73.13765125479675,45.230944458335365],[-73.13764561876667,45.23094079219036],[-73.13764000788939,45.23093710833118],[-73.13763442036833,45.23093340485995],[-73.13762885710177,45.23092968493985],[-73.13762331808974,45.23092594604028],[-73.13761780423052,45.230922189426586],[-73.1376123137275,45.23091841509876],[-73.13760684927563,45.230914622424116],[-73.13760140817995,45.23091081203528],[-73.13759599313542,45.230906983932314],[-73.13759060324372,45.23090313811515],[-73.13758523850483,45.2308992752165],[-73.13757989802048,45.230895393970954],[-73.13757458448556,45.230891496276556],[-73.13756929520517,45.23088758086796],[-73.13756403197593,45.23088364837785],[-73.13755879389949,45.23087969943878],[-73.13755358277254,45.230875732152896],[-73.13754839679841,45.230871748418046],[-73.13754323777374,45.230867748234324],[-73.13753810390187,45.23086373033638],[-73.1375329978778,45.230859695989516],[-73.13752791700654,45.23085564582632],[-73.13752286308475,45.23085157921423],[-73.1385024759021,45.231213562857306]]]]}},{"type":"Feature","properties":{"zone_code":"R-3","prefix":"R","kind":"residential","n_lots":5,"source":"t2-gcp-claude48-vision-multisheet","confidence":"contour-autogcp-multisheet"},"geometry":{"type":"MultiPolygon","coordinates":[[[[-73.1506878128124,45.22731308051837],[-73.15068610780999,45.22695793032576],[-73.13083036840399,45.227158659631506],[-73.13084040617899,45.227170265539165],[-73.130850475395,45.22718185815815],[-73.13086057425542,45.22719343748848],[-73.13087070276026,45.227205003530166],[-73.13088086090949,45.2272165575485],[-73.13089104960144,45.22722809764556],[-73.1309012679378,45.22723962445399],[-73.13091151591856,45.227251138606455],[-73.13092179264541,45.22726263947031],[-73.13093209991497,45.22727412641287],[-73.13094243682895,45.22728560006684],[-73.13095280338734,45.22729706106488],[-73.13096319959011,45.22730850814164],[-73.1309736254373,45.227319942562524],[-73.13098408092888,45.227331362429474],[-73.1309945660649,45.22734276964056],[-73.1310050808453,45.22735416229772],[-73.13101562347346,45.227365542299],[-73.13102619664436,45.22737690837906],[-73.13103679945965,45.22738826053794],[-73.13104743191936,45.22739959940827],[-73.13105809312515,45.227410924357415],[-73.13106878307703,45.22742223538537],[-73.13107950267333,45.22743353249216],[-73.131090251914,45.22744481631046],[-73.13110102990078,45.227456085574914],[-73.13111183663365,45.227467341550906],[-73.13112267301092,45.22747858360575],[-73.13113353813429,45.2274898104741],[-73.13114443200374,45.22750102405399],[-73.13115535641592,45.22751222308013],[-73.13116630777753,45.2275234094505],[-73.13117728878356,45.227534580634384],[-73.131188299434,45.227545737264485],[-73.13119933703392,45.22755688060624],[-73.13121040517652,45.22756800939419],[-73.1312215011669,45.22757912362842],[-73.13123262590338,45.227590223308916],[-73.13124378028428,45.22760130843566],[-73.13125496251293,45.22761238027405],[-73.13126617348767,45.2276234362934],[-73.1312774123102,45.22763447839172],[-73.13128867987879,45.22764550656897],[-73.13129997709181,45.22765651955988],[-73.13131130125429,45.22766751862985],[-73.13132265506115,45.2276785025134],[-73.13133403671581,45.22768947121064],[-73.13134544711654,45.227700425354215],[-73.13135688536505,45.22771136557687],[-73.13136835146136,45.22772229061315],[-73.13137984630373,45.2277332004632],[-73.13139136989219,45.22774409639226],[-73.1314029204301,45.22775497650237],[-73.13141450061245,45.22776584142619],[-73.13142610774422,45.22777669242909],[-73.13143774272378,45.227787527613074],[-73.13144940644943,45.22779834824347],[-73.13146109802285,45.22780915305497],[-73.13147281654574,45.22781994457826],[-73.13148456381471,45.22783071964994],[-73.13149633893146,45.227841479535435],[-73.13150814189598,45.22785222360206],[-73.13151997180995,45.22786295311515],[-73.13153183047001,45.22787366744203],[-73.13154371697784,45.22788436658276],[-73.13155562953683,45.22789504927197],[-73.13156757084191,45.22790571804037],[-73.13157953999475,45.227916370357214],[-73.13159153609706,45.227927007487935],[-73.13160356004714,45.22793762943255],[-73.13161561094667,45.227948235558344],[-73.13162768879566,45.22795882649803],[-73.13163979539074,45.2279694016189],[-73.13165192803699,45.22797996028833],[-73.13166408942931,45.227990504404374],[-73.13167627687275,45.228001032068946],[-73.13168849126568,45.228011544547456],[-73.13170073440467,45.228022041207254],[-73.13171300359484,45.2280325214156],[-73.13172529883612,45.22804298643793],[-73.1317376219252,45.22805343500886],[-73.13174997286204,45.22806386839375],[-73.13176234985002,45.22807428532727],[-73.13177475468578,45.22808468644211],[-73.13178718557268,45.22809507110561],[-73.13179964340904,45.22810544058309],[-73.13181212729654,45.22811579234393],[-73.1318246390318,45.22812612955139],[-73.13183717771655,45.228136450307595],[-73.13184974245245,45.228146754612496],[-73.13186233323945,45.22815704246606],[-73.13187495187425,45.22816731450102],[-73.13188759566188,45.228177569452065],[-73.13190026639896,45.22818780858448],[-73.13191296498383,45.2281980312656],[-73.13192568782317,45.22820823749551],[-73.13193851576544,45.22821848927582],[-73.13195137065718,45.22822872333951],[-73.13196425160001,45.2282389415846],[-73.13197715859401,45.228249142113135],[-73.13199009253749,45.228259326190454],[-73.13200305343041,45.228269493183866],[-73.13201603947614,45.228279644358715],[-73.13202905336966,45.228289777184365],[-73.13204209241601,45.2282998941915],[-73.13205515841183,45.22830999411478],[-73.13206825045879,45.22832007632153],[-73.1320813694552,45.228330142077155],[-73.13209451360441,45.22834019138159],[-73.13210768470312,45.228350222336886],[-73.13212088185296,45.22836023747368],[-73.13213410505394,45.228370234261355],[-73.13214735340773,45.22838021396523],[-73.1321606278127,45.228390177218],[-73.13217392916712,45.22840012338698],[-73.13218725477603,45.22841005120689],[-73.13220060733443,45.22841996194304],[-73.13221398504564,45.22842985622811],[-73.13222738880799,45.22843973216409],[-73.13224081862147,45.22844959101637],[-73.1322542735878,45.22845943215226],[-73.13226775460528,45.22846925620442],[-73.13228125987726,45.22847906317289],[-73.1322947920987,45.22848885115967],[-73.13230834857465,45.228498623328115],[-73.13232193110174,45.228508376514846],[-73.13233553967999,45.22851811198528],[-73.13234917251275,45.22852783037205],[-73.13236283049831,45.22853753104249],[-73.13237651453504,45.228547213996656],[-73.13239022282626,45.22855687923451],[-73.13240395627034,45.22856652612342],[-73.13241771576556,45.228576155296054],[-73.13243149951528,45.22858576738508],[-73.13244530841781,45.22859536049251],[-73.13245914157487,45.22860493651637],[-73.13247300078308,45.22861449292597],[-73.13248688514412,45.22862403351736],[-73.13250079286135,45.22863355512721],[-73.1325147257314,45.228643058388144],[-73.13252868375427,45.228652543300235],[-73.13254266603168,45.22866201112878],[-73.1325566725636,45.228671459975786],[-73.13257070514665,45.228680890474],[-73.13258476108591,45.228690303255995],[-73.13259884127964,45.228699697056555],[-73.13261294572794,45.22870907314094],[-73.13262707622737,45.2287184308765],[-73.13264122918464,45.228727770263276],[-73.13265540729478,45.228737091301284],[-73.13266960876112,45.228746393990484],[-73.13268383627857,45.22875567833094],[-73.13269808625392,45.22876494305731],[-73.1327123613821,45.22877419006757],[-73.13272665896818,45.228783419361775],[-73.13274098260538,45.22879262840925],[-73.13275532870045,45.22880182037332],[-73.13276969815175,45.22881099209068],[-73.13278409275586,45.22882014609201],[-73.13279851071617,45.22882928111195],[-73.13281295203268,45.228838398415895],[-73.13282741760369,45.22884749610583],[-73.13284190653093,45.228856574181776],[-73.13285641971265,45.228865633909024],[-73.13287095535226,45.22887467592031],[-73.13288551524639,45.22888369831763],[-73.1329000984967,45.22889270110098],[-73.13291470420491,45.22890168616836],[-73.13292933416763,45.22891065098917],[-73.13294398748653,45.228919598094016],[-73.13295866505997,45.228928524952266],[-73.13297336329465,45.22893743282927],[-73.13298808668216,45.22894632299033],[-73.13300283252755,45.22895519290488],[-73.13301760172912,45.228964043838204],[-73.13303239249029,45.22897287515761],[-73.13304720750595,45.22898168812848],[-73.13306204587781,45.228990480852865],[-73.13307690670756,45.22899925522869],[-73.13309178999519,45.22900800935801],[-73.1331066957407,45.22901674513883],[-73.1331216248424,45.22902546130578],[-73.133136576402,45.22903415722633],[-73.13315155041946,45.2290428341657],[-73.1331665468948,45.2290514921239],[-73.13318156582804,45.22906012983568],[-73.13319660721916,45.22906874919903],[-73.13321167106818,45.22907734831593],[-73.13322675827335,45.2290859271864],[-73.13324186613981,45.22909448707578],[-73.13325699736245,45.22910302671875],[-73.13327215014468,45.229111548013314],[-73.13328732538476,45.22912004906148],[-73.13330252218442,45.22912852986331],[-73.13331774144197,45.229136991051384],[-73.1333329831574,45.229145433258424],[-73.13334824643239,45.22915385521915],[-73.13336353126695,45.22916225693352],[-73.1333788385594,45.229170639034166],[-73.13339416651309,45.22917900088852],[-73.13340951782298,45.22918734312927],[-73.13342488979411,45.229195665123655],[-73.1334402824265,45.229203968137064],[-73.13345569841509,45.22921225027155],[-73.13347113506494,45.22922051215974],[-73.13348659327436,45.229228755067],[-73.13390777917509,45.229206002767455],[-73.13391365146211,45.22918444175554],[-73.13461839687048,45.229165979499925],[-73.13459078535361,45.228189465547224],[-73.1497939944946,45.22802028997153],[-73.1498204265235,45.22751697638625],[-73.15004572220015,45.22751654869624],[-73.15004761674709,45.22742936567198],[-73.15019028268894,45.2274309132035],[-73.15019308812755,45.22728162114184],[-73.15033023032872,45.22728315728909],[-73.1506878128124,45.22731308051837]]],[[[-73.13909554634762,45.22910259651008],[-73.13824713966405,45.22902580041195],[-73.13801505452051,45.22902903457325],[-73.13585070667555,45.22905915996746],[-73.13583676661897,45.22905936558205],[-73.13582282746071,45.22905959650307],[-73.13580888920077,45.229059852730494],[-73.13579495273744,45.22906013363167],[-73.13578101627412,45.22906043857391],[-73.13576708160743,45.22906076882261],[-73.13575314783907,45.22906112374501],[-73.1357392140707,45.22906150270853],[-73.13572528299729,45.22906190697845],[-73.13571135372048,45.22906233592214],[-73.135697425342,45.22906278890688],[-73.13568349965847,45.2290632678307],[-73.13566957397492,45.22906377016297],[-73.13565565098635,45.229064297801656],[-73.13564172979437,45.22906485011402],[-73.13562781129737,45.229065427100174],[-73.13561389459699,45.2290660281274],[-73.13559997879491,45.22906665382836],[-73.13558606748443,45.22906730483577],[-73.13557215707226,45.2290679798842],[-73.13555824935503,45.22906867960641],[-73.13554434433273,45.22906940463502],[-73.1355304411071,45.22907015496999],[-73.13551654147471,45.229070928080716],[-73.13550264543558,45.229071727130574],[-73.13548875029475,45.22907255022143],[-73.1354748587472,45.22907339798602],[-73.1354609707929,45.22907427105706],[-73.13544708553356,45.22907516816914],[-73.13543320386748,45.22907608868962],[-73.13541932579466,45.22907703514915],[-73.13540545041677,45.22907800628246],[-73.13539157863215,45.229079002089435],[-73.13537771044079,45.229080021937506],[-73.13536384674101,45.22908106582663],[-73.13534998573618,45.22908213502213],[-73.13533612832461,45.229083228891355],[-73.13532227630293,45.22908434680168],[-73.13530842787452,45.22908549001832],[-73.13529458303935,45.22908665727606],[-73.13528074179746,45.2290878492075],[-73.13526690594546,45.22908906581266],[-73.13525307368671,45.22909030582622],[-73.13523924681786,45.22909157177879],[-73.13522542354227,45.22909286177243],[-73.13521160565656,45.229094175807106],[-73.13519779136412,45.229095515148146],[-73.13518398246157,45.22909687789755],[-73.13517017805061,45.22909826595336],[-73.13515637902952,45.229099678050204],[-73.13514258539834,45.22910111482073],[-73.13512879715705,45.22910257626496],[-73.13511501340732,45.229104062382866],[-73.13510123504749,45.229105571909166],[-73.13508746207755,45.229107106109154],[-73.13507369539585,45.22910866498283],[-73.13505993320567,45.22911024789755],[-73.13504617730374,45.22911185548596],[-73.13503242679168,45.22911348711536],[-73.13501868256782,45.22911514405113],[-73.13500494463219,45.22911682439522],[-73.13499121118811,45.22911852941302],[-73.13497748493059,45.229120259104505],[-73.13496376406293,45.22912201220429],[-73.13495005038182,45.22912378997781],[-73.13493634298888,45.229125592424936],[-73.13492264098586,45.22912741954577],[-73.13490894706767,45.229129270074964],[-73.13489525764106,45.22913114527776],[-73.13488157719759,45.229133044521596],[-73.13486790214402,45.22913496717378],[-73.13485423517528,45.22913691513224],[-73.13484057359643,45.22913888713172],[-73.13482692010244,45.229140883172164],[-73.13481327379496,45.22914290451892],[-73.1347996337757,45.229144948008724],[-73.13478600184125,45.22914701743742],[-73.13477237709334,45.2291491102745],[-73.13475875953195,45.22915122715253],[-73.13474515005541,45.22915336807152],[-73.13473154776537,45.22915553366413],[-73.13471795356016,45.229157722665065],[-73.13470436654148,45.229159935074286],[-73.13469078850598,45.22916217342251],[-73.13467721765699,45.22916443454633],[-73.13909554634762,45.22910259651008]]],[[[-73.1385024759021,45.231213562857306],[-73.13752286308475,45.23085157921423],[-73.13752791700654,45.23085564582632],[-73.1375329978778,45.230859695989516],[-73.13753810390187,45.23086373033638],[-73.13754323777374,45.230867748234324],[-73.13754839679841,45.230871748418046],[-73.13755358277254,45.230875732152896],[-73.13755879389949,45.23087969943878],[-73.13756403197593,45.23088364837785],[-73.13756929520517,45.23088758086796],[-73.13757458448556,45.230891496276556],[-73.13757989802048,45.230895393970954],[-73.13758523850483,45.2308992752165],[-73.13759060324372,45.23090313811515],[-73.13759599313542,45.230906983932314],[-73.13760140817995,45.23091081203528],[-73.13760684927563,45.230914622424116],[-73.1376123137275,45.23091841509876],[-73.13761780423052,45.230922189426586],[-73.13762331808974,45.23092594604028],[-73.13762885710177,45.23092968493985],[-73.13763442036833,45.23093340485995],[-73.13764000788939,45.23093710833118],[-73.13764561876667,45.23094079219036],[-73.13765125479675,45.230944458335365],[-73.13765691418305,45.230948104868325],[-73.13766259782385,45.23095173431984],[-73.13766830482085,45.2309553441593],[-73.13767403517404,45.230958936284566],[-73.13767978888343,45.23096250943048],[-73.13768556594901,45.23096606296436],[-73.13769136726913,45.230969598151475],[-73.13769719014881,45.23097311435924],[-73.13770303638468,45.230976610954926],[-73.13770890507843,45.23098008983655],[-73.13771479712837,45.23098354784084],[-73.1377207116362,45.23098698813102],[-73.13772664860191,45.230990408176595],[-73.13773260712719,45.2309938092428],[-73.13773858811035,45.23099719132959],[-73.13774459155141,45.23100055317179],[-73.13775061655201,45.23100389540194],[-73.1377566631122,45.231007218020146],[-73.13776273123193,45.231010520393696],[-73.13776882180956,45.231013803155264],[-73.13777493304843,45.2310170669375],[-73.13778106584688,45.23102030984245],[-73.13778721930657,45.23102353313546],[-73.13779339432585,45.231026736183814],[-73.13779958910803,45.23102991898759],[-73.13780580544982,45.23103308091414],[-73.13783790854312,45.231048240824705],[-73.13787002870443,45.23106337985425],[-73.13790216862864,45.23107850116584],[-73.13793432651919,45.231093600963725],[-73.13796650237603,45.23110868114584],[-73.13799869799583,45.23112374234484],[-73.1380309106836,45.231138783295506],[-73.13806314313429,45.231153805263034],[-73.13809539444964,45.23116880634961],[-73.13812766283296,45.23118378782043],[-73.1381599500809,45.231198750308266],[-73.13819225619345,45.23121369191513],[-73.13822458027232,45.23122861390636],[-73.13825692231751,45.23124351628195],[-73.1382892832273,45.231258399041906],[-73.1383216621034,45.23127326218627],[-73.13835405984412,45.231288105082434],[-73.13838647465283,45.231302927097744],[-73.13841890832617,45.23131773076275],[-73.1385024759021,45.231213562857306]]],[[[-73.13389322017929,45.22933997377899],[-73.1337202307067,45.22934950475874],[-73.1337331664468,45.22935600910582],[-73.13374611386499,45.2293624989011],[-73.13375907745285,45.22936897604246],[-73.13377205451545,45.229375438631976],[-73.13378411709309,45.229371800855276],[-73.13379619224713,45.22936818395604],[-73.13380827907928,45.22936458666894],[-73.13382037848784,45.22936100962665],[-73.13383248957449,45.22935745409441],[-73.13384461233926,45.229353916909076],[-73.1338567458838,45.22935040060114],[-73.13386889290308,45.229346905170736],[-73.13388105160044,45.22934342871979],[-73.13389322017929,45.22933997377899]]]]}},{"type":"Feature","properties":{"zone_code":"P-1","prefix":"P","kind":"institutional","n_lots":1,"source":"t2-gcp-claude48-vision-multisheet","confidence":"contour-autogcp-multisheet"},"geometry":{"type":"MultiPolygon","coordinates":[[[[-73.13782518480544,45.23205854045904],[-73.1378015734865,45.23204922502677],[-73.13777794689621,45.23203992857178],[-73.13775430413625,45.23203065299195],[-73.1377306443083,45.23202139765469],[-73.13770697010732,45.23201216255997],[-73.1376832788383,45.23200294897312],[-73.13765957229798,45.23199375499623],[-73.13763585048625,45.23198458062933],[-73.13761211250487,45.23197542777026],[-73.13758835835381,45.2319662945212],[-73.13756458803307,45.23195718151478],[-73.1375408033393,45.23194809001624],[-73.13751700247585,45.23193901812773],[-73.13749318634103,45.231929967114525],[-73.13746935403655,45.23192093571132],[-73.13744550735902,45.23191192581608],[-73.1374216445118,45.231902935530904],[-73.13739776549492,45.231893966753674],[-73.137373872105,45.23188501758652],[-73.13734996164709,45.23187608992733],[-73.13732603771443,45.23186718187824],[-73.1373020976121,45.23185829470455],[-73.13727814313675,45.23184942777356],[-73.13725417249171,45.23184058171798],[-73.13724683684909,45.23183805373103],[-73.13723948683345,45.23183554598812],[-73.13723212244474,45.23183305912184],[-73.13722474458132,45.23183059313226],[-73.13721735234485,45.23182814801931],[-73.13720994663365,45.23182572378302],[-73.13720252744771,45.23182332105605],[-73.13719509388874,45.23182093920579],[-73.13718764775335,45.23181857759953],[-73.1371801863466,45.231816238767856],[-73.13717271326175,45.231813920180194],[-73.13716522670217,45.23181162310189],[-73.13715772756618,45.23180934816553],[-73.13715021495545,45.23180709284059],[-73.13392152789052,45.23570645517616],[-73.13439525265896,45.236212018445784],[-73.13782518480544,45.23205854045904]]]]}},{"type":"Feature","properties":{"zone_code":"AP-3","prefix":"AP","kind":"unknown","n_lots":1,"source":"t2-gcp-claude48-vision-multisheet","confidence":"contour-autogcp-multisheet"},"geometry":{"type":"MultiPolygon","coordinates":[[[[-73.13439525265896,45.236212018445784],[-73.13392152789052,45.23570645517616],[-73.13372496482826,45.235943828269434],[-73.13419896627781,45.23644968863672],[-73.13439525265896,45.236212018445784]]]]}},{"type":"Feature","properties":{"zone_code":"MXT-1","prefix":"MXT","kind":"unknown","n_lots":131,"source":"t2-gcp-claude48-vision-multisheet","confidence":"contour-autogcp-multisheet"},"geometry":{"type":"MultiPolygon","coordinates":[[[[-73.1337202307067,45.22934950475874],[-73.13370450929092,45.22934159591198],[-73.13368880943469,45.229333668084415],[-73.1336731293414,45.229325718745415],[-73.13365746990938,45.229317749160245],[-73.1336418311386,45.22930975869628],[-73.13362621302906,45.2293017498841],[-73.13361061558079,45.229293720193105],[-73.13359503969207,45.229285668990585],[-73.13357948356631,45.22927759880719],[-73.13356394989842,45.22926950774496],[-73.13354843599345,45.2292613977018],[-73.13353294364806,45.229253266779786],[-73.13351747286224,45.2292451162442],[-73.13350202273767,45.22923694482974],[-73.13348659327436,45.229228755067],[-73.13336970628622,45.22923506773243],[-73.13303965806429,45.22923703593253],[-73.13116240100436,45.22841867319948],[-73.1306910316186,45.228213697435535],[-73.1302309046486,45.2280136070581],[-73.12977454072131,45.227814311247734],[-73.1291536045357,45.22754578281726],[-73.12868284061442,45.22733445117094],[-73.12830173574503,45.22717496003449],[-73.12809504417793,45.22769810343532],[-73.12759537965734,45.227486916605834],[-73.1278013759284,45.2269655604907],[-73.1275729253685,45.22686995242545],[-73.1273225460342,45.227503630685895],[-73.12671972527458,45.22725164538349],[-73.12643132923743,45.227725272411305],[-73.12638375805327,45.227673066563675],[-73.12626751964876,45.22781453078565],[-73.12611368764793,45.22800174888644],[-73.12602416603829,45.22811069807828],[-73.12591880353693,45.22823892640056],[-73.12572391673099,45.22847610165968],[-73.12562647377717,45.228594689867116],[-73.12543158427628,45.228831866172406],[-73.12523667680908,45.22906906363115],[-73.1251392230755,45.229187661356654],[-73.12498913974433,45.229370304621874],[-73.1248468573831,45.22954345494646],[-73.12471939003757,45.22970239598812],[-73.12448562773938,45.22998704933793],[-73.12417893301992,45.2298602844861],[-73.12416735553253,45.229855500376026],[-73.1239725513716,45.23009271001189],[-73.12396296544921,45.23010438364655],[-73.1239141357253,45.2301638431017],[-73.12387463770057,45.230211936983714],[-73.12377774451572,45.230329919290405],[-73.12368034108778,45.23044852514006],[-73.12363163982295,45.230507827339416],[-73.12356344242154,45.23059086562451],[-73.1234465446536,45.230733206385175],[-73.12334913942904,45.23085181076056],[-73.12325173330615,45.230970414888496],[-73.12315432718326,45.23108902003417],[-73.12305691926375,45.231207624299735],[-73.12295951314086,45.231326228317755],[-73.12286210611967,45.23144483272097],[-73.1225426930524,45.23131280759559],[-73.12242577821648,45.23145514275241],[-73.12232835951718,45.23157374309074],[-73.12213351852532,45.231810941127094],[-73.12201660368942,45.231953275669035],[-73.12182110692737,45.23219020262293],[-73.12170340157402,45.232332211046376],[-73.1215857096954,45.23247420076891],[-73.12143901750443,45.23265227354592],[-73.12176853033043,45.23278771106879],[-73.12220469114696,45.23296698167238],[-73.12240590927902,45.233049684873876],[-73.1226072388022,45.23313243350327],[-73.12293944837067,45.233268974424995],[-73.12316054262672,45.23336049833548],[-73.12330562862995,45.23318132955891],[-73.1236279154078,45.233313476233654],[-73.12348266141963,45.23349288814886],[-73.12338507024377,45.233611433626095],[-73.12309229491963,45.23396706857408],[-73.12299470194716,45.234085613062184],[-73.12279951600223,45.23432270192915],[-73.12267272059651,45.23447671620167],[-73.12257538184728,45.23459494902075],[-73.12247804399635,45.23471318222639],[-73.12232193746121,45.23490279728092],[-73.12225378677218,45.234985379370144],[-73.12214623866974,45.23511569871728],[-73.12208988735198,45.235183980753646],[-73.12234011846427,45.235286756640136],[-73.12259304092912,45.2353906374752],[-73.12274115245823,45.235451469179175],[-73.1227468334041,45.235453808493844],[-73.12275250446848,45.23545616046019],[-73.12275816475307,45.23545852318048],[-73.12276642655874,45.2354619866056],[-73.12277467129641,45.235465471538504],[-73.12278289716947,45.23546897544892],[-73.12279110597456,45.23547250149968],[-73.12279929860993,45.23547604716052],[-73.12280747148239,45.235479613063944],[-73.12281562728685,45.2354832004752],[-73.1228237642267,45.23548680749644],[-73.12283188409856,45.23549043412775],[-73.12283998510578,45.23549408226678],[-73.12284806814672,45.23549775064848],[-73.12285613322132,45.235501438640135],[-73.12286417943133,45.235505147507006],[-73.1228722067767,45.23550887535128],[-73.12288021525747,45.23551262343815],[-73.12288820577193,45.235516392400164],[-73.12289617652344,45.23552018033963],[-73.12290412841033,45.23552398852163],[-73.12291206053428,45.235527817578806],[-73.12291997469194,45.23553166434818],[-73.12292786818834,45.23553553262531],[-73.12293574371844,45.235539420512424],[-73.12294359858728,45.2355433273769],[-73.12295143459151,45.235547253218755],[-73.12295925083279,45.23555119930311],[-73.12296704641284,45.23555516499747],[-73.12297482402656,45.23555915030179],[-73.1229827669303,45.23556325136939],[-73.12299068737617,45.23556737331207],[-73.12299858895742,45.23557151423213],[-73.12300646808076,45.23557567602726],[-73.12301432564455,45.235579858064895],[-73.12302216254709,45.235584060345055],[-73.12302997789007,45.23558828223512],[-73.12303777077516,45.23559252436763],[-73.12304554299898,45.2355967854775],[-73.12305329186663,45.23560106746242],[-73.12306102007301,45.235605368424615],[-73.12306872582154,45.2356096889967],[-73.12307640911216,45.23561403044387],[-73.12308406994488,45.235618391500914],[-73.12309170921807,45.235622771535176],[-73.12309932513504,45.23562716991422],[-73.12310691859415,45.235631589168214],[-73.12311448959537,45.235636027399515],[-73.12312203813869,45.23564048524069],[-73.12312956332582,45.2356449620591],[-73.1231370660551,45.2356494584874],[-73.12314454542813,45.235653973260305],[-73.12315200144499,45.2356585070105],[-73.12315943410567,45.235663061003066],[-73.12316684430843,45.23566763334032],[-73.1231742302567,45.235672224022196],[-73.12318159195046,45.23567683431389],[-73.12318893118633,45.23568146295025],[-73.1231962461677,45.23568611119637],[-73.12320353689452,45.23569077715455],[-73.12321080426518,45.23569546208998],[-73.12321804827963,45.23570016600255],[-73.12322526714125,45.235704888259775],[-73.12323246264668,45.23570962822903],[-73.12323963210098,45.23571438717548],[-73.12324677819905,45.23571916383391],[-73.12325390004261,45.23572395883696],[-73.12326099763168,45.23572877344977],[-73.1232680691696,45.23573360387682],[-73.123275116453,45.23573845391362],[-73.1232821394819,45.23574332229498],[-73.12328913735794,45.235748207123194],[-73.12329610918287,45.235753110928556],[-73.1233030576516,45.23575803181328],[-73.12330997917086,45.235762971042575],[-73.12331687643562,45.23576792735126],[-73.12332374764921,45.23577290200449],[-73.12333059371,45.23577789310453],[-73.12333741371964,45.23578290318166],[-73.12334420857644,45.23578792907301],[-73.1233509764838,45.23579297330891],[-73.12335771923831,45.235798033991536],[-73.12336443684,45.235803113018704],[-73.12337112749225,45.23580820786004],[-73.12337779299166,45.23581332104592],[-73.12338443064328,45.23581845131108],[-73.12339104224378,45.235823596757854],[-73.12339762869145,45.23582876118169],[-73.12340418729134,45.235833940787124],[-73.1234107207384,45.23583913810443],[-73.12341722633768,45.235844351868465],[-73.12342370678414,45.23584958207926],[-73.12343015848451,45.23585482873678],[-73.12343658503205,45.235860091840955],[-73.12344298283351,45.23586537202448],[-73.12344935458381,45.23587066802211],[-73.12345569848635,45.23587597983384],[-73.12346201543944,45.235881308092274],[-73.12346830544305,45.23588665279744],[-73.1234745675989,45.23589201394924],[-73.12348080280528,45.235897390282574],[-73.1234870101639,45.23590278306259],[-73.12349318967475,45.23590819102412],[-73.12349934223612,45.235913614799735],[-73.12350546605143,45.235919055022],[-73.12351156201893,45.23592450979319],[-73.12351763013868,45.23592998101104],[-73.12352367041063,45.235935468042925],[-73.12352968193652,45.23594096899113],[-73.12353566561464,45.23594648701857],[-73.12354162144497,45.23595201896235],[-73.12354754763089,45.23595756672013],[-73.12355344686736,45.23596312902679],[-73.12355931735775,45.23596870714753],[-73.12356515820373,45.2359742998171],[-73.12357097120193,45.235979908300735],[-73.12357675545404,45.23598553006805],[-73.12358251006175,45.23599116701678],[-73.12358823682169,45.23599681914696],[-73.12359393393722,45.236002485826006],[-73.12359953583133,45.23600810000006],[-73.12360510987767,45.23601372809043],[-73.12361065517793,45.23601937072961],[-73.12361617263039,45.2360250266525],[-73.12362166043846,45.2360306971242],[-73.12362711950045,45.236036380879604],[-73.12363254891802,45.2360420791838],[-73.12363795138614,45.23604779077169],[-73.12364332331154,45.236053515643235],[-73.12364866649087,45.23605925506356],[-73.12365398092408,45.23606500713498],[-73.1236592666112,45.23607077312267],[-73.12366452265394,45.23607655176135],[-73.12366974815393,45.23608234368371],[-73.12367494580619,45.23608815015483],[-73.12368011381402,45.23609396801187],[-73.12368525127911,45.23609979978508],[-73.12369035909983,45.23610564484195],[-73.12369543817444,45.236111501917236],[-73.12370048760465,45.23611737164358],[-73.12370550649214,45.236123254653535],[-73.12371049663355,45.23612915094707],[-73.12371545533392,45.23613505862651],[-73.1237203852882,45.23614098022209],[-73.12372528559807,45.23614691320352],[-73.1237301544669,45.236152858835936],[-73.12373499369133,45.236158817119374],[-73.12373980237305,45.23616478678866],[-73.12374440623888,45.23617054580781],[-73.12374898225694,45.2361763162128],[-73.12375353042724,45.236182096738524],[-73.12375804985142,45.2361878899153],[-73.12376254052954,45.23619369321272],[-73.12376700246155,45.236199506630875],[-73.1237714365458,45.236205332067485],[-73.12377584188394,45.23621116888995],[-73.1237802175777,45.236217015200495],[-73.12378456542368,45.23622287289689],[-73.12378888452355,45.23622874071397],[-73.12379317487735,45.23623461865174],[-73.12379743648506,45.236240508607956],[-73.12380166934668,45.23624640805223],[-73.12380587256389,45.236252317617165],[-73.12381004793333,45.23625823793539],[-73.12381419276005,45.23626416774167],[-73.12381830973901,45.236270107668645],[-73.12382239707354,45.236276058981396],[-73.12382645745862,45.23628201788451],[-73.12383048999594,45.236287986908266],[-73.12383449288885,45.23629396605269],[-73.12383846703565,45.236299954685165],[-73.12384241063977,45.236305952805715],[-73.12384632459946,45.2363119610469],[-73.12385020981304,45.2363179787761],[-73.12385406628057,45.23632400599343],[-73.12385789220536,45.23633004206619],[-73.12386168938407,45.236336087626974],[-73.12386545602006,45.23634214267582],[-73.12386919301164,45.23634820658018],[-73.12387290035882,45.23635427997251],[-73.12387657806158,45.236360361587764],[-73.12388022611997,45.2363664539562],[-73.12388384363561,45.236372553914926],[-73.12388743240516,45.236378662729095],[-73.1238909897337,45.23638477976615],[-73.12389451831613,45.236390906923766],[-73.12389801905078,45.236397041039126],[-73.12390149014105,45.23640318274474],[-73.1239049306886,45.23640933393839],[-73.1239083406934,45.236415493987444],[-73.12391172195214,45.23642166162679],[-73.12391507176982,45.23642783812158],[-73.12391839194312,45.236434021574034],[-73.12392168247202,45.23644021388193],[-73.12392494245819,45.23644641378005],[-73.12392817010499,45.23645262190102],[-73.12393136900572,45.23645883761229],[-73.12393453736372,45.236465061546326],[-73.123937675179,45.23647129370325],[-73.12394078245158,45.236477532817815],[-73.12394385828311,45.2364837801552],[-73.12394690447023,45.236490033817695],[-73.12394992011464,45.23649629507041],[-73.12395290431802,45.236502563913405],[-73.12395585797867,45.236508839714034],[-73.12395878468986,45.236515123104894],[-73.12396167906171,45.236521412820835],[-73.12396454289085,45.23652771012699],[-73.12396737617726,45.23653401375823],[-73.12397017892094,45.23654032497969],[-73.12397295022359,45.23654664189364],[-73.12397569098351,45.23655296703044],[-73.12397840030242,45.2365592965945],[-73.1239810790786,45.23656563501398],[-73.12398372731207,45.23657197912591],[-73.12398634320616,45.236578328930364],[-73.12398892945586,45.23658468569238],[-73.12399148336621,45.236591048779516],[-73.12399400763216,45.23659741882425],[-73.12399649955874,45.23660379392888],[-73.12399895914601,45.23661017599114],[-73.12400138908886,45.2366165631133],[-73.12400378759067,45.23662295592792],[-73.12400615554975,45.23662935570014],[-73.1240084920678,45.23663575989969],[-73.12401079983977,45.236642169791715],[-73.12401307437406,45.23664858600879],[-73.12401531836565,45.23665500665314],[-73.12401753091619,45.23666143362249],[-73.12401971112739,45.236667865651754],[-73.12402186169417,45.236674304006065],[-73.12402397992162,45.236680746155066],[-73.1240260658097,45.236687193996524],[-73.12402812025675,45.23669364689784],[-73.12403014326279,45.23670010359389],[-73.12403213572608,45.23670656661496],[-73.12403409585002,45.2367130346959],[-73.12403602453296,45.236719506571525],[-73.12403792177483,45.23672598413964],[-73.12403978667736,45.23673246486984],[-73.12404162103716,45.23673895065994],[-73.12404342305763,45.23674544214243],[-73.12404519273873,45.23675193615452],[-73.12404679084162,45.23675789690545],[-73.12404836199507,45.23676386081863],[-73.12404990530072,45.23676982915917],[-73.12405142255523,45.236775800029456],[-73.1240529128603,45.23678177406192],[-73.12405437531757,45.236787751889224],[-73.1240558108254,45.23679373287879],[-73.12407257518524,45.23686423259903],[-73.12409789779477,45.23697072813449],[-73.12410547777914,45.23700260597137],[-73.12664485698384,45.23390542364716],[-73.12734692990426,45.23519208236057],[-73.12750208242856,45.23553067940825],[-73.1275212039677,45.235626468375],[-73.12753894120299,45.235894698004174],[-73.12904981588271,45.23406270202528],[-73.12923980776867,45.23383028071498],[-73.12959870628424,45.23339122304796],[-73.12961031072109,45.23339621752025],[-73.12982328420695,45.23314045189755],[-73.13010132716043,45.23280654159722],[-73.13030264231055,45.23288927160211],[-73.13043096215732,45.23273341147234],[-73.13056484886388,45.23257077997055],[-73.1307611020074,45.23233239577252],[-73.13093922535181,45.23211601838222],[-73.13110220310054,45.23191803827291],[-73.13325695603996,45.22944896026314],[-73.13346658779298,45.22937283208592],[-73.1337202307067,45.22934950475874]]],[[[-73.13330747998648,45.232280931163935],[-73.1333005979931,45.23227926799425],[-73.13329372677947,45.23227758204999],[-73.13328686724398,45.232275873963864],[-73.13328001848824,45.23227414183793],[-73.13327318320724,45.23227238820267],[-73.13326635780773,45.23227061116032],[-73.1332595449846,45.23226881197601],[-73.13325274473792,45.23226699001716],[-73.1332459561693,45.23226514528379],[-73.1332391801771,45.23226327714323],[-73.13323241586303,45.232261386860706],[-73.13322566592197,45.23225947506894],[-73.13321892765903,45.23225753986997],[-73.13321220287082,45.23225558316171],[-73.13320549065901,45.23225360304625],[-73.13319879192194,45.23225160142149],[-73.13319210665959,45.23224957638952],[-73.13318543487198,45.23224752984825],[-73.13317877655909,45.232245461165036],[-73.13317213261925,45.23224337033988],[-73.13316550215413,45.23224125737277],[-73.13315888696039,45.23223912226368],[-73.13315228524137,45.232236965012675],[-73.1331456987937,45.232234786252356],[-73.13313912582078,45.23223258535004],[-73.1331325681192,45.232230362305806],[-73.13312602568898,45.23222811711956],[-73.13311949763181,45.232225851056626],[-73.13311298484601,45.23222356348432],[-73.13310648733155,45.23222125313744],[-73.13310000508847,45.23221892191383],[-73.13309353901504,45.23221656918086],[-73.13308708911131,45.23221419430594],[-73.13308065447892,45.232211797921664],[-73.13307423601623,45.232209381293266],[-73.13306783462151,45.23220694189025],[-73.13306144849814,45.232204482243105],[-73.13305507944278,45.2322020010866],[-73.1330487265571,45.23219949905338],[-73.13304239073939,45.232196975510746],[-73.13303607109138,45.232194431091386],[-73.13302976940965,45.23219186516262],[-73.1330234838976,45.23218927898975],[-73.13301721635187,45.23218667130752],[-73.13170359374223,45.231637194812286],[-73.13170133178434,45.23163626294588],[-73.13169905275846,45.23163535258895],[-73.13169675576628,45.23163446500677],[-73.1316944417061,45.23163359893403],[-73.13169211147627,45.23163275500339],[-73.13168976597507,45.23163193258224],[-73.13168740430419,45.231631133568435],[-73.13168502826026,45.231630357961954],[-73.13168263784328,45.23162960386498],[-73.13168023215495,45.231628872542736],[-73.1316778138902,45.23162816462784],[-73.13167538125242,45.231627479487685],[-73.13167293693652,45.23162681775486],[-73.1316704782476,45.23162617879684],[-73.1316680096772,45.231625564511425],[-73.13166552853038,45.23162497300071],[-73.13166303660378,45.231624405530034],[-73.1316605338974,45.2316238614667],[-73.13165802130956,45.2316233414434],[-73.13165549884025,45.23162284546008],[-73.13165296648945,45.2316223735168],[-73.13165042695213,45.23162192687874],[-73.13164787753335,45.23162150301543],[-73.1316453218264,45.23162110382479],[-73.13164275713625,45.23162072993939],[-73.13164018615791,45.231620379461376],[-73.13163760978968,45.231620053655995],[-73.13163502533659,45.231619752523244],[-73.13163243639194,45.23161947669577],[-73.13162984205741,45.231619224908286],[-73.13162724412959,45.231618997793476],[-73.13162464171023,45.23161879598392],[-73.13162203569759,45.231618618847016],[-73.13161942609167,45.23161846575011],[-73.13161681468915,45.231618338591126],[-73.13161420059168,45.23161823547215],[-73.13161158469757,45.23161815765843],[-73.13160896700684,45.23161810578259],[-73.13160634931609,45.23161807794679],[-73.13160373072704,45.231618074783626],[-73.13160111213799,45.231618096925736],[-73.13159849534559,45.23161814374053],[-73.13159587945147,45.23161821586055],[-73.13159326445566,45.23161831265322],[-73.13159065215481,45.23161843475115],[-73.13158804254891,45.231618580889126],[-73.13158543563797,45.23161875296497],[-73.13158283142195,45.231618949080804],[-73.13158023259582,45.23161917050197],[-73.13157763736298,45.23161941659573],[-73.13157504752002,45.2316196867295],[-73.13157246216863,45.23161998280121],[-73.13156988310546,45.2316203029129],[-73.13156731122879,45.23162064706463],[-73.13156474564033,45.23162101588895],[-73.1315621872384,45.23162141001858],[-73.131559636023,45.23162182692292],[-73.13155709468906,45.23162226913253],[-73.13155456054164,45.23162273601477],[-73.13155203627569,45.23162322567181],[-73.13154952099289,45.231623740001424],[-73.13154701648989,45.23162427900367],[-73.13154452097004,45.23162484078066],[-73.1315420380266,45.231625426597674],[-73.13153956586294,45.23162603582204],[-73.13153710537736,45.23162666908643],[-73.13153465746821,45.23162732512552],[-73.13153222213548,45.23162800457199],[-73.13152980027746,45.23162870805849],[-73.1315273918942,45.23162943368704],[-73.13152499788397,45.23163018209034],[-73.13152261824678,45.231630953901],[-73.13152025298263,45.23163174785378],[-73.13151790388817,45.231632563948644],[-73.13151557006506,45.231633402818254],[-73.13151325330993,45.231634263829896],[-73.13151095182619,45.23163514698368],[-73.13150866830874,45.231636051646916],[-73.13150640185927,45.231636979084875],[-73.13150415427442,45.23163792676706],[-73.13150192465588,45.231638895958675],[-73.13149971300366,45.23163988665974],[-73.13149752021604,45.231640897605025],[-73.1314953480897,45.23164193069238],[-73.13149319482795,45.23164298402394],[-73.13149106312581,45.23164405696701],[-73.13148895118655,45.23164515078693],[-73.13148685990858,45.231646263585816],[-73.13148479108848,45.231647397894086],[-73.13148274382795,45.231648551181316],[-73.13148071812698,45.23164972281482],[-73.13147871578221,45.231650914692516],[-73.13147673589532,45.231652126181764],[-73.13147477936462,45.23165335475204],[-73.13147284708846,45.231654602933865],[-73.13147093816848,45.2316558700946],[-73.13146905350301,45.231657153703715],[-73.13146719399036,45.2316584556591],[-73.13146535873226,45.23165977596079],[-73.13146355042358,45.23166111397614],[-73.13146176636943,45.23166246780718],[-73.13146000836643,45.231663838719285],[-73.13145827731286,45.231665226712366],[-73.13145657320878,45.23166663115387],[-73.13145489515583,45.23166805077845],[-73.13145324495065,45.23166948811671],[-73.13145162169492,45.231670938740166],[-73.13145002718531,45.231672405812],[-73.13144846052343,45.2316738886996],[-73.13144692170937,45.231675386137645],[-73.13144541253968,45.23167689686089],[-73.13144393121779,45.231678422767274],[-73.1314424804386,45.23167996322414],[-73.1314410584055,45.23168151570096],[-73.13143966601682,45.23168308272823],[-73.13143830417084,45.23168466304069],[-73.13143697196928,45.23168625600576],[-73.13107319739835,45.23212821541574],[-73.1309489172754,45.23227920156864],[-73.13071548016737,45.23249956385658],[-73.13030264231055,45.23288927160211],[-73.13010670267911,45.23312573600816],[-73.12976129416415,45.23354257718777],[-73.12976885797885,45.23354571809837],[-73.12952620774924,45.23384256341519],[-73.12927185875971,45.23415371667682],[-73.12907645362583,45.23439066355704],[-73.13093217896672,45.23515567351363],[-73.13112778172994,45.234918786756644],[-73.13162971719157,45.23431844009119],[-73.13176042386205,45.23416210500005],[-73.1319815827968,45.2338665695832],[-73.1323814013702,45.23338843765686],[-73.13330747998648,45.232280931163935]]]]}},{"type":"Feature","properties":{"zone_code":"R-4","prefix":"R","kind":"residential","n_lots":41,"source":"t2-gcp-claude48-vision-multisheet","confidence":"contour-autogcp-multisheet"},"geometry":{"type":"MultiPolygon","coordinates":[[[[-73.18112640425632,45.26506616871768],[-73.18076065608669,45.264911239028585],[-73.1806337385101,45.26485747657437],[-73.18057250395044,45.26483153803087],[-73.18053002172233,45.264813541954105],[-73.18039490971371,45.26475630765214],[-73.17984714220628,45.26452426923754],[-73.17940149338372,45.26505944779977],[-73.17898849472849,45.26488448236336],[-73.17853477723803,45.264692263181935],[-73.1784506032993,45.26479290427917],[-73.17802111966027,45.264610918621415],[-73.17810399733006,45.26451172129615],[-73.17777096759973,45.26437063421722],[-73.17747476520277,45.264724903147226],[-73.17699288912144,45.264520753209325],[-73.17729114057556,45.26416314841624],[-73.17717205900318,45.26411248464132],[-73.17736390501187,45.263885872287595],[-73.17700219926105,45.26373283936151],[-73.17651203172963,45.264317031847035],[-73.1761790073892,45.26417593859382],[-73.17657859329893,45.26370558454081],[-73.17614566641743,45.263522163923184],[-73.17574607781275,45.26399251696684],[-73.17393572458022,45.2632254825259],[-73.17265806961623,45.26268411872544],[-73.17425324399888,45.26072191565951],[-73.1729758432581,45.260180318057955],[-73.17211113664372,45.26122431359206],[-73.17142792115774,45.26097187776056],[-73.1709644003526,45.26152383182298],[-73.1702439317318,45.26123126006355],[-73.16997572892396,45.26155066088959],[-73.1699101339419,45.261523249475715],[-73.17018656801271,45.26118504445058],[-73.16970067915699,45.26095667651389],[-73.169331416778,45.26128121127662],[-73.1691935433482,45.26144666854686],[-73.16826494226258,45.2610550846124],[-73.16766350131523,45.2617597287594],[-73.16738002085935,45.26164018481083],[-73.15687945629809,45.273641242899025],[-73.1588265825242,45.2744627453144],[-73.16416801820417,45.26834024355261],[-73.16509728224645,45.26932667852858],[-73.16601498497104,45.270300801947876],[-73.16738761342013,45.2717577444304],[-73.1633695461723,45.276379221549455],[-73.16400924457096,45.27664905716207],[-73.1652957425506,45.277191705636454],[-73.16657944137981,45.2777331485288],[-73.16915105213693,45.27881773751114],[-73.17983765509857,45.26658938069329],[-73.18024361814852,45.26612175075991],[-73.18038338163367,45.265957084781455],[-73.18112640425632,45.26506616871768]]],[[[-73.16160950847717,45.265178431322674],[-73.1607035386485,45.26421656125106],[-73.15981418585598,45.2632722958788],[-73.15961142351995,45.263502700549125],[-73.16050122097855,45.26444743818564],[-73.16140721057013,45.26540933279694],[-73.16160950847717,45.265178431322674]]]]}},{"type":"Feature","properties":{"zone_code":"R-5","prefix":"R","kind":"residential","n_lots":12,"source":"t2-gcp-claude48-vision-multisheet","confidence":"contour-autogcp-multisheet"},"geometry":{"type":"MultiPolygon","coordinates":[[[[-73.16798146539993,45.26093554234169],[-73.1665914302956,45.26034934604046],[-73.16607455854574,45.26093942912295],[-73.16552576067069,45.26070798402024],[-73.16160950847717,45.265178431322674],[-73.16140721057013,45.26540933279694],[-73.16050122097855,45.26444743818564],[-73.15961142351995,45.263502700549125],[-73.15981418585598,45.2632722958788],[-73.1635276433741,45.259052152761676],[-73.16336136790997,45.258981344176426],[-73.16334503024989,45.25897438794473],[-73.16333947416985,45.25897206920064],[-73.1629298603666,45.259438086801424],[-73.16226111943482,45.259159166313815],[-73.16267073683132,45.2586931502178],[-73.16218581366454,45.25849089329313],[-73.15886033402604,45.26225950551584],[-73.15865727883924,45.262489598152484],[-73.15774165032465,45.26151734949468],[-73.15682981180223,45.26054908923715],[-73.15591029178583,45.25957262581282],[-73.1561138904534,45.25934311637056],[-73.15831356095364,45.25686338361045],[-73.15783704152634,45.25666052765336],[-73.15742479116773,45.257125388690945],[-73.15702565711058,45.25695548415942],[-73.1574379191473,45.25649064006918],[-73.15667168136277,45.25616442051256],[-73.15575180830845,45.25578265046395],[-73.15534594856477,45.256223800845916],[-73.14452105715168,45.2684151562318],[-73.14709819883599,45.26950397956555],[-73.14840461785536,45.27005589366581],[-73.14970228638558,45.27060408570905],[-73.15043729423924,45.27091457423254],[-73.15099826698133,45.27115482524732],[-73.15219472412511,45.271667223702366],[-73.15236312051164,45.2717355597944],[-73.15364095693532,45.27227477826927],[-73.15491881581686,45.27281398150631],[-73.15687945629809,45.273641242899025],[-73.16738002085935,45.26164018481083],[-73.16798146539993,45.26093554234169]]],[[[-73.16738761342013,45.2717577444304],[-73.16601498497104,45.270300801947876],[-73.16509728224645,45.26932667852858],[-73.16416801820417,45.26834024355261],[-73.1588265825242,45.2744627453144],[-73.16012572429146,45.275010827785025],[-73.1613179710315,45.27551379019595],[-73.16142674892757,45.27555967933685],[-73.1633695461723,45.276379221549455],[-73.16738761342013,45.2717577444304]]]]}},{"type":"Feature","properties":{"zone_code":"MXT-2","prefix":"MXT","kind":"unknown","n_lots":186,"source":"t2-gcp-claude48-vision-multisheet","confidence":"contour-autogcp-multisheet"},"geometry":{"type":"MultiPolygon","coordinates":[[[[-73.12670840290873,45.23807901743051],[-73.12620532029848,45.23787189290123],[-73.12591215241058,45.23822732660088],[-73.1258444221331,45.23830944272448],[-73.12583858757532,45.238316505226784],[-73.12567149464427,45.238518589202336],[-73.12547262560668,45.23843651133438],[-73.12544981827992,45.23842710902225],[-73.12527802985488,45.238356294330025],[-73.12512874332938,45.23829475474106],[-73.12487717103238,45.2381910506383],[-73.12517067668685,45.23783567554002],[-73.1246402107318,45.23761700075218],[-73.12442115026154,45.23788190319743],[-73.12415109153432,45.23820926199928],[-73.12414819356921,45.238208053180045],[-73.12414531446872,45.2382068241189],[-73.12414245243623,45.238205572918226],[-73.12413961016667,45.238204301475584],[-73.12413678496509,45.23820300915852],[-73.12413397952648,45.238201695967014],[-73.12413119385077,45.23820036316615],[-73.1241284270397,45.23819901012339],[-73.12412568088988,45.23819763747126],[-73.12412295360467,45.238196243312125],[-73.12412024787905,45.238194830176155],[-73.12411756281466,45.23819339743088],[-73.12411489841152,45.2381919450762],[-73.12411225556795,45.23819047311221],[-73.12410963428395,45.23818898217144],[-73.12410703545784,45.23818747225381],[-73.1241044581913,45.23818594399197],[-73.12410190428093,45.23818439612077],[-73.12409937282847,45.23818282990529],[-73.12409686383388,45.23818124597815],[-73.12409437819548,45.23817964307421],[-73.12409191681161,45.23817802245857],[-73.12408947878393,45.2381763841312],[-73.12408706501076,45.23817472809218],[-73.12408467459379,45.23817305434145],[-73.12408230932964,45.23817136351162],[-73.12407996921831,45.238169654970015],[-73.12407765425984,45.238167929981884],[-73.12407536445419,45.23816618791461],[-73.12407309980135,45.238164429400705],[-73.12407086119967,45.23816265444026],[-73.12406864864911,45.23816086303318],[-73.12406646214971,45.238159056444665],[-73.12406430259978,45.23815723340955],[-73.12406216910097,45.23815539392785],[-73.12406006344995,45.23815353989722],[-73.1240579856467,45.23815167005252],[-73.12405593389458,45.2381497862915],[-73.12405390909194,45.238147886083844],[-73.12405191483201,45.23814597195986],[-73.1240499466232,45.238144043919476],[-73.1240480062622,45.23814210133019],[-73.1240460955456,45.238140145457116],[-73.12404421357506,45.23813817440248],[-73.12404235945233,45.23813619006409],[-73.12404053587231,45.23813419244189],[-73.12403874014005,45.23813218153583],[-73.1240369740522,45.23813015797855],[-73.12403523850706,45.23812812113741],[-73.12403353260635,45.2381260722776],[-73.12403185635003,45.23812401139907],[-73.12403021063643,45.238121937236734],[-73.12398009183009,45.23805802719113],[-73.12412946549216,45.23787663585255],[-73.12426013084014,45.23771795994268],[-73.12427644783897,45.23769814613924],[-73.12426846001947,45.23768800297223],[-73.12424983524868,45.237609683871746],[-73.12422451263912,45.237503190798954],[-73.12419918913126,45.23739669879173],[-73.1241738665217,45.23729020595235],[-73.12414854301386,45.23718371417855],[-73.12412322040431,45.237077220940016],[-73.12410547777914,45.23700260597137],[-73.12409789779477,45.23697072813449],[-73.12407257518524,45.23686423259903],[-73.1240558108254,45.23679373287879],[-73.12405437531757,45.236787751889224],[-73.1240529128603,45.23678177406192],[-73.12405142255523,45.236775800029456],[-73.12404990530072,45.23676982915917],[-73.12404836199507,45.23676386081863],[-73.12404679084162,45.23675789690545],[-73.12404519273873,45.23675193615452],[-73.12404342305763,45.23674544214243],[-73.12404162103716,45.23673895065994],[-73.12403978667736,45.23673246486984],[-73.12403792177483,45.23672598413964],[-73.12403602453296,45.236719506571525],[-73.12403409585002,45.2367130346959],[-73.12403213572608,45.23670656661496],[-73.12403014326279,45.23670010359389],[-73.12402812025675,45.23669364689784],[-73.1240260658097,45.236687193996524],[-73.12402397992162,45.236680746155066],[-73.12402186169417,45.236674304006065],[-73.12401971112739,45.236667865651754],[-73.12401753091619,45.23666143362249],[-73.12401531836565,45.23665500665314],[-73.12401307437406,45.23664858600879],[-73.12401079983977,45.236642169791715],[-73.1240084920678,45.23663575989969],[-73.12400615554975,45.23662935570014],[-73.12400378759067,45.23662295592792],[-73.12400138908886,45.2366165631133],[-73.12399895914601,45.23661017599114],[-73.12399649955874,45.23660379392888],[-73.12399400763216,45.23659741882425],[-73.12399148336621,45.236591048779516],[-73.12398892945586,45.23658468569238],[-73.12398634320616,45.236578328930364],[-73.12398372731207,45.23657197912591],[-73.1239810790786,45.23656563501398],[-73.12397840030242,45.2365592965945],[-73.12397569098351,45.23655296703044],[-73.12397295022359,45.23654664189364],[-73.12397017892094,45.23654032497969],[-73.12396737617726,45.23653401375823],[-73.12396454289085,45.23652771012699],[-73.12396167906171,45.236521412820835],[-73.12395878468986,45.236515123104894],[-73.12395585797867,45.236508839714034],[-73.12395290431802,45.236502563913405],[-73.12394992011464,45.23649629507041],[-73.12394690447023,45.236490033817695],[-73.12394385828311,45.2364837801552],[-73.12394078245158,45.236477532817815],[-73.123937675179,45.23647129370325],[-73.12393453736372,45.236465061546326],[-73.12393136900572,45.23645883761229],[-73.12392817010499,45.23645262190102],[-73.12392494245819,45.23644641378005],[-73.12392168247202,45.23644021388193],[-73.12391839194312,45.236434021574034],[-73.12391507176982,45.23642783812158],[-73.12391172195214,45.23642166162679],[-73.1239083406934,45.236415493987444],[-73.1239049306886,45.23640933393839],[-73.12390149014105,45.23640318274474],[-73.12389801905078,45.236397041039126],[-73.12389451831613,45.236390906923766],[-73.1238909897337,45.23638477976615],[-73.12388743240516,45.236378662729095],[-73.12388384363561,45.236372553914926],[-73.12388022611997,45.2363664539562],[-73.12387657806158,45.236360361587764],[-73.12387290035882,45.23635427997251],[-73.12386919301164,45.23634820658018],[-73.12386545602006,45.23634214267582],[-73.12386168938407,45.236336087626974],[-73.12385789220536,45.23633004206619],[-73.12385406628057,45.23632400599343],[-73.12385020981304,45.2363179787761],[-73.12384632459946,45.2363119610469],[-73.12384241063977,45.236305952805715],[-73.12383846703565,45.236299954685165],[-73.12383449288885,45.23629396605269],[-73.12383048999594,45.236287986908266],[-73.12382645745862,45.23628201788451],[-73.12382239707354,45.236276058981396],[-73.12381830973901,45.236270107668645],[-73.12381419276005,45.23626416774167],[-73.12381004793333,45.23625823793539],[-73.12380587256389,45.236252317617165],[-73.12380166934668,45.23624640805223],[-73.12379743648506,45.236240508607956],[-73.12379317487735,45.23623461865174],[-73.12378888452355,45.23622874071397],[-73.12378456542368,45.23622287289689],[-73.1237802175777,45.236217015200495],[-73.12377584188394,45.23621116888995],[-73.1237714365458,45.236205332067485],[-73.12376700246155,45.236199506630875],[-73.12376254052954,45.23619369321272],[-73.12375804985142,45.2361878899153],[-73.12375353042724,45.236182096738524],[-73.12374898225694,45.2361763162128],[-73.12374440623888,45.23617054580781],[-73.12373980237305,45.23616478678866],[-73.12373499369133,45.236158817119374],[-73.1237301544669,45.236152858835936],[-73.12372528559807,45.23614691320352],[-73.1237203852882,45.23614098022209],[-73.12371545533392,45.23613505862651],[-73.12371049663355,45.23612915094707],[-73.12370550649214,45.236123254653535],[-73.12370048760465,45.23611737164358],[-73.12369543817444,45.236111501917236],[-73.12369035909983,45.23610564484195],[-73.12368525127911,45.23609979978508],[-73.12368011381402,45.23609396801187],[-73.12367494580619,45.23608815015483],[-73.12366974815393,45.23608234368371],[-73.12366452265394,45.23607655176135],[-73.1236592666112,45.23607077312267],[-73.12365398092408,45.23606500713498],[-73.12364866649087,45.23605925506356],[-73.12364332331154,45.236053515643235],[-73.12363795138614,45.23604779077169],[-73.12363254891802,45.2360420791838],[-73.12362711950045,45.236036380879604],[-73.12362166043846,45.2360306971242],[-73.12361617263039,45.2360250266525],[-73.12361065517793,45.23601937072961],[-73.12360510987767,45.23601372809043],[-73.12359953583133,45.23600810000006],[-73.12359393393722,45.236002485826006],[-73.12358823682169,45.23599681914696],[-73.12358251006175,45.23599116701678],[-73.12357675545404,45.23598553006805],[-73.12357097120193,45.235979908300735],[-73.12356515820373,45.2359742998171],[-73.12355931735775,45.23596870714753],[-73.12355344686736,45.23596312902679],[-73.12354754763089,45.23595756672013],[-73.12354162144497,45.23595201896235],[-73.12353566561464,45.23594648701857],[-73.12352968193652,45.23594096899113],[-73.12352367041063,45.235935468042925],[-73.12351763013868,45.23592998101104],[-73.12351156201893,45.23592450979319],[-73.12350546605143,45.235919055022],[-73.12349934223612,45.235913614799735],[-73.12349318967475,45.23590819102412],[-73.1234870101639,45.23590278306259],[-73.12348080280528,45.235897390282574],[-73.1234745675989,45.23589201394924],[-73.12346830544305,45.23588665279744],[-73.12346201543944,45.235881308092274],[-73.12345569848635,45.23587597983384],[-73.12344935458381,45.23587066802211],[-73.12344298283351,45.23586537202448],[-73.12343658503205,45.235860091840955],[-73.12343015848451,45.23585482873678],[-73.12342370678414,45.23584958207926],[-73.12341722633768,45.235844351868465],[-73.1234107207384,45.23583913810443],[-73.12340418729134,45.235833940787124],[-73.12339762869145,45.23582876118169],[-73.12339104224378,45.235823596757854],[-73.12338443064328,45.23581845131108],[-73.12337779299166,45.23581332104592],[-73.12337112749225,45.23580820786004],[-73.12336443684,45.235803113018704],[-73.12335771923831,45.235798033991536],[-73.1233509764838,45.23579297330891],[-73.12334420857644,45.23578792907301],[-73.12333741371964,45.23578290318166],[-73.12333059371,45.23577789310453],[-73.12332374764921,45.23577290200449],[-73.12331687643562,45.23576792735126],[-73.12330997917086,45.235762971042575],[-73.1233030576516,45.23575803181328],[-73.12329610918287,45.235753110928556],[-73.12328913735794,45.235748207123194],[-73.1232821394819,45.23574332229498],[-73.123275116453,45.23573845391362],[-73.1232680691696,45.23573360387682],[-73.12326099763168,45.23572877344977],[-73.12325390004261,45.23572395883696],[-73.12324677819905,45.23571916383391],[-73.12323963210098,45.23571438717548],[-73.12323246264668,45.23570962822903],[-73.12322526714125,45.235704888259775],[-73.12321804827963,45.23570016600255],[-73.12321080426518,45.23569546208998],[-73.12320353689452,45.23569077715455],[-73.1231962461677,45.23568611119637],[-73.12318893118633,45.23568146295025],[-73.12318159195046,45.23567683431389],[-73.1231742302567,45.235672224022196],[-73.12316684430843,45.23566763334032],[-73.12315943410567,45.235663061003066],[-73.12315200144499,45.2356585070105],[-73.12314454542813,45.235653973260305],[-73.1231370660551,45.2356494584874],[-73.12312956332582,45.2356449620591],[-73.12312203813869,45.23564048524069],[-73.12311448959537,45.235636027399515],[-73.12310691859415,45.235631589168214],[-73.12309932513504,45.23562716991422],[-73.12309170921807,45.235622771535176],[-73.12308406994488,45.235618391500914],[-73.12307640911216,45.23561403044387],[-73.12306872582154,45.2356096889967],[-73.12306102007301,45.235605368424615],[-73.12305329186663,45.23560106746242],[-73.12304554299898,45.2355967854775],[-73.12303777077516,45.23559252436763],[-73.12302997789007,45.23558828223512],[-73.12302216254709,45.235584060345055],[-73.12301432564455,45.235579858064895],[-73.12300646808076,45.23557567602726],[-73.12299858895742,45.23557151423213],[-73.12299068737617,45.23556737331207],[-73.1229827669303,45.23556325136939],[-73.12297482402656,45.23555915030179],[-73.12296704641284,45.23555516499747],[-73.12295925083279,45.23555119930311],[-73.12295143459151,45.235547253218755],[-73.12294359858728,45.2355433273769],[-73.12293574371844,45.235539420512424],[-73.12292786818834,45.23553553262531],[-73.12291997469194,45.23553166434818],[-73.12291206053428,45.235527817578806],[-73.12290412841033,45.23552398852163],[-73.12289617652344,45.23552018033963],[-73.12288820577193,45.235516392400164],[-73.12288021525747,45.23551262343815],[-73.1228722067767,45.23550887535128],[-73.12286417943133,45.235505147507006],[-73.12285613322132,45.235501438640135],[-73.12284806814672,45.23549775064848],[-73.12283998510578,45.23549408226678],[-73.12283188409856,45.23549043412775],[-73.1228237642267,45.23548680749644],[-73.12281562728685,45.2354832004752],[-73.12280747148239,45.235479613063944],[-73.12279929860993,45.23547604716052],[-73.12279110597456,45.23547250149968],[-73.12278289716947,45.23546897544892],[-73.12277467129641,45.235465471538504],[-73.12276642655874,45.2354619866056],[-73.12275816475307,45.23545852318048],[-73.12275250446848,45.23545616046019],[-73.1227468334041,45.235453808493844],[-73.12274115245823,45.235451469179175],[-73.12259304092912,45.2353906374752],[-73.12234011846427,45.235286756640136],[-73.12208988735198,45.235183980753646],[-73.12214623866974,45.23511569871728],[-73.12225378677218,45.234985379370144],[-73.12232193746121,45.23490279728092],[-73.12247804399635,45.23471318222639],[-73.1221559216102,45.23458078956237],[-73.1219999111948,45.234770285497866],[-73.1219316616911,45.2348529860751],[-73.12182411358864,45.23498330509324],[-73.12174680816855,45.23507697769281],[-73.12163265744877,45.23521529721878],[-73.1215113417663,45.23536229807604],[-73.1214003531163,45.23549570422418],[-73.12136379707411,45.235539644448615],[-73.12126635771357,45.235658252710564],[-73.12113967998714,45.2358124474458],[-73.12107147360257,45.235895467859194],[-73.12097403064875,45.23601407601101],[-73.12077917618217,45.23625125108687],[-73.12068173322835,45.23636985912872],[-73.12058419056153,45.23648858205211],[-73.12048664879303,45.236607305359996],[-73.12019452205254,45.23696287032146],[-73.12051682500007,45.23709506070628],[-73.12044013402763,45.237188401521124],[-73.12033164449078,45.23732044146259],[-73.1203250346869,45.237328486466374],[-73.12020993534618,45.237468571066245],[-73.12017574816142,45.23751017875865],[-73.12009483600546,45.23760865595339],[-73.12059852228359,45.23781547338411],[-73.12048332412817,45.23795551756461],[-73.12036812597277,45.23809556266513],[-73.12025292691905,45.23823560678788],[-73.12006714184356,45.23846145933477],[-73.1200654745704,45.23846350628483],[-73.12006383245006,45.238465563355696],[-73.12006221638086,45.23846762991484],[-73.1200606263628,45.23846970722735],[-73.1200590623959,45.23847179402808],[-73.12005752358182,45.23847389031709],[-73.1201965648215,45.23854179511093],[-73.12026583211642,45.23857556593431],[-73.12027225686735,45.23860348624535],[-73.12027308331739,45.23860728726264],[-73.12027387473316,45.23861109334011],[-73.12027463111464,45.238614901947535],[-73.1202753524618,45.23861871435],[-73.12027603877469,45.238622529282466],[-73.12027669005326,45.238626348010015],[-73.12027730629754,45.238630169267466],[-73.12027788660922,45.238633993054925],[-73.12027843278491,45.238637820004854],[-73.1202789439263,45.238641648852216],[-73.12027942003341,45.23864548022953],[-73.12027986020789,45.238649314136794],[-73.1202802653481,45.23865314930889],[-73.12028063545398,45.23865698701097],[-73.12028096872896,45.23866082534531],[-73.12028126876626,45.238664666209615],[-73.12028153287096,45.23866850707369],[-73.12028176104303,45.238672349835156],[-73.12028195507915,45.238676193861444],[-73.12028211318263,45.23868003788748],[-73.12028223625182,45.23868388317837],[-73.12028232338842,45.238687729101564],[-73.1202823754907,45.23869157502446],[-73.12028239166037,45.23869542094714],[-73.12028237279576,45.23869926686956],[-73.12028231889683,45.23870311279167],[-73.12028222996362,45.23870695934614],[-73.12028210509779,45.23871080400264],[-73.12028194609599,45.238714648026324],[-73.12028175026326,45.23871849204975],[-73.12028152029454,45.23872233417528],[-73.12028125439322,45.23872617630054],[-73.1202809534576,45.238730015895335],[-73.12028061569104,45.23873385485731],[-73.12028024468684,45.238737691921386],[-73.12027983775002,45.238741527087555],[-73.12027939488057,45.23874536098833],[-73.12027891787517,45.23874919235861],[-73.12027840493714,45.23875302119847],[-73.12027785786312,45.238756848140426],[-73.1202772748565,45.23876067191931],[-73.12027665681559,45.238764493167785],[-73.12027600374039,45.23876831125318],[-73.12027531473257,45.238772126808165],[-73.12027459248708,45.238775939200075],[-73.12027383430897,45.23877974716394],[-73.12027304109657,45.23878355196472],[-73.12027221284988,45.238787354235065],[-73.12027134867058,45.23879115081221],[-73.12027045215191,45.2387949442263],[-73.12026951880236,45.238798733844845],[-73.12026855131678,45.23880251903531],[-73.12026754879695,45.238806299165056],[-73.12026651214109,45.23881007486671],[-73.12026544045096,45.23881384614023],[-73.12026433372652,45.23881761108801],[-73.12026319286612,45.238821372240224],[-73.12026201697141,45.238825127066654],[-73.12026080694072,45.23882887683243],[-73.12025956277407,45.238832622170115],[-73.1202582844714,45.238836359916945],[-73.12025697113447,45.238840093235645],[-73.12025562366154,45.23884381896346],[-73.12025424205264,45.2388475389981],[-73.12025282720604,45.23885125333953],[-73.12025137732519,45.23885496009013],[-73.12024989330833,45.23885866114747],[-73.1202483751555,45.23886235398145],[-73.12024682376502,45.23886604112223],[-73.12024523823854,45.23886972003956],[-73.12024361947438,45.23887339199862],[-73.12024196567594,45.2388770569994],[-73.12024027863984,45.2388807144093],[-73.1202385592644,45.23888436296328],[-73.12023680485464,45.2388880039264],[-73.12023501810555,45.23889163729867],[-73.12023319722047,45.238895261182435],[-73.12023134399604,45.23889887810793],[-73.12022945663561,45.23890248491241],[-73.12022756927522,45.23890602529879],[-73.12022564867713,45.23890955746179],[-73.12022369663804,45.23891307887126],[-73.12022171405619,45.238916593322394],[-73.1202196982367,45.23892009828508],[-73.12021765097616,45.23892359312674],[-73.1202155731729,45.238927080377614],[-73.12021346303031,45.238930556242316],[-73.12021132234499,45.238934023883694],[-73.12020914932032,45.238937481404015],[-73.1202069448546,45.238940929435856],[-73.12020471074449,45.23894436734671],[-73.12020244519334,45.23894779450401],[-73.12020014820116,45.23895121090775],[-73.12019781976794,45.23895461845557],[-73.12019546169033,45.23895801398477],[-73.12019307307,45.23896140002549],[-73.1201906530086,45.23896477404755],[-73.12018820330282,45.238968137948575],[-73.12018572305432,45.23897149046355],[-73.1201832122631,45.23897483222498],[-73.12018067092916,45.23897816196775],[-73.12017809995082,45.238981480324426],[-73.12017550022641,45.238984787295],[-73.12017286906092,45.23898808224697],[-73.12017020914938,45.2389913651803],[-73.12016751869508,45.23899463546241],[-73.12016479859642,45.23899789435844],[-73.12016205064997,45.239001139970796],[-73.12013174418722,45.23903667217083],[-73.12053445084426,45.23914094275843],[-73.12044460224786,45.23924952396186],[-73.12016072204165,45.23959200658176],[-73.12016473032445,45.23959607826136],[-73.12016876735333,45.23960013665722],[-73.12017283223001,45.23960417923924],[-73.12017692675107,45.239608208537575],[-73.12018105091654,45.23961222138952],[-73.1201852038281,45.23961622032519],[-73.12018938548573,45.23962020471213],[-73.12019359499116,45.23962417328525],[-73.12019783324267,45.239628127309544],[-73.12020210024028,45.239632066152616],[-73.12020639508565,45.23963598918177],[-73.12021071867711,45.23963989639715],[-73.12021506921803,45.23964378969633],[-73.12021944940335,45.23964766528404],[-73.12022385563982,45.239651526322994],[-73.12022829062239,45.239655371548146],[-73.1202327525544,45.23965919969439],[-73.1202372423342,45.239663012659335],[-73.12024175906343,45.23966680917793],[-73.12024630453878,45.23967058925023],[-73.12025087516695,45.23967435350869],[-73.12025547364289,45.23967810132076],[-73.12026009906828,45.23968183268655],[-73.12026475144314,45.239685546340894],[-73.12026943076745,45.23968924418146],[-73.12027413524459,45.23969292557571],[-73.12027886756951,45.23969658925852],[-73.12028362414895,45.239700235229904],[-73.12028840947445,45.23970386538753],[-73.12029321905449,45.23970747846633],[-73.12029805558399,45.23971107320113],[-73.12030291726629,45.23971465022459],[-73.12030780410143,45.239718211434216],[-73.12031271788604,45.23972175366743],[-73.12031765682349,45.23972527818923],[-73.12032262091374,45.23972878626475],[-73.12032760836018,45.239732275363814],[-73.12033262275611,45.239735747384024],[-73.12033766140655,45.23973920042775],[-73.1203427252098,45.239742635127634],[-73.12034781326756,45.23974605211609],[-73.12035292647816,45.23974945139321],[-73.12035806394327,45.23975283106139],[-73.12036322476459,45.23975619301815],[-73.1203684107387,45.239759537263595],[-73.12037362006903,45.23976286126751],[-73.1203788527556,45.239766167560056],[-73.12038410969662,45.239769454243685],[-73.12038939089217,45.2397727225834],[-73.12039469454561,45.23977597257922],[-73.12040002155526,45.23977920233357],[-73.12040537192108,45.23978241311152],[-73.1204107456431,45.23978560428052],[-73.12041614182301,45.23978877710562],[-73.12042156046081,45.239791930321836],[-73.1204270024548,45.2397950632965],[-73.12043246690668,45.23979817729482],[-73.12043795291812,45.23980127105167],[-73.12044346228576,45.239804346464624],[-73.12044899321295,45.2398074010036],[-73.12045454480142,45.23981043656616],[-73.12046011974607,45.23981344998969],[-73.12046571535197,45.239816445069344],[-73.12047133251744,45.23981942054013],[-73.12047697124248,45.23982237450435],[-73.12048263062877,45.23982530949216],[-73.12048831157463,45.23982822234096],[-73.12049401408007,45.23983111621341],[-73.1204997363484,45.23983398921185],[-73.12050547927804,45.23983684133629],[-73.12051124286889,45.239839673219336],[-73.120517027121,45.23984248422839],[-73.12052283113606,45.239845274363496],[-73.12052865401573,45.239848044257165],[-73.12053449845496,45.239850792011794],[-73.12054036175881,45.23985351952504],[-73.12054624482563,45.239856226164264],[-73.12055214675703,45.23985891129705],[-73.1205580693497,45.23986157492331],[-73.12056400901035,45.23986421830821],[-73.12056996933227,45.239866838921486],[-73.12057594762048,45.23986943929339],[-73.12058194387501,45.23987201689379],[-73.12058795989248,45.239874574252724],[-73.1205939929779,45.23987710947266],[-73.120600044928,45.23987962318618],[-73.12060611574267,45.239882115393144],[-73.12061220362536,45.23988458546116],[-73.12061830857604,45.23988703339018],[-73.12062443149301,45.239889459180205],[-73.12063057237629,45.239891863463754],[-73.12050694982014,45.24005040616273],[-73.12022328520962,45.24038602791719],[-73.12020910979444,45.24037987082867],[-73.12016948690389,45.240427081903825],[-73.12031834762794,45.24049173377616],[-73.12050019089595,45.240570710532864],[-73.12022344421143,45.240900523867545],[-73.12040211462985,45.240973062822064],[-73.12046270060588,45.24099766055357],[-73.12071661570914,45.24110074724847],[-73.1209221466529,45.241184190052735],[-73.12122170605406,45.24130580620241],[-73.12139037193516,45.24137257223264],[-73.12143498227218,45.24139022974875],[-73.12136813593693,45.241475462165425],[-73.1213010012425,45.24144791329131],[-73.12010674497118,45.24276441056371],[-73.12021188558866,45.24275006655117],[-73.12043493457875,45.242504191852575],[-73.12062345502429,45.24229637693746],[-73.12089076041518,45.24240800650984],[-73.12107932487817,45.24220020832078],[-73.12126778423824,45.24199238849861],[-73.12142496246351,45.24181911733983],[-73.12163580155226,45.24158723187288],[-73.12197284315866,45.24172309592481],[-73.1215562063265,45.242176965322976],[-73.12187510645573,45.24230795382094],[-73.12170607585863,45.24249215390871],[-73.12204076118402,45.24263111888703],[-73.12232972765136,45.24231630362221],[-73.12237835166106,45.24226333065578],[-73.12273540054547,45.24242591860631],[-73.12299029840564,45.24214654517265],[-73.12311101491184,45.24219695593353],[-73.12327109200052,45.2422638050408],[-73.1232387760065,45.24229922514325],[-73.1236580143597,45.24247249863287],[-73.12387939607665,45.242563995702604],[-73.12453378732009,45.2428344518985],[-73.124671008573,45.24266874811379],[-73.1259663549582,45.243204087768376],[-73.12660803863362,45.24242080348547],[-73.12625038158977,45.24076374700532],[-73.12626140122336,45.2406970631212],[-73.12620084489174,45.24038442191277],[-73.12611276238319,45.239832481868106],[-73.12610746950953,45.23977461894147],[-73.12600683304488,45.23916413006899],[-73.12597797646299,45.238964583017406],[-73.12602434480304,45.23890836700144],[-73.12670840290873,45.23807901743051]]],[[[-73.12197366960872,45.234442079442736],[-73.12164145554866,45.23430553564613],[-73.12176858512767,45.23415153482696],[-73.12136556855185,45.23398589112049],[-73.12132555399585,45.23403461121021],[-73.12123892585974,45.23414008976089],[-73.12115198870318,45.23424568388211],[-73.121141329294,45.23425863325548],[-73.12104373093165,45.23437717713541],[-73.12100782706636,45.23436222117781],[-73.12091349946996,45.234479601490264],[-73.12091200467334,45.23448146259939],[-73.12083534963351,45.23457685163437],[-73.12081595859979,45.234600618369974],[-73.1207190222958,45.23471943165553],[-73.1207861255492,45.234747013524114],[-73.1209706592715,45.23482286564965],[-73.12077546883498,45.23505992676966],[-73.12096000255728,45.235135778477485],[-73.12128978128459,45.23527133027409],[-73.12138754583528,45.2351528673334],[-73.12148530858934,45.235034407941384],[-73.12158303271583,45.23491599384925],[-73.1216236841774,45.23486673491104],[-73.1216368732424,45.234850753011806],[-73.12165504346565,45.23482873677426],[-73.12168229026653,45.234795720942024],[-73.12177847827388,45.23467916682258],[-73.1218760739413,45.234560622939995],[-73.12197366960872,45.234442079442736]]],[[[-73.12114223749076,45.2354486744002],[-73.12082537474059,45.23531843046236],[-73.12072763085116,45.23543691393334],[-73.12062991840277,45.235555357936825],[-73.12053217541164,45.23567384217897],[-73.12084994276529,45.23580445789492],[-73.12104479543527,45.235567281586825],[-73.12114223749076,45.2354486744002]]],[[[-73.12065272662782,45.241181893353186],[-73.12043092270271,45.24109123152247],[-73.12021582110793,45.24132931015637],[-73.12043762682966,45.24141997097463],[-73.12065272662782,45.241181893353186]]]]}},{"type":"Feature","properties":{"zone_code":"P-2","prefix":"P","kind":"institutional","n_lots":49,"source":"t2-gcp-claude48-vision-multisheet","confidence":"contour-autogcp-multisheet"},"geometry":{"type":"MultiPolygon","coordinates":[[[[-73.13576353146544,45.24724898166921],[-73.13380313083438,45.246438945423584],[-73.13323578005375,45.24620461091734],[-73.13342595339941,45.24597495194255],[-73.13314779366495,45.245860008894304],[-73.13313801819803,45.24587181400689],[-73.13267559513416,45.24568072710209],[-73.13280396079499,45.24552570846459],[-73.13256235350946,45.2454254645657],[-73.1324664242169,45.24554239447048],[-73.13213571573324,45.245405732509845],[-73.1322482602653,45.24528302272447],[-73.13204470381854,45.245191059468134],[-73.13168255789323,45.24556266408399],[-73.13118961726254,45.24535895628992],[-73.13074933587379,45.24517700890699],[-73.13158124769211,45.24417043005868],[-73.13071677104642,45.24381306647394],[-73.13044272469764,45.24414464208514],[-73.12988476490501,45.244819712372724],[-73.12967703129218,45.24473386134218],[-73.13019747294699,45.244088273703674],[-73.12981383123523,45.243927952311964],[-73.12961673547201,45.24416332464204],[-73.1291878698739,45.24398409947957],[-73.12884720626028,45.244390911314994],[-73.12856538589102,45.244274438228466],[-73.12794683563078,45.24401879367164],[-73.12779745118893,45.243957402526924],[-73.12792672594483,45.243791572988286],[-73.12792118513617,45.24371798389217],[-73.12775008841389,45.243647685587476],[-73.1277138315107,45.24335421275472],[-73.12761800911765,45.24331543852154],[-73.1272917490913,45.24318342199888],[-73.12696863316845,45.243052676503616],[-73.12769189285484,45.24216978565284],[-73.12703534745134,45.241899183976386],[-73.12660803863362,45.24242080348547],[-73.1259663549582,45.243204087768376],[-73.124671008573,45.24266874811379],[-73.12453378732009,45.2428344518985],[-73.1258194076457,45.24336577424264],[-73.12533431649395,45.24394711879847],[-73.12577519526235,45.244132817638864],[-73.12611808849451,45.243701891897885],[-73.1264780110895,45.243853493078554],[-73.12646758793726,45.2438665920614],[-73.1266359196451,45.24393719559015],[-73.12678106044554,45.24376179568662],[-73.12713153995027,45.24390583459721],[-73.12778364048975,45.24417382780609],[-73.12709050760304,45.244934928861404],[-73.1276367192284,45.245160613102556],[-73.12832984852184,45.24439951064348],[-73.12855894047887,45.24449419235185],[-73.12935641717738,45.24482377608787],[-73.129135173801,45.24506891086319],[-73.12953678810666,45.24523488846846],[-73.1297585749638,45.244989977675864],[-73.13106555453192,45.245530101649706],[-73.1307283898563,45.2458986650157],[-73.13139926159198,45.2461759012245],[-73.13152992424499,45.24603307039772],[-73.13192868909455,45.24619785614323],[-73.13213518752384,45.24597212163029],[-73.13273449227745,45.24621977310534],[-73.13353005736106,45.24654851766761],[-73.13399985739002,45.246742644435066],[-73.13562631739906,45.247414694230294],[-73.13576353146544,45.24724898166921]]],[[[-73.12453378732009,45.2428344518985],[-73.12387939607665,45.242563995702604],[-73.1236580143597,45.24247249863287],[-73.1232387760065,45.24229922514325],[-73.12327109200052,45.2422638050408],[-73.12311101491184,45.24219695593353],[-73.12299029840564,45.24214654517265],[-73.12273540054547,45.24242591860631],[-73.12237835166106,45.24226333065578],[-73.12232972765136,45.24231630362221],[-73.12204076118402,45.24263111888703],[-73.12170607585863,45.24249215390871],[-73.12187510645573,45.24230795382094],[-73.1215562063265,45.242176965322976],[-73.12197284315866,45.24172309592481],[-73.12163580155226,45.24158723187288],[-73.12142496246351,45.24181911733983],[-73.12126778423824,45.24199238849861],[-73.12107932487817,45.24220020832078],[-73.12089076041518,45.24240800650984],[-73.12070219774884,45.24261580267388],[-73.12036380687289,45.24298870559101],[-73.12101898504052,45.24324068373914],[-73.12087373284896,45.243398919185644],[-73.12072848065742,45.243557156088855],[-73.1210911529955,45.243723344937635],[-73.12105238170783,45.243748326036474],[-73.12105064436608,45.24374946326573],[-73.12104893038051,45.24375061820482],[-73.12104724064947,45.24375179085379],[-73.12104557696956,45.243752981845205],[-73.12104393844247,45.243754189913965],[-73.1210423241699,45.24375541506012],[-73.1210407359485,45.24375665728362],[-73.12103917467654,45.243757915952045],[-73.12103764125234,45.243759189800386],[-73.12103613298098,45.24376048072607],[-73.12103465255738,45.24376178683166],[-73.12103319998158,45.243763108749626],[-73.12103177615187,45.243764445847496],[-73.12103037927159,45.24376579812523],[-73.12102901203572,45.24376716431786],[-73.12102767264763,45.24376854505788],[-73.12102636380227,45.24376993908029],[-73.12102508370297,45.243771347017635],[-73.1210238332481,45.243772768869825],[-73.12102261333595,45.243774202739424],[-73.12102142396652,45.2437756498914],[-73.12102026424148,45.24377710906079],[-73.12101913595748,45.24377858024754],[-73.12101803911452,45.24378006281925],[-73.12101697281429,45.24378155804081],[-73.12101593885339,45.24378306274976],[-73.12101493633354,45.24378457884366],[-73.12101396615301,45.24378610632241],[-73.12101302831186,45.24378764202356],[-73.12101212191175,45.24378918910967],[-73.1210112487493,45.243790743785624],[-73.12101040882449,45.243792309214015],[-73.12100960213738,45.243793882232296],[-73.12100882778961,45.2437954641055],[-73.12100808667948,45.243797052936095],[-73.12100737970538,45.24379864998909],[-73.1210067068672,45.243800255264496],[-73.12100606816504,45.24380186623236],[-73.12100546180224,45.24380348415762],[-73.12100489137202,45.24380510777526],[-73.12100435417949,45.24380673708536],[-73.12100385112292,45.24380837272039],[-73.12100338310066,45.243810012782774],[-73.12100294921439,45.24381165790517],[-73.12100255126072,45.24381330808743],[-73.12100218564638,45.243814960799625],[-73.121001856863,45.24381661793927],[-73.1210015631139,45.2438182788738],[-73.12100130350079,45.243819942338334],[-73.12100107892196,45.24382160833273],[-73.12100089027575,45.24382327622462],[-73.12100073576552,45.24382494601391],[-73.1210006171879,45.24382661706817],[-73.12100053364459,45.24382828875489],[-73.12100048513557,45.24382996233899],[-73.12100047166082,45.24383163592309],[-73.12100049411872,45.24383330887463],[-73.12100055161089,45.24383498182612],[-73.12100064413737,45.24383665414509],[-73.12100077169814,45.243838325198965],[-73.1210009351915,45.24383999435537],[-73.12100113282088,45.24384166224671],[-73.12100136548453,45.24384332697551],[-73.1210016340808,45.24384498980674],[-73.12100193681304,45.243846648842975],[-73.1210022745796,45.2438483059817],[-73.12100264827876,45.24384995806041],[-73.1210030561139,45.24385160634409],[-73.12100349808503,45.24385325020022],[-73.12100397509043,45.24385489026136],[-73.12100448713015,45.243856522732514],[-73.1210050315092,45.2438581520411],[-73.12100561182089,45.24385977375974],[-73.12100622626853,45.24386138978584],[-73.12100687395385,45.24386300011947],[-73.12100755577517,45.24386460286307],[-73.12100827173244,45.243866198016704],[-73.12100902092737,45.243867784947845],[-73.12100980336001,45.24386936492146],[-73.12101061813195,45.24387093604015],[-73.1210114670399,45.243872498303844],[-73.1210123482872,45.24387405108005],[-73.12101326187384,45.24387559500131],[-73.12101420869816,45.24387712880258],[-73.1210151869635,45.243878653116354],[-73.1210161975682,45.24388016731018],[-73.12101723961392,45.24388166885409],[-73.121018313999,45.2438831609105],[-73.12101941892679,45.243884640949446],[-73.12102055529563,45.243886108970976],[-73.12102172220719,45.24388756497505],[-73.12102291876315,45.243889008961666],[-73.12102414676013,45.243890440298344],[-73.12102540529986,45.24389185835261],[-73.12102669168735,45.24389326312441],[-73.12102800861754,45.24389465398127],[-73.12102935519216,45.24389603092325],[-73.12103072961455,45.243897393317766],[-73.12103213368134,45.24389874116489],[-73.12103356469758,45.24390007509708],[-73.12103502535822,45.24390139195189],[-73.12103651207002,45.243902694891744],[-73.12103802662959,45.24390398201923],[-73.12103956813863,45.24390525206926],[-73.1210411356988,45.24390650693946],[-73.12104273020843,45.2439077440997],[-73.12104434987089,45.243908964815105],[-73.12104599648279,45.24391016908556],[-73.12104766734922,45.24391135501366],[-73.12104936247016,45.24391252323185],[-73.12105108184564,45.243913673740195],[-73.12105282637391,45.24391480590618],[-73.12105459425838,45.243915919729716],[-73.12105638549906,45.24391701521095],[-73.12105819919762,45.24391809171727],[-73.12106003535405,45.24391914924873],[-73.12106189307006,45.24392018590787],[-73.12106377324396,45.24392120422461],[-73.12106567407909,45.24392220293398],[-73.1210675964738,45.24392318077104],[-73.12106953952976,45.24392413773572],[-73.12107150145034,45.243925075725556],[-73.12107348313386,45.24392599221056],[-73.12105231343588,45.24394897011007],[-73.1215447384336,45.24415599785223],[-73.12085670707938,45.24491008363587],[-73.12126460150719,45.24509581095264],[-73.1214799923595,45.24519388475949],[-73.12226032471082,45.24433862716736],[-73.12289700656676,45.244628518833466],[-73.12304425750982,45.24446712247053],[-73.12319150935119,45.244305727546454],[-73.12350698330593,45.24395994325717],[-73.12382245456573,45.24361415749566],[-73.12428991448338,45.24310176958718],[-73.12453378732009,45.2428344518985]]]]}},{"type":"Feature","properties":{"zone_code":"P-3","prefix":"P","kind":"institutional","n_lots":18,"source":"t2-gcp-claude48-vision-multisheet","confidence":"contour-autogcp-multisheet"},"geometry":{"type":"MultiPolygon","coordinates":[[[[-73.14683638664306,45.251823207396534],[-73.14681525467431,45.25181447828361],[-73.1461916055765,45.25155689770283],[-73.14552918339443,45.251283295040125],[-73.14424818040939,45.25075417673542],[-73.14471498186195,45.250130927128374],[-73.14308577480479,45.250232707736785],[-73.14296167164999,45.25018144274347],[-73.14243468756494,45.24996375589201],[-73.1425582571205,45.24981730001903],[-73.1425244571096,45.24980355669794],[-73.14270830362071,45.2495744650193],[-73.1427413346737,45.249545209975764],[-73.14280020756249,45.249500049868026],[-73.14285374086522,45.24941348999592],[-73.14285451700961,45.24935841068429],[-73.14281349903544,45.249304114906124],[-73.14274224736204,45.24926220153021],[-73.14248318940376,45.24914757755735],[-73.14223092989558,45.24904460791861],[-73.14172038048868,45.24966868148725],[-73.14170100292968,45.24969246341292],[-73.14153333058529,45.24962319640795],[-73.14185453040164,45.24923172445995],[-73.1420492186799,45.24899444229574],[-73.14171406712887,45.24885598998092],[-73.14151937795229,45.24909327335596],[-73.14128473171186,45.248996338346],[-73.14122326269191,45.249071119706066],[-73.14057517492682,45.24880324573154],[-73.14061669505925,45.24875209139009],[-73.14019776482819,45.24857902362429],[-73.13989842910753,45.24894780121065],[-73.13901211711224,45.24858163877609],[-73.1395467332839,45.247932647380104],[-73.13832753349209,45.24744034790367],[-73.13779102906169,45.24808668231631],[-73.1377072458901,45.24805206713496],[-73.1380409682215,45.24764664888219],[-73.13743578219776,45.247399787241044],[-73.13710409365214,45.24780286844958],[-73.13640266751872,45.247513060655066],[-73.13576353146544,45.24724898166921],[-73.13562631739906,45.247414694230294],[-73.13723355615595,45.24807876153084],[-73.13731221084558,45.24811125925936],[-73.1383681822587,45.248547535543025],[-73.13796279413054,45.24899594307201],[-73.138458799813,45.249200862852256],[-73.13886418614452,45.24875245441124],[-73.14018063575234,45.24929631698286],[-73.13994657970508,45.24954865799628],[-73.14078780705289,45.24989617969889],[-73.14102186130353,45.249643836434814],[-73.14148872923141,45.2498367004145],[-73.14117524504503,45.250183401364154],[-73.14151040108766,45.250321853605456],[-73.14182388437574,45.249975152236054],[-73.14409493680506,45.250913270945446],[-73.14455023173716,45.25110133374761],[-73.14422546291416,45.25144286460601],[-73.14464442728122,45.251615919218786],[-73.14496919520587,45.25127438560653],[-73.14538820179374,45.25144745401333],[-73.14540645825527,45.25145499425001],[-73.14540053745922,45.25146208104708],[-73.14669331376439,45.25199603697907],[-73.14683638664306,45.251823207396534]]],[[[-73.13562631739906,45.247414694230294],[-73.13399985739002,45.246742644435066],[-73.13353005736106,45.24654851766761],[-73.13273449227745,45.24621977310534],[-73.13213518752384,45.24597212163029],[-73.13192868909455,45.24619785614323],[-73.13152992424499,45.24603307039772],[-73.13139926159198,45.2461759012245],[-73.1307283898563,45.2458986650157],[-73.13106555453192,45.245530101649706],[-73.1297585749638,45.244989977675864],[-73.12953678810666,45.24523488846846],[-73.129135173801,45.24506891086319],[-73.12935641717738,45.24482377608787],[-73.12855894047887,45.24449419235185],[-73.12832984852184,45.24439951064348],[-73.1276367192284,45.245160613102556],[-73.12709050760304,45.244934928861404],[-73.12778364048975,45.24417382780609],[-73.12713153995027,45.24390583459721],[-73.11579331165795,45.25634273838623],[-73.1165837886838,45.25667220847714],[-73.11702020282522,45.25685575809212],[-73.11703424169647,45.256861689542745],[-73.11723222050364,45.25694994793721],[-73.11724633663002,45.25695577251087],[-73.11846052472085,45.257462658632114],[-73.12429413207364,45.25989770089767],[-73.13562631739906,45.247414694230294]]]]}},{"type":"Feature","properties":{"zone_code":"R-6","prefix":"R","kind":"residential","n_lots":18,"source":"t2-gcp-claude48-vision-multisheet","confidence":"contour-autogcp-multisheet"},"geometry":{"type":"MultiPolygon","coordinates":[[[[-73.14799047025487,45.25253177758023],[-73.14669331376439,45.25199603697907],[-73.14540053745922,45.25146208104708],[-73.14540645825527,45.25145499425001],[-73.14538820179374,45.25144745401333],[-73.14506343566572,45.25178898784963],[-73.14464442728122,45.251615919218786],[-73.14422546291416,45.25144286460601],[-73.14455023173716,45.25110133374761],[-73.14409493680506,45.250913270945446],[-73.14182388437574,45.249975152236054],[-73.14151040108766,45.250321853605456],[-73.14117524504503,45.250183401364154],[-73.14148872923141,45.2498367004145],[-73.14102186130353,45.249643836434814],[-73.14078780705289,45.24989617969889],[-73.13994657970508,45.24954865799628],[-73.14018063575234,45.24929631698286],[-73.13886418614452,45.24875245441124],[-73.138458799813,45.249200862852256],[-73.13796279413054,45.24899594307201],[-73.1383681822587,45.248547535543025],[-73.13731221084558,45.24811125925936],[-73.13723355615595,45.24807876153084],[-73.13562631739906,45.247414694230294],[-73.12429413207364,45.25989770089767],[-73.11846052472085,45.257462658632114],[-73.11724633663002,45.25695577251087],[-73.11723222050364,45.25694994793721],[-73.11722640481048,45.256958318350875],[-73.11722061966006,45.25696670141028],[-73.11721486684898,45.256975094586025],[-73.11720914458061,45.2569834985105],[-73.1172034546516,45.256991913815995],[-73.11719779706195,45.25700033860548],[-73.117192170015,45.25700877477602],[-73.1171865744091,45.25701722169523],[-73.11718101204086,45.25702567873074],[-73.11717548111366,45.25703414588261],[-73.11716998162748,45.25704262378315],[-73.11716451448068,45.25705111179997],[-73.11715907877488,45.25705960993313],[-73.11715367540845,45.25706811755022],[-73.11714830438136,45.257076636548305],[-73.11714296569363,45.25708516566272],[-73.11713765844695,45.2570937036287],[-73.11713238264127,45.2571022529757],[-73.11712714097159,45.257110810541896],[-73.11712192984463,45.25711937885671],[-73.11711675195532,45.25712795665547],[-73.11711160550708,45.257136544570514],[-73.11710649139815,45.25714514196945],[-73.11710141052691,45.257153748852275],[-73.11709636199501,45.257162365851386],[-73.11709134580246,45.25717099043738],[-73.11708636194928,45.25717962640428],[-73.11708141043542,45.25718827059038],[-73.11707649215924,45.257196924892696],[-73.1170716053241,45.257205587414255],[-73.11706675172661,45.25721425941965],[-73.11706193046847,45.25722294090895],[-73.11705714244802,45.2572316318821],[-73.1170523867669,45.25724033044211],[-73.11704766432345,45.25724903848595],[-73.11704297332105,45.257257756013686],[-73.11703831645461,45.25726648176057],[-73.11703369282586,45.25727521572661],[-73.11702910153642,45.257283958544114],[-73.11702454258636,45.25729271084553],[-73.11702001687395,45.257301470733694],[-73.11701552439922,45.2573102394734],[-73.11701106606046,45.25731901643219],[-73.11700663826444,45.25732780161016],[-73.1170022455027,45.25733659563958],[-73.11699788508031,45.257345397888116],[-73.11699355789558,45.25735420772347],[-73.11698926394851,45.25736302577794],[-73.1169850023408,45.25737185141917],[-73.1169807757674,45.25738068591187],[-73.11697658153334,45.257389527991315],[-73.11697242053694,45.257398377657516],[-73.11696829277821,45.257407235542814],[-73.11696419825714,45.2574161010149],[-73.11696013787207,45.25742497470607],[-73.11695303668974,45.25744033182269],[-73.11694596784677,45.257455696523266],[-73.11693893134314,45.25747106944021],[-73.1169319280772,45.25748644994109],[-73.11692495625226,45.257501836761215],[-73.1169180167667,45.25751723179768],[-73.11691111051881,45.25753263378573],[-73.11690423661025,45.25754804272539],[-73.11689739504104,45.257563458616616],[-73.11750133510151,45.25781696434538],[-73.11719706762993,45.25817737242121],[-73.11736429530826,45.25824753386532],[-73.11715596701073,45.2584950673207],[-73.11706576268148,45.25845722599657],[-73.11682812055959,45.25873958664525],[-73.11712957810096,45.25886488709653],[-73.11675130472135,45.259317944212874],[-73.11630951865449,45.25913436461726],[-73.11625473399857,45.25928922597252],[-73.11689464799291,45.25955857627988],[-73.11699199303035,45.25959954875251],[-73.11665074461348,45.26008969603322],[-73.11603706681535,45.25983139104293],[-73.11603243150847,45.25984076704913],[-73.11602776655722,45.259850136098315],[-73.11602307196154,45.25985949692579],[-73.11601834682314,45.259868850796245],[-73.11601359204035,45.2598781977097],[-73.11600880761314,45.25988753703378],[-73.11600399264321,45.259896868136195],[-73.11599914892719,45.259906191017016],[-73.11599427466847,45.25991550694074],[-73.11598937166364,45.259924815275205],[-73.11598443811612,45.25993411475565],[-73.11597947492417,45.25994340791145],[-73.11597448298613,45.25995269221328],[-73.11596945960707,45.259961968293496],[-73.11596421434413,45.259971588984484],[-73.11595893674183,45.25998120018913],[-73.1159536276985,45.25999080317199],[-73.11594828631581,45.26000039730086],[-73.1159429134921,45.260009981943334],[-73.11593750743071,45.26001955899642],[-73.11593207172493,45.260029125930814],[-73.11592660278149,45.26003868401122],[-73.1159211014987,45.2600482332376],[-73.11591556967316,45.260057772977625],[-73.1159100055083,45.260067303863664],[-73.1159044108007,45.260076825263326],[-73.11589878285547,45.26008633717673],[-73.11589312346916,45.2600958402361],[-73.11588743354015,45.260105333809165],[-73.1158817112718,45.26011481789592],[-73.1158759575624,45.26012429186406],[-73.11587017241196,45.26013375697821],[-73.11586435671883,45.26014321197379],[-73.11491538094424,45.26168080295955],[-73.11513653808237,45.26183138747856],[-73.11600306468353,45.262448479177614],[-73.11600119618774,45.26231030246077],[-73.11614869596413,45.26219240426148],[-73.12291834514801,45.26593049362633],[-73.12206986929418,45.26673787654618],[-73.1226781221663,45.2671616647008],[-73.12325871411423,45.26756617042552],[-73.12384458007116,45.26797434397781],[-73.12442525286747,45.26837889006346],[-73.12511651725836,45.26886047340311],[-73.12553128200148,45.26914942056056],[-73.12644887063999,45.2684992783787],[-73.12551466766028,45.267844793559604],[-73.12523863154316,45.26765182888651],[-73.12523339616168,45.267228557134224],[-73.12514023637512,45.26545793236625],[-73.13016966919062,45.267554960958776],[-73.13399113564692,45.26914807584151],[-73.13399664950614,45.268865752416055],[-73.13396968926784,45.26790438801524],[-73.1339617751102,45.26762221393259],[-73.13390087562213,45.26671454495952],[-73.13379517804917,45.265139130141975],[-73.13379336075735,45.26511205619019],[-73.1340814226212,45.264003468538085],[-73.13541735219597,45.26456811050649],[-73.13670699248247,45.26511316264329],[-73.14799047025487,45.25253177758023]]],[[[-73.13088868882888,45.27305692574492],[-73.12988436335807,45.27237715073439],[-73.12589771289069,45.26966823317054],[-73.1218820567211,45.26687056919123],[-73.11697460164645,45.263406623475724],[-73.11596507403185,45.26268771832919],[-73.11584127540591,45.26259955610882],[-73.11556086090008,45.26283603343852],[-73.11582905921635,45.26302598837996],[-73.11548992812861,45.26326478439917],[-73.11541301886555,45.26321579093865],[-73.11469019126882,45.263028796977125],[-73.114545915546,45.26446501265699],[-73.11452339298518,45.26470892142784],[-73.11454744358029,45.26472510104562],[-73.13074088452359,45.27564243368666],[-73.13079402795748,45.27474154826168],[-73.13088868882888,45.27305692574492]]]]}},{"type":"Feature","properties":{"zone_code":"R-7","prefix":"R","kind":"residential","n_lots":10,"source":"t2-gcp-claude48-vision-multisheet","confidence":"contour-autogcp-multisheet"},"geometry":{"type":"MultiPolygon","coordinates":[[[[-73.13336970628622,45.22923506773243],[-73.13204643577042,45.22864192275456],[-73.1311000309742,45.22823255605154],[-73.13109874638333,45.228183607022736],[-73.12976521531036,45.227604145357226],[-73.12976718801073,45.22750591844817],[-73.12975677024836,45.22749350531222],[-73.12974638123212,45.22748107952006],[-73.12973602455521,45.227468640438914],[-73.1297256975227,45.22745618933414],[-73.12971540193124,45.227443725573096],[-73.12970513598415,45.22743124852305],[-73.12969490237644,45.22741875944939],[-73.12968469931144,45.22740625708675],[-73.12967452589086,45.22739374206775],[-73.12966438480962,45.22738121502513],[-73.1296542742711,45.22736867532614],[-73.1296441951736,45.227356122970775],[-73.12963414572052,45.227343559224444],[-73.12962412950509,45.22733098218909],[-73.12961414203576,45.22731839313001],[-73.1296041869058,45.22730579141453],[-73.12959426321686,45.22729317830802],[-73.12958437007063,45.22728055254511],[-73.12957450836545,45.22726791412582],[-73.12956467720296,45.22725526305009],[-73.12955487837985,45.22724260121598],[-73.12954511009946,45.22722992609277],[-73.12953537326007,45.22721724021112],[-73.12952566786174,45.22720454230572],[-73.12951599390446,45.2271918311112],[-73.12950635048989,45.22717910915822],[-73.12949674031297,45.227166375181476],[-73.12948715978048,45.22715362918091],[-73.12947761158732,45.22714087115657],[-73.12946809573351,45.22712810110839],[-73.12945861042242,45.22711532030172],[-73.12944915655237,45.227102527471246],[-73.12943973502168,45.227089721984264],[-73.12943034493202,45.22707690637145],[-73.12942098538507,45.227064078102124],[-73.12941165997411,45.22705123907425],[-73.12940236510585,45.22703838802254],[-73.12939310078032,45.227025526212316],[-73.12938386969248,45.22701265237819],[-73.12937467004565,45.22699976715285],[-73.12936550183986,45.226986871168975],[-73.12935636597342,45.22697396316122],[-73.12934726154802,45.22696104439487],[-73.12933818946196,45.226948114237274],[-73.12932914881694,45.22693517332111],[-73.12932014051127,45.226922220381034],[-73.12931116454496,45.226909257315036],[-73.12930222091799,45.22689628222506],[-73.12929330783373,45.22688329700919],[-73.12928442708885,45.22687030040202],[-73.1292755795816,45.226857293036254],[-73.1292667635154,45.22684427491186],[-73.12925798068687,45.226831245396156],[-73.12924922840106,45.226818205121816],[-73.12924050935291,45.22680515535419],[-73.12923182264412,45.22679209292988],[-73.12922316737634,45.226779021012256],[-73.12921454534626,45.22676593833597],[-73.12920595565551,45.22675284426833],[-73.1291973974058,45.22673974007472],[-73.12918887239374,45.226726626387766],[-73.12918037882274,45.22671350130947],[-73.12917191848939,45.22670036483974],[-73.1291634904954,45.226687218876705],[-73.12915509484074,45.2266740634203],[-73.12914673242376,45.22666089593979],[-73.12913840144782,45.22664771896595],[-73.12913010281123,45.22663453186606],[-73.12912183831062,45.226621334007405],[-73.12911360525104,45.22660812728808],[-73.12910540542914,45.22659490917727],[-73.12909723794655,45.226581680940434],[-73.12908910280335,45.22656844321014],[-73.1290810008978,45.22655519535381],[-73.12907293222993,45.22654193800401],[-73.12906489500308,45.226528669895465],[-73.12905689101389,45.22651539229347],[-73.12904892026238,45.226502103932674],[-73.12904098185021,45.22648880734382],[-73.12903307667571,45.22647549999614],[-73.12902520473888,45.22646218315499],[-73.12901736514138,45.22644885618767],[-73.12900955878156,45.2264355203596],[-73.1290017847611,45.2264221737727],[-73.1289940439783,45.22640881895768],[-73.12898633643316,45.226395454016455],[-73.12897866212568,45.22638208021448],[-73.12897102105588,45.22636869628627],[-73.12896341142711,45.22635530286458],[-73.12895583683263,45.226341899949375],[-73.12894829367919,45.226328488173316],[-73.12894078466175,45.22631506690371],[-73.12893330888194,45.226301636140605],[-73.12892586544149,45.226288197149344],[-73.12891845703535,45.226274748031855],[-73.12891108096855,45.2262612900535],[-73.12890373813941,45.22624782321427],[-73.12889642764962,45.22623434688145],[-73.12888915039753,45.22622086168774],[-73.12888190728137,45.22620736826588],[-73.1288746974029,45.22619386471772],[-73.12886752166042,45.22618035294135],[-73.12886037825729,45.22616683167141],[-73.12885326899013,45.226153302805905],[-73.12884619296062,45.22613976507947],[-73.12883914927049,45.22612621785946],[-73.12883213971632,45.22611266177849],[-73.12882516429816,45.226099098102],[-73.12881822121932,45.22608552493183],[-73.12881131227647,45.22607194416612],[-73.1288044374696,45.22605835390675],[-73.12879759679872,45.2260447560518],[-73.12879078846717,45.22603114870318],[-73.12878401337329,45.2260175350244],[-73.12877727241539,45.2260039112192],[-73.1287705655935,45.22599027918577],[-73.12876389200925,45.225976638923996],[-73.12875725256097,45.22596299106662],[-73.12875064635037,45.22594933498095],[-73.12874407427576,45.22593567066691],[-73.1287375354388,45.22592199812458],[-73.12873103073785,45.22590831798665],[-73.12872455927453,45.225894628987625],[-73.1287181219472,45.225880931760315],[-73.12871171965416,45.22586722757003],[-73.1287053497005,45.225853515784095],[-73.1286990138828,45.2258397957698],[-73.12869271220109,45.225826068159854],[-73.12868644555365,45.2258123316888],[-73.12868021124558,45.225798587622116],[-73.1286740110735,45.225784836592425],[-73.12866784503738,45.22577107859971],[-73.12866171313725,45.22575731174595],[-73.1286556153731,45.22574353856187],[-73.12864955084663,45.225729756516685],[-73.12864352225276,45.22571596814117],[-73.12863752599823,45.225702171537286],[-73.1286315638797,45.225688368603016],[-73.12862563679545,45.22567455807304],[-73.12861974294887,45.22566073994738],[-73.12861388413658,45.22564691359324],[-73.12860805946028,45.22563308090874],[-73.12860226802164,45.22561924189388],[-73.12859651071899,45.225605394650614],[-73.12859078934895,45.22559154107697],[-73.12858510031823,45.22557767990753],[-73.12857944632184,45.22556381177505],[-73.12857382735974,45.225549936679506],[-73.128568240737,45.22553605462086],[-73.12856269004685,45.2255221655991],[-73.12855717259437,45.22550826961428],[-73.12855169017621,45.22549436793176],[-73.128546241894,45.22548045865345],[-73.12854082774778,45.22546654304472],[-73.12853544863586,45.22545261984019],[-73.12853010365991,45.2254386909379],[-73.12852479281996,45.22542475570526],[-73.1285195170143,45.22541081287672],[-73.12851427534461,45.22539686498321],[-73.12850906781091,45.225382909493824],[-73.1285038953115,45.22536894767403],[-73.12849875604978,45.22535497952378],[-73.12849365182231,45.22534100567578],[-73.12848858262917,45.225327024864605],[-73.12848354757202,45.225313038355715],[-73.12847854754914,45.2252990455163],[-73.12847358166225,45.2252850463465],[-73.12846865080964,45.225271041478884],[-73.12846375499134,45.22525702964807],[-73.1284588924107,45.22524301275224],[-73.12845406486439,45.225228989525846],[-73.12844927235236,45.22521496060172],[-73.1284445148746,45.22520092534708],[-73.12843979153283,45.22518688439465],[-73.12843510232705,45.22517283774442],[-73.12843044905388,45.225158785396374],[-73.12842582991668,45.225144727350525],[-73.12842124581378,45.225130663606855],[-73.12841669584687,45.22511659353271],[-73.12841218091427,45.22510251839339],[-73.12840770101593,45.225088438821686],[-73.12840325435528,45.22507435165405],[-73.12839884452555,45.225060260686675],[-73.1283944688318,45.22504616338875],[-73.12839012727403,45.2250320616584],[-73.12838582164888,45.225017953597494],[-73.12838155105801,45.22500384047146],[-73.12837731370483,45.22498972228027],[-73.12837311228425,45.22497559839118],[-73.12836894589796,45.224961470702375],[-73.12836481364764,45.22494733668303],[-73.12836071643163,45.22493319759849],[-73.12835665514824,45.22491905344879],[-73.12835262889914,45.224904904233924],[-73.12834863678601,45.22489075121927],[-73.12834467970718,45.22487659250679],[-73.12834075676435,45.224862428729075],[-73.1283368697541,45.22484826051887],[-73.12833301777816,45.224834087243515],[-73.12832920083653,45.224819909535654],[-73.12832541892918,45.22480572739532],[-73.1283216711578,45.22479153955703],[-73.12831795931905,45.224777348551704],[-73.1283142825146,45.22476315121573],[-73.12831064164276,45.224748950712716],[-73.12830703490688,45.22473474514445],[-73.128303462307,45.224720535143646],[-73.12829992653805,45.224706321343064],[-73.12829642490507,45.22469210310999],[-73.12829295830637,45.22467788044437],[-73.128289526742,45.22466365334624],[-73.12828613111022,45.22464942244827],[-73.12828277051275,45.224635187117805],[-73.12827944405124,45.22462094735477],[-73.12827615352236,45.224606703159225],[-73.12827289802779,45.224592456429264],[-73.1282696784658,45.22457820463407],[-73.1282664930398,45.224563948406306],[-73.12826334354642,45.22454968901145],[-73.128260228189,45.22453542644941],[-73.12825714966253,45.22452115818943],[-73.12825410527203,45.22450688802771],[-73.12825109681414,45.224492613433455],[-73.12824812339055,45.22447833440661],[-73.12824518410295,45.22446405221266],[-73.12824228164627,45.224449767484224],[-73.12823941422387,45.224435478323294],[-73.12823658093747,45.22442118536243],[-73.12823378448199,45.22440688923445],[-73.12823102216248,45.22439258930659],[-73.12822829667392,45.22437828621156],[-73.12822560532132,45.224363979949366],[-73.12822294900303,45.22434966988728],[-73.12822032861736,45.224335357290784],[-73.12821774326596,45.224321040894395],[-73.12821519384718,45.22430672196355],[-73.1282126794627,45.224292399865476],[-73.1282102001125,45.2242780739676],[-73.12820775759326,45.224263746167935],[-73.12820534831167,45.22424941393563],[-73.128202975861,45.224235080434305],[-73.12820063844464,45.224220743133074],[-73.12819833606257,45.22420640203197],[-73.12819607051142,45.224192059029114],[-73.12819383819793,45.22417771412446],[-73.12819164361369,45.22416336478717],[-73.12818948226712,45.224149014180846],[-73.12818735864978,45.224134659774634],[-73.12818526827012,45.22412030409935],[-73.12818321382308,45.22410594525686],[-73.12818119620694,45.22409158324716],[-73.12817921362512,45.22407721933569],[-73.12817726517926,45.22406285288974],[-73.12817535356434,45.224048483909286],[-73.1281734769837,45.22403411302704],[-73.12817163633568,45.2240197389776],[-73.12816982982365,45.22400536429176],[-73.12816806014253,45.22399098580602],[-73.12816632639404,45.22397660605123],[-73.12816462678153,45.223962223761895],[-73.12816296310163,45.22394784020351],[-73.1281613353543,45.223933452845216],[-73.12815974353964,45.2239190648505],[-73.12815818586094,45.223904674954],[-73.12815666501317,45.22389028315573],[-73.12815517919968,45.22387588882294],[-73.12815372931881,45.22386149322105],[-73.12815231447225,45.223847095717375],[-73.12815093555828,45.223832695679185],[-73.1281495907803,45.22381829563735],[-73.12814828283324,45.22380389306099],[-73.12814701081881,45.2237894885828],[-73.12814577383865,45.22377508283554],[-73.12814457279113,45.22376067581917],[-73.12814340677788,45.22374626690102],[-73.12814227669726,45.22373185671379],[-73.12814118344755,45.22371744589019],[-73.12814012433384,45.223703032532],[-73.12813910025442,45.22368861853747],[-73.12813811300592,45.22367420390657],[-73.12813716079171,45.22365978674112],[-73.12813624451012,45.22364536957202],[-73.12813536326284,45.223630950501125],[-73.12813451794814,45.22361653079384],[-73.12813370766777,45.223602109817435],[-73.1281329342183,45.22358768883736],[-73.12813219580313,45.22357326595549],[-73.1281314933206,45.22355884180453],[-73.12813082587233,45.223544417649876],[-73.12813019435669,45.2235299915934],[-73.12812959877364,45.223515565533326],[-73.12812903822493,45.22350113946953],[-73.1281285145071,45.22348671150393],[-73.12812802492527,45.22347228353467],[-73.12812757127605,45.22345785556169],[-73.12812715266114,45.22344342568695],[-73.12812677087713,45.22342899644124],[-73.12812642502575,45.22341456655917],[-73.12812611420867,45.22340013540798],[-73.12812583932418,45.22338570488581],[-73.12812559947399,45.223371273727274],[-73.12812539465813,45.22335684256509],[-73.12812522667316,45.223342410766556],[-73.12803395155208,45.21455372177113],[-73.1211153563042,45.21452164782453],[-73.11411315125955,45.2144887613158],[-73.11383814910332,45.214504606555465],[-73.11993154115143,45.22089699339392],[-73.11944022287814,45.22115849872228],[-73.11990694617727,45.22159571658934],[-73.12034036892881,45.222000190030236],[-73.11967980356441,45.22235317687202],[-73.120105841266,45.22257286139023],[-73.11959731576344,45.223065380138706],[-73.11922192777253,45.223428947721594],[-73.1191717038633,45.22347758954525],[-73.11937863168733,45.22358429428796],[-73.11978922195928,45.22318663391844],[-73.12019980594303,45.2227889714001],[-73.12082680036696,45.223112270253814],[-73.12145582139014,45.22250302666052],[-73.12160770045354,45.22266304658119],[-73.12114634458825,45.22310989816211],[-73.12161641860337,45.223352285688264],[-73.12195272179461,45.22302655346424],[-73.12401029768152,45.22519637431236],[-73.12401500305698,45.22520131635767],[-73.1240197362802,45.225206243850415],[-73.12402450004616,45.22521115742327],[-73.12402929165988,45.225216057708884],[-73.12403411291803,45.225220942809244],[-73.12403896292223,45.225225813357],[-73.12404384167255,45.22523066935215],[-73.12404875006726,45.22523551142744],[-73.12405368541143,45.22524033958284],[-73.1240586504,45.225245151287616],[-73.12406364503298,45.225249949705194],[-73.12406866661543,45.22525473230476],[-73.12407371784228,45.22525950161719],[-73.12407879601857,45.225264254479],[-73.12408390294095,45.2252689927882],[-73.12408903771112,45.225273715279464],[-73.12409420122736,45.22527842385092],[-73.12409939079477,45.22528311533897],[-73.12410461000657,45.22528779227448],[-73.12410985616783,45.2252924533921],[-73.12411513017686,45.225297099324415],[-73.12412043203368,45.22530172943887],[-73.12412575994162,45.225306343735355],[-73.12413111659566,45.2253109428466],[-73.12413650019917,45.22531552550727],[-73.12414191075212,45.225320091717286],[-73.12414734825454,45.2253246427421],[-73.12415281270641,45.2253291766836],[-73.12415830410772,45.22533369480717],[-73.12416382245851,45.22533819648018],[-73.12416936775877,45.22534268233525],[-73.12417493911016,45.225347151739754],[-73.1241805365127,45.22535160342824],[-73.12418616086468,45.22535603929883],[-73.12419181216615,45.22536045871886],[-73.12419748862042,45.225364860422935],[-73.12420319202417,45.2253692463091],[-73.12420891968242,45.22537361447927],[-73.12421467518844,45.22537796683158],[-73.1242204558473,45.22538230083525],[-73.12422626165896,45.22538661775565],[-73.12423209442012,45.22539091759278],[-73.12423795143576,45.22539520034666],[-73.12424383270593,45.22539946538457],[-73.12424974092555,45.225403713339254],[-73.12425567429803,45.225407943578],[-73.12426163192497,45.22541215673349],[-73.12426761470476,45.22541635027494],[-73.1242736235357,45.22542052863124],[-73.12427965572283,45.22542468737355],[-73.12428571306279,45.22542882839993],[-73.12429179555559,45.22543295234308],[-73.12429790140457,45.22543705730491],[-73.12430403150807,45.225441144550814],[-73.12431018586608,45.22544521344813],[-73.12431636537691,45.225449264629574],[-73.12432256824397,45.22545329682968],[-73.1243287944672,45.22545731068115],[-73.12433504494494,45.22546130555139],[-73.1243413196772,45.22546528270568],[-73.12434761596903,45.22546924151144],[-73.12435393741369,45.225473180703176],[-73.12436028221454,45.225477101546346],[-73.12436664947326,45.225481003408255],[-73.1243730400882,45.225484886288896],[-73.12437945405932,45.22548875082095],[-73.12438589048834,45.22549259573904],[-73.12439235027354,45.22549642167592],[-73.12439883251663,45.22550022863151],[-73.1244053363193,45.225504015340434],[-73.12441186347813,45.225507783700834],[-73.12441841219656,45.225511532447236],[-73.12442498427117,45.22551526157974],[-73.12443157700706,45.22551897173102],[-73.12443819309912,45.22552266226837],[-73.12444483075075,45.22552633255908],[-73.12445148906363,45.22552998323586],[-73.12445817073274,45.22553361429872],[-73.12446487216474,45.22553722638037],[-73.12447159515635,45.225540817582676],[-73.12447834060579,45.22554438853842],[-73.12448510671652,45.22554794051291],[-73.12449189348848,45.22555147160813],[-73.12449870182004,45.225554982456785],[-73.12450553081283,45.22555847369149],[-73.12451237956854,45.22556194467965],[-73.12451924988385,45.22556539542116],[-73.12452613996207,45.22556882528345],[-73.12453304980323,45.225572234266444],[-73.12453998030564,45.225575623635514],[-73.12454693146933,45.2255789927581],[-73.12455390149762,45.22558234036868],[-73.12456089218715,45.22558566773268],[-73.12456790263963,45.22558897358474],[-73.12457493285504,45.22559225919023],[-73.12458198193507,45.22559552328378],[-73.12458905077804,45.22559876776348],[-73.12459613758733,45.225601990731185],[-73.12460324505784,45.225605192187025],[-73.1246103704947,45.22560837339626],[-73.12461751479614,45.22561153246092],[-73.12462467886053,45.22561467064632],[-73.12463185999292,45.22561778858518],[-73.12463906088823,45.225620883746764],[-73.12470557754176,45.225649404526344],[-73.12472437928065,45.225628440065414],[-73.12535450433332,45.225908558410865],[-73.1253426187238,45.22592194814167],[-73.12597036324098,45.22619053675662],[-73.12599619968688,45.226159181153086],[-73.12618493393141,45.22624068581981],[-73.1264031679516,45.2263355458377],[-73.12659147280146,45.22641762979534],[-73.12656782016002,45.226446862583444],[-73.12667768052602,45.226493466464866],[-73.12690223329591,45.22658926054085],[-73.127079925449,45.22666362724958],[-73.1275729253685,45.22686995242545],[-73.1278013759284,45.2269655604907],[-73.12830173574503,45.22717496003449],[-73.12868284061442,45.22733445117094],[-73.1291536045357,45.22754578281726],[-73.12977454072131,45.227814311247734],[-73.1302309046486,45.2280136070581],[-73.1306910316186,45.228213697435535],[-73.13116240100436,45.22841867319948],[-73.13303965806429,45.22923703593253],[-73.13336970628622,45.22923506773243]],[[-73.12787391039602,45.22064632720446],[-73.12785898129431,45.22235615388989],[-73.1276043214877,45.22235504344012],[-73.12758757419583,45.22327788111318],[-73.1275874843643,45.22328182678401],[-73.1275873603968,45.22328577308732],[-73.12758720049668,45.223289718124924],[-73.12758700376563,45.22329366189673],[-73.12758677379692,45.223297605668314],[-73.12758650789559,45.223301548174206],[-73.12758620695996,45.22330548878161],[-73.12758587099005,45.22330942812328],[-73.12758549998586,45.22331336619925],[-73.12758509304902,45.22331730300949],[-73.12758465107791,45.223321236655856],[-73.1275841740725,45.2233251690365],[-73.12758366203278,45.22332909888596],[-73.12758311495877,45.223333026836954],[-73.12758253285045,45.22333695225684],[-73.12758191570786,45.22334087514551],[-73.12758126353097,45.2233447942376],[-73.12758057631979,45.22334871079847],[-73.12757985317596,45.22335262482822],[-73.1275790958962,45.22335653506136],[-73.12757830448041,45.22336044213059],[-73.12757747623372,45.223364344770474],[-73.12757661385106,45.2233682442465],[-73.12757571733242,45.22337213992591],[-73.12757478577944,45.223376031176],[-73.12757381919221,45.22337991799674],[-73.12757281846898,45.223383801020894],[-73.12757178181315,45.223387678983],[-73.12757071102132,45.223391553148446],[-73.12756960609352,45.22339542098648],[-73.12756846613142,45.22339928502783],[-73.12756729203335,45.22340314274174],[-73.12756608379928,45.223406996026284],[-73.12756484142925,45.22341084424878],[-73.12756356312661,45.22341468614384],[-73.12756225068797,45.223418521711345],[-73.12756090501168,45.22342235284959],[-73.1275595251994,45.223426177027605],[-73.12755811035284,45.22342999487811],[-73.12755666226859,45.22343380703386],[-73.12755517915005,45.223437612229375],[-73.12755366279386,45.22344140983203],[-73.12755211230167,45.223445201739864],[-73.1275505276735,45.22344898605479],[-73.1275489098077,45.22345276404228],[-73.12754725780587,45.22345653380407],[-73.1275455716681,45.22346029597295],[-73.12754385319097,45.22346405118166],[-73.12754210147617,45.223467798797415],[-73.12754031472706,45.22347153818753],[-73.12753849474029,45.22347526998474],[-73.12753664241419,45.223478992923596],[-73.12753475595207,45.22348270826954],[-73.12753283715062,45.2234864141244],[-73.1275308842132,45.22349011238636],[-73.12752889893642,45.22349379989179],[-73.12752688132029,45.223497479804344],[-73.12752482956819,45.22350115085854],[-73.12752274637505,45.223504813054376],[-73.12752062904592,45.22350846512639],[-73.12751848027577,45.2235121083401],[-73.12751629826793,45.22351574079732],[-73.12751408392074,45.22351936439619],[-73.12751183813253,45.223522977871234],[-73.12750955910667,45.22352658122252],[-73.12750724774143,45.223530173817316],[-73.12750490493518,45.22353375628836],[-73.12750252978957,45.22353732800286],[-73.12750012320292,45.22354089022633],[-73.12749768517523,45.22354444042786],[-73.12749521390991,45.22354797987291],[-73.12749271300015,45.22355150792874],[-73.12749017885272,45.22355502586082],[-73.12748761416259,45.22355853113823],[-73.12748501803141,45.2235620262919],[-73.12748239135753,45.22356550942367],[-73.12747973324261,45.22356897926805],[-73.12747704278834,45.22357243835596],[-73.12747432268965,45.22357588542194],[-73.12747157204825,45.22357932046599],[-73.12746879086414,45.22358274222273],[-73.1274659791373,45.22358615195752],[-73.12746313596942,45.22358954903769],[-73.12746026315713,45.223592934096],[-73.12745735980214,45.22359630523419],[-73.12745442680274,45.22359966435051],[-73.12745146415894,45.223603008914026],[-73.12744847097241,45.22360634145569],[-73.12744544903978,45.22360966007726],[-73.12744239566614,45.22361296541149],[-73.12743931354639,45.2236162574584],[-73.12743620268057,45.22361953431981],[-73.12743306306865,45.22362279852663],[-73.12742989381233,45.22362604754794],[-73.12742669491159,45.22362928328194],[-73.1274234681631,45.223632504463225],[-73.12742021177019,45.223635710459],[-73.12741692663121,45.223638902534695],[-73.12741361364444,45.223642079424984],[-73.1274102728099,45.22364524239521],[-73.12740690322926,45.22364838954725],[-73.12740350580086,45.2236515215138],[-73.12740051351264,45.223654281440574],[-73.12739755086884,45.22365705655252],[-73.12739461517448,45.22365984621686],[-73.12739170732792,45.22366265043364],[-73.12738882732913,45.22366546920287],[-73.12738597697472,45.22366830252449],[-73.1273831544681,45.22367115039858],[-73.12738036070756,45.22367401155961],[-73.12737759569312,45.22367688727311],[-73.12737485942478,45.223679776273535],[-73.12737215280082,45.2236826791937],[-73.12736947582125,45.22368559540083],[-73.1273668266895,45.223688525527606],[-73.12736420810043,45.2236914683087],[-73.12736161915579,45.22369442437671],[-73.12735905985555,45.22369739309899],[-73.1273565293014,45.223700374475534],[-73.12735402928996,45.22370336913899],[-73.12735156071955,45.2237063751913],[-73.12734912179356,45.22370939453055],[-73.12734671251197,45.22371242652402],[-73.1273443337731,45.22371546927355],[-73.12734198647526,45.223718524677345],[-73.12733966972013,45.22372159146993],[-73.12733738260943,45.22372466965132],[-73.12733512783805,45.22372775922144],[-73.12733290360941,45.2237308601804],[-73.12733071082181,45.22373397252811],[-73.12732854947524,45.22373709563192],[-73.1273264195697,45.22374022822631],[-73.12732432020688,45.2237433734749],[-73.12732225408173,45.223746527581454],[-73.12732021849928,45.223749692444],[-73.1273182143579,45.22375286742992],[-73.12731624345416,45.22375605317188],[-73.12731430399145,45.22375924840446],[-73.1273123968681,45.22376245249491],[-73.12731052118579,45.223765666708715],[-73.12730867874116,45.223768890413126],[-73.12730686773754,45.223772122342666],[-73.1273050899716,45.22377536439556],[-73.12730334454498,45.22377861467361],[-73.12730163145774,45.22378187317683],[-73.12729995250649,45.22378514117061],[-73.12729830589457,45.22378841612414],[-73.12729669162199,45.22379170120101],[-73.1272951105871,45.223794993237576],[-73.12729356278986,45.22379829349925],[-73.12729204733196,45.223801600720705],[-73.12729056601007,45.223804915534586],[-73.12728911792584,45.22380823857356],[-73.12728770218095,45.22381156730687],[-73.12728632147036,45.22381490426531],[-73.12728497399743,45.223818248183456],[-73.12728365976217,45.223821598428586],[-73.1272823796629,45.223824954368],[-73.12728113280127,45.223828317267085],[-73.12727991917733,45.22383168775863],[-73.12727874058767,45.223835062678994],[-73.12727759523568,45.223838443293616],[-73.12727648312136,45.22384183023524],[-73.12727540693966,45.223845222238396],[-73.12727436399561,45.22384861930309],[-73.12727335428923,45.22385202269477],[-73.12727238051548,45.22385542924985],[-73.12727143997937,45.2238588427646],[-73.12727053357924,45.223862259442754],[-73.12726966131511,45.22386568054974],[-73.12726882498357,45.223869106718226],[-73.12726802099138,45.22387253668286],[-73.12726725293182,45.22387597044358],[-73.12726651810992,45.22387940736768],[-73.12726581832233,45.22388284935331],[-73.127265153569,45.223886293236866],[-73.12726452384999,45.22388974154927],[-73.12726392736865,45.22389319239233],[-73.1272633668199,45.223896646398735],[-73.12726284040714,45.223900102303105],[-73.12726234813037,45.22390356137087],[-73.12726189178622,45.22390702360202],[-73.12726146957802,45.22391048773108],[-73.12726108240415,45.22391395249267],[-73.12726072936623,45.223917420417656],[-73.12726041136263,45.22392088960782],[-73.12726012929161,45.22392436069596],[-73.12725988135661,45.22392783241658],[-73.12725966755755,45.22393130540243],[-73.12725948969114,45.223934780286214],[-73.127259346859,45.22393825580251],[-73.12725923726454,45.22394173068586],[-73.127259164501,45.223945207467196],[-73.12725302990593,45.22432651259659],[-73.12721752758759,45.22652383109377],[-73.12702780429791,45.22644418630725],[-73.12706818806149,45.22394367186242],[-73.12706826890987,45.22393971674674],[-73.12706838658919,45.223935760998096],[-73.12706853930277,45.22393180651459],[-73.12706872615234,45.22392785266355],[-73.12706894983286,45.2239238994449],[-73.12706920854765,45.22391994749143],[-73.12706950319506,45.22391599680315],[-73.12706983197846,45.22391204674727],[-73.12707019759277,45.22390809985477],[-73.12707059734309,45.22390415359466],[-73.12707103302598,45.2239002085997],[-73.1270715028449,45.2238962667681],[-73.12707201039301,45.22389232683432],[-73.12707255117883,45.2238883887985],[-73.12707312789723,45.22388445392596],[-73.12707374054825,45.223880521584015],[-73.12707438733527,45.22387659177266],[-73.12707506915658,45.2238726644919],[-73.12707578691048,45.223868741639926],[-73.127076540597,45.22386482195123],[-73.1270773284195,45.223860904793185],[-73.127078150378,45.223856990798424],[-73.12707900826909,45.223853081865165],[-73.12707990119449,45.223849175462504],[-73.12708082915418,45.22384527475401],[-73.12708179214816,45.22384137784162],[-73.12708279017644,45.22383748472519],[-73.12708382234071,45.22383359540487],[-73.12708489043757,45.22382971241144],[-73.1270859917721,45.223825833846796],[-73.12708712903925,45.2238219597109],[-73.12708830044238,45.22381809190193],[-73.1270895059815,45.22381422788905],[-73.12709074745322,45.22381037083577],[-73.12709202306092,45.22380651757851],[-73.1270933319063,45.22380267128093],[-73.1270946775826,45.22379883131029],[-73.12709605559824,45.22379499640113],[-73.12709746864819,45.22379116845164],[-73.1270989158341,45.223787346829056],[-73.127100397156,45.223783531533414],[-73.1271019135122,45.223779723830184],[-73.12710346220776,45.223775921821115],[-73.1271050459376,45.22377212677173],[-73.12710666470174,45.22376833931471],[-73.12710831490692,45.22376455945005],[-73.1271100010447,45.223760786545085],[-73.12711172042016,45.22375702123249],[-73.12711347303329,45.22375326477772],[-73.12711525888406,45.22374951464986],[-73.12711707887082,45.22374577337988],[-73.12711893299357,45.22374204033497],[-73.12712081945568,45.22373831551519],[-73.12712274005375,45.22373459955322],[-73.12712469299117,45.22373089244908],[-73.12712668006459,45.22372719357007],[-73.12712870037566,45.22372350354888],[-73.12713075212777,45.22371982365101],[-73.12713283801587,45.22371615134548],[-73.12713495714162,45.223712489795986],[-73.12713710860672,45.22370883773708],[-73.12713929241119,45.223705194535974],[-73.1271415094533,45.223701561458135],[-73.12714375793647,45.22369793850361],[-73.12714603965728,45.223694326305136],[-73.12714835371744,45.223690723597166],[-73.12715069921865,45.22368713164525],[-73.12715307795753,45.22368355044934],[-73.12715548813742,45.22367997937671],[-73.12715793065668,45.223676419692865],[-73.127160404617,45.223672870765],[-73.12716291001831,45.22366933259314],[-73.127165447759,45.22366580644282],[-73.12716801604238,45.2236622916812],[-73.12717061756344,45.2236587876756],[-73.12717324872892,45.22365529569149],[-73.12717591133541,45.22365181572882],[-73.12717860538295,45.22364834715497],[-73.12718132997321,45.2236448925007],[-73.1271840860045,45.22364144860252],[-73.12718687347683,45.22363801735852],[-73.12718969149188,45.223634598136016],[-73.12719253915132,45.22363119220044],[-73.1271954173535,45.22362779955178],[-73.12719832609838,45.22362441955736],[-73.12720126538599,45.223621052217126],[-73.127204234318,45.223617698163835],[-73.12720723379275,45.22361435739751],[-73.12721026201356,45.22361103055086],[-73.12721332167543,45.22360771762383],[-73.12721641008336,45.22360441735104],[-73.1272195272374,45.22360113163066],[-73.12722267583248,45.22359785919723],[-73.127225851377,45.22359460258166],[-73.12722905746425,45.22359135862032],[-73.12723229229759,45.22358812921133],[-73.12723555587702,45.22358491562023],[-73.12723884730421,45.22358171531609],[-73.12724216837583,45.22357853019708],[-73.12724551819353,45.2235753602632],[-73.127248895859,45.22357220551446],[-73.12725230137222,45.22356906531816],[-73.12725531881328,45.223566281343814],[-73.12725830750823,45.22356348218409],[-73.12726126745709,45.22356066847158],[-73.12726419955817,45.223557839573616],[-73.12726710291317,45.22355499612293],[-73.12726997662378,45.22355213748675],[-73.12727282158828,45.223549264297866],[-73.12727563780668,45.22354637718896],[-73.12727842438069,45.22354347615998],[-73.1272811813103,45.22354056121103],[-73.12728390949383,45.223537631076574],[-73.1272866062363,45.22353468828757],[-73.1272892742327,45.22353173221121],[-73.1272919125847,45.22352876221485],[-73.12729452039395,45.223525779563886],[-73.12729709855881,45.22352278236015],[-73.12729964528266,45.22351977313457],[-73.12730216146376,45.22351675125436],[-73.12730464800048,45.223513716086835],[-73.12730710219783,45.22351066953016],[-73.12730952675078,45.22350760905342],[-73.12731191986269,45.223504538452936],[-73.12731428153359,45.22350145393245],[-73.12731661176342,45.22349835802279],[-73.12731891145056,45.223495251356645],[-73.12732117879833,45.2234921320359],[-73.12732341470507,45.22348900132598],[-73.12732561827247,45.22348586049236],[-73.12732779129713,45.22348270700412],[-73.12732993198247,45.22347954402481],[-73.12733203943013,45.223476369023636],[-73.12733411543672,45.22347318389874],[-73.12733616000233,45.223469989282805],[-73.12733817043193,45.223466783277736],[-73.12734014942049,45.22346356841431],[-73.12734209606973,45.22346034216169],[-73.12734400858297,45.2234571070508],[-73.12734588965516,45.22345386244887],[-73.12734773659139,45.22345060709048],[-73.12734955208657,45.22344734413923],[-73.12735133344577,45.22344407106421],[-73.12735308156734,45.223440789130926],[-73.12735479645121,45.223437498972],[-73.12735647809743,45.223434199954795],[-73.12735812650597,45.223430892079236],[-73.12735974077853,45.2234275772436],[-73.12736132181342,45.22342425291685],[-73.12736286961068,45.22342092099729],[-73.1273643823736,45.22341758211756],[-73.12736586279719,45.22341423501224],[-73.12736730728817,45.223410880314006],[-73.1273687194398,45.22340751928838],[-73.12737009745544,45.22340415003715],[-73.12737144043679,45.223400773825745],[-73.12737274928216,45.223397391919676],[-73.12737402488986,45.223394003053414],[-73.12737526456496,45.22339060785971],[-73.12737647190069,45.223387206971296],[-73.1273776424055,45.223383799122736],[-73.12737877967267,45.22338038621214],[-73.12737988280384,45.22337696697416],[-73.12738095000239,45.223373543306856],[-73.12738198396329,45.22337011331216],[-73.12738298199156,45.223366678255466],[-73.12738394498554,45.22336323813674],[-73.12738487384355,45.22335979422145],[-73.12738576766725,45.22335634524421],[-73.12738662555834,45.22335289120494],[-73.12738744931346,45.22334943336914],[-73.1273882389326,45.223345971104045],[-73.12738899172082,45.22334250504242],[-73.12738971037304,45.2233390358169],[-73.12739039399098,45.22333556216218],[-73.1273910416763,45.2233320859763],[-73.12739165432731,45.2233286059939],[-73.12739223194403,45.223325122847605],[-73.12739277452648,45.22332163780299],[-73.1273932820746,45.22331815022722],[-73.12739375279183,45.223314658854925],[-73.12739418847472,45.223311166216945],[-73.12739459002167,45.22330767104785],[-73.12739495563598,45.22330417398039],[-73.12739528531769,45.2233006750145],[-73.1273955799651,45.223297174782985],[-73.12739583867992,45.22329367328578],[-73.1273960623604,45.22329016989019],[-73.12739625100662,45.22328666586171],[-73.12739640372023,45.22328316120023],[-73.12739652050121,45.223279655905834],[-73.12739660134959,45.223276149345764],[-73.1274133234886,45.222354210128195],[-73.1260128760118,45.22234808905005],[-73.12602786080906,45.22063826338756],[-73.12787391039602,45.22064632720446]]]]}},{"type":"Feature","properties":{"zone_code":"MXT-3","prefix":"MXT","kind":"unknown","n_lots":38,"source":"t2-gcp-claude48-vision-multisheet","confidence":"contour-autogcp-multisheet"},"geometry":{"type":"MultiPolygon","coordinates":[[[[-73.12713153995027,45.24390583459721],[-73.12678106044554,45.24376179568662],[-73.1266359196451,45.24393719559015],[-73.12646758793726,45.2438665920614],[-73.1264780110895,45.243853493078554],[-73.12611808849451,45.243701891897885],[-73.12577519526235,45.244132817638864],[-73.12533431649395,45.24394711879847],[-73.1258194076457,45.24336577424264],[-73.12453378732009,45.2428344518985],[-73.12428991448338,45.24310176958718],[-73.12382245456573,45.24361415749566],[-73.12350698330593,45.24395994325717],[-73.12319150935119,45.244305727546454],[-73.12304425750982,45.24446712247053],[-73.12289700656676,45.244628518833466],[-73.12226032471082,45.24433862716736],[-73.1214799923595,45.24519388475949],[-73.12126460150719,45.24509581095264],[-73.12085670707938,45.24491008363587],[-73.1215447384336,45.24415599785223],[-73.12105231343588,45.24394897011007],[-73.12107348313386,45.24392599221056],[-73.12107150145034,45.243925075725556],[-73.12106953952976,45.24392413773572],[-73.1210675964738,45.24392318077104],[-73.12106567407909,45.24392220293398],[-73.12106377324396,45.24392120422461],[-73.12106189307006,45.24392018590787],[-73.12106003535405,45.24391914924873],[-73.12105819919762,45.24391809171727],[-73.12105638549906,45.24391701521095],[-73.12105459425838,45.243915919729716],[-73.12105282637391,45.24391480590618],[-73.12105108184564,45.243913673740195],[-73.12104936247016,45.24391252323185],[-73.12104766734922,45.24391135501366],[-73.12104599648279,45.24391016908556],[-73.12104434987089,45.243908964815105],[-73.12104273020843,45.2439077440997],[-73.1210411356988,45.24390650693946],[-73.12103956813863,45.24390525206926],[-73.12103802662959,45.24390398201923],[-73.12103651207002,45.243902694891744],[-73.12103502535822,45.24390139195189],[-73.12103356469758,45.24390007509708],[-73.12103213368134,45.24389874116489],[-73.12103072961455,45.243897393317766],[-73.12102935519216,45.24389603092325],[-73.12102800861754,45.24389465398127],[-73.12102669168735,45.24389326312441],[-73.12102540529986,45.24389185835261],[-73.12102414676013,45.243890440298344],[-73.12102291876315,45.243889008961666],[-73.12102172220719,45.24388756497505],[-73.12102055529563,45.243886108970976],[-73.12101941892679,45.243884640949446],[-73.121018313999,45.2438831609105],[-73.12101723961392,45.24388166885409],[-73.1210161975682,45.24388016731018],[-73.1210151869635,45.243878653116354],[-73.12101420869816,45.24387712880258],[-73.12101326187384,45.24387559500131],[-73.1210123482872,45.24387405108005],[-73.1210114670399,45.243872498303844],[-73.12101061813195,45.24387093604015],[-73.12100980336001,45.24386936492146],[-73.12100902092737,45.243867784947845],[-73.12100827173244,45.243866198016704],[-73.12100755577517,45.24386460286307],[-73.12100687395385,45.24386300011947],[-73.12100622626853,45.24386138978584],[-73.12100561182089,45.24385977375974],[-73.1210050315092,45.2438581520411],[-73.12100448713015,45.243856522732514],[-73.12100397509043,45.24385489026136],[-73.12100349808503,45.24385325020022],[-73.1210030561139,45.24385160634409],[-73.12100264827876,45.24384995806041],[-73.1210022745796,45.2438483059817],[-73.12100193681304,45.243846648842975],[-73.1210016340808,45.24384498980674],[-73.12100136548453,45.24384332697551],[-73.12100113282088,45.24384166224671],[-73.1210009351915,45.24383999435537],[-73.12100077169814,45.243838325198965],[-73.12100064413737,45.24383665414509],[-73.12100055161089,45.24383498182612],[-73.12100049411872,45.24383330887463],[-73.12100047166082,45.24383163592309],[-73.12100048513557,45.24382996233899],[-73.12100053364459,45.24382828875489],[-73.1210006171879,45.24382661706817],[-73.12100073576552,45.24382494601391],[-73.12100089027575,45.24382327622462],[-73.12100107892196,45.24382160833273],[-73.12100130350079,45.243819942338334],[-73.1210015631139,45.2438182788738],[-73.121001856863,45.24381661793927],[-73.12100218564638,45.243814960799625],[-73.12100255126072,45.24381330808743],[-73.12100294921439,45.24381165790517],[-73.12100338310066,45.243810012782774],[-73.12100385112292,45.24380837272039],[-73.12100435417949,45.24380673708536],[-73.12100489137202,45.24380510777526],[-73.12100546180224,45.24380348415762],[-73.12100606816504,45.24380186623236],[-73.1210067068672,45.243800255264496],[-73.12100737970538,45.24379864998909],[-73.12100808667948,45.243797052936095],[-73.12100882778961,45.2437954641055],[-73.12100960213738,45.243793882232296],[-73.12101040882449,45.243792309214015],[-73.1210112487493,45.243790743785624],[-73.12101212191175,45.24378918910967],[-73.12101302831186,45.24378764202356],[-73.12101396615301,45.24378610632241],[-73.12101493633354,45.24378457884366],[-73.12101593885339,45.24378306274976],[-73.12101697281429,45.24378155804081],[-73.12101803911452,45.24378006281925],[-73.12101913595748,45.24377858024754],[-73.12102026424148,45.24377710906079],[-73.12102142396652,45.2437756498914],[-73.12102261333595,45.243774202739424],[-73.1210238332481,45.243772768869825],[-73.12102508370297,45.243771347017635],[-73.12102636380227,45.24376993908029],[-73.12102767264763,45.24376854505788],[-73.12102901203572,45.24376716431786],[-73.12103037927159,45.24376579812523],[-73.12103177615187,45.243764445847496],[-73.12103319998158,45.243763108749626],[-73.12103465255738,45.24376178683166],[-73.12103613298098,45.24376048072607],[-73.12103764125234,45.243759189800386],[-73.12103917467654,45.243757915952045],[-73.1210407359485,45.24375665728362],[-73.1210423241699,45.24375541506012],[-73.12104393844247,45.243754189913965],[-73.12104557696956,45.243752981845205],[-73.12104724064947,45.24375179085379],[-73.12104893038051,45.24375061820482],[-73.12105064436608,45.24374946326573],[-73.12105238170783,45.243748326036474],[-73.1210911529955,45.243723344937635],[-73.12072848065742,45.243557156088855],[-73.12087373284896,45.243398919185644],[-73.12101898504052,45.24324068373914],[-73.12036380687289,45.24298870559101],[-73.12070219774884,45.24261580267388],[-73.12089076041518,45.24240800650984],[-73.12062345502429,45.24229637693746],[-73.12043493457875,45.242504191852575],[-73.12021188558866,45.24275006655117],[-73.12010674497118,45.24276441056371],[-73.1213010012425,45.24144791329131],[-73.12065272662782,45.241181893353186],[-73.12043762682966,45.24141997097463],[-73.12003661170031,45.241863815490966],[-73.11953589525253,45.24165914944843],[-73.11974059166137,45.24143259422909],[-73.11952507145166,45.24134449957907],[-73.11927310569256,45.241241505675056],[-73.11893709355549,45.241104157830016],[-73.1189081660067,45.24113598907118],[-73.11875142076941,45.2410782387967],[-73.11859501689192,45.24102061180628],[-73.11864280726503,45.240968048142285],[-73.1182496802422,45.240808020926984],[-73.11809830333704,45.24074635242706],[-73.11795181506366,45.24068698437511],[-73.11780116489558,45.24062580975098],[-73.11764334167992,45.2405617203524],[-73.1174617211941,45.240764409896784],[-73.11643440334362,45.241892111799096],[-73.11493998220662,45.24353246459059],[-73.11351597730982,45.24315561968656],[-73.11282175925825,45.24292415649599],[-73.1125854601177,45.24318299063178],[-73.11197535491945,45.24290500927205],[-73.11190693922741,45.24297994855516],[-73.11315667904394,45.24355402458661],[-73.11295254947204,45.243787305535506],[-73.111702603043,45.24321345070731],[-73.11136759073082,45.24359627360376],[-73.11108524035556,45.24390481881017],[-73.11082178424567,45.24419271654573],[-73.11073102385924,45.244291895608114],[-73.11055045080904,45.24420942761034],[-73.11055736424346,45.2442018705995],[-73.10990519812698,45.243904208452435],[-73.10971373210563,45.244113555708594],[-73.10952917951873,45.244315343932556],[-73.10934462513518,45.24451713207221],[-73.10916006805668,45.244718921392604],[-73.10897551007987,45.244920708731264],[-73.10879095210308,45.245122495985626],[-73.10860639143132,45.24532428315569],[-73.10838616135457,45.245565066862525],[-73.10820159798789,45.24576685309297],[-73.10801703372286,45.24596863923916],[-73.10783246855952,45.246170425300996],[-73.10848464904906,45.24646809897495],[-73.10866921241576,45.2462663127056],[-73.10885377668077,45.24606452508693],[-73.10895567887165,45.24595311204764],[-73.10913269818661,45.24603390778977],[-73.10885856020968,45.246327683646044],[-73.10858829846319,45.24662061743726],[-73.10837623766565,45.246850345902374],[-73.10962504413259,45.247425575634274],[-73.10941298423336,45.24765530527111],[-73.10920092163917,45.24788503461127],[-73.10877680543399,45.24834447912032],[-73.10859099340904,45.24854572549009],[-73.10819611107812,45.24897340486143],[-73.1082244619085,45.248992734079614],[-73.10926327370305,45.24970095189598],[-73.10818279355404,45.25088473438513],[-73.10867804285502,45.25122439839644],[-73.10929513335292,45.251641206727186],[-73.10798833254954,45.25306895688094],[-73.1092816505388,45.25362459237235],[-73.10992295782015,45.2538964061251],[-73.11096390221519,45.2527594034511],[-73.11133063224342,45.25297300254304],[-73.11193764993203,45.25325936693647],[-73.11149243499575,45.253386545661996],[-73.11122042961931,45.25347660670568],[-73.11076080121427,45.25378892733746],[-73.1104864377602,45.253990900628295],[-73.11039629810966,45.254093565345144],[-73.1118880081311,45.25471487877044],[-73.11317099639295,45.25524969576035],[-73.11444790575524,45.255781954232496],[-73.11579331165795,45.25634273838623],[-73.12713153995027,45.24390583459721]]]]}},{"type":"Feature","properties":{"zone_code":"R-8","prefix":"R","kind":"residential","n_lots":30,"source":"t2-gcp-claude48-vision-multisheet","confidence":"contour-autogcp-multisheet"},"geometry":{"type":"MultiPolygon","coordinates":[[[[-73.12161641860337,45.223352285688264],[-73.12114634458825,45.22310989816211],[-73.12160770045354,45.22266304658119],[-73.12145582139014,45.22250302666052],[-73.12082680036696,45.223112270253814],[-73.12019980594303,45.2227889714001],[-73.11978922195928,45.22318663391844],[-73.11937863168733,45.22358429428796],[-73.1191717038633,45.22347758954525],[-73.11922192777253,45.223428947721594],[-73.11959731576344,45.223065380138706],[-73.120105841266,45.22257286139023],[-73.11967980356441,45.22235317687202],[-73.11896220775589,45.222737887279614],[-73.1184325332166,45.22302189405904],[-73.11790286227058,45.22330590448148],[-73.11845466231532,45.223590444970924],[-73.11816871688227,45.223867373703406],[-73.11788277144925,45.22414430171962],[-73.11749090116949,45.2239422298998],[-73.116918997727,45.22449608258853],[-73.11716831884588,45.22462464870648],[-73.11673495628148,45.22504432538074],[-73.11630158563223,45.225464000222146],[-73.11586820869476,45.22588367449606],[-73.11543482726572,45.226303345671674],[-73.1157892593577,45.22648611525239],[-73.11596925928275,45.22657893317683],[-73.11617596432457,45.22668586176367],[-73.11632698190363,45.22653962363009],[-73.11648024976245,45.22639120233976],[-73.11663351582465,45.22624278192731],[-73.11710377040116,45.22648527883758],[-73.11725020567394,45.226343472818066],[-73.11756131201976,45.22604219553965],[-73.1177791148486,45.22583127208668],[-73.11817747545629,45.22603668983716],[-73.11854498432386,45.22558484775479],[-73.11891248600492,45.22513300271365],[-73.1189762493221,45.22490454169305],[-73.11926195310832,45.22493495841994],[-73.1198296066212,45.22522766717668],[-73.12002679311425,45.2249898519849],[-73.12032257599797,45.2246331219538],[-73.12041058304804,45.22452569978754],[-73.12064720468378,45.22429126414497],[-73.12099032339306,45.22395894375665],[-73.12161641860337,45.223352285688264]]],[[[-73.11944022287814,45.22115849872228],[-73.11851750485933,45.220322198070654],[-73.11759365047166,45.21948483409201],[-73.10423491976421,45.226741635602316],[-73.10545228878946,45.2274220867059],[-73.10585819344892,45.22773428739894],[-73.10641037707428,45.228244174393346],[-73.11944022287814,45.22115849872228]]]]}},{"type":"Feature","properties":{"zone_code":"R-9","prefix":"R","kind":"residential","n_lots":165,"source":"t2-gcp-claude48-vision-multisheet","confidence":"contour-autogcp-multisheet"},"geometry":{"type":"MultiPolygon","coordinates":[[[[-73.12143498227218,45.24139022974875],[-73.12139037193516,45.24137257223264],[-73.12122170605406,45.24130580620241],[-73.1209221466529,45.241184190052735],[-73.12071661570914,45.24110074724847],[-73.12046270060588,45.24099766055357],[-73.12040211462985,45.240973062822064],[-73.12022344421143,45.240900523867545],[-73.12050019089595,45.240570710532864],[-73.12031834762794,45.24049173377616],[-73.12016948690389,45.240427081903825],[-73.12020910979444,45.24037987082867],[-73.12022328520962,45.24038602791719],[-73.12050694982014,45.24005040616273],[-73.12063057237629,45.239891863463754],[-73.12062443149301,45.239889459180205],[-73.12061830857604,45.23988703339018],[-73.12061220362536,45.23988458546116],[-73.12060611574267,45.239882115393144],[-73.120600044928,45.23987962318618],[-73.1205939929779,45.23987710947266],[-73.12058795989248,45.239874574252724],[-73.12058194387501,45.23987201689379],[-73.12057594762048,45.23986943929339],[-73.12056996933227,45.239866838921486],[-73.12056400901035,45.23986421830821],[-73.1205580693497,45.23986157492331],[-73.12055214675703,45.23985891129705],[-73.12054624482563,45.239856226164264],[-73.12054036175881,45.23985351952504],[-73.12053449845496,45.239850792011794],[-73.12052865401573,45.239848044257165],[-73.12052283113606,45.239845274363496],[-73.120517027121,45.23984248422839],[-73.12051124286889,45.239839673219336],[-73.12050547927804,45.23983684133629],[-73.1204997363484,45.23983398921185],[-73.12049401408007,45.23983111621341],[-73.12048831157463,45.23982822234096],[-73.12048263062877,45.23982530949216],[-73.12047697124248,45.23982237450435],[-73.12047133251744,45.23981942054013],[-73.12046571535197,45.239816445069344],[-73.12046011974607,45.23981344998969],[-73.12045454480142,45.23981043656616],[-73.12044899321295,45.2398074010036],[-73.12044346228576,45.239804346464624],[-73.12043795291812,45.23980127105167],[-73.12043246690668,45.23979817729482],[-73.1204270024548,45.2397950632965],[-73.12042156046081,45.239791930321836],[-73.12041614182301,45.23978877710562],[-73.1204107456431,45.23978560428052],[-73.12040537192108,45.23978241311152],[-73.12040002155526,45.23977920233357],[-73.12039469454561,45.23977597257922],[-73.12038939089217,45.2397727225834],[-73.12038410969662,45.239769454243685],[-73.1203788527556,45.239766167560056],[-73.12037362006903,45.23976286126751],[-73.1203684107387,45.239759537263595],[-73.12036322476459,45.23975619301815],[-73.12035806394327,45.23975283106139],[-73.12035292647816,45.23974945139321],[-73.12034781326756,45.23974605211609],[-73.1203427252098,45.239742635127634],[-73.12033766140655,45.23973920042775],[-73.12033262275611,45.239735747384024],[-73.12032760836018,45.239732275363814],[-73.12032262091374,45.23972878626475],[-73.12031765682349,45.23972527818923],[-73.12031271788604,45.23972175366743],[-73.12030780410143,45.239718211434216],[-73.12030291726629,45.23971465022459],[-73.12029805558399,45.23971107320113],[-73.12029321905449,45.23970747846633],[-73.12028840947445,45.23970386538753],[-73.12028362414895,45.239700235229904],[-73.12027886756951,45.23969658925852],[-73.12027413524459,45.23969292557571],[-73.12026943076745,45.23968924418146],[-73.12026475144314,45.239685546340894],[-73.12026009906828,45.23968183268655],[-73.12025547364289,45.23967810132076],[-73.12025087516695,45.23967435350869],[-73.12024630453878,45.23967058925023],[-73.12024175906343,45.23966680917793],[-73.1202372423342,45.239663012659335],[-73.1202327525544,45.23965919969439],[-73.12022829062239,45.239655371548146],[-73.12022385563982,45.239651526322994],[-73.12021944940335,45.23964766528404],[-73.12021506921803,45.23964378969633],[-73.12021071867711,45.23963989639715],[-73.12020639508565,45.23963598918177],[-73.12020210024028,45.239632066152616],[-73.12019783324267,45.239628127309544],[-73.12019359499116,45.23962417328525],[-73.12018938548573,45.23962020471213],[-73.1201852038281,45.23961622032519],[-73.12018105091654,45.23961222138952],[-73.12017692675107,45.239608208537575],[-73.12017283223001,45.23960417923924],[-73.12016876735333,45.23960013665722],[-73.12016473032445,45.23959607826136],[-73.12016072204165,45.23959200658176],[-73.12044460224786,45.23924952396186],[-73.12053445084426,45.23914094275843],[-73.12013174418722,45.23903667217083],[-73.12016205064997,45.239001139970796],[-73.12016479859642,45.23899789435844],[-73.12016751869508,45.23899463546241],[-73.12017020914938,45.2389913651803],[-73.12017286906092,45.23898808224697],[-73.12017550022641,45.238984787295],[-73.12017809995082,45.238981480324426],[-73.12018067092916,45.23897816196775],[-73.1201832122631,45.23897483222498],[-73.12018572305432,45.23897149046355],[-73.12018820330282,45.238968137948575],[-73.1201906530086,45.23896477404755],[-73.12019307307,45.23896140002549],[-73.12019546169033,45.23895801398477],[-73.12019781976794,45.23895461845557],[-73.12020014820116,45.23895121090775],[-73.12020244519334,45.23894779450401],[-73.12020471074449,45.23894436734671],[-73.1202069448546,45.238940929435856],[-73.12020914932032,45.238937481404015],[-73.12021132234499,45.238934023883694],[-73.12021346303031,45.238930556242316],[-73.1202155731729,45.238927080377614],[-73.12021765097616,45.23892359312674],[-73.1202196982367,45.23892009828508],[-73.12022171405619,45.238916593322394],[-73.12022369663804,45.23891307887126],[-73.12022564867713,45.23890955746179],[-73.12022756927522,45.23890602529879],[-73.12022945663561,45.23890248491241],[-73.12023134399604,45.23889887810793],[-73.12023319722047,45.238895261182435],[-73.12023501810555,45.23889163729867],[-73.12023680485464,45.2388880039264],[-73.1202385592644,45.23888436296328],[-73.12024027863984,45.2388807144093],[-73.12024196567594,45.2388770569994],[-73.12024361947438,45.23887339199862],[-73.12024523823854,45.23886972003956],[-73.12024682376502,45.23886604112223],[-73.1202483751555,45.23886235398145],[-73.12024989330833,45.23885866114747],[-73.12025137732519,45.23885496009013],[-73.12025282720604,45.23885125333953],[-73.12025424205264,45.2388475389981],[-73.12025562366154,45.23884381896346],[-73.12025697113447,45.238840093235645],[-73.1202582844714,45.238836359916945],[-73.12025956277407,45.238832622170115],[-73.12026080694072,45.23882887683243],[-73.12026201697141,45.238825127066654],[-73.12026319286612,45.238821372240224],[-73.12026433372652,45.23881761108801],[-73.12026544045096,45.23881384614023],[-73.12026651214109,45.23881007486671],[-73.12026754879695,45.238806299165056],[-73.12026855131678,45.23880251903531],[-73.12026951880236,45.238798733844845],[-73.12027045215191,45.2387949442263],[-73.12027134867058,45.23879115081221],[-73.12027221284988,45.238787354235065],[-73.12027304109657,45.23878355196472],[-73.12027383430897,45.23877974716394],[-73.12027459248708,45.238775939200075],[-73.12027531473257,45.238772126808165],[-73.12027600374039,45.23876831125318],[-73.12027665681559,45.238764493167785],[-73.1202772748565,45.23876067191931],[-73.12027785786312,45.238756848140426],[-73.12027840493714,45.23875302119847],[-73.12027891787517,45.23874919235861],[-73.12027939488057,45.23874536098833],[-73.12027983775002,45.238741527087555],[-73.12028024468684,45.238737691921386],[-73.12028061569104,45.23873385485731],[-73.1202809534576,45.238730015895335],[-73.12028125439322,45.23872617630054],[-73.12028152029454,45.23872233417528],[-73.12028175026326,45.23871849204975],[-73.12028194609599,45.238714648026324],[-73.12028210509779,45.23871080400264],[-73.12028222996362,45.23870695934614],[-73.12028231889683,45.23870311279167],[-73.12028237279576,45.23869926686956],[-73.12028239166037,45.23869542094714],[-73.1202823754907,45.23869157502446],[-73.12028232338842,45.238687729101564],[-73.12028223625182,45.23868388317837],[-73.12028211318263,45.23868003788748],[-73.12028195507915,45.238676193861444],[-73.12028176104303,45.238672349835156],[-73.12028153287096,45.23866850707369],[-73.12028126876626,45.238664666209615],[-73.12028096872896,45.23866082534531],[-73.12028063545398,45.23865698701097],[-73.1202802653481,45.23865314930889],[-73.12027986020789,45.238649314136794],[-73.12027942003341,45.23864548022953],[-73.1202789439263,45.238641648852216],[-73.12027843278491,45.238637820004854],[-73.12027788660922,45.238633993054925],[-73.12027730629754,45.238630169267466],[-73.12027669005326,45.238626348010015],[-73.12027603877469,45.238622529282466],[-73.1202753524618,45.23861871435],[-73.12027463111464,45.238614901947535],[-73.12027387473316,45.23861109334011],[-73.12027308331739,45.23860728726264],[-73.12027225686735,45.23860348624535],[-73.12026583211642,45.23857556593431],[-73.1201965648215,45.23854179511093],[-73.12005752358182,45.23847389031709],[-73.1200590623959,45.23847179402808],[-73.1200606263628,45.23846970722735],[-73.12006221638086,45.23846762991484],[-73.12006383245006,45.238465563355696],[-73.1200654745704,45.23846350628483],[-73.12006714184356,45.23846145933477],[-73.12025292691905,45.23823560678788],[-73.12036812597277,45.23809556266513],[-73.12048332412817,45.23795551756461],[-73.12059852228359,45.23781547338411],[-73.12009483600546,45.23760865595339],[-73.12017574816142,45.23751017875865],[-73.12020993534618,45.237468571066245],[-73.1203250346869,45.237328486466374],[-73.12033164449078,45.23732044146259],[-73.12000934872975,45.237188254132356],[-73.11985345779031,45.23737799376749],[-73.11969756864747,45.23756773213653],[-73.11947464182825,45.2374784163336],[-73.11939392370839,45.23744634519813],[-73.11915456580431,45.237350596620615],[-73.11883006917087,45.237220754928174],[-73.11882902532851,45.23722204094188],[-73.11882795363837,45.2372233136716],[-73.1188268505072,45.23722457564758],[-73.11882571952825,45.23722582370704],[-73.1188245589049,45.23722705848254],[-73.11882337043379,45.23722828060659],[-73.11882215321657,45.23722948754893],[-73.11882090904992,45.23723068057477],[-73.11881963703546,45.23723185968401],[-73.11881833717325,45.23723302361158],[-73.1188170121582,45.2372341723575],[-73.1188156592954,45.237235305921665],[-73.11881428127974,45.23723642240647],[-73.11881287631464,45.23723752497474],[-73.11881144709501,45.23723860983107],[-73.11880999182425,45.23723967760795],[-73.1188085131973,45.23724072893807],[-73.11880701031583,45.23724176255617],[-73.11880548317986,45.237242779727495],[-73.11880393178934,45.23724377855427],[-73.1188023588393,45.23724475840397],[-73.11880076343134,45.237245720541736],[-73.11879914556552,45.23724666496753],[-73.11879750614013,45.23724758978362],[-73.11879584515516,45.23724849562267],[-73.11879416440726,45.23724938185207],[-73.11879246209982,45.2372502484718],[-73.11879074002941,45.23725109548183],[-73.11878899909438,45.23725192288225],[-73.11878723929475,45.237252729407864],[-73.11878545973217,45.23725351569127],[-73.1187836639999,45.237254281732454],[-73.11878185030135,45.237255026898815],[-73.11878001953481,45.23725574992531],[-73.11877817080195,45.237256452709524],[-73.11877630859436,45.23725713398639],[-73.11877442931879,45.2372577924908],[-73.11877253387354,45.23725842948782],[-73.11877062585188,45.23725904561008],[-73.11876870345718,45.23725963895984],[-73.1187667666894,45.2372602095371],[-73.11876481824356,45.23726075860702],[-73.11876285632299,45.237261283639285],[-73.11876088272432,45.23726178779678],[-73.11875889834585,45.237262267916634],[-73.11875690228929,45.237262724631464],[-73.11875489635125,45.23726315857383],[-73.11875288053174,45.23726356974366],[-73.1187508548308,45.23726395687588],[-73.11874882104497,45.237264320603025],[-73.11879650451858,45.237354120656974],[-73.11883274615042,45.2375902014948],[-73.11868011968868,45.23776683813646],[-73.11859254382995,45.237722916080855],[-73.11834762535426,45.23760008406245],[-73.1181640115068,45.23782672730851],[-73.11788141409485,45.23770636567722],[-73.117659496982,45.23761268539323],[-73.1172695580801,45.23805693033184],[-73.11708483211834,45.2379813418732],[-73.11728546365052,45.23775277119019],[-73.11684400996033,45.23755992627644],[-73.1168864427811,45.237900161467074],[-73.11681090255054,45.23786925005623],[-73.116763133737,45.23793048710908],[-73.11646991015353,45.23780990936104],[-73.1163347972466,45.23797485306209],[-73.11619866295518,45.23814104179353],[-73.11615869331493,45.238189834227924],[-73.11592998044696,45.238095588600046],[-73.11555420797707,45.23855416661558],[-73.11527599524202,45.23843949826339],[-73.11515588599694,45.23858051820239],[-73.11500577661468,45.23875676148075],[-73.11493976661096,45.23872955349933],[-73.11532373081789,45.23827873395478],[-73.11519059600121,45.238223860181506],[-73.11507284752872,45.23817532712541],[-73.11491565133716,45.23811053471929],[-73.11475482595183,45.23804424686675],[-73.11457557791667,45.237971346776014],[-73.1144616562673,45.23811116727886],[-73.11422611710148,45.23801537301211],[-73.11396853687187,45.23833150885059],[-73.11380032643658,45.238263095861505],[-73.11349756993133,45.2381399620149],[-73.11314432900541,45.23799629434807],[-73.1129018656254,45.23789781972287],[-73.11281628582321,45.23799685669465],[-73.11317521667814,45.23814264343341],[-73.11260978200401,45.23879326922876],[-73.11296281721575,45.23893169926095],[-73.11322408233465,45.239034154624754],[-73.11396937589834,45.23932584575193],[-73.11391622168465,45.23938494829199],[-73.1138225381803,45.23948911450326],[-73.11381337895766,45.23949929846415],[-73.1136117314309,45.239723509602925],[-73.1135666054609,45.23970355354441],[-73.11334644455445,45.24008733118688],[-73.11307072284767,45.240454021510665],[-73.11322368617762,45.24052386012071],[-73.1131194959777,45.240639557190185],[-73.11280692537797,45.24098664698511],[-73.11265419201673,45.240916913311125],[-73.11238407220404,45.24121685744711],[-73.11221345158887,45.24140016668496],[-73.11216990036559,45.24144695691739],[-73.1117423049853,45.24124659496859],[-73.11164544952968,45.24117925508983],[-73.11138979349138,45.24145763895495],[-73.11101441807689,45.24186638035051],[-73.1108032609845,45.24209651450865],[-73.11055328858703,45.242369757248504],[-73.11051719248228,45.242409212077156],[-73.11040547260365,45.242531329082816],[-73.11034803342608,45.24259411455486],[-73.11020981594152,45.24274519560757],[-73.10976985075976,45.24322582119474],[-73.11030305208484,45.24346918996817],[-73.11008283638115,45.243709977110406],[-73.10990519812698,45.243904208452435],[-73.11055736424346,45.2442018705995],[-73.11055045080904,45.24420942761034],[-73.11073102385924,45.244291895608114],[-73.11082178424567,45.24419271654573],[-73.11108524035556,45.24390481881017],[-73.11136759073082,45.24359627360376],[-73.111702603043,45.24321345070731],[-73.11295254947204,45.243787305535506],[-73.11315667904394,45.24355402458661],[-73.11190693922741,45.24297994855516],[-73.11197535491945,45.24290500927205],[-73.1125854601177,45.24318299063178],[-73.11282175925825,45.24292415649599],[-73.11351597730982,45.24315561968656],[-73.11493998220662,45.24353246459059],[-73.11643440334362,45.241892111799096],[-73.1174617211941,45.240764409896784],[-73.11764334167992,45.2405617203524],[-73.11780116489558,45.24062580975098],[-73.11795181506366,45.24068698437511],[-73.11809830333704,45.24074635242706],[-73.1182496802422,45.240808020926984],[-73.11864280726503,45.240968048142285],[-73.11859501689192,45.24102061180628],[-73.11875142076941,45.2410782387967],[-73.1189081660067,45.24113598907118],[-73.11893709355549,45.241104157830016],[-73.11927310569256,45.241241505675056],[-73.11952507145166,45.24134449957907],[-73.11974059166137,45.24143259422909],[-73.11953589525253,45.24165914944843],[-73.12003661170031,45.241863815490966],[-73.12043762682966,45.24141997097463],[-73.12021582110793,45.24132931015637],[-73.12043092270271,45.24109123152247],[-73.12065272662782,45.241181893353186],[-73.1213010012425,45.24144791329131],[-73.12136813593693,45.241475462165425],[-73.12143498227218,45.24139022974875]]]]}},{"type":"Feature","properties":{"zone_code":"P-4","prefix":"P","kind":"institutional","n_lots":11,"source":"t2-gcp-claude48-vision-multisheet","confidence":"contour-autogcp-multisheet"},"geometry":{"type":"MultiPolygon","coordinates":[[[[-73.12034036892881,45.222000190030236],[-73.11990694617727,45.22159571658934],[-73.11944022287814,45.22115849872228],[-73.10641037707428,45.228244174393346],[-73.10291067367802,45.23014676919438],[-73.10346524053384,45.230640990560985],[-73.10387097541168,45.23041897998523],[-73.10394808050746,45.23048658820469],[-73.10426861557052,45.23031101328913],[-73.10458708630505,45.23059591221963],[-73.10387602574022,45.23098499468596],[-73.10429398489244,45.231360710715016],[-73.1050632041854,45.230942771086255],[-73.10542299562637,45.231266189319044],[-73.10465377543511,45.23168413036534],[-73.10502491978463,45.232015326329744],[-73.10613775455522,45.23141068250769],[-73.10636921626796,45.231616878476835],[-73.10660577232667,45.23183428452506],[-73.10655530227908,45.23186167863783],[-73.10671470383465,45.23200342723953],[-73.10714562298149,45.23176953170338],[-73.10740793194279,45.2320107296588],[-73.1076703954143,45.23225206829855],[-73.10723964515073,45.232486125065414],[-73.10680889309052,45.232720178970496],[-73.10619352376469,45.23305454083329],[-73.10635292711692,45.23319628962298],[-73.1069682955444,45.23286192985936],[-73.10735290204678,45.232652947919185],[-73.10773750765087,45.232443965843174],[-73.10812211145829,45.23223498110085],[-73.1085067089775,45.23202599622263],[-73.10881820249722,45.232302979387114],[-73.10912245020586,45.232573516057265],[-73.10873785089,45.232782503983096],[-73.10855939606722,45.23287947425126],[-73.10871880480934,45.23302121968189],[-73.10964184352672,45.232519646439016],[-73.11009540381197,45.23293622699755],[-73.11040285221796,45.23276970293886],[-73.11087414614526,45.233202532260194],[-73.1105672223554,45.23336939223303],[-73.10964433724993,45.2338711053738],[-73.1087398262853,45.23436226735769],[-73.1089751417706,45.2345803265],[-73.10965620938474,45.23518573746199],[-73.11011106683726,45.23493533291139],[-73.11327810881247,45.23319035443562],[-73.11520166055058,45.23084969710912],[-73.11622361905208,45.22960604409626],[-73.11720864062575,45.228407280123],[-73.11601145315164,45.229057995872466],[-73.1169914199052,45.227855538179746],[-73.1173249868281,45.227447851268096],[-73.1171019099902,45.22735881881708],[-73.11721393349939,45.22722111664634],[-73.1166462674101,45.2269283877853],[-73.1165089868684,45.22706132593308],[-73.11617596432457,45.22668586176367],[-73.11596925928275,45.22657893317683],[-73.1157892593577,45.22648611525239],[-73.11543482726572,45.226303345671674],[-73.11586820869476,45.22588367449606],[-73.11630158563223,45.225464000222146],[-73.11673495628148,45.22504432538074],[-73.11716831884588,45.22462464870648],[-73.116918997727,45.22449608258853],[-73.11749090116949,45.2239422298998],[-73.11788277144925,45.22414430171962],[-73.11816871688227,45.223867373703406],[-73.11845466231532,45.223590444970924],[-73.11790286227058,45.22330590448148],[-73.1184325332166,45.22302189405904],[-73.11896220775589,45.222737887279614],[-73.11967980356441,45.22235317687202],[-73.12034036892881,45.222000190030236]]]]}},{"type":"Feature","properties":{"zone_code":"MXT-4","prefix":"MXT","kind":"unknown","n_lots":24,"source":"t2-gcp-claude48-vision-multisheet","confidence":"contour-autogcp-multisheet"},"geometry":{"type":"MultiPolygon","coordinates":[[[[-73.11750133510151,45.25781696434538],[-73.11689739504104,45.257563458616616],[-73.11690423661025,45.25754804272539],[-73.11691111051881,45.25753263378573],[-73.1169180167667,45.25751723179768],[-73.11692495625226,45.257501836761215],[-73.1169319280772,45.25748644994109],[-73.11693893134314,45.25747106944021],[-73.11694596784677,45.257455696523266],[-73.11695303668974,45.25744033182269],[-73.11696013787207,45.25742497470607],[-73.11696419825714,45.2574161010149],[-73.11696829277821,45.257407235542814],[-73.11697242053694,45.257398377657516],[-73.11697658153334,45.257389527991315],[-73.1169807757674,45.25738068591187],[-73.1169850023408,45.25737185141917],[-73.11698926394851,45.25736302577794],[-73.11699355789558,45.25735420772347],[-73.11699788508031,45.257345397888116],[-73.1170022455027,45.25733659563958],[-73.11700663826444,45.25732780161016],[-73.11701106606046,45.25731901643219],[-73.11701552439922,45.2573102394734],[-73.11702001687395,45.257301470733694],[-73.11702454258636,45.25729271084553],[-73.11702910153642,45.257283958544114],[-73.11703369282586,45.25727521572661],[-73.11703831645461,45.25726648176057],[-73.11704297332105,45.257257756013686],[-73.11704766432345,45.25724903848595],[-73.1170523867669,45.25724033044211],[-73.11705714244802,45.2572316318821],[-73.11706193046847,45.25722294090895],[-73.11706675172661,45.25721425941965],[-73.1170716053241,45.257205587414255],[-73.11707649215924,45.257196924892696],[-73.11708141043542,45.25718827059038],[-73.11708636194928,45.25717962640428],[-73.11709134580246,45.25717099043738],[-73.11709636199501,45.257162365851386],[-73.11710141052691,45.257153748852275],[-73.11710649139815,45.25714514196945],[-73.11711160550708,45.257136544570514],[-73.11711675195532,45.25712795665547],[-73.11712192984463,45.25711937885671],[-73.11712714097159,45.257110810541896],[-73.11713238264127,45.2571022529757],[-73.11713765844695,45.2570937036287],[-73.11714296569363,45.25708516566272],[-73.11714830438136,45.257076636548305],[-73.11715367540845,45.25706811755022],[-73.11715907877488,45.25705960993313],[-73.11716451448068,45.25705111179997],[-73.11716998162748,45.25704262378315],[-73.11717548111366,45.25703414588261],[-73.11718101204086,45.25702567873074],[-73.1171865744091,45.25701722169523],[-73.117192170015,45.25700877477602],[-73.11719779706195,45.25700033860548],[-73.1172034546516,45.256991913815995],[-73.11720914458061,45.2569834985105],[-73.11721486684898,45.256975094586025],[-73.11722061966006,45.25696670141028],[-73.11722640481048,45.256958318350875],[-73.11723222050364,45.25694994793721],[-73.11703424169647,45.256861689542745],[-73.11702020282522,45.25685575809212],[-73.1165837886838,45.25667220847714],[-73.11579331165795,45.25634273838623],[-73.11444790575524,45.255781954232496],[-73.11317099639295,45.25524969576035],[-73.1118880081311,45.25471487877044],[-73.11039629810966,45.254093565345144],[-73.1104864377602,45.253990900628295],[-73.11076080121427,45.25378892733746],[-73.11122042961931,45.25347660670568],[-73.11149243499575,45.253386545661996],[-73.11193764993203,45.25325936693647],[-73.11133063224342,45.25297300254304],[-73.11096390221519,45.2527594034511],[-73.10992295782015,45.2538964061251],[-73.1092816505388,45.25362459237235],[-73.10798833254954,45.25306895688094],[-73.10778745038739,45.25331067215412],[-73.10664775868474,45.25253539426999],[-73.10469139957415,45.25463041811214],[-73.10785903623407,45.25682420124672],[-73.10977011396615,45.25815051457014],[-73.10960408104711,45.25826984834299],[-73.10822118485433,45.257307331315054],[-73.10746831489955,45.257846877187944],[-73.1070933140825,45.25759331404952],[-73.10677133902007,45.258018999823015],[-73.1064321657115,45.25899130459321],[-73.10598216904296,45.25946909460355],[-73.11427801996196,45.265242514444374],[-73.11418486466701,45.266251622498196],[-73.11413109870061,45.26683401120574],[-73.11397865190197,45.268485306921285],[-73.11389509330917,45.26939036246749],[-73.11386249883739,45.26974339824442],[-73.1138062400461,45.270352718278865],[-73.11380083218809,45.2704048792237],[-73.11399442542003,45.270414886947975],[-73.11399983417635,45.2703627241157],[-73.11400617089237,45.270295339097906],[-73.11403162016437,45.270312424964],[-73.11408911863074,45.269689660597365],[-73.11412982129629,45.26924879628444],[-73.1148116174441,45.26920365437436],[-73.11471897868043,45.269139058573316],[-73.11500793436798,45.26873809815902],[-73.11470130522552,45.26862791753895],[-73.11484136605304,45.268264953969194],[-73.11425650261596,45.26787666608403],[-73.11440558612219,45.26626178016483],[-73.11454744358029,45.26472510104562],[-73.11452339298518,45.26470892142784],[-73.114545915546,45.26446501265699],[-73.11469019126882,45.263028796977125],[-73.11541301886555,45.26321579093865],[-73.11548992812861,45.26326478439917],[-73.11582905921635,45.26302598837996],[-73.11556086090008,45.26283603343852],[-73.11584127540591,45.26259955610882],[-73.11596507403185,45.26268771832919],[-73.11615360525715,45.26255568423444],[-73.11600306468353,45.262448479177614],[-73.11513653808237,45.26183138747856],[-73.11491538094424,45.26168080295955],[-73.11586435671883,45.26014321197379],[-73.11587017241196,45.26013375697821],[-73.1158759575624,45.26012429186406],[-73.1158817112718,45.26011481789592],[-73.11588743354015,45.260105333809165],[-73.11589312346916,45.2600958402361],[-73.11589878285547,45.26008633717673],[-73.1159044108007,45.260076825263326],[-73.1159100055083,45.260067303863664],[-73.11591556967316,45.260057772977625],[-73.1159211014987,45.2600482332376],[-73.11592660278149,45.26003868401122],[-73.11593207172493,45.260029125930814],[-73.11593750743071,45.26001955899642],[-73.1159429134921,45.260009981943334],[-73.11594828631581,45.26000039730086],[-73.1159536276985,45.25999080317199],[-73.11595893674183,45.25998120018913],[-73.11596421434413,45.259971588984484],[-73.11596945960707,45.259961968293496],[-73.11597448298613,45.25995269221328],[-73.11597947492417,45.25994340791145],[-73.11598443811612,45.25993411475565],[-73.11598937166364,45.259924815275205],[-73.11599427466847,45.25991550694074],[-73.11599914892719,45.259906191017016],[-73.11600399264321,45.259896868136195],[-73.11600880761314,45.25988753703378],[-73.11601359204035,45.2598781977097],[-73.11601834682314,45.259868850796245],[-73.11602307196154,45.25985949692579],[-73.11602776655722,45.259850136098315],[-73.11603243150847,45.25984076704913],[-73.11603706681535,45.25983139104293],[-73.11665074461348,45.26008969603322],[-73.11699199303035,45.25959954875251],[-73.11689464799291,45.25955857627988],[-73.11625473399857,45.25928922597252],[-73.11630951865449,45.25913436461726],[-73.11675130472135,45.259317944212874],[-73.11712957810096,45.25886488709653],[-73.11682812055959,45.25873958664525],[-73.11706576268148,45.25845722599657],[-73.11715596701073,45.2584950673207],[-73.11736429530826,45.25824753386532],[-73.11719706762993,45.25817737242121],[-73.11750133510151,45.25781696434538]]]]}},{"type":"Feature","properties":{"zone_code":"R-11","prefix":"R","kind":"residential","n_lots":6,"source":"t2-gcp-claude48-vision-multisheet","confidence":"contour-autogcp-multisheet"},"geometry":{"type":"MultiPolygon","coordinates":[[[[-73.11993154115143,45.22089699339392],[-73.11383814910332,45.214504606555465],[-73.11222724701669,45.21451095945818],[-73.11203782645926,45.21451170555557],[-73.11199984209578,45.214477916636085],[-73.09615440310365,45.22319646204552],[-73.09639888230318,45.22341931767703],[-73.0961477465874,45.223547016237816],[-73.0963550912297,45.22373512028143],[-73.09749155618385,45.2231094830935],[-73.09797374757385,45.22353930082933],[-73.09644292849818,45.22438203060348],[-73.0968214013038,45.22471939753358],[-73.09683659810345,45.22471088380579],[-73.09738991630103,45.22520409772114],[-73.09800779551973,45.22487213445398],[-73.0986540884509,45.2254481479132],[-73.09805130362389,45.22577156008205],[-73.09834663734998,45.22603480883797],[-73.09879678224053,45.226436044226524],[-73.09934776841162,45.22613263273303],[-73.09982998315782,45.22656244089844],[-73.09974120175997,45.22661132995261],[-73.10020412967702,45.227023936912744],[-73.09973586666551,45.227281897623016],[-73.1001835043581,45.22768087821054],[-73.10019702669807,45.22769292941513],[-73.1006567799689,45.227440574835086],[-73.10105460338406,45.22779514691119],[-73.10059484921491,45.22804750371316],[-73.10106261366144,45.22846440807792],[-73.10147807280227,45.22823879860129],[-73.10423491976421,45.226741635602316],[-73.11759365047166,45.21948483409201],[-73.11851750485933,45.220322198070654],[-73.11944022287814,45.22115849872228],[-73.11993154115143,45.22089699339392]]]]}},{"type":"Feature","properties":{"zone_code":"R-12","prefix":"R","kind":"residential","n_lots":3,"source":"t2-gcp-claude48-vision-multisheet","confidence":"contour-autogcp-multisheet"},"geometry":{"type":"MultiPolygon","coordinates":[[[[-73.10105460338406,45.22779514691119],[-73.1006567799689,45.227440574835086],[-73.10019702669807,45.22769292941513],[-73.10059484921491,45.22804750371316],[-73.10105460338406,45.22779514691119]]],[[[-73.10020412967702,45.227023936912744],[-73.09974120175997,45.22661132995261],[-73.09982998315782,45.22656244089844],[-73.09934776841162,45.22613263273303],[-73.09879678224053,45.226436044226524],[-73.0992789951901,45.22686585389395],[-73.09950396926985,45.227066376637644],[-73.09972092139412,45.22726857654204],[-73.09973586666551,45.227281897623016],[-73.10020412967702,45.227023936912744]]]]}},{"type":"Feature","properties":{"zone_code":"R-13","prefix":"R","kind":"residential","n_lots":26,"source":"t2-gcp-claude48-vision-multisheet","confidence":"contour-autogcp-multisheet"},"geometry":{"type":"MultiPolygon","coordinates":[[[[-73.10912245020586,45.232573516057265],[-73.10881820249722,45.232302979387114],[-73.1085067089775,45.23202599622263],[-73.10812211145829,45.23223498110085],[-73.10773750765087,45.232443965843174],[-73.10735290204678,45.232652947919185],[-73.1069682955444,45.23286192985936],[-73.10727978906412,45.23313891780643],[-73.10766439736314,45.232929934986956],[-73.1080490029672,45.232720951398946],[-73.10843360407969,45.2325119657773],[-73.10873785089,45.232782503983096],[-73.10912245020586,45.232573516057265]]],[[[-73.1076703954143,45.23225206829855],[-73.10740793194279,45.2320107296588],[-73.10714562298149,45.23176953170338],[-73.10671470383465,45.23200342723953],[-73.10655530227908,45.23186167863783],[-73.10660577232667,45.23183428452506],[-73.10636921626796,45.231616878476835],[-73.10613775455522,45.23141068250769],[-73.10502491978463,45.232015326329744],[-73.10465377543511,45.23168413036534],[-73.10542299562637,45.231266189319044],[-73.1050632041854,45.230942771086255],[-73.10429398489244,45.231360710715016],[-73.10387602574022,45.23098499468596],[-73.10458708630505,45.23059591221963],[-73.10426861557052,45.23031101328913],[-73.10394808050746,45.23048658820469],[-73.10387097541168,45.23041897998523],[-73.10346524053384,45.230640990560985],[-73.10291067367802,45.23014676919438],[-73.10641037707428,45.228244174393346],[-73.10585819344892,45.22773428739894],[-73.10545228878946,45.2274220867059],[-73.10423491976421,45.226741635602316],[-73.10147807280227,45.22823879860129],[-73.10106261366144,45.22846440807792],[-73.10059484921491,45.22804750371316],[-73.10019702669807,45.22769292941513],[-73.1001835043581,45.22768087821054],[-73.09973586666551,45.227281897623016],[-73.09972092139412,45.22726857654204],[-73.09950396926985,45.227066376637644],[-73.0992789951901,45.22686585389395],[-73.09897487234728,45.227036239431705],[-73.09957829767309,45.227574076132804],[-73.09986766928061,45.22783198879398],[-73.10015894351992,45.22809159521077],[-73.10017415109935,45.228083075028664],[-73.10031988388958,45.22821296164063],[-73.09983115545927,45.228483670884785],[-73.10029652409894,45.22889843744858],[-73.10018961380035,45.228957655855965],[-73.10067307001826,45.229386779636535],[-73.10099948904643,45.2290764018564],[-73.10115659001659,45.228958677604176],[-73.10113865245698,45.22894269088017],[-73.10115385913811,45.22893417082559],[-73.10128278444937,45.2290490715652],[-73.10139499301152,45.22914907547821],[-73.10137978453376,45.22915759550058],[-73.10173120816786,45.22947080840042],[-73.10259488710956,45.23024056237719],[-73.10058812712164,45.23134890575033],[-73.10063559859283,45.23139121445398],[-73.10188699490274,45.23070007176744],[-73.10201631906598,45.230820029430525],[-73.1022796889376,45.23067826395916],[-73.10252378725146,45.230715818858535],[-73.10299466525876,45.23113547460302],[-73.10336575660769,45.23092757635236],[-73.10401874378434,45.23151274022082],[-73.1027456396856,45.232209798193296],[-73.10288782952036,45.23282568463291],[-73.10449846121406,45.23194396085211],[-73.10638548745271,45.233622050080115],[-73.10678661307483,45.233978745841185],[-73.10685453828673,45.23403914572217],[-73.1071280725958,45.23388557625143],[-73.10696866385369,45.233743826650525],[-73.10666441884,45.23347328289913],[-73.10635292711692,45.23319628962298],[-73.10619352376469,45.23305454083329],[-73.10680889309052,45.232720178970496],[-73.10723964515073,45.232486125065414],[-73.1076703954143,45.23225206829855]]]]}},{"type":"Feature","properties":{"zone_code":"R-14","prefix":"R","kind":"residential","n_lots":11,"source":"t2-gcp-claude48-vision-multisheet","confidence":"contour-autogcp-multisheet"},"geometry":{"type":"MultiPolygon","coordinates":[[[[-73.10638548745271,45.233622050080115],[-73.10449846121406,45.23194396085211],[-73.10288782952036,45.23282568463291],[-73.1027456396856,45.232209798193296],[-73.10401874378434,45.23151274022082],[-73.10336575660769,45.23092757635236],[-73.10299466525876,45.23113547460302],[-73.10252378725146,45.230715818858535],[-73.1022796889376,45.23067826395916],[-73.10201631906598,45.230820029430525],[-73.10188699490274,45.23070007176744],[-73.10063559859283,45.23139121445398],[-73.10058812712164,45.23134890575033],[-73.10259488710956,45.23024056237719],[-73.10173120816786,45.22947080840042],[-73.10137978453376,45.22915759550058],[-73.10139499301152,45.22914907547821],[-73.10128278444937,45.2290490715652],[-73.10115385913811,45.22893417082559],[-73.10113865245698,45.22894269088017],[-73.10115659001659,45.228958677604176],[-73.10099948904643,45.2290764018564],[-73.10067307001826,45.229386779636535],[-73.10018961380035,45.228957655855965],[-73.08423415633874,45.23779289594659],[-73.08515298105911,45.238615383321076],[-73.08588343265765,45.239269225896074],[-73.0860682331796,45.23943447341031],[-73.08622443313952,45.23957414735801],[-73.08471318565894,45.24086819975448],[-73.08582765536335,45.24164060142739],[-73.0858150573898,45.24164967366474],[-73.08656092857022,45.242158068322965],[-73.08661677144154,45.24219613176769],[-73.08645486897619,45.2423144560525],[-73.08603581118436,45.24202882332586],[-73.08599978694484,45.242576795805654],[-73.08641950859166,45.24286200832293],[-73.0864019671891,45.2431336231118],[-73.08696367654976,45.24316019458339],[-73.08695486228018,45.243242235900155],[-73.08727478918378,45.243618394601526],[-73.08768413978066,45.243152310428684],[-73.08971218804419,45.24453451917115],[-73.08993298855114,45.244684998629026],[-73.09066456663705,45.24518357279326],[-73.09095700958454,45.245382870310664],[-73.09127327585335,45.24560090993072],[-73.0922654201689,45.24628489716459],[-73.0943914970878,45.24775054127318],[-73.09455419995207,45.247632750084776],[-73.09386401803107,45.24715697669095],[-73.09707378837277,45.24480075173826],[-73.10060044212587,45.24228014475509],[-73.09865941815548,45.240581022703914],[-73.09650803569504,45.24176795164871],[-73.09657455324687,45.241442304082305],[-73.09685773995366,45.241251228843986],[-73.09700917794426,45.24047436504849],[-73.09694574430878,45.24012394118356],[-73.09070849694939,45.24353075810773],[-73.08976086056292,45.242704799839686],[-73.10638548745271,45.233622050080115]],[[-73.0949130436704,45.24553615571879],[-73.09439241786097,45.24589362041205],[-73.0942270281357,45.24577341374874],[-73.09303959816222,45.24658865075917],[-73.09297013503456,45.24654076427107],[-73.09415937421504,45.245724254666605],[-73.09380844734928,45.245469195351134],[-73.09440104617929,45.245062314707056],[-73.0949130436704,45.24553615571879]]]]}},{"type":"Feature","properties":{"zone_code":"R-15","prefix":"R","kind":"residential","n_lots":7,"source":"t2-gcp-claude48-vision-multisheet","confidence":"contour-autogcp-multisheet"},"geometry":{"type":"MultiPolygon","coordinates":[[[[-73.087917628991,45.217128314596266],[-73.08779490025857,45.217017958536665],[-73.08735182151604,45.21661950743519],[-73.08685925817775,45.21689310111813],[-73.08632229560658,45.21647030721318],[-73.08685617336307,45.21617377363128],[-73.08594681149589,45.21535604992396],[-73.08508280646575,45.21582584505764],[-73.06935978718559,45.224558110387655],[-73.07006466374798,45.22518276612799],[-73.0702831510931,45.225376383812964],[-73.07121755709207,45.226204408532375],[-73.07215759103629,45.22703739028178],[-73.08775125022059,45.21840353595662],[-73.08694745836561,45.21768087380623],[-73.087917628991,45.217128314596266]]],[[[-73.07902237001214,45.23314609545466],[-73.07865668741954,45.232822438035235],[-73.07761105831031,45.23189694706765],[-73.07679587402087,45.23116912709644],[-73.07492659849224,45.22950008959813],[-73.07400334238257,45.228675686175386],[-73.07005748441225,45.23084753221366],[-73.07001482970762,45.23087100886174],[-73.0682587266334,45.22965830194411],[-73.06824358912257,45.229826743829705],[-73.06824179159368,45.229846750805784],[-73.06912460285432,45.23045639271085],[-73.06881141241703,45.23068433732486],[-73.06837699163721,45.235467740002626],[-73.06901243291973,45.23549654809746],[-73.06944972651183,45.23068090713862],[-73.07068691596552,45.23153522525857],[-73.07324867040732,45.23325140737925],[-73.07365583091156,45.233536611671326],[-73.07501789427458,45.234490664397626],[-73.0754101265754,45.23475365262929],[-73.07719420318755,45.23594980871522],[-73.07737052091827,45.23581852342578],[-73.07636499080665,45.23514436718756],[-73.07902237001214,45.23314609545466]],[[-73.07648912540249,45.23466052100059],[-73.07609358640312,45.23496240100839],[-73.07553046129759,45.23458484009267],[-73.07592599939866,45.23428296124227],[-73.07648912540249,45.23466052100059]]]]}},{"type":"Feature","properties":{"zone_code":"AI-1","prefix":"AI","kind":"unknown","n_lots":7,"source":"t2-gcp-claude48-vision-multisheet","confidence":"contour-autogcp-multisheet"},"geometry":{"type":"MultiPolygon","coordinates":[[[[-73.08374128038675,45.2125328955424],[-73.0831730348841,45.21202184557883],[-73.08281770627346,45.2122180325137],[-73.0833859508778,45.212729083245684],[-73.08374128038675,45.2125328955424]]],[[[-73.08245350410445,45.211890480338674],[-73.08162849134753,45.211148473071056],[-73.08150725741173,45.211040857718665],[-73.08020501196516,45.20988487881779],[-73.08047693110335,45.20973439580863],[-73.08023525285088,45.20951985698036],[-73.07996333550932,45.20967033992429],[-73.07963079086925,45.20937513157518],[-73.07870354444309,45.208551976125044],[-73.07682164848302,45.20688123978313],[-73.07748913716331,45.206510953734664],[-73.07706623817532,45.20613549182546],[-73.0763987827327,45.20650580373567],[-73.07588263502495,45.206047539932044],[-73.07575215922151,45.20593169522704],[-73.07641829953056,45.20562374006504],[-73.07603426615333,45.20526858413465],[-73.07584457699963,45.20537312806906],[-73.0753821215964,45.20497088768454],[-73.07494364941465,45.205213832292706],[-73.07472075493477,45.205337329881964],[-73.0582430115771,45.21457950988438],[-73.06198156083774,45.21791081166645],[-73.07847888118042,45.20867392855136],[-73.0814066398117,45.21127294250339],[-73.082230804559,45.21201419378989],[-73.08245350410445,45.211890480338674]]]]}},{"type":"Feature","properties":{"zone_code":"R-16","prefix":"R","kind":"residential","n_lots":2,"source":"t2-gcp-claude48-vision-multisheet","confidence":"contour-autogcp-multisheet"},"geometry":{"type":"MultiPolygon","coordinates":[[[[-73.08548395993564,45.21493982968965],[-73.08362860919223,45.21327131808441],[-73.082230804559,45.21201419378989],[-73.0814066398117,45.21127294250339],[-73.07847888118042,45.20867392855136],[-73.06198156083774,45.21791081166645],[-73.0670631543302,45.22248921219307],[-73.06935978718559,45.224558110387655],[-73.08508280646575,45.21582584505764],[-73.08462691235736,45.215415943094705],[-73.08548395993564,45.21493982968965]]]]}}]}