{"type":"FeatureCollection","crs":{"type":"name","properties":{"name":"urn:ogc:def:crs:OGC:1.3:CRS84"}},"features":[{"type":"Feature","properties":{"zone_code":"12-Af","prefix":"","kind":"unknown","n_lots":1,"source":"t2-gcp-claude48-vision-multisheet","confidence":"contour-autogcp-multisheet"},"geometry":{"type":"MultiPolygon","coordinates":[[[[-72.45475771065385,46.776947776887546],[-72.45443583530441,46.776863448547736],[-72.45421524410492,46.77680565445338],[-72.45445200587784,46.77747771959632],[-72.4545249014682,46.777351354397474],[-72.45475771065385,46.776947776887546]]]]}},{"type":"Feature","properties":{"zone_code":"1-Aa","prefix":"","kind":"unknown","n_lots":8,"source":"t2-gcp-claude48-vision-multisheet","confidence":"contour-autogcp-multisheet"},"geometry":{"type":"MultiPolygon","coordinates":[[[[-72.47495595072824,46.75826682460723],[-72.46449662422843,46.75092036532833],[-72.46448093784693,46.75109478477586],[-72.46446261041852,46.75123138758012],[-72.46442637327827,46.7512876180609],[-72.46442563935467,46.751458727425955],[-72.4643037415639,46.75176118879538],[-72.46425399825333,46.751796112931295],[-72.46427822401992,46.75215584153874],[-72.46442466198765,46.75232170237881],[-72.46458868986696,46.752444122590795],[-72.46461915712813,46.75254065107743],[-72.46471610780516,46.752603230106196],[-72.4648295272963,46.752743288694894],[-72.46488509528315,46.75284169077593],[-72.46488756744682,46.752900122985196],[-72.46483048400208,46.75300573015819],[-72.46480521079988,46.75313795147991],[-72.46482253031857,46.75323353889593],[-72.46484066999908,46.75328635387563],[-72.4648002053871,46.753395470326325],[-72.4647831778209,46.75347587054924],[-72.46479552157123,46.753518761451375],[-72.46479454420421,46.75363228172692],[-72.4647306093088,46.7538455966609],[-72.46471988432262,46.75396807741967],[-72.46469158559454,46.75407065503327],[-72.46471290441286,46.75420741277695],[-72.46471905966918,46.75438598948381],[-72.46468924997481,46.75444248316726],[-72.46470871287374,46.7544887293986],[-72.46473262961987,46.754739861971544],[-72.46472590303502,46.75484099118129],[-72.46472698730157,46.75501409133369],[-72.46470501630634,46.75506127810144],[-72.46471569817339,46.75510349628358],[-72.46466676604156,46.75525837457424],[-72.46475928263435,46.75542769637943],[-72.46473547188943,46.755572497645694],[-72.46467441250124,46.75561273676764],[-72.4646647349507,46.755672121143874],[-72.46468231228585,46.75573089554881],[-72.46464380869615,46.75582721135932],[-72.4646457041414,46.75604060930587],[-72.46460414178814,46.75621073180164],[-72.46457876887294,46.75641041198358],[-72.46457990164852,46.75647623725387],[-72.4645058211803,46.75671907744429],[-72.46452271669418,46.75683687438716],[-72.46447861929519,46.75701417151709],[-72.46443343673134,46.75712317764314],[-72.46438795323186,46.75737285968817],[-72.4643584085405,46.75747789436698],[-72.46435766563376,46.757579076288216],[-72.46434053026971,46.75766950166148],[-72.46425140212217,46.75800903794595],[-72.46420451725086,46.75807383166885],[-72.46417083132602,46.758123657745074],[-72.46414033711538,46.758245946617414],[-72.4640336972097,46.75843851430365],[-72.46386277835386,46.758612194926265],[-72.46386956332917,46.7586953474848],[-72.46400873931614,46.75899112553007],[-72.46404298848468,46.7591403395283],[-72.46408748922723,46.75925427259095],[-72.46411828257685,46.759312075673705],[-72.46423886164081,46.75949060961763],[-72.4642659215921,46.759577728926146],[-72.46442504017838,46.75977003215451],[-72.46445701571093,46.75990063315437],[-72.46471107723957,46.76033599050892],[-72.46482144425539,46.76047388190223],[-72.4648702748776,46.760624379188044],[-72.46497007770564,46.76073794234157],[-72.46504714597053,46.7609252844984],[-72.4651021048996,46.76097781686256],[-72.46516254265359,46.761174056620405],[-72.46522204166814,46.76126909255395],[-72.46538165253119,46.761465195867416],[-72.46547463355299,46.76171348181048],[-72.46553887657052,46.76182391040814],[-72.46561182695811,46.76188254272068],[-72.4656784181718,46.762004746755544],[-72.46586454370879,46.7621704505165],[-72.46587745699101,46.76224833493571],[-72.46598802073785,46.762384368558955],[-72.46609413333248,46.762484305608155],[-72.46627253605295,46.762731242897665],[-72.46636857853323,46.76281977661087],[-72.46641821224932,46.76291425396878],[-72.46644413313683,46.7630113452178],[-72.46657873759733,46.76318153000984],[-72.46666894462153,46.763312207659716],[-72.46672325227202,46.763371601396],[-72.46676504818727,46.76339177404621],[-72.46694212768931,46.7636005207187],[-72.4669966760883,46.763707061335424],[-72.46698830109493,46.76382222406123],[-72.46697979045592,46.76394445507929],[-72.46680886351524,46.76411329423182],[-72.46674652223115,46.764198981534584],[-72.46641845120118,46.76435367492319],[-72.46622955795482,46.76443963321095],[-72.46610974515379,46.76446400150004],[-72.46592016110297,46.764478547642234],[-72.46581316546441,46.764532018018684],[-72.4657305213566,46.76460338315122],[-72.46570747238304,46.76466175522547],[-72.46570522569652,46.764663849237316],[-72.46621350595899,46.76479287848404],[-72.46697330372126,46.76422589747278],[-72.46859739397456,46.76301390019968],[-72.47022139170139,46.76180186642919],[-72.47118173924913,46.76108512758794],[-72.47180740506475,46.76061815760476],[-72.47181363488123,46.76061350772464],[-72.47340695334448,46.75942425447551],[-72.47486977174978,46.758332341748435],[-72.47495595072824,46.75826682460723]]],[[[-72.46694860993242,46.76376104260539],[-72.46691654007677,46.76363498735768],[-72.46676344199953,46.76345740987304],[-72.46663279551618,46.76335415846566],[-72.46662142464132,46.763336360468074],[-72.46651578006896,46.76318541354542],[-72.46635540384128,46.76297253126142],[-72.46630242120582,46.76283049071136],[-72.46622075715997,46.762755021209436],[-72.46614424405398,46.762641322619466],[-72.46598364953569,46.76243998188022],[-72.46585919334295,46.762336786982964],[-72.46579510483565,46.762174595657804],[-72.46561660060553,46.76203141825624],[-72.46557001756815,46.761924672483],[-72.46549428689477,46.76186262303978],[-72.4654045164518,46.761702629028136],[-72.4653316954216,46.761488715663354],[-72.4652417183661,46.76138582971106],[-72.4651846645658,46.76129838409712],[-72.46511125424077,46.761181115675306],[-72.46504517955836,46.76103044948313],[-72.46497681327367,46.76095327715024],[-72.46490408656658,46.760780676693805],[-72.46480831897077,46.76065708218108],[-72.46475238806455,46.76048463523882],[-72.46467479967515,46.76038125444032],[-72.46459145488139,46.7602553402097],[-72.46455663528266,46.760180902808735],[-72.46439594823791,46.75993885054273],[-72.4643664313943,46.75981828493522],[-72.46421019011188,46.75957505870125],[-72.46417535703843,46.75950122714665],[-72.46403766686493,46.759291836878475],[-72.46297842378755,46.75902589728289],[-72.45788355229686,46.757746598692925],[-72.45271747404857,46.756449165431086],[-72.45357964202397,46.75835328986208],[-72.45443753222199,46.760247820103906],[-72.45450790624133,46.76040322576893],[-72.45451189206626,46.760411985866796],[-72.45451591292546,46.760420737963145],[-72.45451996792066,46.76042948205795],[-72.45452405884846,46.76043821938205],[-72.45452818391226,46.7604469480893],[-72.454532343112,46.76045566941041],[-72.45453653824438,46.76046438211464],[-72.45454076751277,46.760473088048165],[-72.4545450318154,46.76048178536482],[-72.45454932935573,46.76049047406459],[-72.45455366282866,46.76049915537829],[-72.45455803043755,46.760507828690514],[-72.45456243308077,46.76051649338587],[-72.45456686896163,46.76052515069517],[-72.45457133987681,46.76053379877221],[-72.45457584492797,46.760542438847786],[-72.45458038501341,46.76055106846035],[-72.45458496013316,46.760559691917635],[-72.45458956669393,46.76056830552732],[-72.45459421098394,46.760576910520165],[-72.45459888851163,46.76058550751157],[-72.45460359927698,46.760594095886155],[-72.45460834417831,46.76060267379775],[-72.45461312501224,46.76061124370793],[-72.45461793818555,46.760619805001326],[-72.4546227845965,46.76062835583172],[-72.4546276678384,46.7606368992761],[-72.45463258341962,46.76064543287287],[-72.45463753313682,46.76065395600669],[-72.45464251609172,46.76066247113911],[-72.4546475340809,46.760670977039396],[-72.45465258620605,46.76067947247673],[-72.45465767067057,46.76068795806649],[-72.45466278927107,46.760696436270266],[-72.45466794200753,46.76070490339572],[-72.45467312887997,46.760713360673606],[-72.45467834899009,46.76072180871937],[-72.45468360323619,46.76073024568682],[-72.45468888982163,46.760738673422175],[-72.45469421054307,46.76074709130997],[-72.45469956450215,46.76075549873487],[-72.45470495259723,46.760763896927635],[-72.45471037392997,46.76077228465755],[-72.45471582760206,46.760780661924535],[-72.4547213145118,46.760789028728645],[-72.45472683645586,46.76079738568524],[-72.45473239163758,46.7608057327944],[-72.45473798005696,46.76081406820987],[-72.45474359991738,46.76082239316252],[-72.45474925391377,46.76083070826767],[-72.45475494114784,46.76083901229456],[-72.45476066161957,46.760847305858626],[-72.45476641443065,46.76085558711366],[-72.4547722004794,46.76086385913664],[-72.45477801976581,46.76087212008141],[-72.45478387049326,46.760880369332604],[-72.45478975535669,46.760888608120936],[-72.45479567255944,46.76089683644645],[-72.45480162299988,46.76090505246301],[-72.454807606678,46.760913258632115],[-72.45481362179714,46.76092145249229],[-72.45481966835732,46.76092963588966],[-72.4548257499518,46.76093780574727],[-72.45483186298732,46.760945965757536],[-72.45483800836216,46.760954114689575],[-72.4548441869747,46.76096225069732],[-72.45485039702825,46.76097037562693],[-72.45485664031948,46.760978488862946],[-72.45486291595005,46.76098659102086],[-72.45486922302165,46.76099468086982],[-72.45487556243262,46.76100275779451],[-72.45488193328463,46.76101082425645],[-72.45488833737427,46.76101887840947],[-72.45489477380328,46.76102692025362],[-72.45490124167333,46.761034949173514],[-72.45490774098441,46.761042967015285],[-72.45491427173653,46.76105097254816],[-72.4549208357263,46.761058965156785],[-72.45492743205544,46.76106694545657],[-72.4549340589273,46.76107491467826],[-72.45494071634187,46.76108286974493],[-72.4549474069941,46.76109081250272],[-72.45495412818904,46.761098743567096],[-72.45496088262168,46.76110666047647],[-72.45496766759702,46.761114565692374],[-72.4549744849117,46.761122457984136],[-72.45498133276912,46.761130337967],[-72.45498821116925,46.76113820379493],[-72.45499512280705,46.761146056698685],[-72.45500206319093,46.761153897909004],[-72.45500903681248,46.76116172619515],[-72.45501604187507,46.76116954032634],[-72.45502307658205,46.76117734091799],[-72.45503014183176,46.761185129200825],[-72.45503723852251,46.76119290332877],[-72.45504436755262,46.76120066453258],[-72.4550515262271,46.76120841219681],[-72.45505871634262,46.76121614632155],[-72.45506593789922,46.761223866291395],[-72.45507318730355,46.76123157333707],[-72.45508047174218,46.761239267458635],[-72.45508778313028,46.761246947425356],[-72.4550951250611,46.761254612621784],[-72.45510250022959,46.761262265509515],[-72.45510990324583,46.76126990362699],[-72.45511733770313,46.76127752758958],[-72.45512480360145,46.761285138012695],[-72.45513229734756,46.76129273366563],[-72.45513982433133,46.76130031577904],[-72.45514737916287,46.76130788373766],[-72.45515496453712,46.76131543692609],[-72.4551625804541,46.761322977190424],[-72.45517022511716,46.76133050206915],[-72.45517790122126,46.76133801217776],[-72.4551856078681,46.761345508131505],[-72.45519334236269,46.76135299054588],[-72.45520110739999,46.76136045757467],[-72.45520890208174,46.76136790921792],[-72.45521672550953,46.76137534732177],[-72.45522458037838,46.76138277065545],[-72.455232463095,46.76139017860361],[-72.45524037635434,46.76139757178161],[-72.45524831925809,46.76140495080489],[-72.45525629180622,46.761412313827236],[-72.45526429220214,46.76141966269488],[-72.45527232134415,46.76142699494624],[-72.4552803810289,46.76143431365826],[-72.45528847035803,46.76144161575403],[-72.45529658753493,46.76144890492584],[-72.45530473435623,46.761456176866034],[-72.45531290902532,46.76146343403616],[-72.45532111423714,46.7614706752054],[-72.4553293463984,46.76147790221998],[-72.45533760910239,46.76148511261835],[-72.45534589965412,46.76149230824664],[-72.45535421895198,46.7614994884895],[-72.45536256609759,46.761506651500824],[-72.45537094378594,46.76151380035743],[-72.45537934752542,46.76152093259789],[-72.4553877809093,46.76152804945291],[-72.45539624214096,46.76153514969182],[-72.4554047312204,46.76154223454529],[-72.45541324904593,46.76154930401338],[-72.45542179561753,46.76155635624993],[-72.45543036913861,46.76156339310112],[-72.45543897050746,46.76157041395156],[-72.45544760062239,46.76157741818587],[-72.45545625858509,46.76158440641945],[-72.45546494349728,46.761591378036904],[-72.45547365715554,46.76159833303824],[-72.45548239866156,46.761605272654265],[-72.45549116711703,46.76161219442345],[-72.4554999634203,46.76161910019189],[-72.4555087848764,46.76162599057502],[-72.45551763687521,46.76163286249595],[-72.45552651492517,46.76163971841619],[-72.4555354217212,46.76164655895111],[-72.45554435367006,46.76165338163922],[-72.45555331346672,46.76166018709594],[-72.45556230021282,46.76166697593657],[-72.45557131301005,46.7616737481612],[-72.4555803554517,46.761680503769796],[-72.45558942304619,46.76168724091621],[-72.45559851759013,46.76169396329275],[-72.45560763818521,46.76170066597644],[-72.45561678752638,46.76170735327485],[-72.45562596112205,46.761714022111136],[-72.45563516166719,46.76172067433137],[-72.4556443900601,46.761727309320335],[-72.45565364360584,46.76173392646253],[-72.45566292320274,46.76174052637337],[-72.45567223064738,46.761747109668235],[-72.45568156234656,46.76175367450106],[-72.4556909209952,46.76176022271789],[-72.45570030659329,46.761766751857266],[-72.45570971644588,46.761773264996116],[-72.45571915324794,46.7617797590575],[-72.45572861610115,46.761786235272204],[-72.45573810410717,46.761792694255604],[-72.45574761816435,46.76179913539235],[-72.45575715647603,46.761805558067074],[-72.4557667226355,46.76181196351051],[-72.45577631215114,46.761818350491914],[-72.45578592861627,46.76182471962666],[-72.4557955693359,46.76183107029945],[-72.45580523520836,46.7618374025102],[-72.45581492803028,46.76184371748968],[-72.4558246451067,46.76185001462258],[-72.45583438733597,46.76185629206277],[-72.4558441520231,46.76186255165633],[-72.45585394545633,46.76186879278788],[-72.45586376134743,46.761875016688236],[-72.4558736032897,46.76188122089593],[-72.45588346858813,46.761887407257014],[-72.45589335903941,46.76189357392539],[-72.4559032728469,46.76189972336261],[-72.45591321360384,46.76190585310708],[-72.45592317681863,46.76191196315896],[-72.45593316518628,46.76191805659499],[-72.45594317780845,46.76192413033835],[-72.45595321288849,46.76193018438909],[-72.45596327401965,46.76193622059331],[-72.45597335940536,46.76194223772022],[-72.45598346724893,46.761948237000624],[-72.45599360024534,46.76195421597306],[-72.45600375480132,46.7619601758682],[-72.45601393630675,46.761966116686125],[-72.45602413937172,46.76197203781144],[-72.45603436579293,46.76197793985952],[-72.45604461646863,46.76198382406109],[-72.45605488960223,46.761989687954724],[-72.45606518699034,46.76199553215575],[-72.45607550683631,46.76200135727962],[-72.45608585093682,46.76200716271086],[-72.4560962183935,46.76201294968033],[-72.45610660740977,46.76201871572647],[-72.45611701888392,46.76202446392619],[-72.45612745551087,46.76203019181796],[-72.45613791279911,46.762035898786465],[-72.45614839434184,46.76204158790852],[-72.45615889834247,46.76204725610736],[-72.45616942300433,46.762052905229],[-72.4561799710224,46.76205853404277],[-72.45619054329497,46.762064143164025],[-72.4562011362288,46.76206973197739],[-72.45621174982388,46.76207530109827],[-72.4562223894701,46.76208085052666],[-72.45623304708263,46.76208637964721],[-72.456243729848,46.762091889690645],[-72.4562544323763,46.76209737758007],[-72.45626515736245,46.76210284762321],[-72.45627590480653,46.76210829551235],[-72.45628667291184,46.76211372493982],[-72.45629746347502,46.76211913282869],[-72.45630827559779,46.76212452102515],[-72.4563191083818,46.76212988891378],[-72.45632996272539,46.76213523526387],[-72.45634083773022,46.76214056315228],[-72.45635173609124,46.762145868271396],[-72.4563626533169,46.762151154313514],[-72.45637359300042,46.76215642004778],[-72.45638455154857,46.76216166424359],[-72.45639553255461,46.76216688936236],[-72.45640653422187,46.762172092327255],[-72.45641755655042,46.76217727436904],[-72.45642859954022,46.762182436718426],[-72.45643966229294,46.76218757752934],[-72.45645074660521,46.762192698647866],[-72.45646184978213,46.762197796997214],[-72.45647297451862,46.7622028768849],[-72.45648411811972,46.76220793277266],[-72.45649528328038,46.76221297019887],[-72.45650646820398,46.762217986086576],[-72.45651767199222,46.76222298043585],[-72.45652889644167,46.762227953246686],[-72.45654014155241,46.76223290636519],[-72.45655140373113,46.7622378373299],[-72.45656268836773,46.76224274737161],[-72.4565739900723,46.762247636490244],[-72.45658531423479,46.762252503455095],[-72.45659665456692,46.76225734949687],[-72.45660801556033,46.76226217461568],[-72.45661939631667,46.76226697881144],[-72.4566307950393,46.76227176085348],[-72.4566422144232,46.7622765213571],[-72.45665365087508,46.762281260322354],[-72.4566651070899,46.76228597836461],[-72.45667658127103,46.76229067302243],[-72.45668807431676,46.762295348603345],[-72.45669958622713,46.76230000141517],[-72.45671111610382,46.76230463268865],[-72.45672266574341,46.762309241808396],[-72.45673423334932,46.76231382938987],[-72.45674581802324,46.762318395432956],[-72.45675742156176,46.76232293993775],[-72.45676904216826,46.76232746167344],[-72.45678068343602,46.76233196187088],[-72.45679233997517,46.762336441145344],[-72.4568040153789,46.762340897035415],[-72.45681570785065,46.762345332002575],[-72.456827419187,46.76234974420064],[-72.45683914579473,46.762354135475846],[-72.45685089216538,46.76235850336668],[-72.45686265560401,46.76236285033458],[-72.45687443341572,46.762367174533445],[-72.45688623099034,46.76237147657872],[-72.45689804563295,46.76237575647036],[-72.45690987824189,46.76238001482371],[-72.45692172522384,46.762384248562],[-72.45693359017211,46.76238846322352],[-72.45694547218838,46.762392653269956],[-72.45695737127264,46.762396821778154],[-72.45696928562826,46.76240096690204],[-72.45698121705186,46.76240509110305],[-72.45699316464513,46.76240919253512],[-72.4570051293064,46.76241327119822],[-72.45701710923903,46.76241732770774],[-72.45702910623964,46.76242136144835],[-72.45704111761331,46.762425372420005],[-72.45705314605497,46.762429360622704],[-72.4570651906663,46.762433326671896],[-72.45707725054899,46.762437269952144],[-72.45708932660135,46.762441189848126],[-72.45710141702675,46.76244508820594],[-72.45711352452015,46.76244896317946],[-72.4571256463866,46.762452815384094],[-72.4571377835244,46.76245664420444],[-72.45714993593357,46.76246045148664],[-72.45716210451239,46.762464234153896],[-72.45717428656597,46.762467995282954],[-72.45718648389091,46.76247173364317],[-72.45719869648718,46.76247544861911],[-72.45721092345653,46.762479140826215],[-72.45722316569723,46.76248280964907],[-72.45723542141265,46.7624864550877],[-72.45724769239942,46.762490077757526],[-72.45725997865756,46.762493677658476],[-72.45727227659381,46.762497254175194],[-72.45728459069971,46.7625008079231],[-72.45729691828036,46.76250433828682],[-72.45730926023404,46.76250784526631],[-72.45732161656079,46.762511329477],[-72.45733398546392,46.762514790303484],[-72.45734636963844,46.7625182277458],[-72.45735876638935,46.76252164180391],[-72.457371176615,46.762525031862516],[-72.4573836012137,46.76252840038302],[-72.45739603838881,46.762531744904],[-72.45740848814033,46.762535063579364],[-72.4574209522649,46.7625383619474],[-72.45743342896587,46.762541635700536],[-72.45744591914158,46.76254488606954],[-72.45745842279203,46.762548113054415],[-72.45747093812057,46.762551316039755],[-72.46240926918983,46.76380983701421],[-72.462384592469,46.76385002198731],[-72.46562691326498,46.76467319752548],[-72.46573915686143,46.76454298160839],[-72.4659018363695,46.764450887262456],[-72.46614011090534,46.76442813178821],[-72.4663405933172,46.764347315317586],[-72.46668757388387,46.76418823201609],[-72.46679005548813,46.764053670557026],[-72.46692514234392,46.76392487275794],[-72.46694860993242,46.76376104260539]]]]}},{"type":"Feature","properties":{"zone_code":"14-Af","prefix":"","kind":"unknown","n_lots":20,"source":"t2-gcp-claude48-vision-multisheet","confidence":"contour-autogcp-multisheet"},"geometry":{"type":"MultiPolygon","coordinates":[[[[-72.41558077345336,46.77471413251939],[-72.40627118451603,46.768083254595226],[-72.4071070435317,46.767465288507964],[-72.4078596916026,46.76690882370714],[-72.40872136819954,46.76627172786315],[-72.40950778124703,46.76569025721747],[-72.41030246508335,46.76510265276112],[-72.41033188670553,46.76508089687129],[-72.41108489859414,46.7645240899211],[-72.41193422694919,46.76389604169506],[-72.41267244897493,46.76335013648671],[-72.41350389007603,46.76273527415332],[-72.39805860293228,46.75191963606144],[-72.39689011752984,46.75276758164648],[-72.39653212002449,46.75302990851303],[-72.39665807550541,46.75311771467402],[-72.39658331141926,46.753171535451955],[-72.39645777185832,46.75308438916801],[-72.39638130366805,46.75314042137907],[-72.39685844652618,46.75347163980378],[-72.39658548983383,46.753671650178894],[-72.39610834697572,46.75334042990612],[-72.39605239540826,46.75338142895595],[-72.39562711229149,46.75368724122272],[-72.3948334929588,46.75425790343426],[-72.39322986003945,46.755410970336584],[-72.39248752822127,46.75594470745411],[-72.39159050561284,46.75658965098358],[-72.3915103875676,46.75664725321604],[-72.39197570230837,46.756971652039944],[-72.39135221131406,46.757404003934944],[-72.39111009109047,46.75732857114243],[-72.3907162561952,46.75761377017812],[-72.39043691966769,46.75741902524569],[-72.38997415704067,46.75775172023362],[-72.38932083748736,46.75822140319914],[-72.38976962951509,46.75849345535869],[-72.38935610714205,46.75879074226662],[-72.38890731331767,46.758518687300246],[-72.38834521857977,46.758922772157014],[-72.38833785868266,46.758928062823195],[-72.3880965747906,46.75912813664206],[-72.38806589013713,46.759338545424164],[-72.38806925163291,46.75936912728693],[-72.38767007894819,46.75966519579477],[-72.38748984456285,46.759538884803035],[-72.38675410278559,46.76006884619974],[-72.38673119933911,46.7600527954556],[-72.38621550797555,46.76042732265009],[-72.38667382394192,46.760725344122754],[-72.3857848241873,46.76137847037735],[-72.38531526760177,46.76107313683421],[-72.38451521543332,46.7616541477839],[-72.38482281565459,46.7618884386248],[-72.38447266493326,46.76211527260036],[-72.38474909720743,46.76229628642713],[-72.38483453956736,46.76269698490472],[-72.38506188609779,46.763070613752106],[-72.38485188603549,46.76334618650432],[-72.38350809260874,46.76240943499033],[-72.38350623848598,46.76241084910742],[-72.38324145646273,46.762693487783366],[-72.38321285320576,46.762709232519704],[-72.38350309438249,46.762958040095214],[-72.38344752010744,46.76299739188832],[-72.38341388358994,46.76297495886523],[-72.38308620602206,46.763105233954946],[-72.38277783774122,46.76332053591848],[-72.3827223362297,46.763373659767254],[-72.38246048540923,46.763466479613996],[-72.38221273185049,46.76330124874239],[-72.38185913519173,46.76355161043342],[-72.38171186538405,46.76365588295068],[-72.38077510220576,46.764326246465],[-72.38108393311899,46.764540546075764],[-72.38053120870781,46.76493607500632],[-72.38061882409242,46.76499687238678],[-72.38020470433969,46.765293780054016],[-72.37980881140409,46.76501906335512],[-72.37939244406654,46.76531904819238],[-72.37863528645292,46.76586618441325],[-72.37931104143044,46.76633243512958],[-72.37922852218844,46.76639206428146],[-72.37869489236695,46.76677766621857],[-72.37801913918607,46.76631141074139],[-72.37755156518236,46.76664927181369],[-72.37704519383985,46.767029957382185],[-72.37701607045834,46.76705945438515],[-72.37699565983675,46.767074492694086],[-72.37698542533073,46.76708097442548],[-72.37672348737368,46.76724688100925],[-72.37537043680788,46.768240237444004],[-72.37516929413431,46.76838790357375],[-72.37482119336845,46.76864435522028],[-72.37470987503676,46.76872617371531],[-72.37529342783185,46.76908913280385],[-72.37489709921331,46.76938145001037],[-72.37474715871431,46.76927726241049],[-72.3743425790699,46.76899613190404],[-72.37378349997643,46.76940704048844],[-72.37433580397604,46.769790822366744],[-72.37407791562427,46.76998227696837],[-72.3738201736979,46.76980317973538],[-72.37291506894685,46.7704751107706],[-72.3726205059753,46.770270422659564],[-72.37228495916554,46.7705198327391],[-72.3721943856287,46.770586355721754],[-72.371369362092,46.77119228273399],[-72.37130201988673,46.77124174166873],[-72.37056355082424,46.77177223397094],[-72.38651318271123,46.7828126059864],[-72.3872922286751,46.78224678473644],[-72.38811713004092,46.78164763801272],[-72.38972400947169,46.78048046469618],[-72.39132096072196,46.779320431025766],[-72.39252261372131,46.77829639963814],[-72.39282646796788,46.77807368728426],[-72.3944444649486,46.77688772262713],[-72.39503264227076,46.77645657970872],[-72.39602294503999,46.77568295173851],[-72.39759712669273,46.77445313799161],[-72.39792094419983,46.77420015008443],[-72.39820503012021,46.77399228674544],[-72.40867241720308,46.78126845523618],[-72.41194047203703,46.778130291472394],[-72.41339761039477,46.77673090401885],[-72.41360988588967,46.77654743295767],[-72.41418976637189,46.775998382412226],[-72.41503580329973,46.77516391895732],[-72.41537369201744,46.77487712833525],[-72.41558077345336,46.77471413251939]]]]}},{"type":"Feature","properties":{"zone_code":"4-Aa","prefix":"","kind":"unknown","n_lots":7,"source":"t2-gcp-claude48-vision-multisheet","confidence":"contour-autogcp-multisheet"},"geometry":{"type":"MultiPolygon","coordinates":[[[[-72.37204792250814,46.77049753820934],[-72.35569157657964,46.759056160542386],[-72.35403637587142,46.76025134323051],[-72.35244088707844,46.76140331943221],[-72.35098127296378,46.762457119268625],[-72.35152173087974,46.76283638343492],[-72.3526470827755,46.76362607209913],[-72.35323684831911,46.764039915024874],[-72.35377244904433,46.76441574057311],[-72.35404523326012,46.76460714843837],[-72.35484357413796,46.765167324731614],[-72.35591472438443,46.76591889963492],[-72.35643394073718,46.766283198741434],[-72.35701647753767,46.76669191902422],[-72.35707722161719,46.76673453666566],[-72.35712178703844,46.7667154734575],[-72.3571816588538,46.76668986324103],[-72.35825889877958,46.767446930704885],[-72.3582666871731,46.7674504902794],[-72.35827445400705,46.76745407015893],[-72.35828220107807,46.767457672189416],[-72.35828992838613,46.767461294524935],[-72.35829763323633,46.767464937165464],[-72.35830531832357,46.76746860134161],[-72.35831298454622,46.76747228459215],[-72.35832062651434,46.76747598814767],[-72.35832824961784,46.767479713238856],[-72.35833585026347,46.76748345863501],[-72.35834343114614,46.76748722433613],[-72.35835098957094,46.76749101034226],[-72.35835852733449,46.76749481603807],[-72.35836604264016,46.76749864142352],[-72.35837353548794,46.767502488344604],[-72.35838100857279,46.76750635434004],[-72.35838845830146,46.767510240025096],[-72.35839588557222,46.76751414601509],[-72.3584032903851,46.7675180723101],[-72.35841067453673,46.76752201706408],[-72.35841803623047,46.76752598212304],[-72.35842537456804,46.767529968102224],[-72.35843269044771,46.76753397315574],[-72.35843998297119,46.7675379966683],[-72.3584472530368,46.76754203987044],[-72.3584545006445,46.76754610276221],[-72.35846172489602,46.76755018472823],[-72.35846892579134,46.76755428761451],[-72.35847610422879,46.76755840895981],[-72.3584832584117,46.767562547533394],[-72.3584903883401,46.76756670641195],[-72.35849749670894,46.767570885595376],[-72.35850457902663,46.76757508262245],[-72.35851163888645,46.76757929872379],[-72.35851867539009,46.76758353328411],[-72.35852568674088,46.767587787533984],[-72.35853267293885,46.767592059627475],[-72.35853963667893,46.76759635141058],[-72.3585465761645,46.76760066042193],[-72.35855348959892,46.76760498912289],[-72.35856038057547,46.76760933628277],[-72.35856724460255,46.767613701286244],[-72.35857408527345,46.767618085363964],[-72.35858090079151,46.76762248605466],[-72.35858769115671,46.76762690643491],[-72.35859445726744,46.76763134404346],[-72.35860119642871,46.76763580011085],[-72.35860791133545,46.76764027525251],[-72.35861460108939,46.767644767007084],[-72.35862126569047,46.76764927722059],[-72.35862790334211,46.767653804047015],[-72.35863451673923,46.76765834994767],[-72.35864110228859,46.767662913076556],[-72.35864766358341,46.767667492818404],[-72.36638394223384,46.7730890808893],[-72.36638892159547,46.77309255395644],[-72.36639392880485,46.77309600795066],[-72.36639895937044,46.773099444717786],[-72.36640401598717,46.77310286610355],[-72.36640909775674,46.773106267185945],[-72.36641420467912,46.773109652271714],[-72.3664193340594,46.77311301889989],[-72.36642449128745,46.77311636830095],[-72.36642967097337,46.77311969924441],[-72.36643487760875,46.77312301111504],[-72.36644010580372,46.77312630698906],[-72.36644536004981,46.773129583175],[-72.36645063675378,46.77313284151857],[-72.3664559386106,46.773136081404594],[-72.36646126292528,46.77313930344829],[-72.36646661418943,46.773142505803946],[-72.3664719843182,46.77314568970199],[-72.36647738049811,46.773148856372934],[-72.36648280003422,46.773152002740616],[-72.3664882411299,46.77315513065074],[-72.3664937064801,46.77315824071857],[-72.36649919428817,46.77316133109834],[-72.36650470455412,46.77316440179007],[-72.36651023727795,46.77316745279374],[-72.36651579335798,46.773170484724616],[-72.36652137009926,46.773173498198005],[-72.36652697019674,46.77317649198331],[-72.36653259185378,46.77317946608063],[-72.3665382350704,46.77318242233562],[-72.36654389984659,46.77318535705687],[-72.36654958708066,46.77318827209013],[-72.36655529407766,46.77319116743538],[-72.36656102353253,46.77319404432305],[-72.36656677364867,46.77319689967704],[-72.36657254532437,46.77319973534301],[-72.36657833676301,46.77320255070572],[-72.36658414976122,46.773205346380465],[-72.36658998342067,46.77320812175194],[-72.36659583684306,46.77321087682016],[-72.36660171182501,46.77321361158517],[-72.36660760477328,46.77321632604697],[-72.36661351748447,46.77321901959027],[-72.36661945265355,46.77322169283037],[-72.36662540399232,46.773224345152016],[-72.36663137689062,46.77322697778563],[-72.36663736775527,46.77322958827033],[-72.36664337928116,46.77323217906711],[-72.36664940877334,46.77323474833013],[-72.36665545713015,46.77323729728998],[-72.36699638664508,46.77332607706114],[-72.36714098037153,46.77333560288194],[-72.36714787583965,46.77333645622511],[-72.36715477579936,46.77333728495851],[-72.36716168204727,46.773338089082145],[-72.36716859458338,46.77333886921126],[-72.36717551250938,46.77333962534582],[-72.36718243582528,46.77334035748591],[-72.36718936453104,46.77334106317053],[-72.36719629952505,46.77334174670631],[-72.36720323990893,46.77334240440185],[-72.36721018298776,46.77334303748765],[-72.3672171323548,46.77334364780944],[-72.3672240853151,46.77334423167571],[-72.3672310436653,46.77334479154752],[-72.36723800560874,46.77334532680953],[-72.36724496934883,46.773345838077034],[-72.3672519384788,46.77334632411957],[-72.36725891299866,46.773346784937104],[-72.36726588751853,46.77334722176008],[-72.3672728674283,46.773347635203876],[-72.36727985093131,46.77334802280735],[-72.36728683533265,46.773348385801114],[-72.36729382332723,46.773348724185134],[-72.36730081401677,46.77334903795944],[-72.36730780650296,46.773349327123945],[-72.36731480078576,46.77334959106346],[-72.3673217977635,46.773349831623705],[-72.36732879474125,46.77335004634376],[-72.36733579441393,46.77335023645406],[-72.36734279588326,46.773350402569854],[-72.36734979735259,46.77335054346065],[-72.36735680061855,46.773350659741695],[-72.36736380478281,46.773350751413],[-72.36737080894709,46.77335081847454],[-72.36737781400967,46.77335085969587],[-72.36738481907226,46.77335087692266],[-72.36739182503317,46.77335086953975],[-72.36739883009574,46.77335083754709],[-72.36740583515832,46.77335078094469],[-72.36741283752598,46.773350699117266],[-72.36741984169025,46.7733505926801],[-72.36742684405787,46.7733504628637],[-72.3674338455272,46.77335030597657],[-72.3674408460982,46.773350126325454],[-72.36744784487259,46.773349920834086],[-72.36745484095202,46.77334969196342],[-72.36746183792978,46.77334943725255],[-72.36746883041596,46.773349157316666],[-72.3674758220038,46.77334885400154],[-72.3674828108967,46.7733485260767],[-72.36748979709466,46.77334817231157],[-72.36749678059769,46.77334779455198],[-72.36750375960914,46.773347392182586],[-72.36751073772227,46.77334696520349],[-72.36751771314044,46.773346513614634],[-72.36752468406705,46.77334603741602],[-72.36753164960376,46.773345535377146],[-72.36753861424215,46.773345011804736],[-72.36754557259236,46.77334446054639],[-72.3675525282476,46.77334388652401],[-72.36755947761463,46.77334328666135],[-72.36756642518505,46.77334266280425],[-72.3675733646706,46.773342015567835],[-72.36758030235956,46.77334134249116],[-72.36758723286196,46.773340644804755],[-72.36759415977112,46.77333992373905],[-72.36760108039208,46.77333917806364],[-72.3676079938265,46.77333840716315],[-72.36761490456598,46.77333761288345],[-72.3676218063223,46.77333679276349],[-72.36762870448537,46.77333594987945],[-72.36763559456361,46.773335083000916],[-72.36764247745532,46.77333419028214],[-72.36764935495714,46.773333274184054],[-72.36765622437409,46.773332332860946],[-72.36766308750288,46.773331368158615],[-72.3676699425468,46.77333037946171],[-72.36767679130253,46.77332936615503],[-72.36768363107511,46.773328328238584],[-72.36769046366115,46.7733272663276],[-72.36769728906069,46.77332618042208],[-72.36770410457875,46.7733250711373],[-72.36771091201196,46.773323937242736],[-72.36771771225868,46.77332277935358],[-72.36772450352223,46.77332159870041],[-72.36773128490431,46.77332039220699],[-72.36773805730323,46.77331916233424],[-72.36774482161731,46.773317909697454],[-72.3677515742533,46.77331663183562],[-72.36775831970277,46.773315330594464],[-72.36776505347414,46.7733140053588],[-72.36777177736406,46.7733126567438],[-72.36777849227079,46.77331128474947],[-72.36778519549944,46.77330988753012],[-72.36779188884664,46.77330846754673],[-72.36779857231234,46.7733070247992],[-72.36780524409996,46.77330555805717],[-72.3678119051078,46.77330406793578],[-72.36781855353922,46.773302553819846],[-72.36782519298747,46.77330101693986],[-72.367831818961,46.77329945606526],[-72.36783843415476,46.77329787119614],[-72.36784503587378,46.773296264178136],[-72.36805955625859,46.773260102569196],[-72.36806577170202,46.773257754795466],[-72.36807197007748,46.773255384872805],[-72.36807815048664,46.773252994031736],[-72.3680843138278,46.773250581041744],[-72.36809045920266,46.77324814590282],[-72.3680965857129,46.77324568984547],[-72.36810269425685,46.77324321410021],[-72.36810878573277,46.77324071620597],[-72.36811485834409,46.77323819677803],[-72.36812091119248,46.77323565581646],[-72.36812694607455,46.773233095166866],[-72.368132962092,46.77323051298362],[-72.36813895924485,46.77322790988189],[-72.36814493573644,46.77322528709223],[-72.36815089516003,46.7732226421536],[-72.36815683392238,46.77321997691174],[-72.36816275292179,46.77321729075141],[-72.36816865215826,46.773214584903094],[-72.3681745316318,46.77321185813632],[-72.3681803913424,46.77320911106629],[-72.3681862285951,46.773206343077845],[-72.36819204788151,46.7732035560166],[-72.36819784560836,46.77320074803687],[-72.36820362357227,46.77319792036914],[-72.3682093790783,46.77319507239819],[-72.36821511482138,46.77319220535443],[-72.36822082810659,46.773189317392216],[-72.36822652073054,46.77318640912674],[-72.36823219269326,46.773183482403745],[-72.36823784219807,46.773180535377456],[-72.36824347104165,46.773177569278396],[-72.3682490756307,46.77317458287608],[-72.36825466045683,46.773171577400994],[-72.36826022282504,46.77316855285311],[-72.36826576093878,46.773165508001924],[-72.3682712047294,46.77316248591469],[-72.36827662785878,46.773159445369906],[-72.36828202763195,46.773156386367596],[-72.36828740494724,46.77315330706197],[-72.36829276070297,46.77315021114451],[-72.36829809310248,46.77314709738477],[-72.36830340304414,46.77314396332171],[-72.3683086905279,46.773140812031606],[-72.36831395555377,46.773137642283935],[-72.36831919542682,46.773134455309126],[-72.36832441463862,46.77313124987681],[-72.36832960959592,46.7731280284479],[-72.3683347802987,46.77312478733091],[-72.36833992764527,46.773121528371554],[-72.36834505253398,46.77311825218513],[-72.36835015226984,46.773114959386845],[-72.3683552277512,46.77311164813098],[-72.36836027987636,46.773108319032744],[-72.36836530864531,46.7731049739379],[-72.36837031226145,46.77310161223122],[-72.36837528982643,46.77309823083644],[-72.36838024403521,46.77309483529071],[-72.36838517488782,46.77309142128744],[-72.36839008058757,46.77308799005703],[-72.3685538443622,46.772999175439516],[-72.3685957813129,46.772969773976435],[-72.36861601676301,46.77298340048726],[-72.36883762485539,46.77282594110863],[-72.3688187530479,46.77281345277008],[-72.36952988008807,46.772314888956785],[-72.36954698041781,46.772326403461754],[-72.36975720775386,46.77217828422586],[-72.37000502958456,46.77200367399636],[-72.3699842668234,46.77199002877984],[-72.37042551479938,46.771673057389464],[-72.37115706683416,46.77114753240623],[-72.37196796705797,46.77056000778457],[-72.37204792250814,46.77049753820934]]],[[[-72.37022028838452,46.773723157716155],[-72.37020580574551,46.77362101003927],[-72.37018400632849,46.773543882197835],[-72.37015243593615,46.773476950655876],[-72.3701425930956,46.77346048061969],[-72.37016258420394,46.77341931227488],[-72.37014948856371,46.77332140489859],[-72.36988139984189,46.77313770134756],[-72.36963593159724,46.77305843236972],[-72.36943479970344,46.77292060764118],[-72.36950406430343,46.772792739767056],[-72.36985205367819,46.77256554776046],[-72.36977387419734,46.772454588068314],[-72.36969027607867,46.772398300307344],[-72.369463390384,46.77255736920687],[-72.36944970994053,46.77254815825788],[-72.36898346903672,46.7728756384903],[-72.36854338976892,46.77318473688937],[-72.36855621501623,46.773193373090294],[-72.36843682711834,46.7732755304425],[-72.36867870210185,46.77349873391677],[-72.3687877899167,46.773361596311545],[-72.36908412256935,46.77347500587525],[-72.36944685329792,46.77319317252027],[-72.37022028838452,46.773723157716155]]]]}},{"type":"Feature","properties":{"zone_code":"2-Aa","prefix":"","kind":"unknown","n_lots":44,"source":"t2-gcp-claude48-vision-multisheet","confidence":"contour-autogcp-multisheet"},"geometry":{"type":"MultiPolygon","coordinates":[[[[-72.44053233027606,46.75431819587765],[-72.44053011503055,46.75423667184691],[-72.44026133280933,46.75416694488442],[-72.44003492861164,46.75449932206394],[-72.43962720666036,46.75440363226484],[-72.43988336395859,46.75389298632465],[-72.43958150846356,46.75367419514078],[-72.43963272411287,46.753534371619004],[-72.43967783660813,46.75341120731676],[-72.43977768704688,46.75313862480905],[-72.43992498380402,46.75277463010862],[-72.43993671669995,46.752745649672356],[-72.43988072650492,46.75265147084039],[-72.43930402246556,46.752442117348956],[-72.43956899493166,46.75209728111686],[-72.43950399732927,46.75207377322413],[-72.43730243946861,46.75363682142517],[-72.43717518861705,46.7532708482666],[-72.43667972192377,46.7531145412861],[-72.43623898688583,46.75304358130511],[-72.43607761083324,46.75294232562705],[-72.4361381474019,46.75289674832339],[-72.43672110461397,46.7524829625962],[-72.43672721585286,46.752478606829925],[-72.4367333019389,46.75247423259885],[-72.43673936287212,46.75246984359583],[-72.43674539685587,46.7524654367435],[-72.4367514056868,46.75246101450371],[-72.43675738666998,46.75245657441459],[-72.4367633425003,46.75245211770708],[-72.43676927227949,46.75244764376571],[-72.43677517600754,46.75244315443689],[-72.43678105278613,46.75243864848971],[-72.43678690261525,46.75243412653955],[-72.43679272549494,46.75242958735549],[-72.43679852232347,46.752425032784046],[-72.43680429130424,46.75242046220962],[-72.43681003603047,46.75241587563225],[-72.436815750214,46.75241127243646],[-72.43682143834636,46.752406654468714],[-72.43682709952928,46.75240201926703],[-72.43683273376274,46.752397369293334],[-72.43683833925012,46.75239270454767],[-72.43684391868636,46.75238802133711],[-72.4368494702748,46.75238332520102],[-72.4368549949138,46.75237861244642],[-72.4368604899084,46.752373885535334],[-72.43686595615691,46.752369142621255],[-72.43687139725257,46.752364384319655],[-72.43687680870384,46.75235961124606],[-72.43688219140904,46.75235482340046],[-72.43688754626643,46.75235002016732],[-72.43689287417439,46.752345202162125],[-72.43689817243794,46.75234036938492],[-72.4369034428537,46.752335521220196],[-72.43690868452339,46.75233065951439],[-72.43691389744698,46.75232578242103],[-72.43691908162448,46.75232089117113],[-72.43692423525928,46.75231598514915],[-72.4369293628429,46.752311066201536],[-72.43693445988384,46.75230613248192],[-72.43693952638203,46.75230118337472],[-72.43694456503248,46.75229622134186],[-72.4369495740385,46.75229124515245],[-72.43695455429844,46.75228625542192],[-72.43695950581227,46.75228125091929],[-72.4369644267834,46.75227623226009],[-72.43696931811013,46.7522712012907],[-72.43697417979243,46.752266156164694],[-72.43697901272867,46.752261098113095],[-72.43698381332554,46.75225602590482],[-72.43698858607466,46.7522509413864],[-72.43699332828103,46.752245842095846],[-72.43699804174135,46.75224072987964],[-72.4370027237606,46.752235605968764],[-72.43700737433882,46.752230467901185],[-72.43701199617094,46.75222531813895],[-72.43701658656207,46.7522201542201],[-72.43702114730877,46.75221497799098],[-72.43702567751272,46.75220979006718],[-72.43721771126933,46.752379464890666],[-72.43762430852985,46.75223117509332],[-72.4377705470716,46.75218733593448],[-72.43801565239686,46.751453871180466],[-72.43742814701454,46.751335768263935],[-72.43774967022439,46.750531781643154],[-72.43773788522618,46.75052351480457],[-72.4377261262791,46.75051523073056],[-72.43771439338317,46.75050692880562],[-72.43770268743673,46.75049860964531],[-72.43769100754139,46.750490272634046],[-72.43767935369722,46.750481919002894],[-72.43766772590418,46.750473548136306],[-72.43765612506061,46.750465158803266],[-72.43764455116649,46.750456752850276],[-72.43763300332348,46.75044832904629],[-72.43762148153166,46.750439888622395],[-72.43760998668928,46.750431430963005],[-72.43759851879636,46.75042295606812],[-72.43758707875124,46.750414463937766],[-72.43757566296061,46.7504059558029],[-72.43756427591606,46.75039742981703],[-72.43755291492266,46.75038888782665],[-72.43754158087873,46.75038032798528],[-72.43753027558087,46.75037175090835],[-72.43751177298097,46.75038481994795],[-72.43732123132604,46.75051942539332],[-72.43730978499269,46.75051074739583],[-72.43729836650712,46.750502053393774],[-72.43728697317437,46.750493342771684],[-72.43727560858771,46.75048461491408],[-72.43726426915389,46.75047587043642],[-72.43725295756782,46.750467110569694],[-72.43724167203291,46.75045833346742],[-72.43723041434576,46.750449540976106],[-72.43721918360808,46.75044073063368],[-72.43720798071817,46.750431904902186],[-72.43719680387942,46.750423063781575],[-72.43718565488842,46.75041420480988],[-72.4371745328469,46.75040533106461],[-72.4371634377548,46.7503964400837],[-72.43715237140883,46.75038753309812],[-72.43714133111399,46.75037861010798],[-72.43713031866692,46.75036967172871],[-72.43711933316932,46.75036071672924],[-72.43710837551946,46.75035174695616],[-72.43709744571741,46.75034275994739],[-72.43708654376313,46.750333758164984],[-72.4370756687583,46.75032473976239],[-72.43706482160123,46.75031570597063],[-72.43705400319027,46.75030665617414],[-72.43704321083044,46.75029759098852],[-72.43703244811503,46.75028850979815],[-72.43702171234908,46.75027941321853],[-72.4370110053292,46.75027030063425],[-72.4370003252588,46.750261173891744],[-72.43698967393446,46.7502520311445],[-72.43697905045792,46.750242871777],[-72.43696845572745,46.75023369825125],[-72.43695788884476,46.75022450810522],[-72.43694734980984,46.750215303800985],[-72.43693683862271,46.75020608410745],[-72.4369263579783,46.75019684902464],[-72.43691590518165,46.75018759916803],[-72.43690547753782,46.75017833330667],[-72.43689508313167,46.75016905205598],[-72.43688471477665,46.750159757262495],[-72.43687437426944,46.75015044584867],[-72.4368640634066,46.750141120276524],[-72.43685378128986,46.750131779930584],[-72.4368435279192,46.75012242481078],[-72.43683330329463,46.75011305430165],[-72.43682310741616,46.75010366901864],[-72.43681294028379,46.750094268346295],[-72.4368028027958,46.75008485413108],[-72.4367926940539,46.750075423911],[-72.43678261315979,46.75006598014805],[-72.43677256191006,46.75005652099572],[-72.43676253850813,46.750047048300466],[-72.43675254654723,46.75003756021586],[-72.43674258333242,46.75002805735728],[-72.43673264886368,46.750018540955836],[-72.43672274403937,46.750009010395985],[-72.43671286706281,46.74999946506216],[-72.43670302062898,46.74998990433895],[-72.43669320383957,46.74998033130377],[-72.43668341489791,46.749970742263656],[-72.4366736573973,46.74996113906507],[-72.43666392864276,46.749951522939014],[-72.43665422953264,46.749941892039004],[-72.43664455916861,46.74993224698051],[-72.43663491934728,46.749922587763564],[-72.4366253091704,46.749912915619106],[-72.43661572773956,46.749903228700674],[-72.43660617685146,46.74989352885472],[-72.43659665650608,46.74988381361924],[-72.43658716580511,46.74987408545627],[-72.43657770474854,46.749864343750296],[-72.43656827423467,46.749854586654756],[-72.43655887156861,46.74984481724719],[-72.43654950124187,46.74983503429659],[-72.43654015966123,46.749825237187416],[-72.43653084862332,46.749815427150715],[-72.43652156902643,46.749805604186456],[-72.4365123172773,46.74979576706363],[-72.43650309786754,46.74978591578223],[-72.43649390720388,46.749776052804236],[-72.43648474798124,46.749766176283195],[-72.43647561750471,46.749756284987996],[-72.43646651846919,46.749746380765224],[-72.4364574508747,46.74973646484587],[-72.43644841202632,46.74972653353686],[-72.43643940461897,46.74971659053125],[-72.43643042865266,46.749706633367026],[-72.43642148143242,46.74969666573719],[-72.43641256655154,46.74968668271767],[-72.43640368131506,46.749676687386],[-72.43639482751962,46.74966668035775],[-72.43638600426691,46.74965665917079],[-72.4363772115569,46.74964662505617],[-72.43666478743218,46.74944226342815],[-72.43665644657477,46.749432389308],[-72.43664813446344,46.74942250102915],[-72.4366398564881,46.7494126022847],[-72.43663160725883,46.74940268999705],[-72.43662339036894,46.74939276601274],[-72.43661520402175,46.74938283094728],[-72.43660704911561,46.74937288172308],[-72.4365989265488,46.7493629220333],[-72.43659083452472,46.74935294880024],[-72.43658277394168,46.749342965717055],[-72.43657474479967,46.74933296847511],[-72.436566747997,46.749322959536485],[-72.43642611673928,46.74914651052498],[-72.43589338882634,46.74844562061726],[-72.43513178006049,46.74744356294308],[-72.43435299460806,46.74641885959685],[-72.43359784113582,46.74542520853329],[-72.43284246937297,46.74443122151765],[-72.43212145906807,46.743482410580874],[-72.42226108069067,46.750342502665696],[-72.42158219777932,46.74987630930031],[-72.42139471937952,46.74938521176853],[-72.42092329250157,46.74815010168722],[-72.42081762816628,46.7478734700517],[-72.42037848224805,46.74691419202534],[-72.41985499350783,46.74577062175835],[-72.4193306414866,46.74462506786644],[-72.4187576214382,46.74353254316632],[-72.41841908952675,46.74288707340795],[-72.41815305076041,46.74245990410266],[-72.41750340262166,46.741416767667154],[-72.41733126834525,46.74153693982644],[-72.41682168732221,46.7403544732578],[-72.41683571182044,46.740344657803774],[-72.41680502626866,46.740295384739206],[-72.41621544398137,46.740288532259555],[-72.41568590418937,46.74044613845585],[-72.41536745501443,46.7406305506396],[-72.41481735637883,46.740794271976206],[-72.41479879988,46.74079980820587],[-72.41478025955087,46.74080536782833],[-72.41476173449307,46.74081095022802],[-72.41474322201168,46.74081655478927],[-72.41472472749662,46.7408221839745],[-72.41470624555797,46.7408278353213],[-72.41468777799234,46.7408335088297],[-72.4146693256981,46.740839205730815],[-72.41465089047185,46.74084492725593],[-72.41463246782199,46.740850669711364],[-72.41461406134184,46.74085643617517],[-72.41459567013301,46.74086222418486],[-72.41457729509388,46.74086803620289],[-72.41455893442779,46.740873870998016],[-72.41454058813474,46.74087972795468],[-72.41452225890967,46.74088560891962],[-72.41450394495598,46.74089151081484],[-72.41448564627363,46.740897437949606],[-72.41446736286267,46.74090338601455],[-72.41444909651968,46.74090935808784],[-72.41443084454974,46.740915352322574],[-72.41441260695284,46.74092136810314],[-72.41439438732225,46.74092740789197],[-72.41437618386132,46.74093346984222],[-72.41435799657008,46.7409395551851],[-72.41433982455021,46.74094566207378],[-72.4143216687,46.740951792355105],[-72.41430352812115,46.74095794541342],[-72.41428540550861,46.74096412001751],[-72.4142672972691,46.74097031739859],[-72.41424920789423,46.74097653817226],[-72.41423113289238,46.74098278110731],[-72.41421307495855,46.74098904620371],[-72.41419503229608,46.74099533346142],[-72.4141770075999,46.741001643496105],[-72.41415900087003,46.74100797630774],[-72.41414100851321,46.741014330665095],[-72.41412303412268,46.74102070841497],[-72.41410507590184,46.74102710771054],[-72.41408713385067,46.74103353039866],[-72.41406921066411,46.74103997463246],[-72.41405130274893,46.74104644164313],[-72.41403341280005,46.74105292958387],[-72.41401553991916,46.74105944030148],[-72.41399768410626,46.74106597379592],[-72.41397984625965,46.741072529451664],[-72.41396202458274,46.741079106653046],[-72.41394421997381,46.74108570663124],[-72.4139264342295,46.74109232877068],[-72.41390866555317,46.74109897307134],[-72.41389091214822,46.74110563891755],[-72.41387317940452,46.74111232815626],[-72.4138554637288,46.74111903770926],[-72.41383776512106,46.741125770039126],[-72.41382008358131,46.741132525145744],[-72.41380242090621,46.74113930118231],[-72.41378477529909,46.741146099380025],[-72.41376714675995,46.74115292035454],[-72.41374953798373,46.74115976225891],[-72.41373194717384,46.74116662632448],[-72.41371437343194,46.74117351255117],[-72.413696819453,46.741180419707746],[-72.413679282542,46.741187349641024],[-72.41366176359733,46.74119430050421],[-72.41364426351728,46.741201274759696],[-72.41362678140355,46.74120826871379],[-72.41360931815443,46.74121528544464],[-72.41359187376992,46.74122232495213],[-72.41357444735172,46.74122938477384],[-72.41355703889982,46.741236466141025],[-72.41353965021088,46.74124357028484],[-72.41352228038653,46.741250695358445],[-72.41350492763021,46.741257841977514],[-72.4134875955351,46.74126501014195],[-72.41347028140632,46.741272200467435],[-72.41345298704046,46.74127941110704],[-72.41343571153924,46.741286644523285],[-72.41341845400432,46.741293898253666],[-72.41340121713064,46.74130117476061],[-72.41338399822327,46.7413084715817],[-72.41336679818053,46.74131579056376],[-72.41334961790074,46.74132313109115],[-72.41333245828217,46.74133049193264],[-72.41331531752823,46.741337873703856],[-72.41329819474059,46.7413452788672],[-72.41328109351254,46.741352704344614],[-72.4132640111491,46.74136015013611],[-72.41324694765028,46.74136761808851],[-72.41322990391438,46.74137510820181],[-72.41321287994144,46.741382618629125],[-72.41319587662974,46.74139014937051],[-72.41317889218266,46.74139770165709],[-72.41316193019347,46.7414052767202],[-72.41314498617058,46.74141287086605],[-72.41312806101232,46.74142048717275],[-72.4131111565153,46.74142812317784],[-72.41309427267952,46.74143578195933],[-72.41307740950501,46.7414434604392],[-72.41306056699176,46.74145116107987],[-72.41304374334311,46.741458881418914],[-72.41302694035572,46.74146662330312],[-72.41301015802959,46.741474385501235],[-72.41299339726301,46.74148216986013],[-72.41297665536108,46.74148997391734],[-72.41295993412037,46.74149779890407],[-72.41294323443924,46.74150564482029],[-72.41255427649763,46.741594780381604],[-72.41253804304212,46.74160302458101],[-72.41252183024788,46.7416112884785],[-72.41250563811488,46.74161957145852],[-72.41248946843977,46.74162787598348],[-72.41247332032421,46.741636198975336],[-72.41245719376823,46.74164454166529],[-72.4124410869752,46.74165290528453],[-72.41242500443667,46.74166128798626],[-72.4124089434577,46.74166969038607],[-72.41239290313997,46.741678111868325],[-72.41237688438184,46.741686554895466],[-72.41236088808158,46.74169501577386],[-72.41234491423918,46.74170349635025],[-72.41232896195639,46.74171199662467],[-72.41231303302975,46.741720517212705],[-72.4122971247644,46.74172905749875],[-72.41228123895692,46.74173761686719],[-72.4122653756073,46.74174619470241],[-72.41224953471558,46.741754793466846],[-72.41223371628175,46.7417634113136],[-72.41221791940747,46.741772048242716],[-72.4122021449911,46.741780705485404],[-72.41218639482922,46.74178938119483],[-72.41217066532859,46.74179807598657],[-72.41215496008247,46.74180679109187],[-72.41213927639592,46.74181552466386],[-72.41212361516726,46.741824277318116],[-72.41210797819312,46.741833050285884],[-72.41209236277854,46.74184184110475],[-72.41207677072015,46.74185065223708],[-72.41206120111964,46.741859481836066],[-72.41204565487533,46.74186833051735],[-72.41203013198721,46.741877198280825],[-72.41201463065869,46.741886085126545],[-72.41199915448297,46.741894992285715],[-72.41198369986681,46.74190391729588],[-72.41196826950518,46.74191286015702],[-72.41195286249975,46.74192182394721],[-72.4119374779522,46.74193080435713],[-72.41192211765915,46.74193980631167],[-72.41190677982398,46.74194882550156],[-72.41189146534502,46.74195786438922],[-72.41187617601888,46.74196692112785],[-72.41186090915063,46.74197599756418],[-72.41184566563858,46.741985091851475],[-72.41183044638103,46.74199420522084],[-72.41181524958137,46.74200333705676],[-72.41180007793453,46.74201248735916],[-72.41178492964391,46.74202165797484],[-72.41176980650609,46.742030845825816],[-72.41175470492784,46.74204005152768],[-72.41173962940074,46.742049276311576],[-72.41172457633152,46.74205852017752],[-72.41170954841516,46.742067781894335],[-72.41169454295664,46.742077062693184],[-72.41167956354927,46.74208636195846],[-72.41166460570149,46.742095679690124],[-72.41164967480316,46.74210501465702],[-72.41163476726102,46.7421143680903],[-72.41161988307505,46.74212374122113],[-72.41160502494027,46.74213313097159],[-72.41159018926335,46.74214253980398],[-72.41157538053588,46.74215196648715],[-72.4115605942663,46.74216141163666],[-72.41154583404789,46.74217087525249],[-72.41153109808397,46.74218035610347],[-72.41151638727287,46.742189856036376],[-72.41150169981798,46.74219937382001],[-72.41148703751591,46.742208909454284],[-72.41147240036668,46.74221846232367],[-72.41145778747195,46.74222803427498],[-72.41144320062836,46.7422376240769],[-72.41142863714097,46.74224723049833],[-72.41141409970473,46.742256856617175],[-72.41139958652299,46.74226649935548],[-72.41138510029073,46.74227615994444],[-72.41137063651632,46.74228583776839],[-72.4113561996914,46.742295534674156],[-72.41134178712099,46.74230524881495],[-72.41132740060172,46.742314980190706],[-72.41131303923527,46.742324730032685],[-72.41129870302164,46.74233449710962],[-72.41128439285916,46.742344282037145],[-72.41127010784952,46.742354083584026],[-72.41125584799269,46.74236390359701],[-72.41124161508533,46.74237374146055],[-72.41122740463585,46.742383595327865],[-72.41121322203415,46.74239346827685],[-72.41119906458528,46.74240335661394],[-72.41118493318754,46.74241326464834],[-72.41117082694264,46.74242318868647],[-72.41115674764718,46.742433129959466],[-72.41114269350456,46.742443089082904],[-72.41112866631138,46.74245306482562],[-72.41111466247445,46.7424630584188],[-72.41110068738357,46.7424730686312],[-72.41108673744553,46.74248309607848],[-72.4110728126603,46.742493141376144],[-72.41098941845922,46.74255340881372],[-72.4093803678004,46.74371619255199],[-72.40919745284224,46.743848370795924],[-72.41012070446034,46.74447497649581],[-72.40993149141372,46.74461402758627],[-72.40953259630844,46.744360610215395],[-72.40937112593275,46.74447967639888],[-72.40933131709095,46.74445414856433],[-72.40906566460018,46.744646327863094],[-72.40856663159522,46.744304208149416],[-72.4077891388185,46.74486600271893],[-72.40740260363322,46.74514529241267],[-72.40785940593834,46.745431662706714],[-72.40741952429991,46.745749494550246],[-72.4069627228931,46.74546312348238],[-72.40618585175054,46.746024431381066],[-72.40580658124095,46.746298459485075],[-72.40649665087255,46.74675881824551],[-72.40623478747564,46.746937755720985],[-72.40642068663716,46.747076855242256],[-72.4062664692591,46.74719134933284],[-72.4061039819905,46.74708052142061],[-72.4060255069639,46.74713156474155],[-72.40562521857163,46.7468555994398],[-72.40549383726638,46.74694076512198],[-72.40520649405477,46.74673202715534],[-72.40510015149141,46.74680886037643],[-72.40458482574216,46.74718292994289],[-72.40431488199928,46.74737887831555],[-72.40478999915643,46.747688128560696],[-72.40452005361692,46.74788407879011],[-72.40428249414003,46.74772945322034],[-72.40379026407673,46.748086535098494],[-72.40377192586851,46.74807369817289],[-72.40354247099212,46.748240252967605],[-72.40367931674925,46.74833604850169],[-72.40332099764704,46.748598344618344],[-72.40351754813288,46.74873593243425],[-72.40254740894854,46.74944607286101],[-72.40199738936468,46.749061041798356],[-72.40163706971434,46.74932256683595],[-72.40139187994743,46.74950052759406],[-72.40189475594518,46.74985269087769],[-72.40186181921528,46.74987659551332],[-72.40746838187158,46.75380241551849],[-72.40580470376202,46.75500107326832],[-72.39969981058331,46.75072858077577],[-72.39805860293228,46.75191963606144],[-72.41350389007603,46.76273527415332],[-72.41393433311578,46.76241694679463],[-72.41423204288579,46.76220711494469],[-72.42493467448705,46.769658542230836],[-72.42510983428934,46.76940303188245],[-72.42606257849654,46.76822190697839],[-72.42614162125838,46.768133306460804],[-72.42651517129623,46.767714579900975],[-72.42696552369763,46.767243939811266],[-72.4274511520419,46.76677917005753],[-72.42748407260213,46.766747663268994],[-72.4280429046589,46.766243939185905],[-72.42816465332936,46.76630771325901],[-72.42862097593414,46.76651519706825],[-72.42873172383561,46.7663536724115],[-72.42884312840557,46.76630543594448],[-72.42907356334393,46.76636532356207],[-72.42953149123811,46.7659566635647],[-72.42899553567835,46.765585103789974],[-72.4295481648681,46.765109051659195],[-72.43000354603845,46.764711468139936],[-72.43051309023055,46.76430286266883],[-72.43713280071205,46.76893829675582],[-72.43713259679447,46.76881298767023],[-72.43709505260551,46.768260120925156],[-72.43712336750325,46.7680087344834],[-72.43717573479275,46.76782981589548],[-72.43719083637097,46.767718196066134],[-72.43724076742942,46.76761811674475],[-72.4372745440841,46.767468741017154],[-72.43735564039468,46.767316474136955],[-72.437445178174,46.767096957852395],[-72.43748894858622,46.766992680919984],[-72.43754599789497,46.76687492340902],[-72.43757631154425,46.766812347416895],[-72.43765534262799,46.7666642770099],[-72.43779841371001,46.76646413026327],[-72.43795342519883,46.766288298549625],[-72.43810012637292,46.76610207770661],[-72.43820545563663,46.76596582641477],[-72.43832564123848,46.765766071499755],[-72.43852641200954,46.76548047749806],[-72.43865890812405,46.76526121648004],[-72.4387085409418,46.765158948762014],[-72.4387336129214,46.76505415180902],[-72.43872794994184,46.76499024764593],[-72.43868997635816,46.764892450476076],[-72.43863993121367,46.76483131761695],[-72.43843217604129,46.76468874846564],[-72.4383358218456,46.76461912856004],[-72.43826790921011,46.76455348553377],[-72.43821669356082,46.76447660253667],[-72.43810299649027,46.764237377401564],[-72.43808905104379,46.76415234550622],[-72.43808934299625,46.764105616519785],[-72.43811672544274,46.764068382339076],[-72.43814938189827,46.764002014374284],[-72.43814371352883,46.76395700824009],[-72.43809305483501,46.76386104909709],[-72.43808506342224,46.76380811710363],[-72.4380821106599,46.763624866003845],[-72.43807027715266,46.76354574301769],[-72.43807696151669,46.76346639038731],[-72.43808563744571,46.76340245726503],[-72.43811508781398,46.76333557034836],[-72.43814388420874,46.76329225035522],[-72.4381860008225,46.763105270876565],[-72.43824450360539,46.76295847331031],[-72.43831204703328,46.76282261343856],[-72.43837796540883,46.762805845384904],[-72.4383950423824,46.762776235287134],[-72.43838951235351,46.76268389485161],[-72.43839827811405,46.76260037492109],[-72.43841488347206,46.76251416816703],[-72.43848306111056,46.76225895315201],[-72.4385820338953,46.76192802134911],[-72.43859659917932,46.76181377640656],[-72.43861930769138,46.76175167637475],[-72.43865033729791,46.76159389862503],[-72.43867098237979,46.76153182357032],[-72.43868753743216,46.761465469711254],[-72.43871845834255,46.76139214597426],[-72.43876162149364,46.76124336897946],[-72.43876380709472,46.76116307880667],[-72.43885263789993,46.760827514410806],[-72.43888368008287,46.76064313808808],[-72.43891692223995,46.76036730966052],[-72.43890493871406,46.76018583149967],[-72.43890124124836,46.760142860979485],[-72.43889486500647,46.76006872681303],[-72.43889882028867,46.759884557128814],[-72.43890049654497,46.759806514212144],[-72.4387994279907,46.75978304968316],[-72.4387334898522,46.759807292075664],[-72.43870918952544,46.75985385801759],[-72.4386519165362,46.75994148382572],[-72.43864168382679,46.759986370850605],[-72.43856500902405,46.76004219772795],[-72.43839602244435,46.76010593852684],[-72.43812784568765,46.76024094062161],[-72.4381025338579,46.760302980855435],[-72.43805130742882,46.76033704159898],[-72.43800317749252,46.760340308716586],[-72.43784761084487,46.760395832454485],[-72.43776299583332,46.76041683453573],[-72.43769759398907,46.76046218332313],[-72.43762136115741,46.760471712649846],[-72.43749706576311,46.760478754565824],[-72.43738652537247,46.76054286223608],[-72.43738404512398,46.760668946257375],[-72.43738184335322,46.760780876079295],[-72.43736034756677,46.760857855427794],[-72.43731942661064,46.7609187355647],[-72.43722206720015,46.76102433933133],[-72.43714405660256,46.76107651959934],[-72.4370036301607,46.7611134604638],[-72.43690220767019,46.761143385320764],[-72.43661559389058,46.7612968462592],[-72.43648714468644,46.761315847385276],[-72.43643361497695,46.761315350772705],[-72.43640213800941,46.761286734927566],[-72.43633607320845,46.76126946178296],[-72.43632455500989,46.761228733964074],[-72.43615363076414,46.761190582105854],[-72.43598612820134,46.761176243075234],[-72.43586912712716,46.76117633292111],[-72.43576952731834,46.7611742289276],[-72.43572204776231,46.76116697418004],[-72.43483339296074,46.76076182122585],[-72.43970921116772,46.757300677537444],[-72.43980110522803,46.7571626567838],[-72.43994087769634,46.757017814248634],[-72.43997790086246,46.75695485447093],[-72.43956099543404,46.757012608939675],[-72.43865854161142,46.75713761868277],[-72.43852350416296,46.757156323408196],[-72.4362790050351,46.7574671995111],[-72.43820997865409,46.75609642303905],[-72.43821273917693,46.7559912047275],[-72.43821928160715,46.75583699753034],[-72.43886915162977,46.75592607739215],[-72.43906621325704,46.75539470402872],[-72.43917720011038,46.75540976036467],[-72.43956383500867,46.75513526714091],[-72.43955633407603,46.75508093996053],[-72.4394952001277,46.7547770502855],[-72.43967120524468,46.754794108255695],[-72.4396742738897,46.75479439321163],[-72.43967734612797,46.754794652933896],[-72.43968042375612,46.75479488680704],[-72.43968350497755,46.7547950979083],[-72.43968658979223,46.75479528192952],[-72.43968967730187,46.75479544194798],[-72.43969276840477,46.754795576117274],[-72.43969586040596,46.75479568505292],[-72.4396989533055,46.754795768754875],[-72.43970204889997,46.754795827838606],[-72.43970514359611,46.754795861688685],[-72.4397082409872,46.75479587092049],[-72.4397113365817,46.75479585368776],[-72.43971443217616,46.7547958130677],[-72.4397175268723,46.754795745982996],[-72.43972061977182,46.75479565366471],[-72.43972371177304,46.75479553672813],[-72.4397268010793,46.75479539394241],[-72.4397298867923,46.75479522715396],[-72.43973297070868,46.75479503390089],[-72.43973605103179,46.75479481664511],[-72.43973912686332,46.754794574155575],[-72.43974219820326,46.75479430581694],[-72.43974526505164,46.754794014706455],[-72.43974832651014,46.754793697131355],[-72.43975138257873,46.75479335493802],[-72.43975443235912,46.7547929881265],[-72.43975747585131,46.75479259608124],[-72.43976051215697,46.754792178802326],[-72.4397635403778,46.754791738751585],[-72.4397665623104,46.75479127285166],[-72.43976957436155,46.75479078171805],[-72.43977257922619,46.7547902678126],[-72.43977557420934,46.754789728057986],[-72.43977855931102,46.75478916368513],[-72.43978153632789,46.75478857777138],[-72.43978450166664,46.75478796477751],[-72.4397874562256,46.754787329627234],[-72.43979040000478,46.75478666985876],[-72.43979333210586,46.754785985472054],[-72.43979625252886,46.754785277697984],[-72.43979915947712,46.754784546536605],[-72.43980205384896,46.754783792603334],[-72.4398049365427,46.75478301405188],[-72.4398078039651,46.754782211497584],[-72.43981065791276,46.75478138678687],[-72.43981349838567,46.754780538688834],[-72.43981632268893,46.75477966781895],[-72.43981913172084,46.75477877356172],[-72.43982192727799,46.75477785653263],[-72.43982470397054,46.754776917962516],[-72.43982746718835,46.75477595600508],[-72.43983021064322,46.754774970660335],[-72.43983293972506,46.75477396439004],[-72.43983564994227,46.754772935963345],[-72.4398383430915,46.754771885380215],[-72.43984101557946,46.75477081264064],[-72.43984367279609,46.75476971897557],[-72.43984630935145,46.75476860376947],[-72.43984892704216,46.75476746640697],[-72.43985152407167,46.754766307503495],[-72.43985410133821,46.75476512890539],[-72.43985665794351,46.75476392876631],[-72.43985919478588,46.75476270893259],[-72.43986170917036,46.754761466327],[-72.43986420199526,46.754760204642245],[-72.43986667415894,46.75475892387833],[-72.43986912386472,46.75475762157337],[-72.43987155021429,46.75475630080476],[-72.43987395410599,46.7547549584951],[-72.43987633374319,46.754753597721795],[-72.43987869092248,46.75475221786926],[-72.43988102384729,46.75475081955301],[-72.43988333251755,46.75474940031124],[-72.43988561693332,46.754747963836685],[-72.43988787529794,46.754746509513794],[-72.43989010940805,46.75474503549635],[-72.43989231836535,46.754743544861476],[-72.44000303841906,46.754667888626514],[-72.44032175798692,46.75429796443859],[-72.44036826826076,46.75427855155578],[-72.4403694881729,46.75427805672471],[-72.44037072605137,46.75427758466577],[-72.44037198099782,46.75427713353247],[-72.44037325211397,46.754276704555814],[-72.44037454119638,46.75427629835122],[-72.44037584375356,46.7542759143032],[-72.44037715888712,46.75427555548916],[-72.44037848749542,46.754275218831694],[-72.44037982957846,46.754274905561786],[-72.44038118154297,46.75427461567941],[-72.44038254428725,46.75427435041549],[-72.44038391601468,46.75427410976998],[-72.44038529582696,46.754273892512096],[-72.4403866855207,46.754273700488106],[-72.44038808060435,46.754273532467096],[-72.44038948197618,46.75427338967999],[-72.44039088783961,46.754273270280436],[-72.44039229819461,46.75427317734578],[-72.44039371034624,46.75427310841407],[-72.4403951251928,46.75427306533176],[-72.4403965409377,46.75427304625245],[-72.44039795847921,46.75427305240707],[-72.44039937332577,46.754273084411075],[-72.44040078727404,46.754273141649],[-72.44040219942566,46.754273222274456],[-72.44040360708571,46.75427332874931],[-72.4404050102542,46.75427345922717],[-72.44040640803277,46.754273615554396],[-72.44040780042145,46.75427379526918],[-72.44040918472533,46.754274000217855],[-72.44041056094433,46.75427423040047],[-72.4404119290785,46.754274484586084],[-72.44041328553459,46.754274761543776],[-72.44041463390583,46.75427506373537],[-72.44041596790402,46.75427538746816],[-72.44041729112244,46.75427573643484],[-72.44041860086611,46.754276108173606],[-72.44041989354183,46.7542765032999],[-72.4404211736411,46.754276921198276],[-72.4404224375707,46.75427736125322],[-72.440423683534,46.75427782346484],[-72.44042491242931,46.754278307217554],[-72.44042612425663,46.754278813126895],[-72.44042731362607,46.754279339346475],[-72.44042848502919,46.754279887107195],[-72.44042963487276,46.75428045640907],[-72.44043076405507,46.75428104417477],[-72.4404318698812,46.75428165225067],[-72.4404329523511,46.754282279405906],[-72.44043401146483,46.7542829256404],[-72.44043504632403,46.754283591569674],[-72.44043605692873,46.75428427350092],[-72.44043703968563,46.75428497451152],[-72.44043799728975,46.75428569152405],[-72.44043892704606,46.75428642515403],[-72.44043982985292,46.75428717663242],[-72.44044070391368,46.754287942266366],[-72.44044154743173,46.75428872328688],[-72.44044236400033,46.75428952030936],[-72.44044314822958,46.754290329641044],[-72.44044390371272,46.75429115312833],[-72.44044462865317,46.75429198954028],[-72.44044532035593,46.754292839492365],[-72.44044598061767,46.75429370113822],[-72.44044660854004,46.754294573246895],[-72.44044720412309,46.75429545643387],[-72.44044776646845,46.754296349468234],[-72.44044829467785,46.75429725358085],[-72.44044878875124,46.754298166309916],[-72.44044924958699,46.75429908642448],[-72.44044967538842,46.75430001454008],[-72.44045006525727,46.75430095004113],[-72.44045042188844,46.754301893543214],[-72.44045074168868,46.75430284135348],[-72.44045102645461,46.754303795318364],[-72.44045127438964,46.75430475236053],[-72.44045148729035,46.75430571555727],[-72.44045166515677,46.75430668121587],[-72.44045180529397,46.754307650567206],[-72.44045191129517,46.75430862053398],[-72.44045197956713,46.75430959357801],[-72.44045201100818,46.754310567237546],[-72.4404520065166,46.75431154028158],[-72.4404519651941,46.7543125133256],[-72.4404518897356,46.75431348513866],[-72.44045177564958,46.75431445510534],[-72.4404516256309,46.75431542322558],[-72.44045143967965,46.754316388268535],[-72.44045121779578,46.75431735023417],[-72.4404509599793,46.7543183072761],[-72.4403843337313,46.75455273649051],[-72.44048535197993,46.75448101400289],[-72.44053233027606,46.75431819587765]]]]}},{"type":"Feature","properties":{"zone_code":"3-Aa","prefix":"","kind":"unknown","n_lots":12,"source":"t2-gcp-claude48-vision-multisheet","confidence":"contour-autogcp-multisheet"},"geometry":{"type":"MultiPolygon","coordinates":[[[[-72.3930158463045,46.755296024733205],[-72.38857406619502,46.75219805522667],[-72.37664736593312,46.74392212407268],[-72.37571033415857,46.74460018091117],[-72.3750553590102,46.745069283526426],[-72.37412019123985,46.74573904666816],[-72.36011835392553,46.73602579239982],[-72.3600801422883,46.73607156805438],[-72.36008267643571,46.736117371990865],[-72.3599927919067,46.73612317097565],[-72.359919846909,46.73614917620408],[-72.35986559585237,46.73621967574319],[-72.3598111076405,46.73621871283893],[-72.3597306338624,46.73619403256158],[-72.35960728708903,46.73621423755011],[-72.35931124189727,46.73624468785353],[-72.35907342819716,46.73630318115183],[-72.35890096783228,46.736291226749245],[-72.35854025561814,46.736342929198244],[-72.35845871284486,46.73641347712167],[-72.35838080555355,46.73642974607981],[-72.35825662244866,46.736524201983855],[-72.35825459584937,46.7366178764459],[-72.3582339911917,46.73665594226978],[-72.35821854825366,46.7367766151067],[-72.35814350748639,46.73690046324758],[-72.35812321454414,46.736914666520285],[-72.35798989916607,46.737007964136566],[-72.35785839299498,46.737032297425664],[-72.35779761208457,46.73705142777652],[-72.35773014950504,46.737035133148325],[-72.35766397600796,46.73699316677761],[-72.35755510738204,46.736978055428445],[-72.35743979244565,46.736906004186665],[-72.35733724616271,46.73686663457071],[-72.3572109097961,46.736786894803174],[-72.35711738798848,46.736753119002024],[-72.3569762896068,46.73673090715778],[-72.3568997872806,46.73671040253537],[-72.35684102847785,46.73672884838442],[-72.35656124189441,46.73674064631192],[-72.35652156420662,46.7367938868673],[-72.35643944201999,46.736825402552235],[-72.3563191378405,46.73684007374678],[-72.35625075269117,46.736815444853704],[-72.35618273315619,46.73675750559083],[-72.35607960027336,46.73667926603133],[-72.35601324262164,46.73665395244781],[-72.35595575224009,46.73664880920099],[-72.35589588940788,46.73667557759742],[-72.35586012028988,46.73671495720343],[-72.35578923243418,46.736826339587935],[-72.35576038573379,46.736878941619075],[-72.35564964771375,46.73694154683473],[-72.35550850531463,46.737014411314135],[-72.35533401206227,46.737089887315335],[-72.355236194511,46.73717060245093],[-72.3552307471271,46.73718084205468],[-72.35522073091167,46.73719967499074],[-72.3552129685693,46.73726279329098],[-72.35521966910301,46.73729614027671],[-72.35525656021679,46.73733865865409],[-72.35524228868188,46.73744269315475],[-72.35517197484963,46.73750133783551],[-72.35503347798902,46.73751661464862],[-72.35492651558813,46.73751053261329],[-72.35489431368015,46.73750065569187],[-72.35479092298085,46.73744531276133],[-72.35469784134774,46.737370589587485],[-72.35463118815028,46.737367017559585],[-72.35457861694323,46.73737763267524],[-72.35452180119644,46.737402335190005],[-72.3544719923089,46.73743990978411],[-72.35447473037388,46.73755790770383],[-72.35449155761577,46.73758852839978],[-72.35451669966396,46.73759767575752],[-72.35454812003763,46.7375867270018],[-72.35461803052632,46.73756486580707],[-72.35464624571107,46.737569862441276],[-72.35464819685188,46.7375761186995],[-72.35462979396496,46.73759684770563],[-72.35451582021328,46.73767748451032],[-72.35447045529145,46.737762626522006],[-72.3544849118793,46.73782516052767],[-72.35452391313568,46.73785936168643],[-72.35454269241669,46.737896239047885],[-72.35460597244025,46.73792639535294],[-72.35463947510878,46.73800151731173],[-72.35470501259866,46.738101784010055],[-72.35478936620046,46.73823545726003],[-72.35478942099769,46.73832221322408],[-72.35474578533277,46.73843374065851],[-72.35466824904563,46.73850623435217],[-72.35449776766933,46.738583128548456],[-72.35443386690991,46.73870080383396],[-72.35441601379198,46.738763182841936],[-72.35435221813543,46.73877952558341],[-72.35432347294464,46.738824664177635],[-72.35428975468045,46.73885834202613],[-72.35414397966943,46.73898325289883],[-72.35412745785472,46.73901648677488],[-72.35413231504545,46.73903386309171],[-72.35420155000102,46.73907376734347],[-72.35444688619333,46.73907705791308],[-72.35452789177407,46.73905663421544],[-72.35457064439508,46.73902561172749],[-72.3545801557573,46.739004721973984],[-72.3545659381213,46.73899451349846],[-72.3545529772284,46.73898623627153],[-72.35453779839504,46.738982416249264],[-72.35451136816273,46.738955055524485],[-72.3545060752891,46.73892881647599],[-72.35451735004423,46.73891360224231],[-72.35459282649438,46.738936878854574],[-72.35477307165951,46.73898218661698],[-72.35479099394774,46.7390051800071],[-72.35478772947,46.73902667985537],[-72.35476017724193,46.739052918856196],[-72.3548005475308,46.73911168183446],[-72.35482809706393,46.739174850841096],[-72.35482205319869,46.73926795677873],[-72.35464733896076,46.739545429815905],[-72.35458405624227,46.739606893637614],[-72.35452512586131,46.73963992089368],[-72.35442686903386,46.73966789689931],[-72.35423587372972,46.73968084171469],[-72.35408249358147,46.73967106492263],[-72.35402382101702,46.73968049450043],[-72.35392979794948,46.7396904448979],[-72.35388520108721,46.73970549577103],[-72.35361921532147,46.73983329627863],[-72.35354231144831,46.73984749385386],[-72.35349785831647,46.7398493585858],[-72.35335069091673,46.739825034571105],[-72.35328939976323,46.73979696814988],[-72.35326544259291,46.7397718622651],[-72.35325562849843,46.739746131506756],[-72.35326206492745,46.73971215009262],[-72.3532594643047,46.739673266409355],[-72.35323650965424,46.739648859205374],[-72.35322043699718,46.739641145379046],[-72.35317804190565,46.739639547822726],[-72.35313751171667,46.73965184254125],[-72.35311077246392,46.73969544071954],[-72.35310024420879,46.73973426036152],[-72.35310699684479,46.7397627534451],[-72.35309788523286,46.73976479117121],[-72.35308163740432,46.739773040575436],[-72.35306312222798,46.739803491331706],[-72.35303285349448,46.73989219199721],[-72.35302435902516,46.739929633112425],[-72.35299896724534,46.739942696680664],[-72.35296957616588,46.73995227026719],[-72.3529489643217,46.739989653472],[-72.35291539427952,46.74001170144904],[-72.35285381746174,46.74002990976906],[-72.35283446775053,46.740044392942046],[-72.35281282733533,46.740049783345846],[-72.35268964585198,46.74008047403902],[-72.35263518818283,46.74007326385466],[-72.35249078040763,46.74007185961697],[-72.35246543174696,46.7400807596884],[-72.35245413004236,46.74009805870929],[-72.35243065616568,46.74012015835436],[-72.3524020160778,46.740152644163594],[-72.35236190450372,46.74021770314171],[-72.35229955693144,46.740284039455496],[-72.35223240966059,46.7403281388535],[-72.3521719907712,46.74035812573406],[-72.3521514202495,46.74039134829716],[-72.35217377033376,46.74047060316713],[-72.35223361340306,46.7405389350046],[-72.35227035090492,46.7405960458922],[-72.35226762092476,46.74065991003827],[-72.35220913431156,46.74074155310386],[-72.35217456354617,46.740804244330334],[-72.35215521473326,46.74081803719066],[-72.3520721151796,46.740841239107006],[-72.35199634767527,46.7408408678912],[-72.3518954632756,46.740827874105065],[-72.35182800249271,46.74080740613072],[-72.3517566618861,46.74077233451441],[-72.35172679739448,46.74073260635471],[-72.35169761202923,46.740631773255636],[-72.35167051345036,46.740615668088324],[-72.35154631776906,46.74060950329421],[-72.35145620416966,46.7406271148791],[-72.35143273568286,46.740647832862464],[-72.35142119592473,46.74068596971545],[-72.35142377858116,46.74072625750471],[-72.35143745722799,46.740767990729694],[-72.35147119345848,46.74082301443936],[-72.35152946178107,46.74103371200442],[-72.35152809544353,46.74106564875259],[-72.35148038322384,46.74117652412077],[-72.35149787881232,46.74123841516356],[-72.351478865071,46.741312626946375],[-72.35149166606382,46.74134254987162],[-72.35148656453131,46.74140289185283],[-72.35148468166247,46.74142515471483],[-72.35154372702779,46.74156641569681],[-72.35157795104348,46.74157769422516],[-72.35163902839797,46.7416272985451],[-72.35165279418138,46.74166139448604],[-72.35164405447199,46.7417203805484],[-72.3516287444846,46.741734194104936],[-72.35161659836362,46.74173621821328],[-72.35160434354653,46.741747963950004],[-72.35160526072643,46.74175630169785],[-72.3516302850953,46.741777258101756],[-72.35162201071321,46.741794578740084],[-72.35158945576732,46.74181455878145],[-72.3515678836241,46.74184639841736],[-72.35144331244702,46.741953270765535],[-72.3513789301906,46.742006953100805],[-72.35126450997623,46.742032535035925],[-72.35117365885998,46.74203399277985],[-72.35107559966187,46.74197780497157],[-72.3510042132412,46.74189265545702],[-72.35092922816948,46.74184564861235],[-72.35087491423077,46.74183347813043],[-72.35071747279912,46.74183378223858],[-72.35060846852761,46.74183441938831],[-72.35056069612081,46.741856989873824],[-72.35050416513995,46.741857988382456],[-72.35041075382516,46.741828199944855],[-72.35039294472465,46.74180448380833],[-72.35037611478778,46.74171554681853],[-72.35039008718373,46.74165874184156],[-72.35041274718677,46.741628366005806],[-72.35046093641188,46.74157804265848],[-72.35046234137697,46.74155168361192],[-72.35044566684867,46.74151964865448],[-72.35041968038412,46.74150281548883],[-72.35037040150257,46.741491373193206],[-72.35015438093127,46.74142743184979],[-72.34987052947118,46.74137759464584],[-72.3496565049564,46.74131505244792],[-72.34950599133224,46.7412571112482],[-72.34945663878884,46.74125052606565],[-72.34942329512212,46.74125307099843],[-72.34934995756063,46.741297668247725],[-72.34925764219047,46.74132895106242],[-72.34916528729443,46.74136300902428],[-72.34908951529852,46.741368037933796],[-72.3490155749675,46.7413855692418],[-72.34884770679034,46.741407308843804],[-72.34874559439368,46.74148571206626],[-72.34869790014031,46.74150272991942],[-72.3486493336228,46.741510722965096],[-72.34860455260588,46.74153539526847],[-72.34855007966536,46.74160024881238],[-72.34854979669603,46.74161898355475],[-72.34854210801554,46.741632980587816],[-72.34853422799385,46.741647327896914],[-72.34847178609846,46.74170518803299],[-72.34843529653162,46.74171534490012],[-72.34834043174267,46.741714690512026],[-72.34830622210002,46.741707515020146],[-72.3482691234754,46.74169129690277],[-72.34815137949451,46.741601658550735],[-72.3480757081099,46.741533127987815],[-72.34799609312122,46.74145832490937],[-72.34791599753386,46.74141544041551],[-72.34780138777495,46.741385501524846],[-72.34773187344332,46.74137669339455],[-72.34767398600643,46.74139988829873],[-72.34762365968928,46.741390518735685],[-72.34755361804656,46.74134978143255],[-72.34751201706575,46.74129744539699],[-72.3474225475584,46.74127322976736],[-72.34735148632785,46.74123317939687],[-72.34721796703224,46.74111843995025],[-72.34717646037453,46.741059857686714],[-72.34711149780642,46.74101707322077],[-72.34702891298741,46.741004702477525],[-72.34696822909504,46.74101261064247],[-72.34687667369958,46.74105916696955],[-72.34685829327056,46.741139542502026],[-72.34687611135422,46.74122919270337],[-72.34686679223147,46.741311020205416],[-72.34684722602626,46.74133656184049],[-72.34678391007009,46.741384703695914],[-72.3466935090098,46.741421554021954],[-72.34654343106853,46.74146631919285],[-72.34644683522603,46.741512149327185],[-72.34629865542497,46.74156456210514],[-72.346212700127,46.74157437672151],[-72.34615799452284,46.741587185645756],[-72.34608121821046,46.741590817107905],[-72.34602201384332,46.741567503473746],[-72.34597001126986,46.74153521735806],[-72.3459238764918,46.741515464987856],[-72.34585403337677,46.74146154084493],[-72.34572757663591,46.74133567105386],[-72.34568069356123,46.74129856088184],[-72.34564059097033,46.74128023663997],[-72.34554424845274,46.74124961065319],[-72.3454954923907,46.74120276638468],[-72.34542647033584,46.74116064012062],[-72.3452890658266,46.741100685703834],[-72.34511785950987,46.741072425413165],[-72.34486590992046,46.74104221546252],[-72.34478150780961,46.74104477948907],[-72.3446043025434,46.74117352424775],[-72.34454910556077,46.74121362760509],[-72.3445159289807,46.74128203052726],[-72.34449150917801,46.741294356267325],[-72.34444191319118,46.74130234072534],[-72.34442821208647,46.74130145978789],[-72.34382878156873,46.74173695509213],[-72.34410921314254,46.74186439558148],[-72.34416521321906,46.741900189820754],[-72.34422353094897,46.741916560544716],[-72.34425254563435,46.74193411629847],[-72.34426331104471,46.74195640664322],[-72.34426983820357,46.74199185670005],[-72.34431632601951,46.742055351678914],[-72.34433193873916,46.7420908663087],[-72.34438872573983,46.74214124273461],[-72.34443470421101,46.74217210706761],[-72.34446272086811,46.74218896218584],[-72.34452262232789,46.74223380736303],[-72.3445948630464,46.742264158849316],[-72.34461684302478,46.74227958328784],[-72.34462764077449,46.742299791536446],[-72.34461523863368,46.74231844908596],[-72.34463069324983,46.742364375144724],[-72.34463642360303,46.74245188595823],[-72.34462574173597,46.74248999383333],[-72.34462751680697,46.74250597409039],[-72.34466224118428,46.7425464802872],[-72.34473053290881,46.74257125307422],[-72.34473914326081,46.74260255361778],[-72.34472993912242,46.74261012666479],[-72.34468244788829,46.742611881725345],[-72.34459418481836,46.74263834798258],[-72.3445315039711,46.74268383915958],[-72.34451903625327,46.74270666414522],[-72.3445267321203,46.74273171079767],[-72.34455073420638,46.74274715110789],[-72.34456962218356,46.74276672142693],[-72.3445743742714,46.74278619570638],[-72.34457093102893,46.74281324853764],[-72.34452994449576,46.74285184493731],[-72.34450143646022,46.742866922013924],[-72.34445386078445,46.74287423031936],[-72.34438724621455,46.74287168669431],[-72.34433180219521,46.74286505553954],[-72.34428050479923,46.74285150882409],[-72.34418726416432,46.74280712339268],[-72.3441024623032,46.74273918964078],[-72.34406992622192,46.74268758751066],[-72.34402501764424,46.742652562055774],[-72.34398977943059,46.7426453749924],[-72.34396148519409,46.74264656862979],[-72.34390157654776,46.74266767612379],[-72.34384589806817,46.74267631537041],[-72.34371459132308,46.74267749053934],[-72.3436370164084,46.7426651497256],[-72.34359003451904,46.74263358143479],[-72.34356051767543,46.742582693293876],[-72.34356141958398,46.7425236853979],[-72.34358117174045,46.7424870223508],[-72.34366175241807,46.74236954431704],[-72.34367444561303,46.742332138754094],[-72.34366611284045,46.74228278378443],[-72.34365246473634,46.74225075049262],[-72.3435809570431,46.74217179495853],[-72.34348785025715,46.74211838118916],[-72.34340609458314,46.74211503540109],[-72.34331879810047,46.74214359186452],[-72.3432739146756,46.74217244133828],[-72.34321413718334,46.742250487016314],[-72.34317850460928,46.74226898575844],[-72.34314259265918,46.74230553753049],[-72.34307233362418,46.74234254358901],[-72.34304351027997,46.74236389251624],[-72.34298416397904,46.7423804576282],[-72.34292177688087,46.74239588634262],[-72.34269880873914,46.74255786818651],[-72.3426849064118,46.742578017233676],[-72.34265198136,46.742617366674025],[-72.34261907427451,46.74265532853629],[-72.34257712205243,46.742690449406425],[-72.34253745783938,46.742708227753035],[-72.3424375777562,46.74274764481358],[-72.34243446599206,46.74274990465606],[-72.34142534082271,46.7434829879994],[-72.35917086396445,46.756549411975676],[-72.36049032472512,46.75560047215332],[-72.3768012823756,46.76695155377996],[-72.37682055752663,46.76693416369538],[-72.37713490140075,46.76675479173998],[-72.37844857880764,46.765808383439456],[-72.37994518734232,46.76473012285478],[-72.38008794131906,46.76462794396864],[-72.38066004239091,46.76421844991692],[-72.38026069812798,46.76393918705834],[-72.38132300446048,46.76317669820442],[-72.38172682323184,46.763459085489174],[-72.38234394966236,46.76302724923987],[-72.38259604747381,46.762831639595554],[-72.38297043833477,46.762433208521195],[-72.38326351998442,46.76226569822594],[-72.38327872576723,46.762257006735595],[-72.38347537057619,46.762197860995784],[-72.38357151187115,46.76213159595519],[-72.38287994564631,46.76172369644528],[-72.38312461888192,46.761526104856216],[-72.38375776856216,46.761387255547255],[-72.38393719087048,46.76152788760834],[-72.38400097754386,46.76149502145301],[-72.3842213890803,46.76166807623084],[-72.38494806595804,46.76114035578978],[-72.38655965795078,46.75996994530547],[-72.38630253316701,46.759790078765775],[-72.38682614856971,46.75940316708172],[-72.38708884919645,46.759565582140446],[-72.38736205472213,46.75936878819967],[-72.38742371687985,46.75932436959805],[-72.38717521412617,46.75915146914401],[-72.38739061935154,46.758999212601616],[-72.38791931382885,46.7586255019782],[-72.38794896092817,46.75860454597003],[-72.3881900202414,46.75877246951109],[-72.38862683323482,46.758458449405],[-72.38842416881515,46.75832530509068],[-72.3882781350893,46.75807749032958],[-72.38814423760294,46.75790478834763],[-72.38773259001388,46.75762533952136],[-72.38807945110464,46.75738401797857],[-72.38912116445759,46.75810307448491],[-72.3897928222191,46.757620209352766],[-72.38947876490757,46.757404720906024],[-72.38977196423652,46.75719393162285],[-72.3896192326719,46.757089135792576],[-72.39031949189376,46.75658569250488],[-72.39078627987159,46.75690597507841],[-72.39139737231834,46.75645792186373],[-72.39083273444987,46.75606259963686],[-72.39135940771781,46.75571509338317],[-72.39163645354131,46.755813130618684],[-72.39194699125356,46.75558986308733],[-72.39229087083591,46.75581551607942],[-72.3930158463045,46.755296024733205]]]]}},{"type":"Feature","properties":{"zone_code":"6-Aa","prefix":"","kind":"unknown","n_lots":6,"source":"t2-gcp-claude48-vision-multisheet","confidence":"contour-autogcp-multisheet"},"geometry":{"type":"MultiPolygon","coordinates":[[[[-72.49646925969988,46.73525876258226],[-72.49646355360117,46.73525416161534],[-72.49645781695979,46.735249574192956],[-72.49645205336891,46.735245005240536],[-72.49644626193027,46.735240452295386],[-72.4964404444405,46.73523591597318],[-72.49643459730633,46.735231395658246],[-72.49642872322266,46.735226892581956],[-72.49642282308788,46.73522240551295],[-72.49641689510531,46.73521793568255],[-72.49641094107163,46.73521348370651],[-72.49640496098678,46.73520904712207],[-72.49639895305417,46.73520462839198],[-72.49639291727377,46.735200226900524],[-72.49638685634055,46.73519584326345],[-72.49638076935618,46.73519147563367],[-72.49637465542236,46.73518712647392],[-72.4963685163357,46.735182794552806],[-72.49636235119792,46.735178480486084],[-72.49635615911065,46.73517418365807],[-72.49634994007396,46.73516990406871],[-72.49634369678272,46.73516564233375],[-72.49633742833866,46.73516139906883],[-72.49633113384348,46.73515717304259],[-72.49632481329714,46.7351529661021],[-72.49631846669966,46.735148775784694],[-72.49631209764428,46.73514460332166],[-72.49630570163946,46.735140450560024],[-72.4962992795835,46.735136316268516],[-72.49629283506964,46.735132199215705],[-72.49628636540298,46.73512810124866],[-72.49627986968515,46.73512402113606],[-72.49627335061113,46.7351199601092],[-72.49626680638428,46.73511591693678],[-72.49626023880126,46.73511189285016],[-72.49625364606538,46.73510788846502],[-72.49624702817667,46.73510390131865],[-72.4962403878301,46.73509993325804],[-72.49623372412731,46.73509598551462],[-72.49622703617003,46.735092056241314],[-72.49622032305992,46.735088146053826],[-72.49621358928853,46.73508425495211],[-72.49620682856772,46.73508038293626],[-72.49620004808394,46.735076529390554],[-72.49619324334567,46.735072696777756],[-72.49618641435288,46.73506888263504],[-72.49617956200389,46.73506508819388],[-72.49617268809534,46.73506131345423],[-72.4961657917289,46.735057557800445],[-72.49615887290459,46.7350538218482],[-72.49615193072407,46.73505010682883],[-72.49614496608568,46.73504641089532],[-72.49613797988772,46.73504273466333],[-72.49613097213017,46.735039078748585],[-72.49612394101646,46.735035442535406],[-72.49611688744484,46.73503182602379],[-72.49610981411028,46.7350282298294],[-72.49610271921617,46.73502465518361],[-72.49609560096586,46.735021099623715],[-72.4960884620543,46.73501756499678],[-72.4960813024815,46.73501404945569],[-72.49607412134911,46.735010555463234],[-72.49606691955547,46.73500708117237],[-72.49605969710059,46.73500362904582],[-72.49605245308614,46.73500019600519],[-72.49604518751211,46.73499678389751],[-72.4960379039718,46.73499339272281],[-72.49603059797359,46.73499002186538],[-72.49602327311078,46.734986672556595],[-72.49601592668837,46.73498334479647],[-72.49600856050304,46.73498003612227],[-72.4960011763514,46.73497675022807],[-72.4959937706402,46.734973485266906],[-72.4959863469627,46.734970240007364],[-72.49597890172562,46.734967016912144],[-72.49597143762392,46.73496381474996],[-72.49596395375929,46.73496063475209],[-72.49595645282668,46.73495747445588],[-72.49594893123279,46.734954337555436],[-72.4959413907743,46.73495122158799],[-72.4959338323495,46.73494812593786],[-72.49592625416177,46.73494505306781],[-72.49591865980435,46.734942001130776],[-72.49591104478569,46.73493897074248],[-72.49590341359735,46.734935962518556],[-72.49589576264607,46.73493297645903],[-72.4958880937285,46.73493001133253],[-72.49588040864123,46.73492706960179],[-72.49587270468935,46.734924148188426],[-72.49586498366948,46.73492124893948],[-72.49585724468332,46.73491837308635],[-72.49584948862915,46.734915518166225],[-72.49584171460869,46.73491268602621],[-72.49583392352022,46.734909875434944],[-72.49582611626208,46.73490708762381],[-72.4958182937326,46.73490432136143],[-72.49581045233847,46.734901577263486],[-72.49580259657134,46.734898855945644],[-72.49579472373617,46.73489615740795],[-72.4957868320364,46.734893481650346],[-72.49577892776023,46.73489082744152],[-72.49577100641606,46.73488819601284],[-72.49576306890219,46.73488558798002],[-72.49575511521866,46.73488300026459],[-72.49574714716209,46.73488043840769],[-72.49573916293586,46.73487789686824],[-72.49573116433658,46.73487537995599],[-72.4957231504659,46.734872884592534],[-72.49571512042559,46.73487041262491],[-72.49570707601222,46.73486796343745],[-72.49569901812411,46.734865537030146],[-72.49569094406635,46.73486313401871],[-72.49568285653383,46.734860753787416],[-72.49567475552662,46.734858396336335],[-72.4956666383497,46.734856063512474],[-72.49565850769807,46.73485375223743],[-72.49565036536833,46.73485146374253],[-72.49564220597061,46.73484919987493],[-72.49563403399647,46.734846958171794],[-72.49562585034423,46.734844740480206],[-72.49561765321727,46.73484254618454],[-72.49560943992061,46.73484037466907],[-72.49560121674251,46.73483822654944],[-72.49559297919136,46.7348361036728],[-72.49558472996209,46.734834002960646],[-72.4955764672581,46.73483192564438],[-72.49556819197772,46.734829871724024],[-72.49555990501923,46.734827842430946],[-72.495551604586,46.734825835302395],[-72.49554329337298,46.73482385218544],[-72.49553497048188,46.73482189369572],[-72.49552663501436,46.734819958601975],[-72.49551828786873,46.73481804751978],[-72.49550993084165,46.734816160449164],[-72.49550156123816,46.73481429615881],[-72.49549317995655,46.734812455880046],[-72.49548478879349,46.73481063961288],[-72.49547638685063,46.73480884858871],[-72.49546797322968,46.7348070803448],[-72.49545954882893,46.734805336112494],[-72.49545111364843,46.73480361589174],[-72.49544266858645,46.73480192029835],[-72.49543421454129,46.73480024748519],[-72.49542575061469,46.73479859991502],[-72.49541727590831,46.73479697697217],[-72.49540879132044,46.734795377425236],[-72.49540029774943,46.73479380127428],[-72.49539179339864,46.73479225036629],[-72.49538328186131,46.73479072408566],[-72.49537475954422,46.73478922181663],[-72.49536622914228,46.73478774355926],[-72.49535768975718,46.73478628931348],[-72.49534914138894,46.73478486031077],[-72.49534058493587,46.73478345531964],[-72.49533201860132,46.73478207495585],[-72.49532344508026,46.73478071737237],[-72.49531486437265,46.734779386263284],[-72.49530627558022,46.734778079165814],[-72.49529767780464,46.734776796079984],[-72.49528907284252,46.734775537621545],[-72.4952804606939,46.73477430379039],[-72.49527184046043,46.73477309458659],[-72.49526321214213,46.73477191001013],[-72.49408067439369,46.73461128637421],[-72.48909061473711,46.73814839825872],[-72.48749138176602,46.73705984197658],[-72.48745099440916,46.73717265751347],[-72.48740324086698,46.73731079410491],[-72.48735417488615,46.73746623513296],[-72.4872935215365,46.73765067474698],[-72.48723130960981,46.737808782404905],[-72.48720410772468,46.737981720551616],[-72.48711152555488,46.73820538854943],[-72.48703847365765,46.73840705070583],[-72.48698000231582,46.73863931127554],[-72.48688466321639,46.73873205121702],[-72.48678379588472,46.73897992600093],[-72.48670175993634,46.73910669519328],[-72.48651919532114,46.739346277539326],[-72.4863025037083,46.73969295789167],[-72.48593942712834,46.740283691013815],[-72.48576662540367,46.740536133325236],[-72.48573667557208,46.740581319698336],[-72.48570826635124,46.740649672942084],[-72.48557201707546,46.740890344225626],[-72.48553924922884,46.740977367403495],[-72.48549430022697,46.74106914296834],[-72.4854239783099,46.74122860356413],[-72.48539740165221,46.74136486385412],[-72.48534884591449,46.74148986433919],[-72.4853055480161,46.741544937791936],[-72.48527210822965,46.741670060980596],[-72.48520309425963,46.74181221764006],[-72.48516735837931,46.741838258292184],[-72.48516519703274,46.741961553693024],[-72.48510057582446,46.74208296568915],[-72.48500532655657,46.74228701602379],[-72.484992480648,46.742326655007616],[-72.4849324830685,46.742471661378055],[-72.48483444992154,46.74265862689004],[-72.4847525801615,46.742843644635926],[-72.4846980317625,46.74296514267509],[-72.48463770090801,46.74312885938469],[-72.48456492299695,46.74325506479356],[-72.48449262927784,46.74341106610463],[-72.48441890274584,46.74353380142044],[-72.48438094892508,46.74368592314],[-72.48430315212653,46.74381070771496],[-72.48424738291706,46.74394398207425],[-72.48421664795792,46.74401718489291],[-72.48931223001601,46.747548469861364],[-72.48936442932053,46.74750971739966],[-72.49091198670489,46.74636568579165],[-72.49096092153167,46.746329509797036],[-72.49247358116388,46.745211191768064],[-72.4925573418776,46.74514926465857],[-72.49404764154407,46.744047395638894],[-72.4941536903583,46.7439689862925],[-72.49597420982488,46.742622870089974],[-72.49590834983982,46.74256949185637],[-72.49580371946544,46.742496929138646],[-72.49415782530355,46.7413554222587],[-72.49345125901009,46.740865360125994],[-72.49243602709342,46.74026559482262],[-72.49065714454025,46.739214630630585],[-72.49646925969988,46.73525876258226]]],[[[-72.48745301112697,46.73697746316446],[-72.4874123991913,46.73700607837393],[-72.48744106083875,46.73702558797972],[-72.4874440486354,46.737013556164264],[-72.48745002333034,46.736989494987974],[-72.48745301112697,46.73697746316446]]]]}},{"type":"Feature","properties":{"zone_code":"5-Aa","prefix":"","kind":"unknown","n_lots":28,"source":"t2-gcp-claude48-vision-multisheet","confidence":"contour-autogcp-multisheet"},"geometry":{"type":"MultiPolygon","coordinates":[[[[-72.48931223001601,46.747548469861364],[-72.48421664795792,46.74401718489291],[-72.48420695783096,46.744040261701194],[-72.48418225056739,46.744093812071526],[-72.48411479607272,46.74426094487778],[-72.48405125284278,46.74437753297825],[-72.48393849181673,46.744655861217865],[-72.48386126993995,46.74480490869423],[-72.48379452691097,46.74498868486139],[-72.48374323400657,46.745096366605885],[-72.4837436175872,46.74518921732289],[-72.48369010404741,46.74525115177324],[-72.4835794262145,46.74546784299726],[-72.48342189674797,46.745705576252156],[-72.4833886671673,46.745766358398996],[-72.4832144245449,46.74598532695664],[-72.4831246109828,46.74610449173375],[-72.48300667835566,46.74621719970662],[-72.48294169153306,46.74630053081959],[-72.48279678878616,46.74645599025085],[-72.48271397669338,46.746577986130475],[-72.48252461991633,46.74676304336244],[-72.48238474054848,46.746930784669765],[-72.48233190074517,46.74707459681226],[-72.48227004275469,46.74721146340895],[-72.48219037207046,46.74744411815974],[-72.48215509882252,46.747505776104646],[-72.48211793282425,46.747670059476306],[-72.48204572893667,46.747887627346465],[-72.48200279665261,46.747974910064364],[-72.48198553282948,46.74801929370311],[-72.48200521851062,46.74806234344641],[-72.48198805979037,46.74809422801945],[-72.48197548247808,46.74814363306655],[-72.48191543099966,46.748290839082685],[-72.4818667099719,46.748432616353455],[-72.48184016565358,46.74854467746389],[-72.48179601345737,46.74874028788746],[-72.48173165545546,46.748860201205936],[-72.48167716185371,46.749026339324466],[-72.48167138748306,46.749094690478444],[-72.48165691831878,46.74923835527837],[-72.48171787889227,46.749596701892074],[-72.48175925439593,46.74989332327386],[-72.48178007285264,46.74994737747289],[-72.48179747771128,46.75015778886616],[-72.48182632351336,46.750322975104844],[-72.48186610720235,46.75042477119388],[-72.48189868730108,46.75063749193755],[-72.48192530977285,46.75084523490324],[-72.48194865069885,46.75106131337685],[-72.48198645360266,46.75130482546998],[-72.48199560294381,46.75144809415585],[-72.48198355743418,46.75155057316318],[-72.48198364996065,46.751619001130074],[-72.48196314950754,46.751690536008965],[-72.48195752695219,46.751716394012625],[-72.48186552689067,46.751879908730515],[-72.48179063075219,46.7520492479212],[-72.48177899936589,46.75213706737414],[-72.48174792843683,46.75219389639266],[-72.48173392909145,46.752293553833596],[-72.48165099213284,46.752495607056886],[-72.48161410191739,46.752542580611404],[-72.48156489400274,46.75262988471894],[-72.48152589364469,46.75278715940638],[-72.48145221921499,46.752913232033144],[-72.4814045833521,46.753016621620894],[-72.48134919412999,46.753178562935155],[-72.48130860375389,46.75332843804436],[-72.48130024313353,46.75349585918612],[-72.48136554436647,46.753447392714406],[-72.48298222711195,46.752247439894106],[-72.48454156949451,46.75108999066291],[-72.48459884607703,46.751047474512845],[-72.48614197117378,46.74990199890877],[-72.48621539407522,46.74984749472484],[-72.4877526388001,46.748706307218065],[-72.48778997008837,46.74867859442317],[-72.48931223001601,46.747548469861364]]],[[[-72.48418168552709,46.743992952633015],[-72.47148997368099,46.73519466239037],[-72.47145747263403,46.73517212605665],[-72.47091286090819,46.73554215811572],[-72.47027527175382,46.73528140169806],[-72.47095291499006,46.73482108345602],[-72.47095465323015,46.73481990319042],[-72.47076966945188,46.734691173429226],[-72.4694337677249,46.73559862599039],[-72.46897985799498,46.73590694765775],[-72.46818795174953,46.73644484403795],[-72.46776240901966,46.73673388572977],[-72.46741969994213,46.73696665896267],[-72.46578694184466,46.73807560672667],[-72.46538638395778,46.73779651373909],[-72.46441489909714,46.7384585479643],[-72.46433628752662,46.738404022974834],[-72.46422034017627,46.738483036356165],[-72.46364708117602,46.73887368001851],[-72.46412249028563,46.739206003141916],[-72.46338015667082,46.73971013021766],[-72.46261855329486,46.7402188260363],[-72.45864897890269,46.73745058952904],[-72.45755788246365,46.738188096308974],[-72.46056801750481,46.74028731948565],[-72.4614866499857,46.74092791392662],[-72.4612349123987,46.74107797762019],[-72.46116173743228,46.74112969948839],[-72.46123999326994,46.7411764539411],[-72.46139650494526,46.74126996087813],[-72.46147476078292,46.74131671520926],[-72.46161454582766,46.741391946947765],[-72.46184343566374,46.74152236348212],[-72.46187487849531,46.74154977953999],[-72.46201916589625,46.74171715600985],[-72.46230813775347,46.74189475035376],[-72.46236796824633,46.74195092778338],[-72.46245410141073,46.74210992099282],[-72.4624550051159,46.74223830000461],[-72.46234012047253,46.74241515022187],[-72.46231407471919,46.7424641757263],[-72.46224711609453,46.742590207862136],[-72.46217248675568,46.74276004839894],[-72.4621315406467,46.742807541379996],[-72.46209922195773,46.742904173923606],[-72.46198860880355,46.74310779085338],[-72.46196297268197,46.743209989004804],[-72.46192532608504,46.743303102132884],[-72.46194789266329,46.74336074442124],[-72.46205428912555,46.74347658468621],[-72.46233558038708,46.74369452898204],[-72.46236213279025,46.74371116324592],[-72.4624006031423,46.743747411173985],[-72.46277261346775,46.74401734740568],[-72.4630041218929,46.744144853911536],[-72.46310511409038,46.744324783753065],[-72.46313938841175,46.744352856435285],[-72.4631992476507,46.74464441528245],[-72.46327559816164,46.744874858293564],[-72.46327451030183,46.74507683652883],[-72.46329127017009,46.74514687195446],[-72.46327924801665,46.745265466725705],[-72.4632683074348,46.7453275925288],[-72.46328855007141,46.74549066126418],[-72.46329324376876,46.74566910742365],[-72.46331378374775,46.74573271441229],[-72.46335486909557,46.74599574462874],[-72.46336137649149,46.74620102172578],[-72.46334908394515,46.74634270969826],[-72.46336357826226,46.74640386845969],[-72.4634831628912,46.74656769168084],[-72.46349266437194,46.74661683836543],[-72.46347217829188,46.74668665511736],[-72.46340799366484,46.74676564774308],[-72.46342218704632,46.74688783066342],[-72.46340948396991,46.74700558138624],[-72.46340502203789,46.74719281063055],[-72.46340856858663,46.747280195422306],[-72.46333993550229,46.74750034889845],[-72.46341259663237,46.74766015733233],[-72.46342314105716,46.747700339577435],[-72.46338356308237,46.747766991071835],[-72.46332124156123,46.747796022197],[-72.46327104999135,46.74787057642329],[-72.46322721669706,46.74800031004739],[-72.46319589244311,46.74817555452335],[-72.46318302946655,46.74825620874554],[-72.46310979970292,46.74848888360816],[-72.46309065840083,46.748669997378656],[-72.4630211557473,46.74879919849689],[-72.46298882178698,46.7489419001763],[-72.46292769682178,46.74913340179185],[-72.46292691169423,46.749265021403595],[-72.46294167011602,46.74931242186583],[-72.46305738210776,46.74940621013962],[-72.46327850151664,46.74949556838094],[-72.46335074672673,46.74954109747307],[-72.46358831608508,46.749628115304304],[-72.46373606559312,46.74969676668147],[-72.46392265466078,46.74975417562447],[-72.46404821937458,46.749824460410835],[-72.46413196661356,46.74986532549178],[-72.46424602031531,46.74996405104656],[-72.46429047344714,46.74998656334802],[-72.46436933834255,46.750008873752684],[-72.46447510867905,46.75007153327536],[-72.46450713182229,46.75011809839817],[-72.46457808256008,46.75031926852357],[-72.46456034712142,46.75042502601316],[-72.46451440637948,46.75055829448352],[-72.46451756305937,46.75070588967308],[-72.46450672488547,46.75088112350609],[-72.46449662422843,46.75092036532833],[-72.47495595072824,46.75826682460723],[-72.47649097571608,46.75709979872113],[-72.47653854151037,46.757063634238826],[-72.47811210781715,46.755867231808686],[-72.47811506327443,46.75586502975236],[-72.47974869992426,46.75464738590212],[-72.47975541842426,46.75464239946698],[-72.4811897395738,46.75357787425125],[-72.48119401375791,46.75354104639062],[-72.48120255763457,46.753467387516515],[-72.48120683002207,46.75343055773394],[-72.48122342819359,46.75335001219203],[-72.48127686896984,46.75318524882938],[-72.48143417565417,46.752797067994244],[-72.48148092577819,46.7526531677189],[-72.48151982193168,46.75257130634774],[-72.48162755418876,46.75239054235574],[-72.48174335062215,46.75199692535015],[-72.48190450838412,46.75164932948313],[-72.48191439973371,46.75162502864155],[-72.48193867670426,46.75144940392664],[-72.48192350775238,46.75126764768542],[-72.48186683663435,46.750865373466866],[-72.48176693588994,46.75033961840245],[-72.48173406833031,46.75028051005233],[-72.48169873938681,46.74994974288144],[-72.4816071974661,46.74930816740385],[-72.48158831757378,46.74918570621517],[-72.48160973341015,46.74905182744707],[-72.48171216111548,46.74875937715279],[-72.48172947075268,46.748686294030385],[-72.48178542232016,46.74843288349275],[-72.48184625443459,46.74829406630572],[-72.48189675771985,46.74808946010747],[-72.48188451458084,46.74801945681936],[-72.48189527729626,46.74796234517802],[-72.4819669610593,46.747906776005046],[-72.48201470112676,46.74783551309494],[-72.48207040386089,46.747554868997646],[-72.48216479164444,46.74734319912667],[-72.48221368604703,46.74717229952245],[-72.48223921437076,46.74708307592687],[-72.48229798305498,46.746909318750696],[-72.4824574160516,46.746732771352455],[-72.48271366407967,46.746475674331506],[-72.48286739816413,46.74625528399131],[-72.4830497031662,46.74609687116434],[-72.48311487683839,46.74599103685566],[-72.48319808868145,46.74588819456337],[-72.48335983483994,46.745662571409184],[-72.4834935616464,46.745519997087094],[-72.4835604771519,46.745385803279476],[-72.4836795425546,46.74518163048016],[-72.48369657371408,46.74506898682332],[-72.48387665897909,46.744686251968275],[-72.48393155322947,46.74451107371051],[-72.48401776275067,46.74433143504225],[-72.48418168552709,46.743992952633015]],[[-72.4697548175226,46.7362327192776],[-72.46932188255624,46.736526532888526],[-72.46897383299437,46.73628105039029],[-72.46893133908817,46.73630999596665],[-72.46884782630946,46.73625109510398],[-72.46889032111399,46.736222149495966],[-72.46914376280509,46.736049999304186],[-72.46933538064172,46.735936885896486],[-72.4697548175226,46.7362327192776]]],[[[-72.46453057515629,46.75030604374482],[-72.46445716842452,46.75012371676406],[-72.46441404929087,46.75006743028866],[-72.46426133209933,46.75001075721403],[-72.46410219105516,46.74989152290251],[-72.46390110048387,46.74977616051898],[-72.46372410722006,46.74972936797636],[-72.4635281496223,46.749634557895234],[-72.46339543611548,46.74959386190597],[-72.46327204532469,46.74953830549428],[-72.46300576940311,46.74941145926951],[-72.46289577788309,46.74932102927172],[-72.46286472941193,46.74924395096174],[-72.46289713074593,46.749029410776515],[-72.46295468400955,46.74890453118072],[-72.46297381453184,46.748791941467694],[-72.4630331922738,46.74864569273166],[-72.46304268656803,46.748519406382606],[-72.4630731295747,46.74840691804284],[-72.463144916644,46.74820342884594],[-72.46315493375774,46.748049926923805],[-72.46317655081673,46.74796208788496],[-72.46325552261168,46.74774993026194],[-72.46325018482226,46.747700288487906],[-72.46325536181324,46.74766084365613],[-72.46329956521342,46.747522112502864],[-72.46332152453054,46.74739107832262],[-72.46335194957089,46.747233387786416],[-72.46334885846801,46.74716409741612],[-72.46335287573395,46.74704687456082],[-72.46336214634769,46.7469783035227],[-72.46335867256249,46.74688288475196],[-72.46337509735915,46.74671777599376],[-72.46334336796498,46.74662088559987],[-72.46336693077488,46.74654454578176],[-72.46335558325622,46.7464909781483],[-72.46331785311598,46.746430486743094],[-72.46330573394447,46.746232918479784],[-72.46331775879287,46.74615890552279],[-72.46331531088373,46.746056205128454],[-72.46328649382771,46.74585362485389],[-72.46326335951422,46.74572339607808],[-72.46324038510082,46.74567701305769],[-72.46324870529699,46.74551972931784],[-72.46323807643054,46.74545533415823],[-72.46322404025423,46.745268547009964],[-72.46324625199794,46.74517032254304],[-72.46322594558094,46.7450310051158],[-72.46322702984749,46.74492833642891],[-72.46322239364231,46.74484748824758],[-72.46317498145993,46.74473891219764],[-72.46313505853206,46.744608531760484],[-72.4631133435567,46.7444503664795],[-72.4630865477101,46.7443729635681],[-72.46293308671348,46.74417168199099],[-72.4627167211891,46.744024510894185],[-72.46261820654513,46.7439537470111],[-72.46251600611359,46.74389084830286],[-72.46238560217537,46.743777872612846],[-72.46227420569024,46.743687549508834],[-72.46210234001009,46.74357055301528],[-72.46204921813576,46.74352936490497],[-72.46192661516747,46.74342435721151],[-72.461884217381,46.74333101529469],[-72.46189076789605,46.743266065338815],[-72.46192344231788,46.74322140138747],[-72.4619210042902,46.743164268657296],[-72.4620572320064,46.74288177254861],[-72.46207809717552,46.74280783871115],[-72.46214829512508,46.74269607654924],[-72.46218213556016,46.7425906677116],[-72.46226980933524,46.74243325677238],[-72.46238086805381,46.742266485196744],[-72.46240073339801,46.74214163979665],[-72.46237116984202,46.742041503731],[-72.46228465399531,46.74193724232764],[-72.46214762677852,46.741845813594075],[-72.46208051094868,46.7418171991062],[-72.46197318023853,46.741743364768006],[-72.46188882124684,46.74162393425843],[-72.46180550430086,46.741540112049215],[-72.46166880227419,46.741485708988215],[-72.4615358965279,46.74139550270321],[-72.46149111640929,46.741372312106385],[-72.46143606585204,46.74134072889954],[-72.46078289272414,46.741746064194224],[-72.4598354988828,46.74233396523307],[-72.45974918156377,46.742387527763405],[-72.459291730675,46.74269303059124],[-72.45862376049773,46.74313911509339],[-72.45793886965374,46.74359649001572],[-72.4576290380173,46.7438033927651],[-72.45705685879204,46.74418548691696],[-72.45688834831947,46.744298013613864],[-72.45662170768189,46.744502825031276],[-72.4563161574161,46.74468010179775],[-72.45595684747212,46.74492003302788],[-72.45741837230341,46.745947082436516],[-72.46445574100153,46.75089164302053],[-72.46447480864175,46.750725366008574],[-72.46446393723018,46.7506930669123],[-72.46446412407977,46.75059099681537],[-72.46452225945168,46.75041715246623],[-72.46453057515629,46.75030604374482]]],[[[-72.46113638697497,46.741147617477864],[-72.46108627894841,46.74113979921202],[-72.46100647800847,46.74110825465254],[-72.460881743338,46.74102482132451],[-72.46083335558522,46.74098813878974],[-72.46054120279358,46.74093996149022],[-72.46048274133321,46.74093850679477],[-72.46031178654475,46.74099174505208],[-72.46019492021784,46.741019956751664],[-72.46006264239395,46.741063377758486],[-72.45978767706862,46.741156170166875],[-72.45971289411787,46.741196796806335],[-72.45964504256783,46.74120631291843],[-72.45963451341439,46.74120581735176],[-72.4595019957403,46.741199595988924],[-72.45940759717696,46.74118104824664],[-72.45935466933875,46.7411657823215],[-72.45928506427728,46.74113020798359],[-72.4591859720166,46.741067209329934],[-72.45908554845268,46.74097992589262],[-72.45908272953932,46.7409369018895],[-72.45903909836596,46.740874624510234],[-72.45893952730324,46.740792899153696],[-72.45885114655403,46.74070785057572],[-72.45875867308037,46.74062483155421],[-72.45870094554357,46.74056167717429],[-72.4586247046271,46.740475400687075],[-72.45862158657474,46.74044133477705],[-72.45491567849827,46.74295372100434],[-72.45506875681257,46.74305814849788],[-72.45585947818016,46.74360544244543],[-72.45595312844684,46.74370908873395],[-72.45607015287723,46.743838602762075],[-72.45627936152373,46.74404839903158],[-72.45650886580746,46.744281966174675],[-72.45670492581317,46.744168213215],[-72.45956575726083,46.74225773199863],[-72.46113638697497,46.741147617477864]]],[[[-72.46068924694904,46.74092028585366],[-72.45930307729536,46.73997928635173],[-72.45866793784677,46.7404099098548],[-72.45871783476922,46.740512173451044],[-72.45879220988486,46.74059287361393],[-72.45899112383822,46.74076393874651],[-72.45913789148766,46.7408885669469],[-72.45920409283252,46.74100867749098],[-72.45923033891017,46.74104368431426],[-72.45931504375326,46.74108014703769],[-72.45942622823597,46.74114329957904],[-72.45946084212049,46.74114479243688],[-72.45970048029895,46.741146873203604],[-72.45973815204871,46.74113534095314],[-72.4599416105791,46.741073058262636],[-72.4601819036294,46.740992994746904],[-72.46028432055492,46.74097353028515],[-72.46033590631014,46.7409326061359],[-72.46046279244568,46.74090375476749],[-72.46053340721356,46.74090328813194],[-72.46068924694904,46.74092028585366]]]]}},{"type":"Feature","properties":{"zone_code":"18-Af","prefix":"","kind":"unknown","n_lots":39,"source":"t2-gcp-claude48-vision-multisheet","confidence":"contour-autogcp-multisheet"},"geometry":{"type":"MultiPolygon","coordinates":[[[[-72.41756972613742,46.729170107316634],[-72.41630956406695,46.72778696891625],[-72.41586213747844,46.72729586042783],[-72.39871583464864,46.739617393805325],[-72.39429592941468,46.73905349385962],[-72.388654944215,46.73839332310256],[-72.38862926048272,46.73849702558441],[-72.38655884407713,46.73825464997977],[-72.38497937943221,46.73806972053002],[-72.38478999301073,46.73804901448462],[-72.38288026095498,46.73784019222069],[-72.38208205751938,46.737782777976875],[-72.38202196651507,46.737778455499054],[-72.38201124332552,46.73777769640271],[-72.38200051654272,46.73777696254801],[-72.38198978437002,46.7377762533193],[-72.38197905040069,46.73777556933221],[-72.38196831193979,46.73777491058677],[-72.38195757078392,46.73777427646731],[-72.38194682693313,46.7377736663582],[-72.38193607948908,46.737773081490744],[-72.38192532935007,46.737772522480604],[-72.38191457741443,46.73777198809642],[-72.38190382188554,46.73777147833822],[-72.38189306545833,46.73777099320603],[-72.38188230543786,46.73777053454677],[-72.38187154272244,46.73777009928224],[-72.3818607791087,46.737769689259316],[-72.38185001369833,46.737769304478064],[-72.3818392446947,46.737768944322816],[-72.38182847569108,46.73776860940922],[-72.38181770489082,46.73776830035291],[-72.38180693229394,46.73776801530694],[-72.38179615790042,46.73776775488697],[-72.38178538171027,46.73776752032433],[-72.38177460731674,46.73776730977199],[-72.38176382932997,46.737767125076964],[-72.38175305044489,46.737766966239285],[-72.38174227155977,46.73776683079627],[-72.38173149267469,46.73776672121059],[-72.3817207137896,46.73776663625086],[-72.38170993220955,46.73776657591715],[-72.38169915242615,46.7377665408251],[-72.38168837264273,46.73776653097472],[-72.38167759196101,46.73776654698161],[-72.38166681127929,46.73776658699885],[-72.38165603149588,46.737766651642104],[-72.38164525081416,46.73776674152702],[-72.38163447282736,46.73776685665359],[-72.38162369394227,46.73776699763746],[-72.38161291685381,46.737767162016006],[-72.38160213796873,46.737767352867486],[-72.38159136357521,46.73776756772936],[-72.38158058738507,46.737767807832896],[-72.38156981478816,46.73776807256239],[-72.38155904219127,46.73776836376483],[-72.38154827049271,46.737768678361995],[-72.38153750148909,46.737769018816486],[-72.38152673428208,46.73776938328127],[-72.38151596887172,46.73776977421904],[-72.381505205258,46.73777018855149],[-72.38149444344089,46.73777062874121],[-72.38148368521705,46.737771094172636],[-72.3814729269932,46.737771584230025],[-72.38146217326094,46.73777209952906],[-72.38145142042697,46.737772639454064],[-72.38144067028799,46.73777320338943],[-72.38142992553887,46.73777379318213],[-72.38141918168807,46.73777440821643],[-72.38140844143052,46.737775047261074],[-72.38139770296964,46.737775712162986],[-72.38138697079692,46.73777640230659],[-72.38137623952254,46.737777116460485],[-72.38136551363806,46.73777785524042],[-72.38135478955019,46.73777861987756],[-72.38134407085222,46.73777940790947],[-72.38133335574751,46.73778022241426],[-72.38132264333774,46.73778106092942],[-72.38131193721618,46.73778192407051],[-72.38130123378957,46.73778281306892],[-72.38129053575287,46.73778372607765],[-72.38127984220772,46.737784663712354],[-72.38126915315416,46.73778562720432],[-72.38125846769385,46.737786614090986],[-72.38124778852175,46.73778762683491],[-72.38123711384124,46.73778866420485],[-72.38122644544892,46.73778972558507],[-72.38121578154816,46.737790812822574],[-72.38120512213901,46.73779192407039],[-72.38119446811974,46.737793059944146],[-72.3811838203887,46.73779422105956],[-72.38117317984414,46.7377954068009],[-72.38116254379119,46.737796616552586],[-72.3811519131281,46.737797851545864],[-72.38114129054988,46.73779911054948],[-72.38113067246321,46.737800394794675],[-72.38112006066477,46.73780170366583],[-72.38110945605284,46.737803037778555],[-72.38109885862742,46.7378043946703],[-72.38108826659192,46.73780577741932],[-72.38107768264123,46.73780718479429],[-72.38106710587708,46.73780861741083],[-72.38105653450282,46.73781007219072],[-72.3810459712134,46.73781155344353],[-72.38103541511049,46.73781305932224],[-72.3810248670924,46.737814588595626],[-72.38101432626088,46.7378161424949],[-72.38100379261586,46.73781772163577],[-72.38099326795398,46.737819324171305],[-72.38098274958031,46.73782095256404],[-72.3809722401898,46.73782260312012],[-72.38096173888414,46.737824279533406],[-72.38095124566331,46.737825979957],[-72.38094076232395,46.737827705006474],[-72.3809302861711,46.73782945406625],[-72.3809198190014,46.73783122836756],[-72.38090935991654,46.737833024832206],[-72.38089890981487,46.73783484838535],[-72.38088846959464,46.73783669410181],[-72.38087803835755,46.737838563828525],[-72.38086761520529,46.73784045879676],[-72.38085720193453,46.73784237777528],[-72.38084679854522,46.737844320764054],[-72.38083640503739,46.73784628776306],[-72.38082602051271,46.737848278772304],[-72.38081564586948,46.7378502950231],[-72.38080528110774,46.73785233405285],[-72.38079492712578,46.73785439770846],[-72.38078458302529,46.7378564835274],[-72.38077424880625,46.737858595819105],[-72.38076392446868,46.737860730889764],[-72.38075361270754,46.73786289058629],[-72.38074330992956,46.73786507367739],[-72.38073301972797,46.73786728077873],[-72.38072273850953,46.73786951189029],[-72.38071246896921,46.73787176639639],[-72.38070220931036,46.73787404429704],[-72.38069196312622,46.737876347439204],[-72.38068172682355,46.73787867336029],[-72.380671502199,46.737881023291536],[-72.38066128925253,46.73788339661735],[-72.38065108708585,46.73788579456905],[-72.3806408992922,46.737888215299584],[-72.38063072227835,46.737890659424686],[-72.3806205569426,46.73789312755996],[-72.38061040238662,46.73789561908979],[-72.38060026310201,46.7378981346298],[-72.3805901345972,46.73790067356432],[-72.38058001866878,46.73790323527768],[-72.38056991441846,46.737905821001256],[-72.38055982543952,46.737908430119326],[-72.38054974724032,46.73791106324755],[-72.38053968161756,46.737913719154655],[-72.38052962946955,46.73791639784064],[-72.38051959259288,46.73791909992106],[-72.37944876663822,46.738208809073086],[-72.37813182116034,46.738565084731604],[-72.37812139621148,46.73856789143849],[-72.3781109595845,46.73857067536651],[-72.37810050858448,46.738573435284444],[-72.37809004410974,46.73857617365477],[-72.37807956885521,46.73857888739936],[-72.37806908102428,46.73858157836509],[-72.3780585788203,46.738584246551966],[-72.3780480649382,46.73858689134438],[-72.37803753937803,46.73858951212668],[-72.37802700124142,46.738592110130135],[-72.3780164505284,46.73859468535479],[-72.3780058890356,46.73859723595365],[-72.37799531316978,46.73859976438936],[-72.37798472832078,46.73860226881499],[-72.37797413089538,46.738604749230525],[-72.37796352089354,46.738607208098486],[-72.37795290101027,46.73860964110946],[-72.37794226855056,46.738612051957304],[-72.37793162441277,46.73861443879504],[-72.37792097039349,46.73861680285395],[-72.37791030469612,46.738619141671535],[-72.37789962911728,46.738621459557265],[-72.37788894186033,46.73862375035467],[-72.37787824382362,46.73862602083588],[-72.37786753590544,46.73862826669142],[-72.37785681720747,46.73863048730558],[-72.37784608772972,46.73863268514097],[-72.3778353483705,46.73863485958192],[-72.37782459912981,46.73863700939722],[-72.37781383821103,46.73863913643374],[-72.37780306920739,46.738641239460215],[-72.37779229122062,46.73864331724535],[-72.37778150155575,46.73864537286741],[-72.37777070380602,46.73864740386374],[-72.3777598943782,46.73864941208134],[-72.37774907866218,46.73865139505761],[-72.37773825216638,46.73865335402386],[-72.37772741578911,46.73865529021138],[-72.37771657042869,46.73865720177321],[-72.37770571878005,46.73865908870939],[-72.37769485635162,46.73866095163554],[-72.37768398494008,46.73866279178296],[-72.37767310634199,46.73866460668907],[-72.37766221786242,46.738666397585185],[-72.3776513203997,46.7386681644713],[-72.37764041664879,46.73866990734741],[-72.37762950301641,46.73867162621351],[-72.37761858309582,46.73867332168523],[-72.37760765598868,46.73867499253135],[-72.37759671989842,46.738676638136134],[-72.37758577572332,46.738678261577874],[-72.37757482346336,46.73867985854708],[-72.37756386491523,46.738681432121886],[-72.37755289918054,46.73868298230238],[-72.37754192536103,46.73868450724159],[-72.37753094525331,46.73868600817081],[-72.37751995885739,46.738687483858804],[-72.37750896347832,46.73868893615243],[-72.37749796270936,46.738690363820425],[-72.37748695475385,46.73869176809411],[-72.37747593961184,46.738693147742126],[-72.37746491997825,46.73869450153331],[-72.37745389405646,46.73869583254579],[-72.37744286004983,46.73869713893261],[-72.37743182065329,46.7386984194626],[-72.37742077586688,46.7386996778295],[-72.37740972479226,46.73870090972393],[-72.37739866832773,46.73870211760836],[-72.37738760647332,46.738703302714136],[-72.37737653922903,46.73870446134735],[-72.37736546659482,46.738705595355015],[-72.37735438767244,46.73870670658398],[-72.37734330515678,46.7387077925717],[-72.3773322154546,46.73870885331818],[-72.37732112395578,46.73870989005474],[-72.37731002437214,46.73871090216568],[-72.37729892119522,46.73871189026671],[-72.37728781532336,46.73871285312646],[-72.37727670226498,46.73871379136065],[-72.37726558561333,46.73871470496927],[-72.37725446626673,46.73871559518355],[-72.37724334242859,46.73871645892534],[-72.37723221320053,46.73871729865724],[-72.37722108127753,46.738718114994754],[-72.37720994486294,46.738718906091094],[-72.37719880485511,46.738719671946235],[-72.37718766215234,46.73872041256012],[-72.37717651405964,46.73872112977976],[-72.37716536506866,46.73872182175812],[-72.37715421338272,46.7387224884953],[-72.3771430563069,46.738723132453856],[-72.37713189653613,46.73872374932423],[-72.37712073496871,46.73872434341598],[-72.37710956980806,46.738724912266505],[-72.37709840195244,46.738725456491466],[-72.37708723319851,46.7387259754752],[-72.37707605995301,46.73872647044905],[-72.3770648867075,46.73872694018164],[-72.37705370986873,46.738727385288705],[-72.37704253033503,46.738727805154554],[-72.377031349903,46.738728201010474],[-72.37702016857267,46.73872857224082],[-72.37700898544568,46.73872891822996],[-72.37699779782714,46.738729238977925],[-72.37698661200523,46.738729535715926],[-72.37697542348836,46.7387298090597],[-72.37696423317486,46.738730054699666],[-72.37695304286137,46.738730277561004],[-72.37694180583547,46.73873047579678],[-72.37693056611465,46.738730648791346],[-72.3769193254955,46.738730797775986],[-72.37690808667298,46.73873092151942],[-72.3768968451555,46.73873101940603],[-72.37688560453635,46.738731092667074],[-72.37687436391721,46.73873114130256],[-72.37686312239975,46.73873116531248],[-72.37685187998396,46.73873116469682],[-72.3768406375682,46.7387311376087],[-72.37682939694903,46.738731086510676],[-72.37681815632989,46.73873101017143],[-72.37680691660906,46.73873090920666],[-72.37679567509159,46.73873078238498],[-72.37678443626906,46.73873063093779],[-72.37677319654823,46.73873045486502],[-72.37676195952234,46.7387302541667],[-72.37675072249645,46.73873002822719],[-72.37673948636888,46.73872977581518],[-72.37672825203794,46.738729500008894],[-72.37671701950363,46.738729198961394],[-72.37670578786764,46.738728872672674],[-72.37669455802826,46.738728522989696],[-72.37668332998553,46.738728145602984],[-72.37667210373942,46.73872774482191],[-72.37666087928994,46.73872732003096],[-72.37664965753541,46.738726868767536],[-72.37663843578089,46.738726393494154],[-72.37662721941625,46.73872589236394],[-72.37661600305161,46.73872536660816],[-72.3766047884836,46.73872481622679],[-72.37659357930549,46.73872424121986],[-72.37658237102568,46.73872364158739],[-72.37657116633913,46.738723015482414],[-72.37655996524586,46.73872236659875],[-72.37654876594922,46.73872169124261],[-72.37653757204248,46.73872099126094],[-72.37652637813571,46.738720266038],[-72.37651519051717,46.73871951742081],[-72.37650400469525,46.73871874294675],[-72.37649282336491,46.73871794323146],[-72.37648164562782,46.73871711889058],[-72.37647047328065,46.73871627115541],[-72.37645930273008,46.73871539694772],[-72.37644813756941,46.738714498730126],[-72.37643697690031,46.738713574655655],[-72.3764258207228,46.738712627186885],[-72.37641466724024,46.73871165386123],[-72.37640352004587,46.73871065590997],[-72.3763923782414,46.73870963394879],[-72.3763812400302,46.7387085867464],[-72.37637010631057,46.73870751491835],[-72.37635897887914,46.738706418464766],[-72.37634785683761,46.738705296769936],[-72.37633673838934,46.7387041504495],[-72.37632562712758,46.73870297950346],[-72.37631452125574,46.738701783316166],[-72.37630342167209,46.73870056373462],[-72.37629232478336,46.73869931952741],[-72.37628123687783,46.7386980494633],[-72.37627015346386,46.73869675662057],[-72.37625907633809,46.73869543730523],[-72.37624800639882,46.73869409336432],[-72.3762369427478,46.7386927260291],[-72.37622588538495,46.738691333452614],[-72.37621483431033,46.73868991625051],[-72.37620378952393,46.73868847503842],[-72.37619275192404,46.73868700920072],[-72.37618172240897,46.738685518121734],[-72.37617069918213,46.73868400180152],[-72.37615968134516,46.73868246331819],[-72.37551904151208,46.73859218585393],[-72.37551047427921,46.73859096503858],[-72.37550191423287,46.73858972206011],[-72.37549336227137,46.738588451993465],[-72.3754848174964,46.73858715914806],[-72.37547628170455,46.7385858410614],[-72.37546775309924,46.73858449896466],[-72.37545923347709,46.73858313162661],[-72.37545072014315,46.73858174089425],[-72.37544221848731,46.73858032553617],[-72.37543372311964,46.73857888678371],[-72.37542523763348,46.73857742278993],[-72.37541676023214,46.738575934786134],[-72.37540829181395,46.73857442277231],[-72.37539983327724,46.73857288551719],[-72.3753913837237,46.73857132548326],[-72.37538294315327,46.738569740823685],[-72.37537451246433,46.73856813276973],[-72.37536609345348,46.73856649947443],[-72.37535768162917,46.73856484278471],[-72.37534928148295,46.73856316023803],[-72.37534089211651,46.73856145675951],[-72.37533251263154,46.7385597261927],[-72.37532414212971,46.73855797346279],[-72.37531578420432,46.73855619733844],[-72.3753074370587,46.73855439720408],[-72.37529909889624,46.738552572443965],[-72.37529077331018,46.73855072305819],[-72.3752824585039,46.738548851509215],[-72.37527415717238,46.73854695656587],[-72.37526586482397,46.738545036996776],[-72.375257585052,46.7385430934176],[-72.37524931785644,46.738541126444005],[-72.37524106054236,46.73853913607601],[-72.375232816703,46.73853712108222],[-72.37522458454174,46.73853508515661],[-72.37521636585518,46.73853302337398],[-72.37520815974507,46.73853093819686],[-72.37519996531304,46.738528830240966],[-72.37519178345745,46.73852669889062],[-72.37518361507658,46.738524544145804],[-72.37517546017041,46.738522366006535],[-72.37516731694237,46.738520165088424],[-72.37515918898568,46.73851794016022],[-72.37515107450372,46.73851569183756],[-72.37514297349647,46.73851342073606],[-72.37513488506566,46.738511128087],[-72.37512681190621,46.73850880958092],[-72.37511875222147,46.7385064701429],[-72.3751107069098,46.738504106079155],[-72.37510267597115,46.73850171985215],[-72.37509466030387,46.73849931084633],[-72.375086657213,46.73849687906168],[-72.37507867119012,46.7384944238825],[-72.37507069774367,46.738491945924444],[-72.37506274046689,46.73848944457192],[-72.37505479935977,46.73848692167181],[-72.3750468726257,46.73848437537721],[-72.37503896026469,46.73848180691937],[-72.37503106586996,46.73847921691394],[-72.3750231867466,46.73847660289832],[-72.3750153219963,46.73847396671949],[-72.37500747431397,46.738471307761806],[-72.37499964190302,46.73846862664083],[-72.37499182656005,46.73846592335664],[-72.37498402738674,46.73846319729354],[-72.37497624528145,46.738460449682826],[-72.37496847844749,46.738457679293205],[-72.37496072868153,46.73845488674036],[-72.3749529977802,46.73845207263984],[-72.37494528125191,46.738449235144785],[-72.37493758358823,46.73844637733341],[-72.37492990389087,46.738443496127445],[-72.37492224036319,46.7384405933739],[-72.37491459480181,46.73843766907267],[-72.37490696810504,46.7384347232238],[-72.37489935667963,46.73843175521163],[-72.3748917668138,46.738428766267454],[-72.37488419311764,46.73842575392872],[-72.37487663648946,46.738422721273594],[-72.37486909962423,46.738419667070815],[-72.37486158162363,46.738416591320366],[-72.37485408248763,46.73841349279099],[-72.37484660131794,46.73841037394521],[-72.37483913901288,46.738407234167404],[-72.37483169557242,46.73840407222626],[-72.37482427279323,46.7384008887374],[-72.37481686887867,46.73839768616347],[-72.37480948293039,46.73839446081059],[-72.3748021176434,46.73839121390996],[-72.37479477211932,46.73838794669295],[-72.37478744545986,46.7383846591595],[-72.37478013946165,46.73838134884709],[-72.3747728541247,46.738378020065134],[-72.37476558765236,46.73837466850422],[-72.37475834273958,46.73837129662684],[-72.37475111758977,46.738367905048705],[-72.37474391310118,46.73836449192285],[-72.37473672927386,46.73836105848053],[-72.37472956790441,46.73835760472173],[-72.3747224253996,46.738354130646506],[-72.37471530445433,46.7383506356392],[-72.37470820327201,46.7383471203154],[-72.37470112634422,46.73834358467517],[-72.37469406917933,46.73834002933411],[-72.37468703357403,46.738336454292245],[-72.3746800195283,46.73833285831823],[-72.37467302883874,46.738329242643374],[-72.37466605881046,46.738325606652054],[-72.37465911034174,46.73832195157553],[-72.3746521843309,46.73831827618249],[-72.37464528167625,46.73831458170429],[-72.37463840058119,46.738310866293915],[-72.37463154104566,46.73830713241397],[-72.37462470666298,46.738303377601845],[-72.37461789204323,46.73829960432019],[-72.37461110257632,46.73829581133766],[-72.37460433466897,46.73829199926988],[-72.37459759191444,46.73828816750122],[-72.3745908707195,46.73828431603166],[-72.37458417288073,46.73828044609251],[-72.37457749839818,46.738276557068104],[-72.37457084906843,46.7382726495741],[-72.37456422129829,46.738268722379225],[-72.37455761868092,46.7382647754834],[-72.37455103941979,46.738260811349264],[-72.37454448531147,46.7382568275142],[-72.37453795366106,46.73825282397825],[-72.37453144716345,46.738248803203945],[-72.37452496402204,46.738244763344355],[-72.37451850693176,46.73824070501508],[-72.37451207409603,46.738236629447485],[-72.37450566641311,46.73823253417898],[-72.37449928208639,46.73822842105644],[-72.37449292291248,46.738224290079856],[-72.37448658889141,46.73822014001802],[-72.3744802809215,46.73821597333339],[-72.37447399810439,46.73821178694783],[-72.3744677395418,46.73820758393958],[-72.37446150703039,46.73820336184595],[-72.37445529967175,46.73819912312957],[-72.37444911926261,46.738194865943505],[-72.37444296310795,46.738190592134686],[-72.37443683390278,46.73818630108748],[-72.37443072985042,46.73818198972362],[-72.37442465274752,46.73817766419956],[-72.37441860169577,46.738173320205796],[-72.37441257759347,46.73816895774234],[-72.374406578644,46.738164579271746],[-72.37440060754231,46.73816018417836],[-72.37439466159344,46.738155771230915],[-72.37438874349235,46.73815134166062],[-72.37319938303935,46.73725741738432],[-72.37319192163258,46.73725182722887],[-72.37318443237807,46.73724625554251],[-72.37317691617409,46.737240699246954],[-72.37316937391896,46.73723516018922],[-72.37316180471439,46.737229639600635],[-72.37315420945863,46.737224135634165],[-72.37314658635513,46.73721864952115],[-72.37313893809882,46.73721318064601],[-72.37313126289304,46.73720772839301],[-72.37312356073778,46.737202294609126],[-72.37311583432802,46.73719687744745],[-72.3731080800705,46.73719147813929],[-72.37310029976182,46.73718609853156],[-72.37309249519862,46.73718073431471],[-72.37308466278766,46.73717538856706],[-72.37307680612219,46.73717006128857],[-72.37306892250726,46.737164751247974],[-72.37306101373949,46.73715945967656],[-72.37305307981889,46.73715418657432],[-72.37304512074547,46.73714893009428],[-72.37303713651924,46.7371436933148],[-72.37302912803848,46.73713847438886],[-72.37302109260827,46.73713327331645],[-72.37301303112692,46.73712809132897],[-72.37300494628936,46.73712292657936],[-72.37299683629895,46.73711778153028],[-72.37298870115575,46.73711265433479],[-72.37298054265635,46.73710754622424],[-72.37297235810578,46.73710245658288],[-72.37296414930073,46.73709738541077],[-72.37295591624114,46.73709233332363],[-72.37294765982537,46.737087299090014],[-72.37293937735845,46.73708228455704],[-72.37293107153533,46.737077289108946],[-72.3729227414577,46.737072312130174],[-72.37291438712556,46.73706735423634],[-72.37290601123384,46.737062416043074],[-72.37289760929099,46.73705749755043],[-72.37288918309363,46.73705259629579],[-72.3728807353367,46.7370477153574],[-72.37287226242694,46.73704285350397],[-72.3728637670593,46.737038011351196],[-72.37285524833547,46.737033188283384],[-72.37284670445878,46.73702838430056],[-72.37283813992087,46.73702360124969],[-72.37282955112845,46.73701883605252],[-72.37282093987814,46.737014091171645],[-72.37281230527161,46.737009367222726],[-72.37280364820722,46.73700466112752],[-72.37279496868494,46.73699997534863],[-72.37278626580648,46.736995309886105],[-72.37277754136844,46.73699066412422],[-72.37276879537083,46.73698603806302],[-72.37276002511871,46.73698143231821],[-72.37275123330703,46.73697684627407],[-72.37274241903746,46.73697227993067],[-72.37273358410664,46.73696773390357],[-72.37272472671793,46.73696320880853],[-72.37271584687134,46.73695870279857],[-72.37270694636352,46.736954218951965],[-72.37269802249949,46.736949754190384],[-72.37268907887253,46.73694530974526],[-72.37268011368599,46.73694088500079],[-72.37267112693988,46.736936481804086],[-72.37266211953252,46.73693209892382],[-72.37265308966728,46.73692773697561],[-72.3726440391408,46.73692339472812],[-72.37263496885137,46.736919074644035],[-72.37262587700238,46.736914774876404],[-72.37261676449215,46.73691049480956],[-72.37260763042234,46.736906235674745],[-72.37259847838624,46.73690199808774],[-72.37258930299392,46.736897780817145],[-72.37258010783866,46.73689358571005],[-72.37257089381879,46.73688940968804],[-72.372561660036,46.73688525582948],[-72.37255240469362,46.736881122903036],[-72.37254313048662,46.73687701152437],[-72.37253383561838,46.73687292046221],[-72.37252452188551,46.73686885094784],[-72.37251518838971,46.73686480359691],[-72.37250583423265,46.73686077656248],[-72.3724964621093,46.73685677046024],[-72.372487070223,46.736852787752746],[-72.37247765947208,46.73684882536181],[-72.37246822895823,46.736844883903],[-72.37245877868145,46.73684096460772],[-72.37244931223498,46.73683706686025],[-72.37243982602558,46.7368331906606],[-72.37243032005324,46.73682933539318],[-72.37242079521629,46.736825502289285],[-72.37241125331134,46.73682169134886],[-72.37240169344008,46.73681790257197],[-72.37239211290759,46.73681413472731],[-72.37238251710372,46.73681038843049],[-72.37237290243522,46.73680666552855],[-72.37236326890212,46.7368029635588],[-72.37235361830103,46.736799284368296],[-72.37234394883531,46.73679562611],[-72.37233426230159,46.736791990630934],[-72.37232455869989,46.73678837731539],[-72.37231483713191,46.73678478554779],[-72.37230510029252,46.73678121655939],[-72.37229534458855,46.73677766911891],[-72.37228557181656,46.73677414445768],[-72.37227578287492,46.73677064257566],[-72.37226597596695,46.73676716224156],[-72.37225615378765,46.73676370407106],[-72.37224631274371,46.73676026929551],[-72.37223645732672,46.73675685606789],[-72.37222658484175,46.736753466235136],[-72.3722166952888,46.73675009795036],[-72.37220679046446,46.73674675429186],[-72.37219686947047,46.73674343095],[-72.37218693140848,46.73674013100307],[-72.37217697897346,46.7367368538354],[-72.37216700947043,46.736733600062706],[-72.37215702469605,46.73673036783798],[-72.3721470246503,46.73672716023949],[-72.37213701023151,46.736723972957684],[-72.37212697964306,46.73672080968654],[-72.37211693288492,46.73671766981036],[-72.3721068708554,46.73671455271346],[-72.3720967962495,46.736711457780224],[-72.3720867036773,46.73670838685762],[-72.37207659852865,46.73670533871437],[-72.37206647900697,46.736702312734785],[-72.37205634331562,46.73669931076586],[-72.37204619325122,46.73669633157623],[-72.37203603061042,46.73669337578165],[-72.37202585090162,46.73669044399772],[-72.3720156586164,46.73668753499312],[-72.37200545375478,46.736684648767884],[-72.37199523362179,46.7366817859377],[-72.37198500001406,46.736678946502515],[-72.37197475382995,46.736676129846664],[-72.37196449237445,46.73667333781722],[-72.37195421744424,46.73667056856707],[-72.37194392993761,46.736667821480694],[-72.37193362895624,46.736665099636355],[-72.37192331450015,46.73666240118704],[-72.37191298746762,46.736659725517086],[-72.37190264875704,46.736657074473506],[-72.3718922965717,46.736654445593665],[-72.37188193091164,46.73665184134022],[-72.37187155267516,46.73664926048185],[-72.3718611627606,46.73664670301853],[-72.37185076206622,46.73664417018156],[-72.37184034699884,46.73664166012407],[-72.371829919355,46.73663917407726],[-72.37181948093139,46.73663671204123],[-72.3718090308297,46.7366342740159],[-72.37179856994821,46.73663185938567],[-72.371788095592,46.73662946938186],[-72.37177760955768,46.7366271021575],[-72.37176711454023,46.73662476017518],[-72.37175660604804,46.73662244097233],[-72.37174608767437,46.736620147011564],[-72.37173555852092,46.73661787583022],[-72.37172501679106,46.73661562865964],[-72.37171446607806,46.736613406731166],[-72.37170390368694,46.736611207582165],[-72.37169333051605,46.73660903367523],[-72.3716827474637,46.736606883779075],[-72.37167215452985,46.736604757893744],[-72.37166154991793,46.73660265601913],[-72.37165093542454,46.7366005775397],[-72.3716403128463,46.736598524918044],[-72.37162967858997,46.73659649446018],[-72.37161903624879,46.73659448986012],[-72.37160838222952,46.73659250988652],[-72.37159772012541,46.73659055269238],[-72.37158704903815,46.736588620740385],[-72.37157636806944,46.73658671279918],[-72.37156567632091,46.736584829484464],[-72.37155497738588,46.73658297018055],[-72.3715442694677,46.73658113550312],[-72.37153355166804,46.736579326683525],[-72.37152282578356,46.7365775406434],[-72.37151209271254,46.73657577922976],[-72.37150134976005,46.73657404244261],[-72.37149059962104,46.73657233028196],[-72.37147984049889,46.73657064213213],[-72.37146907149528,46.73656898045578],[-72.37145829620343,46.73656734094328],[-72.37144751372507,46.736565727288585],[-72.37143672316186,46.73656413826044],[-72.37142592361553,46.73656257385876],[-72.37141511778098,46.73656103408359],[-72.37140430386158,46.73655951893494],[-72.37139348455231,46.73655802779718],[-72.37138265625987,46.73655656190155],[-72.37137182167923,46.73655512063245],[-72.37136097991207,46.73655370398982],[-72.3713501318567,46.73655231258943],[-72.3713392766148,46.73655094581553],[-72.3713284141864,46.736549603668195],[-72.3713175472664,46.736548286763025],[-72.37130667226157,46.7365469938687],[-72.37129579186686,46.73654572560092],[-72.37128490608224,46.73654448257528],[-72.37127401221278,46.73654326356057],[-72.37041855105929,46.73644859405414],[-72.37886984376011,46.74231379023959],[-72.37827592710158,46.74274360159754],[-72.3772901159088,46.74345700292873],[-72.37664736593312,46.74392212407268],[-72.38857406619502,46.75219805522667],[-72.3930158463045,46.755296024733205],[-72.39229087083591,46.75581551607942],[-72.39248752822127,46.75594470745411],[-72.39322986003945,46.755410970336584],[-72.3948334929588,46.75425790343426],[-72.39562711229149,46.75368724122272],[-72.39605239540826,46.75338142895595],[-72.39610834697572,46.75334042990612],[-72.39638130366805,46.75314042137907],[-72.39645777185832,46.75308438916801],[-72.39658331141926,46.753171535451955],[-72.39665807550541,46.75311771467402],[-72.39653212002449,46.75302990851303],[-72.39689011752984,46.75276758164648],[-72.39805860293228,46.75191963606144],[-72.39969981058331,46.75072858077577],[-72.40085970809164,46.74988677299933],[-72.40113304387305,46.7500781918571],[-72.40186181921528,46.74987659551332],[-72.40189475594518,46.74985269087769],[-72.40139187994743,46.74950052759406],[-72.40163706971434,46.74932256683595],[-72.40199738936468,46.749061041798356],[-72.40254740894854,46.74944607286101],[-72.40351754813288,46.74873593243425],[-72.40332099764704,46.748598344618344],[-72.40367931674925,46.74833604850169],[-72.40354247099212,46.748240252967605],[-72.40377192586851,46.74807369817289],[-72.40379026407673,46.748086535098494],[-72.40428249414003,46.74772945322034],[-72.40452005361692,46.74788407879011],[-72.40478999915643,46.747688128560696],[-72.40431488199928,46.74737887831555],[-72.40458482574216,46.74718292994289],[-72.40510015149141,46.74680886037643],[-72.40520649405477,46.74673202715534],[-72.40549383726638,46.74694076512198],[-72.40562521857163,46.7468555994398],[-72.4060255069639,46.74713156474155],[-72.4061039819905,46.74708052142061],[-72.4062664692591,46.74719134933284],[-72.40642068663716,46.747076855242256],[-72.40623478747564,46.746937755720985],[-72.40649665087255,46.74675881824551],[-72.40580658124095,46.746298459485075],[-72.40618585175054,46.746024431381066],[-72.4069627228931,46.74546312348238],[-72.40741952429991,46.745749494550246],[-72.40785940593834,46.745431662706714],[-72.40740260363322,46.74514529241267],[-72.4077891388185,46.74486600271893],[-72.40856663159522,46.744304208149416],[-72.40906566460018,46.744646327863094],[-72.40933131709095,46.74445414856433],[-72.40937112593275,46.74447967639888],[-72.40953259630844,46.744360610215395],[-72.40993149141372,46.74461402758627],[-72.41012070446034,46.74447497649581],[-72.40919745284224,46.743848370795924],[-72.4093803678004,46.74371619255199],[-72.41098941845922,46.74255340881372],[-72.4110728126603,46.742493141376144],[-72.41088208595244,46.74236842454525],[-72.4108960251107,46.74235836752794],[-72.4109099903201,46.74234832774557],[-72.41092397978403,46.74233830581363],[-72.4109379961974,46.74232829988538],[-72.41095203686528,46.74231831119199],[-72.41096610358433,46.742308339733505],[-72.4109801963545,46.742298383663176],[-72.41099431337919,46.74228844605891],[-72.41100845645502,46.74227852507401],[-72.41102262378537,46.74226862132403],[-72.41103681716687,46.742258733577835],[-72.41105103480285,46.74224886368212],[-72.41106527759169,46.74223901102145],[-72.41107954643168,46.74222917498011],[-72.41109383862783,46.74221935617376],[-72.41110815687514,46.74220955521799],[-72.41112250027528,46.74219977149723],[-72.41113686792994,46.74219000378029],[-72.41115126073743,46.742180255145165],[-72.4111656769011,46.74217052251386],[-72.41118012001425,46.742160806502014],[-72.4111945873819,46.742151109571964],[-72.41120907720743,46.742141429877044],[-72.41122359398243,46.742131766185985],[-72.4112381341136,46.742122120961135],[-72.41125270029595,46.74211249358701],[-72.41126728983447,46.74210288221682],[-72.4112819027292,46.7420932899285],[-72.41129654077676,46.7420837148753],[-72.41131120487545,46.742074157057196],[-72.4113258896354,46.74206461708985],[-72.41134060224313,46.74205509435767],[-72.41135533730872,46.74204558947622],[-72.41137009662884,46.74203610244552],[-72.41138487930516,46.74202663388122],[-72.41139968803263,46.74201718316768],[-72.41141451831965,46.742007749073736],[-72.4114293746578,46.74199833221496],[-72.41177914898505,46.741745563092074],[-72.41200709828503,46.74151518981139],[-72.41232518004904,46.74134256649308],[-72.41261311704704,46.74113979736521],[-72.4128411885179,46.74099636646033],[-72.41382128283223,46.74025736149991],[-72.41446978112742,46.740187501946444],[-72.41385568022278,46.74008625782262],[-72.41343010605185,46.74004936903087],[-72.41312583049546,46.74003661022244],[-72.41249931667024,46.740035599367616],[-72.4117866041036,46.74006943960006],[-72.41043145327667,46.7402469113222],[-72.41042070942586,46.74024830508978],[-72.41040995749024,46.74024967546367],[-72.41039920016472,46.74025102121265],[-72.41038843565266,46.74025234295237],[-72.4103776648524,46.740253640067216],[-72.41036688956056,46.74025491317276],[-72.41035610618391,46.74025616226903],[-72.41034531741734,46.740257385509146],[-72.41033452326089,46.74025858535567],[-72.41032372461287,46.74025976119289],[-72.41031291698167,46.740260911173955],[-72.41030210665555,46.74026203837702],[-72.41029129004122,46.740263140339614],[-72.41028046803699,46.74026421829291],[-72.41026964243949,46.74026527100568],[-72.4102588105538,46.74026629909362],[-72.41024797417653,46.740267304403524],[-72.41023713330767,46.74026828324169],[-72.41022628794725,46.74026923807057],[-72.41021543719692,46.74027016950582],[-72.41020458195504,46.74027107508499],[-72.41019372401821,46.74027195603927],[-72.41018286158979,46.74027281298432],[-72.41017199287317,46.7402736453045],[-72.41016112235991,46.74027445423101],[-72.41015024825339,46.74027523607021],[-72.41013936785868,46.74027599513135],[-72.41012848656564,46.74027672895208],[-72.41011760167935,46.74027743937912],[-72.41010671140315,46.740278123334484],[-72.41009581933034,46.74027878328056],[-72.41008492456257,46.74027941921745],[-72.41007402620154,46.74028003114507],[-72.41006312514557,46.74028061721659],[-72.41005222139465,46.740281179278846],[-72.41004131405047,46.74028171486943],[-72.41003040490965,46.74028222829759],[-72.41001949487054,46.74028271586967],[-72.41000858123816,46.74028317881689],[-72.4099976640125,46.74028361713924],[-72.40998674678686,46.740284030221154],[-72.40997582596795,46.7402844192938],[-72.40996490514902,46.74028478374163],[-72.4099539834318,46.74028512418018],[-72.409943057223,46.74028543876266],[-72.4099321310142,46.74028572872029],[-72.40992120390709,46.74028599405305],[-72.40710645872844,46.74035115321641],[-72.40624385237518,46.7403842323443],[-72.40551642360757,46.74038414246375],[-72.40477299135316,46.74033284896801],[-72.41406187591984,46.73384244969057],[-72.41254208905417,46.73267370968072],[-72.41542247592726,46.73066655045575],[-72.41756972613742,46.729170107316634]]]]}},{"type":"Feature","properties":{"zone_code":"7-Aa","prefix":"","kind":"unknown","n_lots":13,"source":"t2-gcp-claude48-vision-multisheet","confidence":"contour-autogcp-multisheet"},"geometry":{"type":"MultiPolygon","coordinates":[[[[-72.50679951625966,46.72822546620724],[-72.50672272198098,46.7281734363965],[-72.5063154105598,46.727895475655956],[-72.50578596419258,46.7276073829013],[-72.50572861574484,46.72757234334006],[-72.50538286766671,46.72736109009165],[-72.50516954473619,46.7271984221928],[-72.50486392709676,46.72696537033924],[-72.50464428631484,46.72679788157428],[-72.50462175836415,46.72678070267315],[-72.50408961974603,46.726417274465874],[-72.50324961051375,46.72584357479887],[-72.50297766173115,46.72565783859451],[-72.50243498138317,46.72528719250814],[-72.501865717191,46.72489838217877],[-72.50161655597222,46.724728200881266],[-72.50075378702388,46.72413890521834],[-72.50018451474688,46.72375006382777],[-72.49964187302646,46.72337939847543],[-72.49944090911761,46.72324212221125],[-72.49062570260699,46.729414106835165],[-72.49061360589337,46.72947819542553],[-72.4906029689421,46.729510656243164],[-72.49058662409551,46.72964002704365],[-72.49056395870257,46.729727101628626],[-72.49050109549731,46.73004100281977],[-72.49047316328188,46.730199368616205],[-72.49041978448936,46.73037276341206],[-72.49034156548262,46.730525869877326],[-72.49029115831709,46.73064388538912],[-72.49026428072379,46.73068314132773],[-72.49024218935432,46.73073698019613],[-72.49019536736509,46.73082247612737],[-72.49017532684941,46.73087425401268],[-72.49010056905148,46.73100176881916],[-72.49008484583905,46.73103696193149],[-72.4900368829894,46.731130067758826],[-72.48999143721917,46.7311941062837],[-72.48992050534602,46.731333429296015],[-72.48987544585137,46.73143213275956],[-72.48980517873154,46.73153335926801],[-72.48977756901128,46.73161485237096],[-72.4897527557465,46.731651352872255],[-72.48974699754552,46.7316928591477],[-72.4897202529029,46.731724497263336],[-72.48969841216338,46.731763793052856],[-72.48965307958089,46.73182159606599],[-72.48953092307529,46.73206783587554],[-72.48949520336465,46.73215203546604],[-72.489218678564,46.732642190953705],[-72.4891664163774,46.732750498288326],[-72.4890520347906,46.73295456916473],[-72.48901855637658,46.73302563317112],[-72.48890727757077,46.73322488452357],[-72.4888648034275,46.733291719538535],[-72.48881978435703,46.73338900946512],[-72.48871557708914,46.73358693757202],[-72.48863873250478,46.73371790679367],[-72.48861491457335,46.73376766980574],[-72.48860736153843,46.733783450699875],[-72.48856329917375,46.733883520215244],[-72.48853756423749,46.73397265975754],[-72.4885321402098,46.73400681472003],[-72.48852624905815,46.73404390836151],[-72.48843803719221,46.73424890095741],[-72.4884130343829,46.73429579682849],[-72.48839017675051,46.734393272728724],[-72.4883876318233,46.734423728370196],[-72.48835197768969,46.73450378501709],[-72.4883086393671,46.7346779608242],[-72.4882983060464,46.73475059809623],[-72.48822716845905,46.73490100344712],[-72.48816277003297,46.73506947307297],[-72.48812758122664,46.73518069570123],[-72.48810728109785,46.735247020972984],[-72.4880771093824,46.73530149066532],[-72.48804415199126,46.73540026567338],[-72.48801833171505,46.735494250541514],[-72.48799763992079,46.73564091667542],[-72.48797251763557,46.735694737665476],[-72.48793306093334,46.73576160101886],[-72.48792501921491,46.73581833094012],[-72.48788369132197,46.73587686779792],[-72.48786051119437,46.73593486033905],[-72.48784589919795,46.73607949356594],[-72.48780444194759,46.736145644113705],[-72.48777299372613,46.736273515241336],[-72.48773841936746,46.73634941770497],[-72.48769392042156,46.73647441442618],[-72.48767864457015,46.7365414701313],[-72.48759792195871,46.736779066670096],[-72.48753904547668,46.736916842261856],[-72.48752123457955,46.73695851994779],[-72.48749138176602,46.73705984197658],[-72.48909061473711,46.73814839825872],[-72.49408067439369,46.73461128637421],[-72.49526321214213,46.73477191001013],[-72.49527184046043,46.73477309458659],[-72.4952804606939,46.73477430379039],[-72.49528907284252,46.734775537621545],[-72.49529767780464,46.734776796079984],[-72.49530627558022,46.734778079165814],[-72.49531486437265,46.734779386263284],[-72.49532344508026,46.73478071737237],[-72.49533201860132,46.73478207495585],[-72.49534058493587,46.73478345531964],[-72.49534914138894,46.73478486031077],[-72.49535768975718,46.73478628931348],[-72.49536622914228,46.73478774355926],[-72.49537475954422,46.73478922181663],[-72.49538328186131,46.73479072408566],[-72.49539179339864,46.73479225036629],[-72.49540029774943,46.73479380127428],[-72.49540879132044,46.734795377425236],[-72.49541727590831,46.73479697697217],[-72.49542575061469,46.73479859991502],[-72.49543421454129,46.73480024748519],[-72.49544266858645,46.73480192029835],[-72.49545111364843,46.73480361589174],[-72.49545954882893,46.734805336112494],[-72.49546797322968,46.7348070803448],[-72.49547638685063,46.73480884858871],[-72.49548478879349,46.73481063961288],[-72.49549317995655,46.734812455880046],[-72.49550156123816,46.73481429615881],[-72.49550993084165,46.734816160449164],[-72.49551828786873,46.73481804751978],[-72.49552663501436,46.734819958601975],[-72.49553497048188,46.73482189369572],[-72.49554329337298,46.73482385218544],[-72.495551604586,46.734825835302395],[-72.49555990501923,46.734827842430946],[-72.49556819197772,46.734829871724024],[-72.4955764672581,46.73483192564438],[-72.49558472996209,46.734834002960646],[-72.49559297919136,46.7348361036728],[-72.49560121674251,46.73483822654944],[-72.49560943992061,46.73484037466907],[-72.49561765321727,46.73484254618454],[-72.49562585034423,46.734844740480206],[-72.49563403399647,46.734846958171794],[-72.49564220597061,46.73484919987493],[-72.49565036536833,46.73485146374253],[-72.49565850769807,46.73485375223743],[-72.4956666383497,46.734856063512474],[-72.49567475552662,46.734858396336335],[-72.49568285653383,46.734860753787416],[-72.49569094406635,46.73486313401871],[-72.49569901812411,46.734865537030146],[-72.49570707601222,46.73486796343745],[-72.49571512042559,46.73487041262491],[-72.4957231504659,46.734872884592534],[-72.49573116433658,46.73487537995599],[-72.49573916293586,46.73487789686824],[-72.49574714716209,46.73488043840769],[-72.49575511521866,46.73488300026459],[-72.49576306890219,46.73488558798002],[-72.49577100641606,46.73488819601284],[-72.49577892776023,46.73489082744152],[-72.4957868320364,46.734893481650346],[-72.49579472373617,46.73489615740795],[-72.49580259657134,46.734898855945644],[-72.49581045233847,46.734901577263486],[-72.4958182937326,46.73490432136143],[-72.49582611626208,46.73490708762381],[-72.49583392352022,46.734909875434944],[-72.49584171460869,46.73491268602621],[-72.49584948862915,46.734915518166225],[-72.49585724468332,46.73491837308635],[-72.49586498366948,46.73492124893948],[-72.49587270468935,46.734924148188426],[-72.49588040864123,46.73492706960179],[-72.4958880937285,46.73493001133253],[-72.49589576264607,46.73493297645903],[-72.49590341359735,46.734935962518556],[-72.49591104478569,46.73493897074248],[-72.49591865980435,46.734942001130776],[-72.49592625416177,46.73494505306781],[-72.4959338323495,46.73494812593786],[-72.4959413907743,46.73495122158799],[-72.49594893123279,46.734954337555436],[-72.49595645282668,46.73495747445588],[-72.49596395375929,46.73496063475209],[-72.49597143762392,46.73496381474996],[-72.49597890172562,46.734967016912144],[-72.4959863469627,46.734970240007364],[-72.4959937706402,46.734973485266906],[-72.4960011763514,46.73497675022807],[-72.49600856050304,46.73498003612227],[-72.49601592668837,46.73498334479647],[-72.49602327311078,46.734986672556595],[-72.49603059797359,46.73499002186538],[-72.4960379039718,46.73499339272281],[-72.49604518751211,46.73499678389751],[-72.49605245308614,46.73500019600519],[-72.49605969710059,46.73500362904582],[-72.49606691955547,46.73500708117237],[-72.49607412134911,46.735010555463234],[-72.4960813024815,46.73501404945569],[-72.4960884620543,46.73501756499678],[-72.49609560096586,46.735021099623715],[-72.49610271921617,46.73502465518361],[-72.49610981411028,46.7350282298294],[-72.49611688744484,46.73503182602379],[-72.49612394101646,46.735035442535406],[-72.49613097213017,46.735039078748585],[-72.49613797988772,46.73504273466333],[-72.49614496608568,46.73504641089532],[-72.49615193072407,46.73505010682883],[-72.49615887290459,46.7350538218482],[-72.4961657917289,46.735057557800445],[-72.49617268809534,46.73506131345423],[-72.49617956200389,46.73506508819388],[-72.49618641435288,46.73506888263504],[-72.49619324334567,46.735072696777756],[-72.49620004808394,46.735076529390554],[-72.49620682856772,46.73508038293626],[-72.49621358928853,46.73508425495211],[-72.49622032305992,46.735088146053826],[-72.49622703617003,46.735092056241314],[-72.49623372412731,46.73509598551462],[-72.4962403878301,46.73509993325804],[-72.49624702817667,46.73510390131865],[-72.49625364606538,46.73510788846502],[-72.49626023880126,46.73511189285016],[-72.49626680638428,46.73511591693678],[-72.49627335061113,46.7351199601092],[-72.49627986968515,46.73512402113606],[-72.49628636540298,46.73512810124866],[-72.49629283506964,46.735132199215705],[-72.4962992795835,46.735136316268516],[-72.49630570163946,46.735140450560024],[-72.49631209764428,46.73514460332166],[-72.49631846669966,46.735148775784694],[-72.49632481329714,46.7351529661021],[-72.49633113384348,46.73515717304259],[-72.49633742833866,46.73516139906883],[-72.49634369678272,46.73516564233375],[-72.49634994007396,46.73516990406871],[-72.49635615911065,46.73517418365807],[-72.49636235119792,46.735178480486084],[-72.4963685163357,46.735182794552806],[-72.49637465542236,46.73518712647392],[-72.49638076935618,46.73519147563367],[-72.49638685634055,46.73519584326345],[-72.49639291727377,46.735200226900524],[-72.49639895305417,46.73520462839198],[-72.49640496098678,46.73520904712207],[-72.49641094107163,46.73521348370651],[-72.49641689510531,46.73521793568255],[-72.49642282308788,46.73522240551295],[-72.49642872322266,46.735226892581956],[-72.49643459730633,46.735231395658246],[-72.4964404444405,46.73523591597318],[-72.49644626193027,46.735240452295386],[-72.49645205336891,46.735245005240536],[-72.49645781695979,46.735249574192956],[-72.49646355360117,46.73525416161534],[-72.49646925969988,46.73525876258226],[-72.49650511954769,46.73523435276435],[-72.49666907915504,46.73512274298393],[-72.4967745476576,46.73505094846481],[-72.50679951625966,46.72822546620724]]],[[[-72.49346145668518,46.72138389912057],[-72.49267559879654,46.72192852235039],[-72.49266574427789,46.72193781462129],[-72.49265585921648,46.72194709026316],[-72.49264594540902,46.72195635173931],[-72.49263600285545,46.721965598433975],[-72.4926260315558,46.72197483034711],[-72.49261603061176,46.72198404809455],[-72.49260600271823,46.721993251060525],[-72.492595944282,46.72200243862915],[-72.49258585709966,46.72201161018468],[-72.49257574027293,46.72202076880619],[-72.49256559559842,46.72202991079873],[-72.49255542217784,46.72203903862564],[-72.49254522001117,46.72204815105528],[-72.49253499089501,46.72205724808766],[-72.49252473123616,46.72206632972279],[-72.49251444372952,46.72207539657647],[-72.4925041274768,46.72208444741703],[-72.49249378427463,46.72209348409209],[-72.49248341052973,46.722102503522365],[-72.49247300983535,46.722111509402886],[-72.4924625794966,46.722120499270424],[-72.49245212220836,46.722129473740715],[-72.4924416379707,46.722138432813765],[-72.49243112319029,46.72214737525801],[-72.49242058146042,46.722156302920915],[-72.49241001098449,46.7221652158024],[-72.4923994144574,46.72217411143926],[-72.4923887882859,46.72218299106313],[-72.49237813516494,46.72219185590569],[-72.4923674541962,46.72220070596691],[-72.4923567444814,46.72220953816766],[-72.49234600781712,46.72221835435548],[-72.49233524330506,46.72222715576195],[-72.49232445094525,46.722235940539676],[-72.49231363253428,46.722244710536145],[-72.49230278447891,46.72225346205634],[-72.49229190947409,46.72226219879529],[-72.4922810084181,46.72227091952132],[-72.49227007951437,46.72227962423441],[-72.49225912186452,46.722288311702975],[-72.49224813816353,46.72229698377449],[-72.4922371275131,46.72230563921724],[-72.4922260890149,46.72231427803134],[-72.4922150226689,46.72232290083256],[-72.4922039311701,46.72233150762088],[-72.49219281002688,46.722340097164725],[-72.49218166552747,46.722348670079946],[-72.49217049228197,46.72235722759807],[-72.49215929118868,46.72236576602428],[-72.49214806494258,46.72237428966935],[-72.49213681174702,46.72238279668572],[-72.49212553070369,46.72239128645768],[-72.49211422450752,46.72239976021683],[-72.49210289046357,46.72240821673152],[-72.49209153036848,46.72241665538593],[-72.49208014332395,46.72242507802761],[-72.49206873112658,46.72243348404071],[-72.49205729108144,46.72244187280937],[-72.49204582588347,46.722450244333615],[-72.49203433463434,46.72245859984516],[-72.49202281733409,46.722466936880636],[-72.49201127218606,46.72247525728755],[-72.49199970188519,46.722483559834295],[-72.4919881055332,46.72249184698416],[-72.49197648313006,46.722500116273835],[-72.49196483557408,46.72250836708751],[-72.49195316106865,46.72251660065683],[-72.49194146141038,46.72252481821347],[-72.49192973480267,46.72253301791],[-72.49191798394044,46.72254119974635],[-72.49190620792538,46.72254936433843],[-72.49189440496086,46.72255751230202],[-72.48794959532445,46.72527448193345],[-72.48768774899555,46.72548197841195],[-72.48740614961186,46.72567591259325],[-72.48710479807171,46.725856287702626],[-72.48691858000825,46.7257284226641],[-72.48536340760523,46.726799416701965],[-72.48299369051328,46.728432556018895],[-72.48210080824,46.728982003922766],[-72.48158557861048,46.729403128709286],[-72.48114962710142,46.72970360737838],[-72.48113530076925,46.72971346356118],[-72.48112094928427,46.729723302501434],[-72.48110657084985,46.729733123583365],[-72.48109216816088,46.72974292619126],[-72.4810777394208,46.72975271217234],[-72.48106328462957,46.72976247906367],[-72.4810488046855,46.72977222809675],[-72.4810342995886,46.7297819598873],[-72.48101976844058,46.72979167381961],[-72.4810052121397,46.72980137050941],[-72.48099063158433,46.729811047493754],[-72.4809760240795,46.7298207078514],[-72.48096139321846,46.72983034973506],[-72.48094673540798,46.72983997314478],[-72.48093205334297,46.72984957808059],[-72.48091734702346,46.72985916638968],[-72.4809026155511,46.72986873499338],[-72.48088785802761,46.72987828697044],[-72.48087307624961,46.729887819857815],[-72.48085826931879,46.72989733488706],[-72.48084343813345,46.729906832058205],[-72.48082858089697,46.72991630890824],[-72.48081370120259,46.729925768515926],[-72.48079879455878,46.72993520964974],[-72.48078386455876,46.72994463354123],[-72.4807689094059,46.729954037727396],[-72.48075393089685,46.72996342343976],[-72.48073892633667,46.729972791294045],[-72.48072389842028,46.72998214005878],[-72.48070884445275,46.72999147096549],[-72.48069376892566,46.73000078278273],[-72.4806786673474,46.730010076126135],[-72.48066354151466,46.730019350995825],[-72.4806483914274,46.73002860554453],[-72.48063321708561,46.730037843466754],[-72.48061801938762,46.73004706168371],[-72.48060279743514,46.730056261427016],[-72.48058755122814,46.73006544269657],[-72.48057228076664,46.73007460426094],[-72.48055698784722,46.73008374796738],[-72.48054166977501,46.730092871968694],[-72.4805263292449,46.73010197688055],[-72.48051096266364,46.73011106331876],[-72.48049557362452,46.73012013189908],[-72.48048016302583,46.73012917954281],[-72.48046472547765,46.73013820994437],[-72.48044926547162,46.730147219409325],[-72.48043378390601,46.73015621163217],[-72.48041827539095,46.730165182302734],[-72.48040274621464,46.7301741363469],[-72.4803871927838,46.730183069454554],[-72.48037161509846,46.73019198408859],[-72.48035601585356,46.73020087901764],[-72.48034039235414,46.73020975485738],[-72.48032474729514,46.730218612839316],[-72.48030907708332,46.730227449884744],[-72.48029338441363,46.730236269072414],[-72.48027766928605,46.730245067939315],[-72.48026193080227,46.73025384648553],[-72.48024616986062,46.73026260532676],[-72.48023038646106,46.73027134631026],[-72.48021457880702,46.73028006758878],[-72.48019874869507,46.730288769162364],[-72.48018289702357,46.73029745041528],[-72.48016702199587,46.730306113194715],[-72.48015112451029,46.730314755653524],[-72.48013520366851,46.730323379023154],[-72.48011926216549,46.73033198145644],[-72.48010329640793,46.730340566647754],[-72.48008730909083,46.730349129671254],[-72.48007130111245,46.7303576742214],[-72.48005526798127,46.73036619845088],[-72.48003921329051,46.7303747035913],[-72.4800231379385,46.730383188411125],[-72.48000703833196,46.730391652910406],[-72.47999091896251,46.73040009770485],[-72.47997477623687,46.73040852402592],[-72.47995861015501,46.73041692879502],[-72.47994242431021,46.73042531385932],[-72.47992621600754,46.73043367983457],[-72.47990998524699,46.73044202425785],[-72.4798937347235,46.730450350207825],[-72.4798774599455,46.73045865522161],[-72.47986116540457,46.73046694053057],[-72.47984484840573,46.73047520490339],[-72.47982850984734,46.73048345018718],[-72.47981214972941,46.73049167515053],[-72.47979576895021,46.730499878561965],[-72.4797793657131,46.73050806350019],[-72.47976294181477,46.73051622750226],[-72.47974649725518,46.730524370568155],[-72.47973002933938,46.730532494545095],[-72.47971354255898,46.73054059758598],[-72.479697034219,46.73054868030639],[-72.47968050252283,46.73055674209071],[-72.47966395196204,46.730564784170426],[-72.47964737984168,46.73057280592976],[-72.47963078795837,46.730580806753025],[-72.4796141736172,46.73058878664018],[-72.47959753861478,46.730596747438504],[-72.47958088384941,46.730604686685],[-72.47956420752446,46.7306126056112],[-72.47954751143659,46.730620503601386],[-72.47953079468746,46.73062838250272],[-72.47951405548046,46.73063623800509],[-72.47949729740886,46.73064407503438],[-72.47948051957427,46.730651889896244],[-72.47946372018015,46.730659685053524],[-72.47944690012477,46.73066745865913],[-72.47943006120478,46.73067521379165],[-72.47941320252184,46.730682945525295],[-72.47939632227931,46.73069065755448],[-72.47937942137558,46.73069834803194],[-72.47936250070889,46.730706018189224],[-72.47934556117758,46.730713668026276],[-72.47932860008669,46.73072129631169],[-72.47931162013118,46.73072890304545],[-72.47929462131107,46.73073649007481],[-72.47927760093138,46.7307440555525],[-72.47926056168706,46.73075159886288],[-72.47924350267982,46.73075912246884],[-72.47922642390965,46.73076662513889],[-72.47920932537653,46.73077410625739],[-72.4791922088771,46.73078156644002],[-72.4791750708181,46.73078900507108],[-72.47915791479281,46.73079642276632],[-72.47914073900459,46.73080381952574],[-72.4791235425551,46.730811194733576],[-72.47910632903762,46.73081854962136],[-72.47908909575722,46.730825881110434],[-72.47907184361218,46.73083319289518],[-72.47905456990758,46.730840483744146],[-72.47903728003331,46.73084775242588],[-72.47901997039611,46.73085499955612],[-72.47900264099594,46.73086222636631],[-72.47898529452782,46.73086942977786],[-72.47896792919505,46.73087661410084],[-72.47895054409936,46.730883775640905],[-72.47893314013905,46.73089091624531],[-72.47891571731412,46.73089803406674],[-72.47889827742118,46.73090513341538],[-72.47888081776533,46.73091220813401],[-72.47886334014316,46.73091926253265],[-72.47884584365637,46.73092629537989],[-72.47882833010159,46.73093330729142],[-72.47881079588556,46.73094029642019],[-72.47879324549986,46.73094726522895],[-72.47877567714784,46.730954210639176],[-72.47875808993122,46.73096113572951],[-72.47874048384996,46.73096803742128],[-72.47872286070071,46.73097491940891],[-72.47885260886878,46.73113236195312],[-72.4788704889362,46.73112538146947],[-72.47888835193561,46.73111837758734],[-72.47890619517212,46.731111354001015],[-72.47892402223893,46.731104307016196],[-72.4789418295428,46.731097239095824],[-72.47895961798206,46.73109014900833],[-72.47897738845501,46.73108303736948],[-72.47899514096166,46.73107590479501],[-72.479012875502,46.731068748821954],[-72.47903059027938,46.731061571913315],[-72.47904828619218,46.73105437345323],[-72.47906596503695,46.73104715344176],[-72.47908362411881,46.73103991126315],[-72.47910126523438,46.73103264876459],[-72.47911888658697,46.73102536409888],[-72.47913648997327,46.731018057266],[-72.47915407269834,46.73101072949742],[-72.47917163925374,46.731003379561656],[-72.47918918424953,46.73099600869018],[-72.47920671127905,46.73098861688296],[-72.47922421764731,46.73098120167707],[-72.47924170694758,46.73097376676686],[-72.47925917468828,46.730966310305206],[-72.47927662536097,46.73095883229199],[-72.47929405627076,46.73095133211154],[-72.47931146651926,46.73094381222678],[-72.47932885700486,46.730936269559024],[-72.47934622952414,46.7309287065712],[-72.47936358228047,46.7309211214161],[-72.4793809152739,46.730913515940884],[-72.47939822850437,46.730905890145564],[-72.47941552017527,46.73089824095151],[-72.47943279298156,46.73089057205305],[-72.47945004782153,46.73088288221869],[-72.47946728020362,46.73087517021703],[-72.47948449461941,46.73086743851094],[-72.47950168837394,46.730859684637494],[-72.47951886146724,46.730851909828154],[-72.47953601389926,46.730844113467136],[-72.47955314746669,46.730836296786],[-72.47957025947453,46.73082845978464],[-72.47958735171945,46.730820601231564],[-72.47960442509974,46.73081272235835],[-72.47962147602215,46.73080482131767],[-72.47963850807993,46.730796900572514],[-72.47965551767983,46.73078895827561],[-72.47967250841512,46.73078099627422],[-72.47968947669251,46.730773011489674],[-72.47970642700362,46.73076500761627],[-72.47972335485683,46.73075698280686],[-72.47974026204878,46.73074893829289],[-72.47975714857951,46.730740870995724],[-72.47977401265234,46.730732783993965],[-72.47979085696223,46.73072467605618],[-72.47980768150917,46.73071654718234],[-72.47982448359826,46.73070839921959],[-72.47984126412776,46.73070022970506],[-72.47985802489433,46.73069204048586],[-72.47987476410134,46.7306838297149],[-72.47989148174878,46.73067559862352],[-72.47990817693834,46.730667347827534],[-72.47992485326327,46.73065907609539],[-72.479941506232,46.730650784042865],[-72.47995813853949,46.73064247228566],[-72.47997474838908,46.73063413959226],[-72.47999133757743,46.73062578657845],[-72.48000790430791,46.7306174126285],[-72.48002445127544,46.73060901897385],[-72.48004097398848,46.73060060499868],[-72.48005747693855,46.73059217070307],[-72.48007395653244,46.730583716087],[-72.48009041366845,46.73057524299766],[-72.48010685104151,46.7305667483563],[-72.48012326595669,46.73055823339446],[-72.48013965661737,46.730549699343584],[-72.4801560266168,46.73054114435645],[-72.48017237505665,46.73053256843303],[-72.48018870103861,46.73052397465201],[-72.4802050036644,46.73051535993471],[-72.4802212847306,46.73050672489682],[-72.48023754423724,46.73049807076988],[-72.4802537803877,46.73048939632229],[-72.48026999408026,46.73048070216987],[-72.48028618621325,46.73047198831262],[-72.48030235319342,46.73046325413473],[-72.48031850130897,46.730454500251945],[-72.48033462337338,46.73044572666425],[-72.48035072477653,46.73043693460313],[-72.48036680192517,46.73042812160563],[-72.48038285751424,46.73041928890319],[-72.48039889064543,46.73041043711161],[-72.4804148977255,46.73040156499926],[-72.48043088594092,46.730392674413494],[-72.4804468490035,46.730383763507],[-72.48046278870991,46.73037483351126],[-72.4804787050601,46.730365883194835],[-72.48049459985074,46.730356914404844],[-72.48051046948855,46.7303479246784],[-72.48052631666847,46.73033891647841],[-72.48054214139053,46.73032988980488],[-72.48055794095974,46.730320842810556],[-72.48057371896941,46.73031177672693],[-72.48058947092791,46.73030269093828],[-72.48060430840144,46.7302941038937],[-72.48061912431542,46.73028550145442],[-72.48063391866984,46.730276880541666],[-72.480648692363,46.73026824238692],[-72.48066433472704,46.73025906361483],[-72.48067995373489,46.73024986760055],[-72.48069554758992,46.7302406506497],[-72.48071111808873,46.73023141584094],[-72.48072666523134,46.730222161942734],[-72.48074218722115,46.73021288772366],[-72.48075768675307,46.73020359626241],[-72.48077316203047,46.730194285095926],[-72.48078861215502,46.7301849554558],[-72.48080403802508,46.73017560611046],[-72.48081944053895,46.73016623829136],[-72.48083481789998,46.73015685138284],[-72.48085017190482,46.73014744538484],[-72.48086549985851,46.73013802152878],[-72.48088080625264,46.730128578583226],[-72.4808960856973,46.73011911777966],[-72.48091134178577,46.730109636655115],[-72.48092657272143,46.73010013767249],[-72.48094177940254,46.73009062021607],[-72.48095696003254,46.73008108428579],[-72.48097211820463,46.730071529266006],[-72.48098725032561,46.73006195638809],[-72.48100235819206,46.730052364420644],[-72.48101744000736,46.730042754595004],[-72.48103249846646,46.73003312567982],[-72.48104753177275,46.73002347890651],[-72.4810625408245,46.73001381242783],[-72.48107752382515,46.73000412870672],[-72.48109248077462,46.729994427127465],[-72.48110741346959,46.72998470584281],[-72.48112232191005,46.72997496793145],[-72.48113720340102,46.72996521031465],[-72.48115206063753,46.72995543607119],[-72.48116689182287,46.72994564212227],[-72.48118169875369,46.729935831546605],[-72.48119647873506,46.729926001265476],[-72.48121123536022,46.729916153741875],[-72.48122518978984,46.72990680866011],[-72.48123911996495,46.72989744756748],[-72.4812530285805,46.72988806984826],[-72.48126691473816,46.72987867673391],[-72.481280775743,46.729869266992935],[-72.48129461428995,46.729859841241066],[-72.48130843037902,46.72985039886257],[-72.4813222231119,46.72984094232041],[-72.48133599248857,46.72983146915155],[-72.48177196376058,46.72953100350968],[-72.4823973124709,46.72918542035609],[-72.48266066437621,46.72897518325591],[-72.48281535786138,46.728851689443665],[-72.48278541701298,46.73056153002533],[-72.48293252332726,46.7307178968636],[-72.48310503579442,46.73083798880969],[-72.48355398323072,46.73107589679057],[-72.4835708149642,46.73108404100343],[-72.48358762513811,46.731092204918276],[-72.48360441375245,46.731100390382345],[-72.48362118170554,46.731108595548356],[-72.48363792809907,46.73111682164785],[-72.48365465383137,46.73112506868076],[-72.48367135800406,46.73113333479986],[-72.4836880406172,46.731141621236695],[-72.48370470167077,46.73114992922261],[-72.48372134296142,46.73115825629475],[-72.48373796179416,46.7311666043003],[-72.48375455906736,46.73117497139203],[-72.48377113478098,46.73118336003281],[-72.48378768893504,46.7311917677598],[-72.48380422063121,46.73120019703586],[-72.48382073076782,46.73120864539803],[-72.48383722024317,46.73121711346207],[-72.48385368636232,46.73122560245947],[-72.48387013271856,46.73123411054299],[-72.4838865566169,46.73124263955976],[-72.48390295626072,46.73125118766267],[-72.48391933614161,46.73125975731458],[-72.48393569356462,46.731268345436845],[-72.48395202852974,46.73127695449235],[-72.48396834013867,46.73128558263397],[-72.48398463108636,46.73129423047736],[-72.48400090047447,46.731302898638205],[-72.48401714560806,46.7313115858851],[-72.4840333700804,46.731320293449514],[-72.48404957029825,46.731329020099935],[-72.4840657498548,46.73133776829927],[-72.4840819051569,46.73134653373745],[-72.48409803889938,46.73135532072448],[-72.48411415018401,46.73136412618181],[-72.48413023811243,46.73137295195658],[-72.48414630448131,46.73138179743301],[-72.48416234569733,46.73139066137966],[-72.48417836625211,46.73139954564373],[-72.48419436255237,46.731408448993704],[-72.48421033729305,46.731417372661056],[-72.48422628777925,46.731426314798654],[-72.48424221580755,46.73143527602212],[-72.48425812047967,46.73144425817867],[-72.48427400269388,46.73145325818965],[-72.48428986065359,46.73146227851795],[-72.48430569615543,46.731471317932154],[-72.48432150919936,46.73148037581645],[-72.48433729709049,46.73148945278664],[-72.4843530616254,46.73149855007409],[-72.48436878663445,46.73150765721159],[-72.484384487389,46.73151678158771],[-72.48440016478733,46.73152592566538],[-72.48441581972779,46.73153508882882],[-72.48443144861709,46.73154427107811],[-72.48444705594684,46.7315534730289],[-72.48446263812376,46.73156269221829],[-72.48447819963943,46.731571931724865],[-72.48449373420564,46.73158118970151],[-72.48450924541565,46.73159046676391],[-72.48452473416778,46.73159976229632],[-72.48454019776707,46.73160907691446],[-72.48455563711185,46.73161841061832],[-72.48457105399878,46.73162776217642],[-72.48458644663116,46.73163713343596],[-72.48460181321241,46.73164652254978],[-72.48461715643747,46.731655930749234],[-72.4846324763063,46.731665358034356],[-72.48464777102234,46.731674803173725],[-72.48466304238218,46.73168426739875],[-72.48467828858918,46.73169374947795],[-72.48469351143999,46.731703251874194],[-72.48470870823965,46.731712770893246],[-72.48472388168311,46.73172230899785],[-72.48473902907543,46.731731865572385],[-72.48475415311155,46.73174143938532],[-72.48476925289316,46.731751033515295],[-72.48478432842026,46.73176064488365],[-72.48479937699791,46.731770274721896],[-72.48481440311765,46.73177992302997],[-72.48482940318628,46.73178958919211],[-72.48484437810205,46.731799274439794],[-72.48485932876333,46.73180897754159],[-72.48487425427177,46.73181869849744],[-72.4848891546274,46.73182843792306],[-72.48490403072849,46.73183819397131],[-72.48491888077847,46.73184796910505],[-72.48493370567559,46.73185776332425],[-72.48494850541991,46.73186757478174],[-72.48496328001139,46.73187740347759],[-72.48497802945003,46.731887250643105],[-72.48499275373585,46.731897116278375],[-72.48500745197053,46.73190700038329],[-72.48502212595069,46.73191690049507],[-72.48503677387973,46.73192681969226],[-72.4850513957576,46.731936755511974],[-72.48506599158434,46.73194671103276],[-72.48508056225826,46.731956681944645],[-72.48509510867763,46.73196667255757],[-72.48510962814757,46.73197667917731],[-72.48604358409061,46.73262152346092],[-72.48632365454166,46.732814894461825],[-72.48633371477453,46.732821820544636],[-72.4863437983636,46.73282873000249],[-72.48635390980044,46.732835621603975],[-72.48636404549178,46.73284249473341],[-72.48637420633597,46.73284935000651],[-72.48638439412962,46.7328561880389],[-72.48639460527944,46.73286300821501],[-72.48640484427706,46.73286980930334],[-72.48641510752917,46.73287659376673],[-72.48642539503581,46.73288335914245],[-72.48643570859359,46.73289010604609],[-72.48644604730418,46.7328968363249],[-72.48645641206592,46.73290354628454],[-72.4864668010822,46.73291023961931],[-72.48647721435297,46.73291691386636],[-72.48648765277657,46.73292356902573],[-72.486498116353,46.73293020694455],[-72.48650860328563,46.73293682515999],[-72.48651911626939,46.732943426134845],[-72.486529654406,46.73295000863776],[-72.48654021679712,46.73295657143729],[-72.4865508025444,46.73296311699632],[-72.48656141344456,46.732969641620556],[-72.4865720485992,46.732976150235686],[-72.48658270800836,46.73298263791608],[-72.48659339167203,46.732989108356],[-72.48660409959021,46.73299555970825],[-72.4866148299663,46.73300199074151],[-72.4866255854952,46.733008403918554],[-72.4866363652786,46.73301479800804],[-72.48664716751989,46.73302117300993],[-72.48665799581232,46.73302752953992],[-72.48666884566431,46.733033866366654],[-72.48667971977082,46.73304018349006],[-72.48669061723355,46.73304648152594],[-72.4867015398491,46.73305276108998],[-72.48671248312588,46.73305902095076],[-72.48672345065718,46.73306526110832],[-72.48673444154468,46.733071483409745],[-72.48674545668669,46.733077684776475],[-72.4867564942866,46.733083867671446],[-72.48676755434438,46.733090030863146],[-72.48677863775835,46.733096174351665],[-72.48678974452854,46.733102296905585],[-72.48680087375658,46.7331084022191],[-72.48681202544252,46.73311448659803],[-72.48682319868801,46.7331205525052],[-72.48683439528972,46.733126598093456],[-72.48684561524763,46.73313262274715],[-72.4868568576634,46.733138628929034],[-72.48686812163875,46.733144614176425],[-72.48687940717365,46.733150580336314],[-72.48689071696309,46.7331565267931],[-72.48690204831209,46.733162451699584],[-72.48691340032232,46.73316835813439],[-72.48692477568878,46.73317424548175],[-72.48693617171645,46.73318011127891],[-72.48694759110036,46.73318595675724],[-72.48695903294212,46.733191782532444],[-72.48697049364853,46.733197587988876],[-72.48698197771112,46.733203373126486],[-72.48699348333328,46.73320913794534],[-72.48700500961668,46.733214883676794],[-72.48701655745967,46.73322060724233],[-72.48702812776052,46.73322631172053],[-72.48703971782433,46.73323199588],[-72.487051330346,46.733237657873595],[-72.48706296352893,46.733243302011225],[-72.4870746164748,46.73324892336733],[-72.48708629277685,46.733254524404664],[-72.48709798794353,46.733260105738964],[-72.48710970466979,46.73326566675456],[-72.48712144026065,46.73327120622004],[-72.48713319830941,46.73327672536679],[-72.48714497791774,46.733282223579145],[-72.48715677549237,46.73328770147282],[-72.48716859552488,46.73329315658498],[-72.487180434422,46.73329859384126],[-72.4871922948787,46.73330400831606],[-72.48720417420002,46.73330940247215],[-72.4872160759792,46.733314774462514],[-72.4872279948264,46.73332012736561],[-72.48723993523315,46.73332545871861],[-72.48725189450454,46.73333076790589],[-72.48726387353885,46.73333605739022],[-72.48727587323441,46.73334132409314],[-72.4872878917946,46.73334657170877],[-72.4872999292194,46.733351795927355],[-72.48731198820379,46.73335700105866],[-72.48732406515447,46.73336218279287],[-72.4873361627664,46.733367345439866],[-72.48734827744633,46.733372485305445],[-72.4873604127875,46.73337760362104],[-72.48737256519665,46.733382700386635],[-72.48738473826707,46.73338777683367],[-72.4873969302021,46.733392831115026],[-72.48740914190009,46.73339786446213],[-72.48742137066603,46.73340287564355],[-72.48743361829663,46.733407864659306],[-72.48744588479182,46.733412833972196],[-72.48745816925334,46.733417779888065],[-72.48747047257946,46.73342270425398],[-72.48748279477022,46.73342760830135],[-72.48749513402896,46.73343248956741],[-72.48750749215233,46.73343734866784],[-72.48751986914031,46.733442185602655],[-72.4875322631963,46.73344700221893],[-72.48754467432026,46.73345179728534],[-72.48755710430882,46.733456569570436],[-72.48756955226372,46.73346131845852],[-72.48758201818494,46.733466047028166],[-72.48759450117412,46.7334707540479],[-72.48760700212961,46.73347543828634],[-72.48761951925478,46.733480100359245],[-72.48763205524457,46.73348474088223],[-72.48764460650571,46.733489359239705],[-72.48765717663149,46.73349395543162],[-72.48766976382524,46.73349852945797],[-72.48768236629036,46.73350308070311],[-72.48769498762012,46.73350760978266],[-72.48770762422122,46.733512117312436],[-72.48772027968694,46.73351660144525],[-72.48773295042402,46.733521064643966],[-72.48774563733078,46.73352550383006],[-72.48775834220383,46.73352992085064],[-72.48777106234826,46.73353431632144],[-72.48778379956067,46.73353869085814],[-72.48779655294277,46.73354304076654],[-72.48780932249454,46.73354736789375],[-72.48782210821598,46.73355167347117],[-72.48783490831046,46.73355595626745],[-72.48784772726957,46.73356021689824],[-72.48786055880507,46.73356445413216],[-72.48787340920522,46.733568669200636],[-72.4878862730801,46.73357286148795],[-72.48789915402294,46.73357703160982],[-72.48791205023716,46.73358117771913],[-72.48792496082443,46.733585302278726],[-72.48793788758137,46.73358940467288],[-72.48795082960967,46.73359348243879],[-72.48796378601101,46.73359753803933],[-72.48797675858202,46.73360157085873],[-72.4879897455261,46.73360558028129],[-72.48800274684321,46.73360956753848],[-72.48801576343165,46.73361353201455],[-72.48802879529148,46.73361747432522],[-72.48804184152436,46.73362139139204],[-72.48805490213027,46.73362528629342],[-72.48806797800755,46.733629159645155],[-72.48808106735956,46.73363300836872],[-72.4880941710846,46.733636834311206],[-72.4881072891827,46.73364063747264],[-72.48812042075552,46.73364441785299],[-72.48813356849801,46.73364817422087],[-72.48814672791862,46.73365190719204],[-72.48815990350889,46.73365561738216],[-72.48817308987893,46.733659303559854],[-72.48818629241867,46.73366296818786],[-72.48819950753482,46.73366660818777],[-72.48821273702401,46.73367022540665],[-72.4882259790896,46.73367381861311],[-72.48823923373163,46.73367738903858],[-72.48825250364501,46.73368093606732],[-72.48826578613479,46.73368445969936],[-72.48827908030269,46.73368796055038],[-72.48829238974193,46.73369143677331],[-72.48830571085928,46.73369489021527],[-72.48831904455305,46.7336983196448],[-72.48833239082322,46.73370172567767],[-72.48834575056813,46.733705108929584],[-72.48835912288945,46.733708468169084],[-72.48837250778718,46.73371180339622],[-72.48838590346469,46.73371511584242],[-72.48839931261693,46.73371840366057],[-72.4884127343456,46.733721668082026],[-72.48842616775237,46.73372490910685],[-72.48843961373554,46.73372812673504],[-72.4884530704985,46.733731320966555],[-72.48846653983786,46.73373448995437],[-72.48848002265196,46.73373763616122],[-72.48849351444922,46.73374075835577],[-72.48850701882287,46.73374385653795],[-72.48852053487464,46.73374693132356],[-72.48853406080786,46.733749982096825],[-72.48854760111415,46.73375300947348],[-72.48856115130191,46.733756012837844],[-72.48863242902644,46.73364815267147],[-72.48870512249586,46.73352407602532],[-72.48886231060257,46.73323446730702],[-72.4889978448194,46.73297308156323],[-72.48908618604274,46.73281797299462],[-72.4891842425459,46.732625545270544],[-72.48936938532594,46.732291856578136],[-72.4894565452647,46.7321464392399],[-72.48947498498255,46.732097850747074],[-72.48953132102896,46.73198681016978],[-72.48955659243454,46.731923994783884],[-72.48959801734556,46.73185923427334],[-72.48960273170415,46.73181979693822],[-72.48969264947084,46.731689637703795],[-72.48976381310933,46.73153715334196],[-72.48985619405653,46.73138138305143],[-72.48993248977024,46.73122340370644],[-72.49003617511694,46.73105456925428],[-72.49006353330894,46.73098761201576],[-72.49013725894261,46.73086147517708],[-72.49016959380127,46.73079802366329],[-72.49020739760337,46.73070968363364],[-72.4903650492408,46.7303917034006],[-72.49039790961389,46.73029778537527],[-72.49043025345568,46.730175466953945],[-72.49049933030777,46.72979374578832],[-72.49054202274164,46.72959741392919],[-72.49056008337044,46.72946004326966],[-72.49058031343063,46.72930615978533],[-72.49061386909978,46.72911389563551],[-72.4906316799969,46.72907456466486],[-72.49064416478271,46.72899363544529],[-72.49063863385551,46.72890563112343],[-72.49069193269796,46.72879525945435],[-72.49072144504997,46.72860365911416],[-72.49075687101153,46.72847790524232],[-72.49078239125042,46.728284197265715],[-72.49079878370773,46.72821022863363],[-72.4908128989358,46.72815147840601],[-72.49081775522822,46.728103731137416],[-72.49083372817228,46.72805400046062],[-72.49083458067349,46.72800483623858],[-72.49087366098162,46.727842409813015],[-72.49089378414229,46.72772761354674],[-72.49090003102678,46.72765771805577],[-72.49091089525183,46.727612100284595],[-72.49092884628615,46.72756446337652],[-72.49098067278983,46.72730588392411],[-72.49100559205583,46.72720498138184],[-72.49105138367743,46.72694566374098],[-72.49106547285434,46.72688830193849],[-72.49108477495486,46.72680681585684],[-72.49110460077316,46.72672311470543],[-72.49112370165105,46.72666717942107],[-72.49115017679911,46.7265344374936],[-72.49115251062221,46.726399417470006],[-72.4911680146457,46.72631852364664],[-72.49118910439363,46.72620582087513],[-72.49121427428959,46.72614855311647],[-72.49123285683955,46.72600605281133],[-72.49124342911213,46.725860718282846],[-72.49128092119881,46.725673366925335],[-72.49128608830834,46.72560762350005],[-72.49132927751056,46.725498571494484],[-72.49141437132415,46.72529638628955],[-72.4914406398597,46.72517542297267],[-72.49150133453188,46.72504436095866],[-72.49152178288269,46.724991867464254],[-72.4915677451842,46.72487387961263],[-72.49169487386489,46.72468728841899],[-72.491738732312,46.72459763781065],[-72.49185885503181,46.72440822405435],[-72.4919057336149,46.72431860069337],[-72.49192499798617,46.724252981856935],[-72.49201802302542,46.724115968917374],[-72.49206077474811,46.72403185223176],[-72.4921405496369,46.72390373100316],[-72.49217827528557,46.72381888055781],[-72.49223026977424,46.72372445720792],[-72.49237022999044,46.723435513907425],[-72.49249621152251,46.7231976960055],[-72.49280313800733,46.722629755144204],[-72.4930326979866,46.722225269482465],[-72.49311543012932,46.72204179323133],[-72.49321756857712,46.721842555990285],[-72.49329084145991,46.72168185073968],[-72.49333968555686,46.721594330851524],[-72.4933872845888,46.72152064926279],[-72.49346145668518,46.72138389912057]]]]}},{"type":"Feature","properties":{"zone_code":"30-Vb-A","prefix":"","kind":"unknown","n_lots":34,"source":"t2-gcp-claude48-vision-multisheet","confidence":"contour-autogcp-multisheet"},"geometry":{"type":"MultiPolygon","coordinates":[[[[-72.48856115130191,46.733756012837844],[-72.48854760111415,46.73375300947348],[-72.48853406080786,46.733749982096825],[-72.48852053487464,46.73374693132356],[-72.48850701882287,46.73374385653795],[-72.48849351444922,46.73374075835577],[-72.48848002265196,46.73373763616122],[-72.48846653983786,46.73373448995437],[-72.4884530704985,46.733731320966555],[-72.48843961373554,46.73372812673504],[-72.48842616775237,46.73372490910685],[-72.4884127343456,46.733721668082026],[-72.48839931261693,46.73371840366057],[-72.48838590346469,46.73371511584242],[-72.48837250778718,46.73371180339622],[-72.48835912288945,46.733708468169084],[-72.48834575056813,46.733705108929584],[-72.48833239082322,46.73370172567767],[-72.48831904455305,46.7336983196448],[-72.48830571085928,46.73369489021527],[-72.48829238974193,46.73369143677331],[-72.48827908030269,46.73368796055038],[-72.48826578613479,46.73368445969936],[-72.48825250364501,46.73368093606732],[-72.48823923373163,46.73367738903858],[-72.4882259790896,46.73367381861311],[-72.48821273702401,46.73367022540665],[-72.48819950753482,46.73366660818777],[-72.48818629241867,46.73366296818786],[-72.48817308987893,46.733659303559854],[-72.48815990350889,46.73365561738216],[-72.48814672791862,46.73365190719204],[-72.48813356849801,46.73364817422087],[-72.48812042075552,46.73364441785299],[-72.4881072891827,46.73364063747264],[-72.4880941710846,46.733636834311206],[-72.48808106735956,46.73363300836872],[-72.48806797800755,46.733629159645155],[-72.48805490213027,46.73362528629342],[-72.48804184152436,46.73362139139204],[-72.48802879529148,46.73361747432522],[-72.48801576343165,46.73361353201455],[-72.48800274684321,46.73360956753848],[-72.4879897455261,46.73360558028129],[-72.48797675858202,46.73360157085873],[-72.48796378601101,46.73359753803933],[-72.48795082960967,46.73359348243879],[-72.48793788758137,46.73358940467288],[-72.48792496082443,46.733585302278726],[-72.48791205023716,46.73358117771913],[-72.48789915402294,46.73357703160982],[-72.4878862730801,46.73357286148795],[-72.48787340920522,46.733568669200636],[-72.48786055880507,46.73356445413216],[-72.48784772726957,46.73356021689824],[-72.48783490831046,46.73355595626745],[-72.48782210821598,46.73355167347117],[-72.48780932249454,46.73354736789375],[-72.48779655294277,46.73354304076654],[-72.48778379956067,46.73353869085814],[-72.48777106234826,46.73353431632144],[-72.48775834220383,46.73352992085064],[-72.48774563733078,46.73352550383006],[-72.48773295042402,46.733521064643966],[-72.48772027968694,46.73351660144525],[-72.48770762422122,46.733512117312436],[-72.48769498762012,46.73350760978266],[-72.48768236629036,46.73350308070311],[-72.48766976382524,46.73349852945797],[-72.48765717663149,46.73349395543162],[-72.48764460650571,46.733489359239705],[-72.48763205524457,46.73348474088223],[-72.48761951925478,46.733480100359245],[-72.48760700212961,46.73347543828634],[-72.48759450117412,46.7334707540479],[-72.48758201818494,46.733466047028166],[-72.48756955226372,46.73346131845852],[-72.48755710430882,46.733456569570436],[-72.48754467432026,46.73345179728534],[-72.4875322631963,46.73344700221893],[-72.48751986914031,46.733442185602655],[-72.48750749215233,46.73343734866784],[-72.48749513402896,46.73343248956741],[-72.48748279477022,46.73342760830135],[-72.48747047257946,46.73342270425398],[-72.48745816925334,46.733417779888065],[-72.48744588479182,46.733412833972196],[-72.48743361829663,46.733407864659306],[-72.48742137066603,46.73340287564355],[-72.48740914190009,46.73339786446213],[-72.4873969302021,46.733392831115026],[-72.48738473826707,46.73338777683367],[-72.48737256519665,46.733382700386635],[-72.4873604127875,46.73337760362104],[-72.48734827744633,46.733372485305445],[-72.4873361627664,46.733367345439866],[-72.48732406515447,46.73336218279287],[-72.48731198820379,46.73335700105866],[-72.4872999292194,46.733351795927355],[-72.4872878917946,46.73334657170877],[-72.48727587323441,46.73334132409314],[-72.48726387353885,46.73333605739022],[-72.48725189450454,46.73333076790589],[-72.48723993523315,46.73332545871861],[-72.4872279948264,46.73332012736561],[-72.4872160759792,46.733314774462514],[-72.48720417420002,46.73330940247215],[-72.4871922948787,46.73330400831606],[-72.487180434422,46.73329859384126],[-72.48716859552488,46.73329315658498],[-72.48715677549237,46.73328770147282],[-72.48714497791774,46.733282223579145],[-72.48713319830941,46.73327672536679],[-72.48712144026065,46.73327120622004],[-72.48710970466979,46.73326566675456],[-72.48709798794353,46.733260105738964],[-72.48708629277685,46.733254524404664],[-72.4870746164748,46.73324892336733],[-72.48706296352893,46.733243302011225],[-72.487051330346,46.733237657873595],[-72.48703971782433,46.73323199588],[-72.48702812776052,46.73322631172053],[-72.48701655745967,46.73322060724233],[-72.48700500961668,46.733214883676794],[-72.48699348333328,46.73320913794534],[-72.48698197771112,46.733203373126486],[-72.48697049364853,46.733197587988876],[-72.48695903294212,46.733191782532444],[-72.48694759110036,46.73318595675724],[-72.48693617171645,46.73318011127891],[-72.48692477568878,46.73317424548175],[-72.48691340032232,46.73316835813439],[-72.48690204831209,46.733162451699584],[-72.48689071696309,46.7331565267931],[-72.48687940717365,46.733150580336314],[-72.48686812163875,46.733144614176425],[-72.4868568576634,46.733138628929034],[-72.48684561524763,46.73313262274715],[-72.48683439528972,46.733126598093456],[-72.48682319868801,46.7331205525052],[-72.48681202544252,46.73311448659803],[-72.48680087375658,46.7331084022191],[-72.48678974452854,46.733102296905585],[-72.48677863775835,46.733096174351665],[-72.48676755434438,46.733090030863146],[-72.4867564942866,46.733083867671446],[-72.48674545668669,46.733077684776475],[-72.48673444154468,46.733071483409745],[-72.48672345065718,46.73306526110832],[-72.48671248312588,46.73305902095076],[-72.4867015398491,46.73305276108998],[-72.48669061723355,46.73304648152594],[-72.48667971977082,46.73304018349006],[-72.48666884566431,46.733033866366654],[-72.48665799581232,46.73302752953992],[-72.48664716751989,46.73302117300993],[-72.4866363652786,46.73301479800804],[-72.4866255854952,46.733008403918554],[-72.4866148299663,46.73300199074151],[-72.48660409959021,46.73299555970825],[-72.48659339167203,46.732989108356],[-72.48658270800836,46.73298263791608],[-72.4865720485992,46.732976150235686],[-72.48656141344456,46.732969641620556],[-72.4865508025444,46.73296311699632],[-72.48654021679712,46.73295657143729],[-72.486529654406,46.73295000863776],[-72.48651911626939,46.732943426134845],[-72.48650860328563,46.73293682515999],[-72.486498116353,46.73293020694455],[-72.48648765277657,46.73292356902573],[-72.48647721435297,46.73291691386636],[-72.4864668010822,46.73291023961931],[-72.48645641206592,46.73290354628454],[-72.48644604730418,46.7328968363249],[-72.48643570859359,46.73289010604609],[-72.48642539503581,46.73288335914245],[-72.48641510752917,46.73287659376673],[-72.48640484427706,46.73286980930334],[-72.48639460527944,46.73286300821501],[-72.48638439412962,46.7328561880389],[-72.48637420633597,46.73284935000651],[-72.48636404549178,46.73284249473341],[-72.48635390980044,46.732835621603975],[-72.4863437983636,46.73282873000249],[-72.48633371477453,46.732821820544636],[-72.48632365454166,46.732814894461825],[-72.48604358409061,46.73262152346092],[-72.48510962814757,46.73197667917731],[-72.48509510867763,46.73196667255757],[-72.48508056225826,46.731956681944645],[-72.48506599158434,46.73194671103276],[-72.4850513957576,46.731936755511974],[-72.48503677387973,46.73192681969226],[-72.48502212595069,46.73191690049507],[-72.48500745197053,46.73190700038329],[-72.48499275373585,46.731897116278375],[-72.48497802945003,46.731887250643105],[-72.48496328001139,46.73187740347759],[-72.48494850541991,46.73186757478174],[-72.48493370567559,46.73185776332425],[-72.48491888077847,46.73184796910505],[-72.48490403072849,46.73183819397131],[-72.4848891546274,46.73182843792306],[-72.48487425427177,46.73181869849744],[-72.48485932876333,46.73180897754159],[-72.48484437810205,46.731799274439794],[-72.48482940318628,46.73178958919211],[-72.48481440311765,46.73177992302997],[-72.48479937699791,46.731770274721896],[-72.48478432842026,46.73176064488365],[-72.48476925289316,46.731751033515295],[-72.48475415311155,46.73174143938532],[-72.48473902907543,46.731731865572385],[-72.48472388168311,46.73172230899785],[-72.48470870823965,46.731712770893246],[-72.48469351143999,46.731703251874194],[-72.48467828858918,46.73169374947795],[-72.48466304238218,46.73168426739875],[-72.48464777102234,46.731674803173725],[-72.4846324763063,46.731665358034356],[-72.48461715643747,46.731655930749234],[-72.48460181321241,46.73164652254978],[-72.48458644663116,46.73163713343596],[-72.48457105399878,46.73162776217642],[-72.48455563711185,46.73161841061832],[-72.48454019776707,46.73160907691446],[-72.48452473416778,46.73159976229632],[-72.48450924541565,46.73159046676391],[-72.48449373420564,46.73158118970151],[-72.48447819963943,46.731571931724865],[-72.48446263812376,46.73156269221829],[-72.48444705594684,46.7315534730289],[-72.48443144861709,46.73154427107811],[-72.48441581972779,46.73153508882882],[-72.48440016478733,46.73152592566538],[-72.484384487389,46.73151678158771],[-72.48436878663445,46.73150765721159],[-72.4843530616254,46.73149855007409],[-72.48433729709049,46.73148945278664],[-72.48432150919936,46.73148037581645],[-72.48430569615543,46.731471317932154],[-72.48428986065359,46.73146227851795],[-72.48427400269388,46.73145325818965],[-72.48425812047967,46.73144425817867],[-72.48424221580755,46.73143527602212],[-72.48422628777925,46.731426314798654],[-72.48421033729305,46.731417372661056],[-72.48419436255237,46.731408448993704],[-72.48417836625211,46.73139954564373],[-72.48416234569733,46.73139066137966],[-72.48414630448131,46.73138179743301],[-72.48413023811243,46.73137295195658],[-72.48411415018401,46.73136412618181],[-72.48409803889938,46.73135532072448],[-72.4840819051569,46.73134653373745],[-72.4840657498548,46.73133776829927],[-72.48404957029825,46.731329020099935],[-72.4840333700804,46.731320293449514],[-72.48401714560806,46.7313115858851],[-72.48400090047447,46.731302898638205],[-72.48398463108636,46.73129423047736],[-72.48396834013867,46.73128558263397],[-72.48395202852974,46.73127695449235],[-72.48393569356462,46.731268345436845],[-72.48391933614161,46.73125975731458],[-72.48390295626072,46.73125118766267],[-72.4838865566169,46.73124263955976],[-72.48387013271856,46.73123411054299],[-72.48385368636232,46.73122560245947],[-72.48383722024317,46.73121711346207],[-72.48382073076782,46.73120864539803],[-72.48380422063121,46.73120019703586],[-72.48378768893504,46.7311917677598],[-72.48377113478098,46.73118336003281],[-72.48375455906736,46.73117497139203],[-72.48373796179416,46.7311666043003],[-72.48372134296142,46.73115825629475],[-72.48370470167077,46.73114992922261],[-72.4836880406172,46.731141621236695],[-72.48367135800406,46.73113333479986],[-72.48365465383137,46.73112506868076],[-72.48363792809907,46.73111682164785],[-72.48362118170554,46.731108595548356],[-72.48360441375245,46.731100390382345],[-72.48358762513811,46.731092204918276],[-72.4835708149642,46.73108404100343],[-72.48355398323072,46.73107589679057],[-72.48310503579442,46.73083798880969],[-72.48293252332726,46.7307178968636],[-72.48278541701298,46.73056153002533],[-72.48281535786138,46.728851689443665],[-72.48266066437621,46.72897518325591],[-72.4823973124709,46.72918542035609],[-72.48177196376058,46.72953100350968],[-72.48133599248857,46.72983146915155],[-72.4813222231119,46.72984094232041],[-72.48130843037902,46.72985039886257],[-72.48129461428995,46.729859841241066],[-72.481280775743,46.729869266992935],[-72.48126691473816,46.72987867673391],[-72.4812530285805,46.72988806984826],[-72.48123911996495,46.72989744756748],[-72.48122518978984,46.72990680866011],[-72.48121123536022,46.729916153741875],[-72.48119647873506,46.729926001265476],[-72.48118169875369,46.729935831546605],[-72.48116689182287,46.72994564212227],[-72.48115206063753,46.72995543607119],[-72.48113720340102,46.72996521031465],[-72.48112232191005,46.72997496793145],[-72.48110741346959,46.72998470584281],[-72.48109248077462,46.729994427127465],[-72.48107752382515,46.73000412870672],[-72.4810625408245,46.73001381242783],[-72.48104753177275,46.73002347890651],[-72.48103249846646,46.73003312567982],[-72.48101744000736,46.730042754595004],[-72.48100235819206,46.730052364420644],[-72.48098725032561,46.73006195638809],[-72.48097211820463,46.730071529266006],[-72.48095696003254,46.73008108428579],[-72.48094177940254,46.73009062021607],[-72.48092657272143,46.73010013767249],[-72.48091134178577,46.730109636655115],[-72.4808960856973,46.73011911777966],[-72.48088080625264,46.730128578583226],[-72.48086549985851,46.73013802152878],[-72.48085017190482,46.73014744538484],[-72.48083481789998,46.73015685138284],[-72.48081944053895,46.73016623829136],[-72.48080403802508,46.73017560611046],[-72.48078861215502,46.7301849554558],[-72.48077316203047,46.730194285095926],[-72.48075768675307,46.73020359626241],[-72.48074218722115,46.73021288772366],[-72.48072666523134,46.730222161942734],[-72.48071111808873,46.73023141584094],[-72.48069554758992,46.7302406506497],[-72.48067995373489,46.73024986760055],[-72.48066433472704,46.73025906361483],[-72.480648692363,46.73026824238692],[-72.48063391866984,46.730276880541666],[-72.48061912431542,46.73028550145442],[-72.48060430840144,46.7302941038937],[-72.48058947092791,46.73030269093828],[-72.48057371896941,46.73031177672693],[-72.48055794095974,46.730320842810556],[-72.48054214139053,46.73032988980488],[-72.48052631666847,46.73033891647841],[-72.48051046948855,46.7303479246784],[-72.48049459985074,46.730356914404844],[-72.4804787050601,46.730365883194835],[-72.48046278870991,46.73037483351126],[-72.4804468490035,46.730383763507],[-72.48043088594092,46.730392674413494],[-72.4804148977255,46.73040156499926],[-72.48039889064543,46.73041043711161],[-72.48038285751424,46.73041928890319],[-72.48036680192517,46.73042812160563],[-72.48035072477653,46.73043693460313],[-72.48033462337338,46.73044572666425],[-72.48031850130897,46.730454500251945],[-72.48030235319342,46.73046325413473],[-72.48028618621325,46.73047198831262],[-72.48026999408026,46.73048070216987],[-72.4802537803877,46.73048939632229],[-72.48023754423724,46.73049807076988],[-72.4802212847306,46.73050672489682],[-72.4802050036644,46.73051535993471],[-72.48018870103861,46.73052397465201],[-72.48017237505665,46.73053256843303],[-72.4801560266168,46.73054114435645],[-72.48013965661737,46.730549699343584],[-72.48012326595669,46.73055823339446],[-72.48010685104151,46.7305667483563],[-72.48009041366845,46.73057524299766],[-72.48007395653244,46.730583716087],[-72.48005747693855,46.73059217070307],[-72.48004097398848,46.73060060499868],[-72.48002445127544,46.73060901897385],[-72.48000790430791,46.7306174126285],[-72.47999133757743,46.73062578657845],[-72.47997474838908,46.73063413959226],[-72.47995813853949,46.73064247228566],[-72.479941506232,46.730650784042865],[-72.47992485326327,46.73065907609539],[-72.47990817693834,46.730667347827534],[-72.47989148174878,46.73067559862352],[-72.47987476410134,46.7306838297149],[-72.47985802489433,46.73069204048586],[-72.47984126412776,46.73070022970506],[-72.47982448359826,46.73070839921959],[-72.47980768150917,46.73071654718234],[-72.47979085696223,46.73072467605618],[-72.47977401265234,46.730732783993965],[-72.47975714857951,46.730740870995724],[-72.47974026204878,46.73074893829289],[-72.47972335485683,46.73075698280686],[-72.47970642700362,46.73076500761627],[-72.47968947669251,46.730773011489674],[-72.47967250841512,46.73078099627422],[-72.47965551767983,46.73078895827561],[-72.47963850807993,46.730796900572514],[-72.47962147602215,46.73080482131767],[-72.47960442509974,46.73081272235835],[-72.47958735171945,46.730820601231564],[-72.47957025947453,46.73082845978464],[-72.47955314746669,46.730836296786],[-72.47953601389926,46.730844113467136],[-72.47951886146724,46.730851909828154],[-72.47950168837394,46.730859684637494],[-72.47948449461941,46.73086743851094],[-72.47946728020362,46.73087517021703],[-72.47945004782153,46.73088288221869],[-72.47943279298156,46.73089057205305],[-72.47941552017527,46.73089824095151],[-72.47939822850437,46.730905890145564],[-72.4793809152739,46.730913515940884],[-72.47936358228047,46.7309211214161],[-72.47934622952414,46.7309287065712],[-72.47932885700486,46.730936269559024],[-72.47931146651926,46.73094381222678],[-72.47929405627076,46.73095133211154],[-72.47927662536097,46.73095883229199],[-72.47925917468828,46.730966310305206],[-72.47924170694758,46.73097376676686],[-72.47922421764731,46.73098120167707],[-72.47920671127905,46.73098861688296],[-72.47918918424953,46.73099600869018],[-72.47917163925374,46.731003379561656],[-72.47915407269834,46.73101072949742],[-72.47913648997327,46.731018057266],[-72.47911888658697,46.73102536409888],[-72.47910126523438,46.73103264876459],[-72.47908362411881,46.73103991126315],[-72.47906596503695,46.73104715344176],[-72.47904828619218,46.73105437345323],[-72.47903059027938,46.731061571913315],[-72.479012875502,46.731068748821954],[-72.47899514096166,46.73107590479501],[-72.47897738845501,46.73108303736948],[-72.47895961798206,46.73109014900833],[-72.4789418295428,46.731097239095824],[-72.47892402223893,46.731104307016196],[-72.47890619517212,46.731111354001015],[-72.47888835193561,46.73111837758734],[-72.4788704889362,46.73112538146947],[-72.47885260886878,46.73113236195312],[-72.47872286070071,46.73097491940891],[-72.47870858197928,46.73098047327143],[-72.4786942897831,46.730986012971584],[-72.47867998770546,46.73099153850948],[-72.47866567394972,46.73099704988511],[-72.47865134761759,46.7310025464827],[-72.47743097732095,46.73016628939756],[-72.47738593040272,46.73013542127082],[-72.47689038106445,46.72979128036105],[-72.47581393974095,46.72904370638106],[-72.47524599337729,46.72864926065289],[-72.47416960235945,46.72790166530262],[-72.48800159699964,46.718644152125066],[-72.4879327474213,46.71866327729707],[-72.48784138696028,46.71870197166128],[-72.48772402206842,46.71872936298519],[-72.4875739585002,46.7187827931479],[-72.48746233743626,46.71882754878234],[-72.48721726085707,46.71889748342849],[-72.48710563530156,46.71894224143126],[-72.48700647387061,46.7189656344399],[-72.48687170951,46.71900811738387],[-72.48675094090152,46.7190569516964],[-72.48639150699003,46.71921110522124],[-72.48619164980562,46.71928697380716],[-72.4858951788124,46.71941258097553],[-72.48567875489752,46.71951324435964],[-72.48545023696396,46.71961311741104],[-72.48523090699915,46.719706143188596],[-72.48471168974807,46.71994415939008],[-72.48448832994089,46.72003577244723],[-72.48368272079409,46.72039121791057],[-72.48347761026189,46.72047537476005],[-72.48256649488329,46.72087838196979],[-72.48213817456255,46.72105622723437],[-72.48160564248235,46.72129293990919],[-72.48142127943996,46.72137706332865],[-72.48104469399476,46.72153759766911],[-72.4806096183431,46.721740291475385],[-72.4801842148521,46.72191889137091],[-72.47993801088722,46.72201883510058],[-72.47949053848464,46.72223176523017],[-72.4791834332351,46.72235030571389],[-72.47903743723849,46.72240047149521],[-72.47900871899718,46.72241034009734],[-72.47865201506583,46.722500549198315],[-72.47846717052646,46.72252445857225],[-72.47841241102336,46.72253967003991],[-72.47799609399145,46.72259934395607],[-72.47784033330773,46.722627091094516],[-72.47759892095658,46.72265788161368],[-72.47752763784214,46.7226609976756],[-72.47696535984794,46.72278058534374],[-72.4759120788891,46.723217312832176],[-72.47573825488162,46.72331343610341],[-72.47558506787117,46.72335304284909],[-72.47451644817886,46.72375498907639],[-72.4732024895993,46.72428403993869],[-72.47258939660439,46.72452490311526],[-72.47235838225268,46.724628398878345],[-72.47088762004533,46.72561309108901],[-72.47048002834978,46.72529731798344],[-72.4702458842676,46.725354156207416],[-72.46998944669504,46.7254437409005],[-72.46993304866486,46.725441642901465],[-72.46983603061418,46.725488215751426],[-72.4693052816898,46.725618669519385],[-72.46890782119402,46.72570301280382],[-72.46856611373805,46.72573817981574],[-72.46834412116672,46.72574974491696],[-72.46780630429771,46.72580890048485],[-72.46750323248376,46.72584096694442],[-72.46711827653677,46.725878050191795],[-72.46701146325621,46.72587800031312],[-72.46667066220034,46.72592121737251],[-72.4664495975887,46.72600691737249],[-72.46635932678413,46.726099917347064],[-72.46625694668951,46.72619344919706],[-72.4660766503204,46.72626238104023],[-72.46579169842407,46.726469846624525],[-72.46569915308518,46.726499778402356],[-72.46551049519744,46.726535893193414],[-72.47373329691416,46.73221738486274],[-72.47412877123485,46.73249058913497],[-72.47401589881771,46.73256783362831],[-72.47397579353184,46.73256244986506],[-72.47365135349226,46.7327828684748],[-72.47363814825758,46.732789997744995],[-72.47362496458248,46.73279714610115],[-72.47361180336523,46.73280431415899],[-72.47359866640254,46.73281150314988],[-72.47358555099937,46.73281871122672],[-72.4735724571558,46.732825937773846],[-72.47355938936336,46.73283318463827],[-72.47354634133387,46.732840450588576],[-72.47353331755886,46.73284773747199],[-72.47352031714007,46.73285504159413],[-72.47350733828085,46.73286236664931],[-72.47349438457447,46.732869710174654],[-72.47348145242762,46.7328770734016],[-72.47346854363698,46.73288445509872],[-72.47345565820255,46.732891855881746],[-72.47344279702263,46.73289927698198],[-72.4734299583006,46.73290671778377],[-72.47341714383306,46.73291417582431],[-72.47340435272173,46.73292165356641],[-72.4733915840683,46.73292915162571],[-72.47337884056766,46.732936666923734],[-72.47336611952494,46.73294420253896],[-72.47335342273671,46.732951756624324],[-72.4733407511013,46.73295932917971],[-72.47332810192378,46.73296692020523],[-72.47331547700077,46.73297453154794],[-72.47330287633228,46.73298216136069],[-72.47329029902001,46.732989807796415],[-72.47327774506391,46.73299747516496],[-72.47326521805726,46.733005161003575],[-72.4732527135085,46.733012864696505],[-72.47324023321427,46.73302058747522],[-72.47322777717454,46.73302832872389],[-72.47321534628765,46.73303608844261],[-72.47320293965525,46.73304386663129],[-72.47319055727738,46.733051663289984],[-72.47317820005235,46.73305947841867],[-72.47316586708179,46.73306731324874],[-72.47315355836577,46.73307516408597],[-72.47314127480259,46.7330830352403],[-72.47312901639219,46.73309092424885],[-72.47311678223635,46.73309882988021],[-72.47310457323333,46.73310675521296],[-72.47309238938313,46.733114699015644],[-72.47308023068575,46.7331226600568],[-72.47306809803953,46.733130638952204],[-72.4730559896478,46.73313863693317],[-72.47304390551062,46.73314665276836],[-72.47303184652624,46.73315468584205],[-72.47301981449132,46.73316273738561],[-72.47300780760925,46.73317080616766],[-72.47299582587998,46.73317889341952],[-72.47298387020187,46.73318699852557],[-72.47264659503348,46.733416128581446],[-72.47240064978344,46.733561330696034],[-72.47184645662676,46.73317373691151],[-72.4710964199584,46.733705141561494],[-72.47165061131842,46.73409273706799],[-72.47076966945188,46.734691173429226],[-72.47095465323015,46.73481990319042],[-72.47095291499006,46.73482108345602],[-72.47027527175382,46.73528140169806],[-72.47091286090819,46.73554215811572],[-72.47145747263403,46.73517212605665],[-72.47148997368099,46.73519466239037],[-72.48418168552709,46.743992952633015],[-72.48427271630639,46.74377864516747],[-72.48431461822281,46.74371546985856],[-72.4843300449912,46.74362566189314],[-72.48451555697882,46.74326518874255],[-72.48461444442363,46.74302342246051],[-72.48464934576904,46.74288124868015],[-72.48476114020784,46.74268464127838],[-72.48489521286567,46.74240524526582],[-72.48491557497823,46.742318968650714],[-72.4849417869199,46.74227844997101],[-72.48494863028573,46.742247862102786],[-72.48496001014375,46.742196993296936],[-72.48504959194051,46.74200289320796],[-72.48510842710004,46.74194616425284],[-72.48514411986123,46.741734791241555],[-72.48524815914419,46.74152633968859],[-72.48534344434468,46.74134477837695],[-72.48535049252641,46.74126734330417],[-72.48538510910586,46.74121308771451],[-72.48546911595798,46.74100093677227],[-72.48558149879328,46.7407808337044],[-72.48565840176812,46.74060943926999],[-72.48572606377364,46.74050785611695],[-72.48588848546521,46.74027382691281],[-72.48596897002311,46.74012217082644],[-72.4860723077218,46.73997614666529],[-72.48625768586047,46.739634057030436],[-72.48644745226929,46.739328721558564],[-72.48668527764751,46.73904109680918],[-72.4867261905188,46.73893973356176],[-72.48680009222228,46.73875664291204],[-72.48692025626458,46.73862739186666],[-72.48701248180323,46.738308823587666],[-72.48709164583764,46.73816123693226],[-72.48716667852005,46.73784600087057],[-72.48729301488666,46.737477852512725],[-72.48741140385795,46.73716090092952],[-72.48744106083875,46.73702558797972],[-72.4874123991913,46.73700607837393],[-72.48745301112697,46.73697746316446],[-72.48745519582974,46.73696109401912],[-72.48748962735627,46.736893498286314],[-72.48752147532804,46.736858433359025],[-72.48756832965663,46.73671406079945],[-72.48757711338348,46.7366725768583],[-72.48762651892748,46.73655523760854],[-72.48765367230357,46.7364425666926],[-72.48767709317964,46.73637072837135],[-72.48771795484699,46.736281023916625],[-72.48780630595179,46.736010252888846],[-72.48780687278875,46.73597770732653],[-72.48781910245303,46.73591200662836],[-72.48784211279904,46.73586370966252],[-72.48788034599583,46.7358093021053],[-72.4878944324778,46.73575262204403],[-72.48790803656446,46.7357236435378],[-72.48794420633106,46.73567198974896],[-72.48795580897126,46.73564230194261],[-72.4879691345802,46.73551358276401],[-72.48797097343159,46.735465803225104],[-72.48798380137384,46.735423655239785],[-72.48800562504536,46.73538573569283],[-72.48806393738539,46.73521996927073],[-72.48811634420076,46.735104027533126],[-72.4881473971635,46.73499899542601],[-72.48815309966892,46.73496094567153],[-72.48818965391447,46.73488712965006],[-72.48820263816357,46.73483597868905],[-72.48823669509264,46.734789847967285],[-72.48825880712336,46.73473530941716],[-72.48826615444406,46.73466056278603],[-72.4882838189158,46.7345720480712],[-72.48833023576485,46.73445259921391],[-72.48834269360121,46.734373738774366],[-72.48834342932143,46.73433149511935],[-72.48835318233047,46.734292094070675],[-72.48836785631065,46.73425965891131],[-72.4884112467355,46.734198369391635],[-72.48844170591182,46.73412727553033],[-72.48846406857251,46.73405819550512],[-72.48847610420069,46.734001342440685],[-72.4884816351279,46.733975224735985],[-72.48856115130191,46.733756012837844]]],[[[-72.4697548175226,46.7362327192776],[-72.46933538064172,46.735936885896486],[-72.46914376280509,46.736049999304186],[-72.46889032111399,46.736222149495966],[-72.46884782630946,46.73625109510398],[-72.46893133908817,46.73630999596665],[-72.46897383299437,46.73628105039029],[-72.46932188255624,46.736526532888526],[-72.4697548175226,46.7362327192776]]],[[[-72.4694337677249,46.73559862599039],[-72.46891763618683,46.73523617578968],[-72.46855818790229,46.73548033379976],[-72.46846372735523,46.73554449521966],[-72.46897985799498,46.73590694765775],[-72.4694337677249,46.73559862599039]]],[[[-72.46818795174953,46.73644484403795],[-72.46776798306598,46.736151963951],[-72.46734244033614,46.7364410035187],[-72.46776240901966,46.73673388572977],[-72.46818795174953,46.73644484403795]]]]}},{"type":"Feature","properties":{"zone_code":"16-Af","prefix":"","kind":"unknown","n_lots":179,"source":"t2-gcp-claude48-vision-multisheet","confidence":"contour-autogcp-multisheet"},"geometry":{"type":"MultiPolygon","coordinates":[[[[-72.4614866499857,46.74092791392662],[-72.46056801750481,46.74028731948565],[-72.45755788246365,46.738188096308974],[-72.45864897890269,46.73745058952904],[-72.44633328476657,46.72885944914756],[-72.44782519601064,46.72781051818857],[-72.44788215189459,46.72777047321259],[-72.44769335117472,46.72777314316593],[-72.4474733286088,46.72781752681062],[-72.44707883075684,46.727837066218434],[-72.44671888929722,46.727877910405276],[-72.44664491752513,46.72789131002089],[-72.44634064017211,46.727892851890864],[-72.4462493928988,46.727879673950284],[-72.445912703432,46.72788556249072],[-72.44555779702956,46.727862778028964],[-72.44537823997393,46.72783854220332],[-72.4450586813796,46.727812837770394],[-72.44485919879267,46.727812529888574],[-72.44422962171231,46.72774602983283],[-72.44399387503566,46.72774516037344],[-72.443806639181,46.72777066225221],[-72.44367431823797,46.72781155513462],[-72.44349951776178,46.727857333451276],[-72.44337146112139,46.727921838299544],[-72.44324590718739,46.72800231100063],[-72.44321104716448,46.72805163532286],[-72.44316984323902,46.72814102772944],[-72.44318339342678,46.72818902311607],[-72.44331617071397,46.728319882910355],[-72.44341268301315,46.728481349165996],[-72.44352079256264,46.72862706579069],[-72.4436272195676,46.72879353288441],[-72.44385564317807,46.729174495138025],[-72.44393304112462,46.72938952935191],[-72.44394634068242,46.72940911313972],[-72.44397439237379,46.729450424102346],[-72.44402890484018,46.72950944261114],[-72.44410054458577,46.72956872951959],[-72.44433965185989,46.72968532045081],[-72.44439997642615,46.7297208850988],[-72.44457971404316,46.7297907822265],[-72.44463081021651,46.72980127322235],[-72.44465202483026,46.72980021353211],[-72.44478884992614,46.729748937676625],[-72.44483036466869,46.72974402960028],[-72.44491413256891,46.729742543815696],[-72.44498714673689,46.72976169276191],[-72.4450269600703,46.7297782518937],[-72.44510613218954,46.72982522861986],[-72.44519871795261,46.72989443413642],[-72.4452435034611,46.72994435707426],[-72.44529400405143,46.73003598516857],[-72.44532319211163,46.73016268241115],[-72.44533107213331,46.730230789637346],[-72.4453150381038,46.73025829148219],[-72.44521190881424,46.730294863095395],[-72.44518809267942,46.73039459180982],[-72.4451321321288,46.73054674382783],[-72.44516721583223,46.73064792089232],[-72.44514983971969,46.73071638031934],[-72.44505016175744,46.73081199702904],[-72.44488001635105,46.7308871566067],[-72.44473072263904,46.73097305929584],[-72.44463062067199,46.731068069059894],[-72.44465674368045,46.73122824453417],[-72.44470938136284,46.73125683939691],[-72.44481932706877,46.73125159527226],[-72.44501309996377,46.731198983441814],[-72.44506955638442,46.73121789481688],[-72.44516309166676,46.73124922288599],[-72.44535912831627,46.73118900438547],[-72.44559474294057,46.73112383353462],[-72.44569447031016,46.7311343944639],[-72.44574497988361,46.73116643374436],[-72.44575608845042,46.73119786774807],[-72.44582297341323,46.731317001175114],[-72.44585686954383,46.73133141526444],[-72.44601366957836,46.73135813026958],[-72.4460862399786,46.731395366117646],[-72.44613608569708,46.73147879710572],[-72.44622458682056,46.73158574603422],[-72.44633900254335,46.731610422879086],[-72.44645968940515,46.73156642163949],[-72.44668250932484,46.73155177179179],[-72.44676607061257,46.73155957297627],[-72.44684354581426,46.731566808312145],[-72.44690104068738,46.73155802936391],[-72.4469489900623,46.731550708441645],[-72.4470140828861,46.731549205466614],[-72.44706909751072,46.73159798040133],[-72.44708118613951,46.73168038036149],[-72.44709189675264,46.731923439407375],[-72.4471302503237,46.73198723809241],[-72.44722440544358,46.73201298917756],[-72.4473324575009,46.731984079469136],[-72.4474149821328,46.73190708596797],[-72.4475716528099,46.73165016330148],[-72.44759796356628,46.7315554082399],[-72.44774773787695,46.73148615867542],[-72.44793799386763,46.731446006214036],[-72.44834036096147,46.731408405277385],[-72.44843803298568,46.731418929207614],[-72.44853951835826,46.73146771103306],[-72.44856296887876,46.731492380543294],[-72.44855518048526,46.731545742035735],[-72.44846973812531,46.73162569951395],[-72.44836355456378,46.73175326734278],[-72.44833372330982,46.731863247519755],[-72.44827215547521,46.73201720005727],[-72.44826748243909,46.732130345699574],[-72.44834663389709,46.73224477055623],[-72.44853184225416,46.732297606101575],[-72.44867943725197,46.732326252117126],[-72.44900613565619,46.732377773654186],[-72.44916091088807,46.73240305599659],[-72.44926788406875,46.732438024691525],[-72.44941269608579,46.73255274566742],[-72.4495184852869,46.732812025269126],[-72.4495711993261,46.73290033907415],[-72.44969778003447,46.733016161793046],[-72.44977613738176,46.733092358222116],[-72.4499794521817,46.733146846099054],[-72.45013638516689,46.73316729358471],[-72.45017740224276,46.733179723386385],[-72.45028547406302,46.73336817786659],[-72.45031493970265,46.73345682323851],[-72.45033354920209,46.733631416791326],[-72.45049034833828,46.733874761962056],[-72.45050172639968,46.73400337976888],[-72.45050411322339,46.73404301868576],[-72.45042363764867,46.734126513304155],[-72.45041291625574,46.734177042474464],[-72.45035290160824,46.73425251629017],[-72.45045198937734,46.734374851939656],[-72.45068490366589,46.73454435140624],[-72.45096978639194,46.734762999211526],[-72.45105076681986,46.73481932260069],[-72.45115518609018,46.73493270124897],[-72.45116425548129,46.73499602722472],[-72.45115955369909,46.73511052727113],[-72.45132819981727,46.735205436163206],[-72.45147735878199,46.73524658076266],[-72.45171425709883,46.73535432198463],[-72.4519359478362,46.73546391309882],[-72.45209613811261,46.73550917452536],[-72.45223796412968,46.735556668352544],[-72.45230647594147,46.735593116932044],[-72.45235511612084,46.73565078778074],[-72.45238863855229,46.735707534441765],[-72.45242327758965,46.73572958478548],[-72.45241709089228,46.73576490040999],[-72.45243824801386,46.735797853676026],[-72.45241880936942,46.735868380764],[-72.45236673852398,46.73598007334808],[-72.45233163236269,46.736122368143555],[-72.4522979033187,46.73620468977357],[-72.45220378592806,46.73627339395493],[-72.4522068213354,46.73633593091902],[-72.45227280438965,46.736388310557516],[-72.45230666009607,46.736434648622414],[-72.45231885382775,46.736526478710076],[-72.45225739468928,46.736710233228315],[-72.45219776811398,46.73683708533005],[-72.45210248740506,46.73691063025471],[-72.45201769722202,46.737097508542334],[-72.45206207579368,46.73716205774892],[-72.45215815600321,46.737189197747135],[-72.45225968898652,46.73723516880841],[-72.45236923404384,46.73734582733962],[-72.45243578034177,46.73738015439593],[-72.4527587237881,46.73741208592037],[-72.45303667241848,46.737488399269],[-72.45316758480313,46.737482995680466],[-72.45330877750793,46.73738353372312],[-72.45336182392376,46.73729401688116],[-72.45335303750197,46.73721270843757],[-72.45338622845509,46.73704036008782],[-72.45338769181068,46.73691825273834],[-72.45341512276619,46.736841591350185],[-72.45343216290881,46.73663364850232],[-72.45339630036604,46.736581133040474],[-72.4534135767656,46.73650642159803],[-72.45351686775192,46.736425214167284],[-72.4535820773567,46.7364045659786],[-72.45362840976411,46.73640864845701],[-72.45366114257644,46.736429203062976],[-72.45370013305302,46.73654906619357],[-72.45372958521793,46.7367598801974],[-72.45376752286901,46.73688110443323],[-72.45385831379815,46.73695445844341],[-72.45390746871217,46.7370716601484],[-72.45390428867606,46.73728945918378],[-72.45397849490843,46.73741323534655],[-72.45396567594932,46.737508803244125],[-72.45396672877483,46.737684331781],[-72.45395663799926,46.73771957963508],[-72.45364970792117,46.73782722787822],[-72.45356717789939,46.73788927113704],[-72.45349354928376,46.73802843956406],[-72.45349821872661,46.73811244577017],[-72.45353816680729,46.73816291949148],[-72.45373171602178,46.73824316389969],[-72.45382419578365,46.73825686814673],[-72.45404021366002,46.73832769306837],[-72.45414886758859,46.73837559689399],[-72.45421879065367,46.73840079146584],[-72.4543945388525,46.738457570324535],[-72.45448002882313,46.738475654194126],[-72.45456414706634,46.73853362300856],[-72.45467494976505,46.738682092087515],[-72.45473440835539,46.73879105156573],[-72.45479974641927,46.739012431581884],[-72.4549734850868,46.739289308154724],[-72.45492730090142,46.739493957605106],[-72.45486789531166,46.739595808004516],[-72.45479053689098,46.73976122053319],[-72.45481830112148,46.73984398232143],[-72.45489841557344,46.7399769094244],[-72.45503404680831,46.740068135093345],[-72.4550756352127,46.740060358533405],[-72.45527476027016,46.73983483842286],[-72.45542010768312,46.739797219941266],[-72.45545211196175,46.73966520106278],[-72.4555182531195,46.73960990406348],[-72.45559938895595,46.73959501938356],[-72.45578880322518,46.7394976556963],[-72.45587072778247,46.7394904091118],[-72.45605125322196,46.73952813615833],[-72.45639390031573,46.73968308567938],[-72.45657994141106,46.73973960400862],[-72.45674474633309,46.73979792421843],[-72.45682334622552,46.739801031902665],[-72.45687244095241,46.7397774072185],[-72.45698701298207,46.73968599760053],[-72.45710851820908,46.73967025352451],[-72.45721103754256,46.73964802195054],[-72.45726301047165,46.7396617750908],[-72.4580423807273,46.73912342506477],[-72.45930307729536,46.73997928635173],[-72.46068924694904,46.74092028585366],[-72.46093019846444,46.740959758395455],[-72.46114512488774,46.741099128205526],[-72.46116173743228,46.74112969948839],[-72.4612349123987,46.74107797762019],[-72.4614866499857,46.74092791392662]]],[[[-72.45491285778826,46.7393423695072],[-72.45490373539656,46.73927290769826],[-72.45484380608902,46.73918058916499],[-72.4547842495823,46.73911046103085],[-72.45472856840775,46.739010564358416],[-72.45469503699312,46.73887697429417],[-72.45465268681737,46.738804987769136],[-72.45457154379439,46.738642335915124],[-72.45449499475578,46.73856643236954],[-72.4544166032725,46.73851962824909],[-72.45433845613098,46.7384968741365],[-72.45413012334187,46.73844372884029],[-72.45393882979705,46.73839126993345],[-72.453792989209,46.73833732173399],[-72.45366918609149,46.73828921348051],[-72.45351054181569,46.73822399703292],[-72.45342237396717,46.73816525709744],[-72.45341519103816,46.73802780052238],[-72.4534766717362,46.73788986031277],[-72.45356072799567,46.73780979761105],[-72.45366526764022,46.73775497891607],[-72.4537703202228,46.73771751104909],[-72.45389619036379,46.73769349943895],[-72.4539190839288,46.73763413650186],[-72.45389871912131,46.737498582787914],[-72.45391541880244,46.737479378101675],[-72.45388526146003,46.73740405409652],[-72.4538290646525,46.73734184528389],[-72.45380602915365,46.73724413583891],[-72.45382363703153,46.737051494267625],[-72.45375287134674,46.73694857335571],[-72.45368557046396,46.736901200192506],[-72.45366655312938,46.73682463112923],[-72.4536675116318,46.73663348596729],[-72.45359527450654,46.736617266939376],[-72.45351102241435,46.73659741795526],[-72.45348005029999,46.73662129460761],[-72.45349550850939,46.736787339926245],[-72.45345143446663,46.73702268330283],[-72.45342368550749,46.7371812225305],[-72.45343403769283,46.737278506055844],[-72.45338206027218,46.73740134829635],[-72.45326143359749,46.737487895664664],[-72.45316430146077,46.73751173744617],[-72.45290616247904,46.737563390088404],[-72.45269478440112,46.73758031129089],[-72.45252429583829,46.737546510129285],[-72.4523641891052,46.73747051577137],[-72.45223199033305,46.73743658586931],[-72.45216745087146,46.73740228470638],[-72.45209020294354,46.7373233497765],[-72.45201657253128,46.737288907556426],[-72.45202598867209,46.73724738773384],[-72.45199118793799,46.73719894974733],[-72.45194553825019,46.73714772155939],[-72.45194558316597,46.73704688729706],[-72.45201944085198,46.73691746284688],[-72.45210671487678,46.73681046292548],[-72.45214822602607,46.736713186559335],[-72.4521861079816,46.73666584951341],[-72.452244882954,46.73650287167681],[-72.45220344187331,46.736441143890396],[-72.45214217227935,46.736399250321625],[-72.45210988233647,46.736335576910825],[-72.45214540172282,46.73623612946006],[-72.45219111519098,46.736196550027955],[-72.45225655206953,46.7360461772269],[-72.45232945125316,46.73585217566637],[-72.45228436570737,46.735715406443205],[-72.45219312472227,46.73563209529315],[-72.45201936719012,46.73556306644956],[-72.45189952115145,46.735529052846736],[-72.45171949158198,46.73544300780488],[-72.45145628071216,46.73533695125454],[-72.45134662875532,46.735323485148385],[-72.45126488026783,46.735290307485585],[-72.45114343612626,46.735234997380196],[-72.45107518213098,46.73512772322106],[-72.45104010112249,46.73493137814747],[-72.45090518135336,46.73480843731193],[-72.45069033308346,46.734658032318556],[-72.45046961252658,46.73448593377671],[-72.45034045904325,46.73435619779821],[-72.45028048122667,46.734242790847496],[-72.45028682782414,46.73420261088526],[-72.45039914598075,46.7340716773195],[-72.45042597686165,46.73395193982499],[-72.45027279703773,46.73366696652335],[-72.45018738162725,46.73330871719702],[-72.45008618281723,46.733220368965675],[-72.44976786838957,46.73316065569506],[-72.44968028175106,46.73311973362007],[-72.44959803469858,46.733007357836826],[-72.44950800374417,46.73294834007706],[-72.44936112650028,46.73258495465676],[-72.44918353226356,46.732453067737595],[-72.44888500592498,46.73240545049767],[-72.4487111118489,46.73240904563553],[-72.44844413164813,46.73235426947574],[-72.44827048460877,46.73225646848789],[-72.44819607266223,46.73212059093558],[-72.4482000270461,46.73199840533282],[-72.44827181052214,46.731747373067385],[-72.44835263194824,46.73162289244571],[-72.44847225520475,46.73154832067552],[-72.4484352724628,46.731473437862675],[-72.44835384916547,46.731460385172724],[-72.44813745220003,46.731465409464334],[-72.44798607798982,46.73149018426402],[-72.44767676557962,46.73158617457577],[-72.44759670682319,46.731811407780704],[-72.44745683194691,46.731935508070116],[-72.44737265082165,46.73202054955048],[-72.44732515150268,46.732051777407484],[-72.44727313994605,46.73206626641771],[-72.44722261060964,46.7320661882219],[-72.44709212672134,46.73203848903854],[-72.44702990670983,46.73199377330192],[-72.44700566746852,46.73193088095954],[-72.4470331909505,46.73167427427058],[-72.44701917633375,46.73163826512938],[-72.44695332892512,46.7316126148434],[-72.44685590663255,46.7316250166803],[-72.4466679494307,46.73162850165629],[-72.44653641092029,46.7316291573982],[-72.44646325122524,46.7316412359783],[-72.44635608131354,46.73167363515365],[-72.44629571991632,46.731665069877565],[-72.446194437563,46.731640593782366],[-72.44611928809957,46.73158942558044],[-72.4460612551356,46.73144682204595],[-72.44602410890029,46.73140804631111],[-72.44591853798978,46.73139114595352],[-72.44582084440599,46.731380617707835],[-72.44575844383309,46.73134145525112],[-72.44570040817416,46.73123011141139],[-72.44563841453811,46.7311784496241],[-72.4455419723075,46.73119155902899],[-72.44516623936353,46.731308066408126],[-72.4449905324872,46.731273896190515],[-72.44494500946186,46.73127271646298],[-72.44471420082434,46.73129512081414],[-72.44458591241862,46.7313549820767],[-72.44438868909461,46.731513834745016],[-72.44437125189664,46.73158374001643],[-72.44433635055123,46.73163114371125],[-72.44416930702751,46.73173210508707],[-72.44412808603407,46.73172522011745],[-72.44407902723977,46.73161747226065],[-72.44401015700018,46.731559444290575],[-72.44386291234535,46.73154885019562],[-72.44370264032223,46.73156515510171],[-72.44357282208559,46.73157706375724],[-72.44345776496569,46.73160859049537],[-72.44338730021649,46.731691615394524],[-72.44326989130717,46.73175654419759],[-72.44306814406738,46.731771522783305],[-72.44283183953696,46.73172966868718],[-72.44266570510831,46.73170696219837],[-72.44249518869772,46.731756480162815],[-72.44242110104297,46.73176437983263],[-72.44206338021873,46.73182598613459],[-72.44182462149094,46.73186081666725],[-72.44160950642143,46.73187630072789],[-72.44134028761898,46.73190348587088],[-72.44111970719929,46.73188691569298],[-72.44100318313052,46.73179461714737],[-72.4409527238627,46.73175763832962],[-72.44087273068328,46.73175641058662],[-72.44072670234733,46.73179176760334],[-72.44062109819916,46.731829836218246],[-72.44049600779584,46.731843932460194],[-72.4403574857824,46.731834841388185],[-72.440188585441,46.7318245878393],[-72.44007091332529,46.73184922763181],[-72.44002853350514,46.73187434951976],[-72.44001242581378,46.73190196504991],[-72.43992807760186,46.73193967708717],[-72.4398291263767,46.73195905491547],[-72.43975157302158,46.73195065100241],[-72.43962814989143,46.73190581635961],[-72.43961441375242,46.73186102477975],[-72.43952920675109,46.73173920802026],[-72.43952664026433,46.731631897352635],[-72.43957088139375,46.731519038206564],[-72.43964940582768,46.731411581174626],[-72.43978902288747,46.73126466463726],[-72.43995973333416,46.73109663629986],[-72.44000629391365,46.73091277029396],[-72.43995463269998,46.730849983212124],[-72.43978680225207,46.730806306457254],[-72.4396223943854,46.730812831342426],[-72.4395890866513,46.73083948318432],[-72.43942418471121,46.73089197345116],[-72.43937454380863,46.73089120933205],[-72.43923862601119,46.73086334514565],[-72.43909447245923,46.73087018219841],[-72.43899593086581,46.730877025407615],[-72.43893739484527,46.73093115101174],[-72.4389168548663,46.73100118695685],[-72.43885604880305,46.73109359091805],[-72.43881466880781,46.73124271529387],[-72.4388073286736,46.73134290897402],[-72.43879927258214,46.73143403534162],[-72.43874323477641,46.73153557093855],[-72.43860394380506,46.7316720509071],[-72.43857408380504,46.73168621861375],[-72.43849317614067,46.73168061556634],[-72.43840494002018,46.7316924336856],[-72.43822847137251,46.73171607176355],[-72.43814023525205,46.731727889875046],[-72.4381110624632,46.73173031457634],[-72.43787133894479,46.73180240782948],[-72.43776534582611,46.73185722518713],[-72.43774279901078,46.73194692407065],[-72.43773897847588,46.73210143974832],[-72.43757860404483,46.73221034725816],[-72.43757998026385,46.73223777420802],[-72.43767524210816,46.732395008649576],[-72.43772977343917,46.73251968205348],[-72.437869635739,46.73277605752418],[-72.4378930862595,46.73281904124546],[-72.43789173249836,46.73289201719662],[-72.43791787347313,46.732923543781794],[-72.43797655951234,46.732971190733814],[-72.4380510244595,46.733009921629794],[-72.43808990534161,46.733077405247045],[-72.4381094940047,46.733125975002],[-72.43812533399812,46.733165247605086],[-72.43820852428162,46.733280500231345],[-72.43828503738764,46.733434413628395],[-72.43837841097323,46.733615528721366],[-72.43846285440657,46.73377064607867],[-72.43852464502338,46.73392471138463],[-72.43862070277501,46.734081992626066],[-72.4386820388443,46.73420657162363],[-72.43869009763073,46.73422829564943],[-72.43872653779023,46.73432652034991],[-72.43881873997266,46.7344665125268],[-72.43891867934464,46.734633843875606],[-72.4390134381324,46.7347702901449],[-72.43913512032752,46.73495175230603],[-72.43915592441118,46.734978560948505],[-72.4391337845327,46.73503972151975],[-72.43910680902303,46.735091429478466],[-72.4391110796139,46.73512014173487],[-72.43914376661213,46.73517878032203],[-72.43920011972654,46.735233790033796],[-72.43927655827237,46.73525646117531],[-72.43930224829288,46.73530455181721],[-72.43940595969075,46.73549870064737],[-72.4394956708449,46.73564079230922],[-72.43952871088106,46.73574884058014],[-72.43955585796894,46.73584041633184],[-72.43964173241852,46.73600775388392],[-72.43968009497274,46.73614745602625],[-72.43970516785062,46.73624340972796],[-72.43976322776408,46.7363801659143],[-72.43979670348313,46.73645472915641],[-72.43980344084775,46.736469735989175],[-72.43981209881048,46.73652271946437],[-72.43982376253611,46.736594442454056],[-72.439900332236,46.73679487438774],[-72.43991424624143,46.736866297188875],[-72.44001819569286,46.73715453503619],[-72.44007568068452,46.73732608082246],[-72.44011860668037,46.7375088020128],[-72.44014218745657,46.737657123694646],[-72.44016035318823,46.73774669041715],[-72.44017540715578,46.737820908237275],[-72.44019014761128,46.737931987285435],[-72.44019518985496,46.738027497008375],[-72.44019556984234,46.738201592482035],[-72.44021397183093,46.738381276816824],[-72.44022807448258,46.73851022309393],[-72.44022942105717,46.73865601851336],[-72.44022347510833,46.738775276446475],[-72.44021336816306,46.73883640685481],[-72.44021147451443,46.738894278010775],[-72.44020991863235,46.73894179101941],[-72.44020263778698,46.73910219675003],[-72.44019399060406,46.739242665957626],[-72.44019541712873,46.7393845796866],[-72.44019677627976,46.739466565742724],[-72.44020113310887,46.739521667734266],[-72.44018721551018,46.73963507404908],[-72.44017850724182,46.7397778270762],[-72.44018310751439,46.73988528282869],[-72.44017863120933,46.7399596122115],[-72.44017397164795,46.74004019315473],[-72.44017298799271,46.74013223687962],[-72.44016398417862,46.74028305569265],[-72.44014697727366,46.74049308926816],[-72.4401290469006,46.740659703806564],[-72.44013432809614,46.74082838752807],[-72.44141721305172,46.73996875239515],[-72.44158146461152,46.74039872219391],[-72.44167578591973,46.74064562279689],[-72.4416807688746,46.74065862401434],[-72.44168578416884,46.740671618456844],[-72.44169083180242,46.74068460797129],[-72.44169591177534,46.74069759194206],[-72.441701022291,46.74071056852232],[-72.441706165146,46.7407235395589],[-72.44171134034036,46.740736504436185],[-72.44171654697574,46.74074946438544],[-72.44172178505215,46.74076241755982],[-72.44172705456963,46.74077536457488],[-72.44173235642641,46.74078830543071],[-72.4417376915209,46.74080124074289],[-72.44174305625978,46.74081416928023],[-72.44174845423632,46.74082709227392],[-72.44205505014111,46.740766377200714],[-72.44206068078131,46.74077976807373],[-72.44206634465918,46.74079315094042],[-72.44207204626628,46.74080652703201],[-72.44207778021274,46.740819896964155],[-72.44208354829519,46.74083325888999],[-72.44208935500518,46.740846614040734],[-72.44209519495284,46.74085996118517],[-72.44210106813816,46.74087330278578],[-72.4421069772561,46.74088663514889],[-72.44211292230666,46.74089996073693],[-72.44211890149319,46.74091328016552],[-72.442124915714,46.740926590972215],[-72.44213096496912,46.740939895003905],[-72.44213704746193,46.74095319102933],[-72.44214316588732,46.740966479664124],[-72.44214931934702,46.74097976090824],[-72.44215550784102,46.74099303414617],[-72.44216172957267,46.74100629999345],[-72.44216798723694,46.74101955783449],[-72.44217427993551,46.74103280890051],[-72.44218060677004,46.74104605072911],[-72.44218696774058,46.74105928578275],[-72.4421933637454,46.74107251159893],[-72.44219979478451,46.74108573064011],[-72.44220626085794,46.7410989416751],[-72.4422127592707,46.741112144088326],[-72.44221929541271,46.74112533972656],[-72.44222586389407,46.74113852551176],[-72.44223246740971,46.74115170390645],[-72.44223910506135,46.741164874910545],[-72.44224577774729,46.74117803667725],[-72.44225248367087,46.74119119105342],[-72.44225922552708,46.74120433557662],[-72.44226600151927,46.7412174727093],[-72.44227281164744,46.7412306018358],[-72.44227965680992,46.74124372172498],[-72.44228653521003,46.741256832992406],[-72.44229344684784,46.741269936869344],[-72.44230039531656,46.74128303150893],[-72.44230737702294,46.741296117526836],[-72.44231439286531,46.74130919492298],[-72.44232144284365,46.741322262466205],[-72.44232852695801,46.74133532261898],[-72.44233564610661,46.74134837476566],[-72.44234279849292,46.741361416443844],[-72.44234998411687,46.74137445073153],[-72.44235720657176,46.74138747455078],[-72.442364461366,46.74140049036391],[-72.4423717493979,46.741413496324185],[-72.44237907426071,46.74142649427843],[-72.44238643056458,46.741439483611],[-72.44239382100443,46.741452462475124],[-72.44240124647855,46.74146543271761],[-72.44240870429205,46.74147839372288],[-72.44241619893647,46.741491344259664],[-72.44242372592025,46.74150428740607],[-72.44243128524334,46.74151722069968],[-72.44243888049908,46.74153014475604],[-72.44244650899248,46.741543058344],[-72.44245417072352,46.74155596331036],[-72.44246186569227,46.74156885965518],[-72.44246959569526,46.74158174430033],[-72.44247735983427,46.74159462032395],[-72.4424851554143,46.74160748649482],[-72.44249298692695,46.741620344659694],[-72.44250085257558,46.74163319112501],[-72.44250875056356,46.74164602835317],[-72.44251667999258,46.74165885634421],[-72.44252464625251,46.7416716744825],[-72.4425326448518,46.74168448215243],[-72.44254067758708,46.74169728058529],[-72.4425487426617,46.74171006854977],[-72.44255684187229,46.741722846661574],[-72.44256497432058,46.74173561553629],[-72.44257314090481,46.74174837271145],[-72.44258134072672,46.741761120649535],[-72.442589572888,46.74177385873496],[-72.44259783918523,46.741786585736506],[-72.44260613782183,46.741799303500954],[-72.44261447149272,46.74181200956596],[-72.44262283660464,46.74182470700953],[-72.44263123675087,46.74183739275361],[-72.4426396674398,46.741850068645086],[-72.44264813316305,46.74186273406826],[-72.44265663302227,46.74187538902328],[-72.4426651643225,46.74188803412564],[-72.44267372796212,46.74190066691296],[-72.44268232753434,46.741913291078916],[-72.44269095854757,46.74192590416106],[-72.44269962100186,46.74193850492819],[-72.44270831938874,46.741951096458365],[-72.4427170492167,46.74196367752037],[-72.44272581228229,46.7419762474986],[-72.44273460678892,46.74198880516184],[-72.44274343632985,46.74200135235692],[-72.44275229821012,46.74201388969948],[-72.44276119153143,46.742026415342686],[-72.44277011809042,46.74203893051777],[-72.44277907878538,46.74205143460917],[-72.44278807181969,46.74206392761679],[-72.4427970953967,46.742076408925094],[-72.44280615400804,46.74208887853412],[-72.44281524406041,46.74210133767507],[-72.44282436735043,46.74211378573232],[-72.44283352208147,46.74212622209028],[-72.4428427100502,46.74213864798018],[-72.4428519312566,46.74215106093957],[-72.44286118480235,46.74216346404658],[-72.44287047068745,46.7421758542231],[-72.44287978801357,46.742188233931586],[-72.44288913857736,46.74220060132521],[-72.44289852237881,46.742212958250875],[-72.44290793582466,46.74222530224609],[-72.44291738340652,46.74223763515768],[-72.44292686332771,46.74224995637011],[-72.44293637468994,46.74226226649894],[-72.44294591928983,46.74227456431297],[-72.44295549622909,46.74228684919663],[-72.44296510371105,46.7422991242279],[-72.44297474443069,46.74231138571325],[-72.44298441659134,46.74232363673066],[-72.44299412288797,46.742335874202084],[-72.44300385882903,46.742348100590014],[-72.44301362710942,46.74236031466318],[-72.4430234286275,46.74237251642162],[-72.4430332606883,46.74238470648098],[-72.44304312598672,46.742396883610056],[-72.4430530218279,46.74240904965562],[-72.44306294911011,46.74242120277093],[-72.44307290962998,46.74243334295592],[-72.44308290159087,46.74244547205748],[-72.44309292499283,46.74245758884437],[-72.4431029798358,46.7424696920854],[-72.44311306701812,46.74248178301177],[-72.44312318564147,46.742493862239144],[-72.44313333480756,46.74250592792069],[-72.4431435172113,46.742517981903205],[-72.44315373015777,46.74253002295552],[-72.44316397544358,46.74254205230883],[-72.44317425217045,46.742554067500784],[-72.44318455854169,46.74256607037814],[-72.44319489904893,46.742578060325336],[-72.44320526920056,46.742590037342325],[-72.44321567079324,46.7426020026604],[-72.44322610292865,46.74261395443272],[-72.44323656740337,46.742625891428155],[-72.44324706331916,46.74263781857141],[-72.44325758977766,46.742649730937735],[-72.44326814857551,46.742661630989566],[-72.44327873611945,46.742673516880096],[-72.44328935779936,46.74268539107176],[-72.44330000822538,46.7426972517177],[-72.44331069009242,46.74270909881801],[-72.4433214034005,46.74272093175706],[-72.44333214814962,46.742732752997235],[-72.44334292344145,46.742744560076154],[-72.44335373017431,46.742756354225044],[-72.44336456655158,46.74276813482831],[-72.44337543436988,46.74277990188596],[-72.44338633183261,46.742791655398],[-72.44339726253298,46.742803395980054],[-72.44340822197945,46.74281512301651],[-72.44341921286694,46.74282683650739],[-72.44343023429717,46.74283853522149],[-72.44344128627012,46.74285022162124],[-72.44345236788746,46.742861893244225],[-72.44346348094584,46.742873552552865],[-72.44347462454692,46.74288519646921],[-72.44348579869076,46.742896827455596],[-72.44349700337729,46.74290844489645],[-72.44350823860655,46.74292004756064],[-72.44351950348022,46.74293163667933],[-72.4435307997949,46.742943211636934],[-72.44354212395739,46.74295477366459],[-72.44355348045922,46.742966319684484],[-72.44356486750375,46.74297785400566],[-72.44357628329438,46.742989372319016],[-72.4435859060477,46.742999046936994],[-72.44359555036058,46.7430087123194],[-72.44360521623304,46.74301836600385],[-72.44361490097013,46.7430280110683],[-72.44427626224186,46.74368543498315],[-72.44553884617032,46.74466277285286],[-72.44573656985594,46.74481582212793],[-72.44591984593683,46.74503739408626],[-72.44600771374803,46.74517340652614],[-72.44631684020698,46.745654433706925],[-72.45476255077662,46.739882091424185],[-72.4547195035082,46.73978987428111],[-72.45472199273985,46.739737899336006],[-72.45477589974175,46.73961656024379],[-72.45486710389591,46.73949640411993],[-72.45491285778826,46.7393423695072]]],[[[-72.44521895789427,46.73010905478318],[-72.4451974297685,46.73002618015097],[-72.44514728311438,46.72995466516566],[-72.4450991298219,46.729915089127935],[-72.44502690347643,46.72984203772276],[-72.44500205697398,46.729830562781345],[-72.44496523053891,46.72982051143008],[-72.44493206743357,46.729811460655895],[-72.44488371920664,46.72980933019247],[-72.44483102582873,46.72981683915206],[-72.44474376617697,46.72983282809113],[-72.44464257994336,46.729843057389054],[-72.44456332697574,46.72986124697617],[-72.4445008123168,46.72986097912915],[-72.44436978584609,46.72978138232204],[-72.44428716958605,46.72971845722845],[-72.44420080914789,46.72967764337524],[-72.44411871301239,46.729628366720625],[-72.44394378856867,46.72952337382441],[-72.44387698445426,46.72947039701872],[-72.44386264195245,46.72944662680288],[-72.4438377190932,46.7293493396164],[-72.4437283042916,46.72910983292459],[-72.44370378747087,46.72906817503422],[-72.44363916446595,46.72901039000563],[-72.44348289713238,46.72874593704365],[-72.44273343897905,46.728304978488566],[-72.44267518592783,46.72827070476822],[-72.44156838963256,46.72761947654469],[-72.43906932322453,46.729371855600775],[-72.43845433208945,46.729808051298626],[-72.43767789393489,46.730358742520934],[-72.43764627593183,46.730305234540545],[-72.43737533775392,46.72979765943839],[-72.4373703341378,46.72978774169688],[-72.43803601630603,46.72962577197973],[-72.43876985814649,46.72917996051822],[-72.43837985995577,46.7283512674652],[-72.43748444802664,46.72898484068446],[-72.43745636579254,46.72892917005532],[-72.4374473826397,46.728917390122895],[-72.43743836894414,46.72890562127143],[-72.43742932470586,46.728893864732356],[-72.43742024812825,46.728882119274296],[-72.43741114100789,46.72887038489721],[-72.43740200334481,46.72885866221682],[-72.43739283424071,46.72884695123324],[-72.43738363459389,46.7288352513306],[-72.43737440350603,46.728823563124685],[-72.43736514007882,46.72881188599983],[-72.4373558470072,46.72880022118748],[-72.4373465242912,46.728788568071906],[-72.43733716923582,46.728776925421606],[-72.43732778363773,46.728765296315366],[-72.43731836839522,46.72875367705864],[-72.4373089208134,46.72874207134598],[-72.43729944358714,46.72873047733015],[-72.43728993581819,46.728718893163865],[-72.43728039570986,46.72870732315743],[-72.43727082685545,46.72869576423208],[-72.43726122656001,46.72868421761936],[-72.43725159572185,46.72867268331922],[-72.43724193344265,46.72866116071591],[-72.43723224241738,46.728649649809526],[-72.43722251995105,46.728638151831454],[-72.43721276784032,46.72862666493459],[-72.43720298518687,46.728615190966046],[-72.43719317199071,46.728603728694466],[-72.43718332825185,46.72859227996701],[-72.43717345486854,46.72858084293648],[-72.43716355004422,46.728569417602884],[-72.43715361647381,46.72855800458196],[-72.43714365146238,46.72854660572099],[-72.43713365590821,46.72853521794122],[-72.43712363160795,46.7285238430899],[-72.43711357586666,46.728512481167044],[-72.43710349227759,46.728501130941176],[-72.4366722596187,46.72801680602479],[-72.43668324242137,46.72800943105058],[-72.43620864808373,46.727590598964156],[-72.43580555874439,46.727234731099514],[-72.43537736598442,46.726771290544406],[-72.43495446699643,46.72697739577572],[-72.43496247817214,46.7269871607065],[-72.43497051899224,46.72699691208851],[-72.4349785921517,46.72700665176906],[-72.43498669495557,46.72701637974819],[-72.43499483009877,46.72702609602588],[-72.4350029948864,46.72703579875482],[-72.43501119111505,46.727045489782334],[-72.43501941788642,46.72705516972423],[-72.43502767520053,46.72706483611737],[-72.43503596215902,46.72707448957756],[-72.43504428235518,46.727084131952175],[-72.4350526303991,46.72709376077805],[-72.43506101078239,46.727103376670996],[-72.43506941991178,46.72711298086255],[-72.43507786138049,46.72712257273699],[-72.43508633249363,46.72713215044696],[-72.43509483414947,46.72714171645561],[-72.4351033636531,46.7271512707629],[-72.4351119272927,46.72716081090576],[-72.43512051878007,46.72717033749996],[-72.43512914081018,46.72717985177703],[-72.4351377942813,46.72718935373703],[-72.43514647739684,46.72719884276419],[-72.43515518925847,46.72720831885851],[-72.43516393166281,46.72721778078838],[-72.43517270371156,46.72722723040125],[-72.43518150720134,46.72723666646547],[-72.43519034033554,46.72724608959689],[-72.43519920311414,46.72725549856397],[-72.4352080955371,46.727264895214006],[-72.4352170158079,46.72727427831545],[-72.43522596841802,46.727283647252555],[-72.43523494977423,46.7272930044884],[-72.43524396077486,46.72730234632839],[-72.43525300231818,46.727311675235626],[-72.43526207170929,46.7273209912101],[-72.43527117343974,46.72733029240448],[-72.43528030122135,46.727339581281896],[-72.43528946044398,46.72734885537924],[-72.43529864841271,46.72735811654385],[-72.43530786602584,46.72736736354418],[-72.43531711238505,46.72737659638023],[-72.435326389287,46.72738581628362],[-72.43533569403671,46.727395021406934],[-72.43534502932914,46.72740421298181],[-72.43535439336766,46.727413390392435],[-72.43536378525397,46.72742255302306],[-72.43537320678466,46.72743170210522],[-72.43538265795978,46.727440837023195],[-72.43539118027687,46.72744904028288],[-72.43539972684847,46.727457229994414],[-72.43540829677629,46.727465409236665],[-72.43541688916198,46.72747357677813],[-72.4354255058022,46.72748173200298],[-72.43543414400196,46.72748987614278],[-72.43544280735456,46.72749800919754],[-72.43523347563884,46.72760365936402],[-72.43500933160242,46.727379627809285],[-72.43458844484066,46.727127456421],[-72.43426207162658,46.726843706934325],[-72.43419754923298,46.72671399013414],[-72.43386371640878,46.726951887979936],[-72.43389859799127,46.72704452178808],[-72.43405286657334,46.72745417332328],[-72.43424785938046,46.7280264476152],[-72.43429534163145,46.72815930163391],[-72.43435287872539,46.72841323234165],[-72.43437817887704,46.728518436140035],[-72.43447339670391,46.72866867106687],[-72.43452071366487,46.72869855975338],[-72.4345495801282,46.728800539531484],[-72.434578473541,46.728813853944075],[-72.43461214239785,46.72888105895028],[-72.43465298969214,46.728978516312786],[-72.43469982785105,46.729093863475214],[-72.43473777089201,46.72915611936328],[-72.43479381318934,46.7292436916376],[-72.4348168792309,46.729289730431184],[-72.4348750083146,46.72940218292415],[-72.43492421173767,46.72945573428686],[-72.43501800753143,46.72958366992106],[-72.43511311845876,46.72966287787066],[-72.43514649626147,46.72970230015792],[-72.43524738335609,46.72979272427388],[-72.43543839213494,46.729997108053986],[-72.43548538570239,46.73005759573137],[-72.43556035729938,46.73013236721436],[-72.43559804881207,46.73016209622969],[-72.43565914503117,46.73022554910731],[-72.43569372028814,46.73025322705528],[-72.43580590100251,46.7303430191195],[-72.43600565308404,46.7305238391908],[-72.43612997452946,46.730643059077636],[-72.43616167517752,46.73067345957403],[-72.4361974550753,46.73069898531326],[-72.43625757662231,46.730723429202015],[-72.43633307373373,46.73077871006946],[-72.43638044279699,46.73082527400136],[-72.43645729366952,46.73090564077558],[-72.43649922523036,46.730966062166914],[-72.43651000231883,46.73105468439519],[-72.43651083685373,46.73106161378269],[-72.43653033927855,46.731089716768466],[-72.4365580199657,46.73111513886877],[-72.43659703290018,46.73112365312696],[-72.43663579789964,46.73113494676994],[-72.4369329641889,46.73129105518888],[-72.43701044298383,46.73139384466661],[-72.43707996719694,46.7314619078533],[-72.43722657853951,46.731595674528094],[-72.43734224112391,46.73165525407317],[-72.43744444425042,46.73165345124552],[-72.43752922904358,46.731665845068655],[-72.43767184108648,46.7316569319096],[-72.43782462385506,46.73162428951481],[-72.43810838638197,46.73158198213401],[-72.43826671175583,46.731546080066636],[-72.438346949277,46.73153887859261],[-72.43835499279209,46.73153815512026],[-72.4384055113487,46.73154158222407],[-72.43848650165809,46.73154416209546],[-72.43856099984292,46.73149794050971],[-72.43862353785806,46.73141461545552],[-72.43865825684546,46.731314146064385],[-72.4386744920976,46.731159061663696],[-72.43869244582686,46.731137046394714],[-72.43872555054172,46.73111665848046],[-72.43874638876137,46.73106730679045],[-72.43877610323435,46.730996932281165],[-72.43878669706648,46.73092116944289],[-72.4387754429726,46.73086248558814],[-72.43878284688716,46.730822199664914],[-72.43885472199136,46.73079405097577],[-72.43895508536816,46.73079350667076],[-72.43901878580328,46.73076732152946],[-72.43911845388405,46.73075701482482],[-72.4392468905118,46.73070396472743],[-72.43934706793735,46.730708989705235],[-72.4394514440885,46.73074054712163],[-72.43950087658197,46.730747576913515],[-72.43953165735519,46.73073620868607],[-72.43964902314536,46.7307115480659],[-72.4397271181846,46.73070996255961],[-72.43980883073947,46.73072166882865],[-72.43989210097304,46.73074256055953],[-72.44001290102256,46.7307728686403],[-72.44009298583013,46.730803354649915],[-72.4401352003603,46.73084509924941],[-72.44014077440663,46.730922500031504],[-72.44012739849205,46.73099055457714],[-72.44010356349261,46.73103755179786],[-72.44007451287466,46.73111999325216],[-72.44000520066396,46.731224802017316],[-72.43997642313383,46.731298889660145],[-72.43992007630764,46.73134817525584],[-72.4398122119982,46.73142313828655],[-72.43971525952453,46.731567228849485],[-72.4397042614505,46.73159352874213],[-72.43971072393065,46.73164378136463],[-72.43974135468522,46.73166793420554],[-72.43998125427342,46.73177053209223],[-72.43999807971869,46.73177457058972],[-72.44009619730728,46.73179812058394],[-72.44019090578938,46.73178425153009],[-72.44032596749234,46.73177587837568],[-72.44042798017601,46.731755159446315],[-72.44057653008296,46.73173654996185],[-72.44081929260197,46.73168666193174],[-72.44091267696734,46.731681134002194],[-72.44111286832504,46.7316932587496],[-72.44124247006769,46.73173566825243],[-72.44131151278381,46.73179241410753],[-72.44137482604503,46.73180730586704],[-72.44143748623104,46.731811051279976],[-72.4418187303393,46.731793244095684],[-72.44203036803036,46.73177230474576],[-72.44218511002457,46.73174186361562],[-72.442387736715,46.73170200442698],[-72.44245093319525,46.73168698641588],[-72.44249324025186,46.731661220397825],[-72.4425341836659,46.73161527660221],[-72.44259109463407,46.731575834778674],[-72.44263501596325,46.73156260601738],[-72.44269757643629,46.73156704228608],[-72.44279424683894,46.731610925922624],[-72.44282354000204,46.731612069930975],[-72.44288923020551,46.7315824944136],[-72.44296055733739,46.73156621106293],[-72.4431767944027,46.73154102869082],[-72.44331617430723,46.7315466416042],[-72.44339572102396,46.73152631480122],[-72.44345266522981,46.73151676188461],[-72.44364984992626,46.731509462506956],[-72.44372601358762,46.731499510599804],[-72.44391630461257,46.73146143190019],[-72.44402668869637,46.731424217648026],[-72.4440893614588,46.73139322032372],[-72.44418336835663,46.7313932714287],[-72.44421632484946,46.73140558711483],[-72.44421997470448,46.731448719085996],[-72.44424994699393,46.73145960135856],[-72.44427965338207,46.731447551061024],[-72.44439206047188,46.73134784769104],[-72.44443725651044,46.73132561453295],[-72.44451604415076,46.73126568427665],[-72.44456241518573,46.731207347449896],[-72.4445776425281,46.73117423560028],[-72.44456658786021,46.73111015887679],[-72.44457575965927,46.73104570155806],[-72.44459689252633,46.73098629682197],[-72.44462537810399,46.730949231248104],[-72.44477818512708,46.73084879547084],[-72.44486883232578,46.73079532676756],[-72.44493144939264,46.73073379440744],[-72.44495911840171,46.73072172055001],[-72.44502302095776,46.730671390717724],[-72.44503478619305,46.730620197582766],[-72.44504627205225,46.730360104525914],[-72.44506426351079,46.730310483067385],[-72.44508730260287,46.73024693916074],[-72.4451125542455,46.73021541224237],[-72.44516852377929,46.730201237376235],[-72.44519930545081,46.730185754681884],[-72.44521805598573,46.73013678759153],[-72.44521895789427,46.73010905478318]]],[[[-72.43873894801585,46.737821767068205],[-72.4387096853955,46.7377282904744],[-72.43869310159702,46.7376150469907],[-72.43866770712226,46.7375241182256],[-72.43864062740802,46.73742192653442],[-72.43860581769077,46.73730850879256],[-72.43855946192714,46.737175339314504],[-72.43850052256306,46.73699627523918],[-72.43846526548478,46.73695084021353],[-72.43846534184158,46.73688609497418],[-72.43846102274169,46.736833379052804],[-72.43841256492031,46.73670452357767],[-72.43840066673438,46.736628555737965],[-72.43829919663314,46.73630828933862],[-72.43821787215047,46.73610345048456],[-72.43815646511429,46.735948781888915],[-72.43803106209725,46.73565649261758],[-72.43798298875483,46.73559654870361],[-72.43792649190998,46.735501823971326],[-72.43791749618072,46.73547218717239],[-72.43787521427693,46.73538231006464],[-72.43780657220944,46.73531590307409],[-72.43775177857037,46.73521846270392],[-72.43768824612022,46.73508500115709],[-72.4376199373277,46.734964282052594],[-72.43758401639442,46.7349008021189],[-72.4375362314112,46.734764454073584],[-72.43748784545505,46.734675895199956],[-72.43744381183646,46.734582107156534],[-72.43735129434535,46.7344304738498],[-72.43729052960457,46.73433088312424],[-72.43721744087644,46.73418653273508],[-72.43710074612777,46.73400537215137],[-72.43702585448084,46.73388559387382],[-72.43700712460716,46.73385185504423],[-72.43694159699876,46.73373381515147],[-72.43689417403661,46.7336906486817],[-72.4368235206412,46.73357304927584],[-72.43678242810684,46.73350814113061],[-72.43675815652618,46.73346980156138],[-72.4366841721777,46.73335768387038],[-72.43665502094841,46.733285316246395],[-72.43661992377027,46.73319523046508],[-72.4365901922293,46.73314261560505],[-72.43657179652891,46.73311006153928],[-72.43650945614314,46.73301401421646],[-72.43644729452211,46.7329452239937],[-72.43636963426749,46.73283296236826],[-72.43634846546782,46.73281171064304],[-72.43621151101455,46.732576032413974],[-72.4359950125395,46.73229529656399],[-72.4359814416905,46.732285168708],[-72.43594197870006,46.73225089074396],[-72.43588001830165,46.73216542601556],[-72.43583108796645,46.7320789242877],[-72.43578209834241,46.731992614524515],[-72.4356929010246,46.73189364671265],[-72.43558141291133,46.73176531757201],[-72.43550373648702,46.73164164296921],[-72.43549491503093,46.731553417613995],[-72.43548234221021,46.73152846736281],[-72.4354433265808,46.7314510391271],[-72.43542122263491,46.73143202808677],[-72.43533041194284,46.73135391564406],[-72.43526775265515,46.73128393741932],[-72.43524473063106,46.73125828265478],[-72.4352379869782,46.7312556750621],[-72.43514169207133,46.73125576988366],[-72.43512250405686,46.73125258166277],[-72.43507645551708,46.731233704780436],[-72.43513809611524,46.7311664201984],[-72.4351195854305,46.731132814511575],[-72.43509283899122,46.73110082139064],[-72.43503880712352,46.73103619104146],[-72.4349213694681,46.73090924278644],[-72.43484497583802,46.73082885015698],[-72.43474245740285,46.73073246135126],[-72.43464913142799,46.73065693519801],[-72.43461823567043,46.730638559312574],[-72.43457141008793,46.73058587915365],[-72.43443828694936,46.73045648845544],[-72.4343722338265,46.73038746530166],[-72.43432383439563,46.73033689071072],[-72.4342576824581,46.730267996092664],[-72.43419670301998,46.73020984844931],[-72.43405309654204,46.730043590767536],[-72.43394962858761,46.72993234030383],[-72.43259454154109,46.73073400929734],[-72.43183945364588,46.73118070317852],[-72.4316770328526,46.73102414619083],[-72.4315623647032,46.730910897248464],[-72.43142129237268,46.730771569450255],[-72.4313667331939,46.730714762795216],[-72.4313121731168,46.73065795423316],[-72.4311853786094,46.73052682672595],[-72.43103312315189,46.730382153977445],[-72.43092977557171,46.73043357700703],[-72.43101940408087,46.73052870717357],[-72.43117722370326,46.7306828697904],[-72.43133880277509,46.730841247248236],[-72.43136697843397,46.730868862691636],[-72.43148701222054,46.73098873017681],[-72.4316531762936,46.73115466846222],[-72.43171384581294,46.73121586415641],[-72.43175850196404,46.73126403105698],[-72.43184212433721,46.73135661805336],[-72.43187735087275,46.731392469757616],[-72.43199790478388,46.7315271066188],[-72.43206608062573,46.73160324727394],[-72.43210057683098,46.73164460458218],[-72.43219877167468,46.73178025059214],[-72.43229142660802,46.73190579604096],[-72.43238260471105,46.7320293388906],[-72.43242242612928,46.73208329524814],[-72.4324568864019,46.732140514221754],[-72.43253265749948,46.732266326051295],[-72.43236059239332,46.73232502992849],[-72.43236562116229,46.73233235813422],[-72.43222359661755,46.73242079278844],[-72.43224845030652,46.73244543292429],[-72.43205589552704,46.73260492456528],[-72.43217764599413,46.732689935436156],[-72.43196374185362,46.73283916129961],[-72.4318664866477,46.73290701024389],[-72.43225535475779,46.7331714625065],[-72.43162037790427,46.73359999221005],[-72.43164218899938,46.733614824979206],[-72.43149872984512,46.733866013558526],[-72.43157605592644,46.733871645316526],[-72.43178079994601,46.73400995167564],[-72.43171093167817,46.73405884690763],[-72.43204904497469,46.73428724366692],[-72.4306786784835,46.73524332751569],[-72.43078661106489,46.735316459031345],[-72.43064665444194,46.73541410239782],[-72.43096424752244,46.735629289664764],[-72.43124481025028,46.735819384971066],[-72.431358433659,46.73589636980857],[-72.43168864267933,46.735665990005906],[-72.43196855772187,46.73547069846725],[-72.4322525106916,46.73566320839057],[-72.43222651075233,46.73568134737661],[-72.43266771381255,46.7360023673857],[-72.4326951232085,46.73602231078633],[-72.43303933157424,46.73578026945032],[-72.43305252692744,46.73578815006058],[-72.4331317349793,46.73574297075268],[-72.43323803352519,46.73569095004078],[-72.4332667805126,46.735676881894],[-72.43336862880457,46.73563569575698],[-72.43341726449235,46.73562301286348],[-72.43359449131813,46.735576795389115],[-72.43381183061628,46.73552423272235],[-72.43384317373486,46.73560384752806],[-72.43363556049628,46.73565405824198],[-72.43342053885158,46.735710131352754],[-72.43333191645553,46.73574596784947],[-72.43320471411297,46.735808217290526],[-72.43313896821397,46.73584571849911],[-72.43314873200279,46.73585381027525],[-72.43296502742551,46.735982988547526],[-72.4330921444281,46.73606665993777],[-72.43345020391719,46.736302340766706],[-72.43354120684874,46.73623651486793],[-72.43362292479351,46.736344291667734],[-72.43370545032371,46.736511529149894],[-72.43378219789001,46.7367105502943],[-72.43422076888645,46.73659292545933],[-72.43430099652616,46.73679102465853],[-72.4343780288584,46.736981232844705],[-72.4344622944253,46.73718898288295],[-72.43458467730636,46.73716675028593],[-72.43462651544239,46.73727560754915],[-72.43520718374711,46.73698974679247],[-72.43534751227257,46.73737651033709],[-72.43475091773621,46.73759928445608],[-72.43480345929886,46.73773567581707],[-72.43491096877375,46.73799668878927],[-72.4351602809095,46.737943466044],[-72.43524177876702,46.73814131894853],[-72.43503049860544,46.73828687772684],[-72.43522698171765,46.738763890210755],[-72.43580048505967,46.73864605745908],[-72.43633255360918,46.73847298723314],[-72.43873019303511,46.7378680060131],[-72.43872990826917,46.73785203915697],[-72.43873894801585,46.737821767068205]],[[-72.43078661106489,46.735316459031345],[-72.4310570982885,46.73512774661689],[-72.43137319477573,46.73534701389123],[-72.43139192644604,46.7353339461312],[-72.43167028201326,46.73552254392403],[-72.43138476777153,46.73572174172274],[-72.43110641130605,46.73553314031683],[-72.43078661106489,46.735316459031345]],[[-72.43273972546066,46.73138465007728],[-72.43222149276315,46.73159857765016],[-72.43212460137492,46.731476692568485],[-72.43198246274414,46.731323601732555],[-72.43197134429586,46.73131249099899],[-72.43225125754176,46.73111721571244],[-72.43231123356172,46.73116792133689],[-72.43247053540432,46.731096712034194],[-72.43258153483409,46.73121064219387],[-72.43273972546066,46.73138465007728]]],[[[-72.4346454582168,46.72700745042651],[-72.43433199199671,46.72661951088963],[-72.43432259022896,46.726626116948125],[-72.43433259296964,46.72666043789668],[-72.43439832808888,46.726792595759115],[-72.4346454582168,46.72700745042651]]]]}},{"type":"Feature","properties":{"zone_code":"17-Af","prefix":"","kind":"unknown","n_lots":203,"source":"t2-gcp-claude48-vision-multisheet","confidence":"contour-autogcp-multisheet"},"geometry":{"type":"MultiPolygon","coordinates":[[[[-72.43544280735456,46.72749800919754],[-72.43543414400196,46.72748987614278],[-72.4354255058022,46.72748173200298],[-72.43541688916198,46.72747357677813],[-72.43540829677629,46.727465409236665],[-72.43539972684847,46.727457229994414],[-72.43539118027687,46.72744904028288],[-72.43538265795978,46.727440837023195],[-72.43537320678466,46.72743170210522],[-72.43536378525397,46.72742255302306],[-72.43535439336766,46.727413390392435],[-72.43534502932914,46.72740421298181],[-72.43533569403671,46.727395021406934],[-72.435326389287,46.72738581628362],[-72.43531711238505,46.72737659638023],[-72.43530786602584,46.72736736354418],[-72.43529864841271,46.72735811654385],[-72.43528946044398,46.72734885537924],[-72.43528030122135,46.727339581281896],[-72.43527117343974,46.72733029240448],[-72.43526207170929,46.7273209912101],[-72.43525300231818,46.727311675235626],[-72.43524396077486,46.72730234632839],[-72.43523494977423,46.7272930044884],[-72.43522596841802,46.727283647252555],[-72.4352170158079,46.72727427831545],[-72.4352080955371,46.727264895214006],[-72.43519920311414,46.72725549856397],[-72.43519034033554,46.72724608959689],[-72.43518150720134,46.72723666646547],[-72.43517270371156,46.72722723040125],[-72.43516393166281,46.72721778078838],[-72.43515518925847,46.72720831885851],[-72.43514647739684,46.72719884276419],[-72.4351377942813,46.72718935373703],[-72.43512914081018,46.72717985177703],[-72.43512051878007,46.72717033749996],[-72.4351119272927,46.72716081090576],[-72.4351033636531,46.7271512707629],[-72.43509483414947,46.72714171645561],[-72.43508633249363,46.72713215044696],[-72.43507786138049,46.72712257273699],[-72.43506941991178,46.72711298086255],[-72.43506101078239,46.727103376670996],[-72.4350526303991,46.72709376077805],[-72.43504428235518,46.727084131952175],[-72.43503596215902,46.72707448957756],[-72.43502767520053,46.72706483611737],[-72.43501941788642,46.72705516972423],[-72.43501119111505,46.727045489782334],[-72.4350029948864,46.72703579875482],[-72.43499483009877,46.72702609602588],[-72.43498669495557,46.72701637974819],[-72.4349785921517,46.72700665176906],[-72.43497051899224,46.72699691208851],[-72.43496247817214,46.7269871607065],[-72.43495446699643,46.72697739577572],[-72.43494647558367,46.726967606212234],[-72.43493851561193,46.72695780309995],[-72.43493058618293,46.72694799013353],[-72.43492268819494,46.72693816300247],[-72.434914821648,46.72692832478574],[-72.43490698564379,46.72691847486754],[-72.43489918108058,46.72690861324777],[-72.43489140885674,46.72689873992653],[-72.43488366807394,46.72688885613532],[-72.43487595783388,46.726878959411046],[-72.43486827903482,46.726869050985194],[-72.4348606307785,46.7268591314736],[-72.43485301575983,46.72684920026052],[-72.43484543308051,46.7268392579616],[-72.4348378800456,46.72682930396116],[-72.43483035845172,46.72681933825914],[-72.4348228691972,46.72680936331863],[-72.43481541138372,46.726799374213485],[-72.43480798680788,46.72678937648563],[-72.43480059277478,46.72677936644039],[-72.43479323108103,46.726769345309314],[-72.43478590082832,46.726759313092465],[-72.43477860291495,46.72674927040552],[-72.43469126510976,46.72645664739982],[-72.43446011151917,46.72628263593333],[-72.43445431019907,46.726272069127766],[-72.43444854211663,46.72626149493082],[-72.43444280637354,46.72625091211084],[-72.43443710566474,46.72624032005206],[-72.43443143639699,46.726229719986016],[-72.43442580396017,46.72621911129695],[-72.43442020386267,46.726208493984835],[-72.43441463790117,46.726197868049724],[-72.43440910427901,46.72618723410729],[-72.43440360748781,46.72617659092608],[-72.43439814393423,46.72616594096917],[-72.43439271361834,46.72615528238915],[-72.43438731654011,46.726144615186094],[-72.43438195449619,46.72613393997576],[-72.43437662568994,46.72612325614235],[-72.43437133101965,46.72611256553318],[-72.43436607138365,46.72610186630097],[-72.43436084408702,46.7260911590614],[-72.43435565272299,46.72608044443037],[-72.43435049549494,46.72606972240778],[-72.43434537240287,46.726058991146274],[-72.43434028254848,46.72604825310904],[-72.43433522593175,46.726037507064476],[-72.43433020614593,46.726026754244124],[-72.4343252195978,46.72601599341644],[-72.43432026718563,46.7260052251972],[-72.43431534801114,46.725994448354875],[-72.43431046476925,46.72598366658408],[-72.43430561566335,46.72597287557434],[-72.43430080069342,46.725962077173044],[-72.43429602075778,46.725951272611766],[-72.43429127405985,46.72594046065887],[-72.43428656329448,46.72592964131439],[-72.4342818857668,46.725918814578336],[-72.43427724327341,46.7259079816822],[-72.434272634916,46.72589714077872],[-72.43426806159289,46.7258862937152],[-72.43426352240576,46.725875438644316],[-72.43425901915124,46.72586457741334],[-72.4342545491344,46.7258537106381],[-72.43425011325351,46.725842835855495],[-72.43424571330524,46.72583195429698],[-72.43424134749297,46.72582106657849],[-72.43423701581668,46.72581017269988],[-72.43423271917467,46.72579927266123],[-72.43422845846527,46.725788364615106],[-72.43422423189186,46.72577745040894],[-72.43422003945444,46.72576653065849],[-72.4342158820513,46.72575560474794],[-72.43421176058078,46.72574467144574],[-72.43420767324623,46.72573373383083],[-72.43420361914937,46.72572278882422],[-72.43419960368004,46.72571183765755],[-72.43419561965175,46.725700880946505],[-72.4341916724544,46.725689917459604],[-72.434187759393,46.72567894904418],[-72.43418388046761,46.72566797508443],[-72.43418003747482,46.72565699373299],[-72.43417622951634,46.72564600806878],[-72.43417245749048,46.72563501562867],[-72.43416871780393,46.725624017644186],[-72.43416501494833,46.7256130141154],[-72.43416134802536,46.72560200565806],[-72.43415771523834,46.72559099165638],[-72.43415411748563,46.725579972110296],[-72.43415055566551,46.72556894701991],[-72.43414702708309,46.72555791576935],[-72.4341435362299,46.72554688020603],[-72.43414007771605,46.7255358397141],[-72.43413665603313,46.72552479306204],[-72.4341332693845,46.72551374209718],[-72.43412991777018,46.72550268497217],[-72.4341266029868,46.725491624150145],[-72.43412332054272,46.72548055778373],[-72.43412007582793,46.725469485872935],[-72.4341168643508,46.725458410265105],[-72.4341136906029,46.72544732911293],[-72.43411055009265,46.725436243032114],[-72.43410744641336,46.72542515325431],[-72.43410437776834,46.725414057932085],[-72.4340929664693,46.72537255914061],[-72.43427318199001,46.72534912580441],[-72.43423910619633,46.72522519940888],[-72.43405888977729,46.72524863095156],[-72.43399359483256,46.725011158498376],[-72.43395033556173,46.724865969080824],[-72.43391183646361,46.72473676048519],[-72.43374454320825,46.72425971813994],[-72.43367534149033,46.72399523819198],[-72.43366335347287,46.72394941780182],[-72.43349474238899,46.7236622738746],[-72.43346213084922,46.72358647486965],[-72.43345336508868,46.72356562162643],[-72.43344456519216,46.723544775764886],[-72.43343573115965,46.72352393666925],[-72.43342686029622,46.72350310372366],[-72.43341795889008,46.72348227877559],[-72.4334090215513,46.72346146059346],[-72.43340004917825,46.72344064856139],[-72.43339104356753,46.7234198439111],[-72.43338200292251,46.72339904664254],[-72.43337292814151,46.72337825675572],[-72.43336381922452,46.72335747301904],[-72.4333546779682,46.72333669666413],[-72.43334549988094,46.72331592769102],[-72.43333628945433,46.72329516548387],[-72.43332704309512,46.723274410658505],[-72.43331776349824,46.72325366383079],[-72.43330845066369,46.723232923769054],[-72.43329910099821,46.72321218985747],[-72.43328971899336,46.723191464559406],[-72.43328030375088,46.72317074664313],[-72.43327085257577,46.7231500354929],[-72.43326136816302,46.72312933172455],[-72.43325184961427,46.723108635953835],[-72.43324229603121,46.72308794694921],[-72.4332327092105,46.72306726594228],[-72.43322308915212,46.723046591701426],[-72.43321343316113,46.72302592484247],[-72.43314306453165,46.72287558983229],[-72.4329153514886,46.72292599898969],[-72.43243762292894,46.7231298329997],[-72.43255323071611,46.72325797269322],[-72.43231091645642,46.72342656367117],[-72.43233214095164,46.723475803500314],[-72.43239863424897,46.72371336584657],[-72.43250732411015,46.723888821666286],[-72.43253502276362,46.72398803878884],[-72.43265461278244,46.72428477397705],[-72.43276570833194,46.72444633913935],[-72.43294170805903,46.72450893292424],[-72.4330628036543,46.72474121948408],[-72.43320860471647,46.72502086897933],[-72.43325127469247,46.725073138911924],[-72.4332783939326,46.725153051795566],[-72.4333353417317,46.72527319985311],[-72.43335241151874,46.72534512685226],[-72.43335418658974,46.72535260872273],[-72.43336904292792,46.72537937656825],[-72.43341750254591,46.72546668279482],[-72.4335093606736,46.72575588246797],[-72.43361111913404,46.72607776269333],[-72.43371065426415,46.72640485788436],[-72.43380505731905,46.726689141094674],[-72.43386420688893,46.726875532010936],[-72.43386371640878,46.726951887979936],[-72.43419754923298,46.72671399013414],[-72.43426207162658,46.726843706934325],[-72.43458844484066,46.727127456421],[-72.43500933160242,46.727379627809285],[-72.43523347563884,46.72760365936402],[-72.43544280735456,46.72749800919754]],[[-72.4346454582168,46.72700745042651],[-72.43439832808888,46.726792595759115],[-72.43433259296964,46.72666043789668],[-72.43432259022896,46.726626116948125],[-72.43433199199671,46.72661951088963],[-72.4346454582168,46.72700745042651]]],[[[-72.43394962858761,46.72993234030383],[-72.43384819801224,46.72982328041624],[-72.43377466461804,46.72972692306351],[-72.43377135252958,46.72972258331491],[-72.43365179934167,46.729475088993574],[-72.43359209461296,46.72934125179024],[-72.43358956675374,46.72933479569061],[-72.43359944552692,46.72925840307117],[-72.43359574356964,46.729170614693146],[-72.43356919835298,46.72902821781269],[-72.43350116264833,46.72885969421677],[-72.43343566198938,46.728775122497744],[-72.4333677547438,46.72868744355308],[-72.43332333125636,46.72861263743198],[-72.43331570455959,46.728599795253594],[-72.43331110788029,46.72859205460075],[-72.43319569772248,46.72839771403591],[-72.43288939466848,46.72788191963762],[-72.43286032159261,46.72766838003349],[-72.43280538601974,46.72761622406917],[-72.43278456935965,46.72753846940259],[-72.43276930428803,46.72744465355263],[-72.4327381453241,46.72737685746616],[-72.43269382783785,46.72725722764622],[-72.43266574111219,46.72718429702702],[-72.43266364624094,46.727177457659685],[-72.43264701123852,46.727123166956545],[-72.43263716929626,46.72706609167691],[-72.43260904753629,46.726924574107535],[-72.43256194078111,46.7267926062273],[-72.4324914814218,46.72659660458492],[-72.43236726058767,46.72644908747851],[-72.43228189638118,46.72624767556312],[-72.43202018929112,46.725779784241304],[-72.43200999610762,46.72574659331784],[-72.43200460352095,46.72572903537264],[-72.43196613227059,46.725603757577524],[-72.4319456084613,46.725536929661814],[-72.43180562399057,46.72530793424334],[-72.4316735941017,46.72503350510251],[-72.43144143439798,46.724629748096234],[-72.43138122481606,46.7245339972668],[-72.43124034472501,46.7243096167344],[-72.4311868015408,46.72423555397616],[-72.43109765902021,46.72408972819079],[-72.43100855512718,46.72393959813005],[-72.43093940910482,46.72382787321984],[-72.43091728809095,46.72379212794896],[-72.43082445798612,46.72362647368677],[-72.4307066322585,46.72341615395451],[-72.43060983878665,46.72325205716751],[-72.43055731249535,46.72316091636073],[-72.43047982202232,46.72312568116041],[-72.43043529792358,46.72302781355722],[-72.43032030548235,46.72279566310603],[-72.43024261648165,46.722675005787885],[-72.43021352723612,46.722620567682405],[-72.43016365905974,46.722527237786124],[-72.43007190962821,46.72239787948581],[-72.42995440549747,46.72216619065838],[-72.42988494057317,46.72203711169483],[-72.42984097522654,46.721944884357775],[-72.4297457106873,46.72179453155526],[-72.42971095576726,46.721712925697496],[-72.42968648116734,46.72165545733402],[-72.4296426029573,46.72155900286863],[-72.42955452044873,46.72138155893965],[-72.4294883029342,46.72128176121476],[-72.42945714217363,46.72121476474774],[-72.42942972559116,46.72109650136056],[-72.42942118440945,46.721034524999965],[-72.42941895568921,46.720967796732964],[-72.42941377690161,46.72093075137166],[-72.42940257311338,46.72089879407675],[-72.42849596907413,46.72153714995682],[-72.42827405555455,46.7211571492838],[-72.428255485581,46.72113232539745],[-72.4282059677476,46.72106612625858],[-72.42806971757349,46.72111433055148],[-72.4270030678866,46.721689596694986],[-72.42653935933357,46.721243495476784],[-72.42713610209198,46.72100564943688],[-72.4267301713814,46.72050832443542],[-72.42729143607595,46.72011882624528],[-72.42692908533475,46.71968775987741],[-72.42680288281713,46.71950994643772],[-72.42672927306612,46.71937510713957],[-72.42614112628665,46.719756999339324],[-72.42551324432723,46.71908463167997],[-72.42648331434131,46.718399605034655],[-72.42648169917044,46.71838760293676],[-72.42641550501209,46.71811676116604],[-72.42626074864485,46.717700851602984],[-72.42603083652597,46.71728611394054],[-72.42567811572461,46.716709429874406],[-72.41621943339955,46.72328528534309],[-72.41477503854242,46.72202322104037],[-72.41333442649096,46.72076438564532],[-72.40993593807438,46.71779440725318],[-72.40999267207445,46.71775532115529],[-72.40955731075854,46.7173748226963],[-72.40949465416578,46.71740873504171],[-72.40796572424716,46.716072422970306],[-72.40612457317344,46.71446311804937],[-72.40606237112823,46.71440672905701],[-72.40577635832155,46.71414744782776],[-72.4054587859023,46.71431317492435],[-72.40577789264405,46.71460245594351],[-72.40580912437153,46.714630768908286],[-72.40768229409692,46.71626806929211],[-72.40918137120202,46.717578293369556],[-72.40911871371095,46.71761220435536],[-72.409595528684,46.7180289337159],[-72.40965226358239,46.71798984655615],[-72.41305184255371,46.720960788452665],[-72.41449279865994,46.722219927794804],[-72.4125020125144,46.72360734288431],[-72.41376356338029,46.724992258494645],[-72.41506622834008,46.72642221979169],[-72.41586213747844,46.72729586042783],[-72.41630956406695,46.72778696891625],[-72.41756972613742,46.729170107316634],[-72.41542247592726,46.73066655045575],[-72.41254208905417,46.73267370968072],[-72.41406187591984,46.73384244969057],[-72.40477299135316,46.74033284896801],[-72.40551642360757,46.74038414246375],[-72.40624385237518,46.7403842323443],[-72.40710645872844,46.74035115321641],[-72.40992120390709,46.74028599405305],[-72.4099321310142,46.74028572872029],[-72.409943057223,46.74028543876266],[-72.4099539834318,46.74028512418018],[-72.40996490514902,46.74028478374163],[-72.40997582596795,46.7402844192938],[-72.40998674678686,46.740284030221154],[-72.4099976640125,46.74028361713924],[-72.41000858123816,46.74028317881689],[-72.41001949487054,46.74028271586967],[-72.41003040490965,46.74028222829759],[-72.41004131405047,46.74028171486943],[-72.41005222139465,46.740281179278846],[-72.41006312514557,46.74028061721659],[-72.41007402620154,46.74028003114507],[-72.41008492456257,46.74027941921745],[-72.41009581933034,46.74027878328056],[-72.41010671140315,46.740278123334484],[-72.41011760167935,46.74027743937912],[-72.41012848656564,46.74027672895208],[-72.41013936785868,46.74027599513135],[-72.41015024825339,46.74027523607021],[-72.41016112235991,46.74027445423101],[-72.41017199287317,46.7402736453045],[-72.41018286158979,46.74027281298432],[-72.41019372401821,46.74027195603927],[-72.41020458195504,46.74027107508499],[-72.41021543719692,46.74027016950582],[-72.41022628794725,46.74026923807057],[-72.41023713330767,46.74026828324169],[-72.41024797417653,46.740267304403524],[-72.4102588105538,46.74026629909362],[-72.41026964243949,46.74026527100568],[-72.41028046803699,46.74026421829291],[-72.41029129004122,46.740263140339614],[-72.41030210665555,46.74026203837702],[-72.41031291698167,46.740260911173955],[-72.41032372461287,46.74025976119289],[-72.41033452326089,46.74025858535567],[-72.41034531741734,46.740257385509146],[-72.41035610618391,46.74025616226903],[-72.41036688956056,46.74025491317276],[-72.4103776648524,46.740253640067216],[-72.41038843565266,46.74025234295237],[-72.41039920016472,46.74025102121265],[-72.41040995749024,46.74024967546367],[-72.41042070942586,46.74024830508978],[-72.41043145327667,46.7402469113222],[-72.4117866041036,46.74006943960006],[-72.41249931667024,46.740035599367616],[-72.41312583049546,46.74003661022244],[-72.41343010605185,46.74004936903087],[-72.41385568022278,46.74008625782262],[-72.41446978112742,46.740187501946444],[-72.41591802257058,46.74017986207189],[-72.4160520988217,46.740139957407465],[-72.41583147348621,46.73961908863171],[-72.4164321176279,46.7394385754731],[-72.41700893395668,46.739244617514814],[-72.41712766069452,46.739317708512935],[-72.4171410896097,46.739311991135175],[-72.41715450055857,46.739306252209666],[-72.41716788994789,46.73930049296765],[-72.4171812622692,46.73929471156228],[-72.41719461392927,46.739288909224754],[-72.41720794672473,46.73928308718639],[-72.41722125885892,46.739277242984606],[-72.41723455392513,46.739271377850635],[-72.41724782653343,46.739265491784515],[-72.41726108297209,46.73925958601754],[-72.41727431785117,46.739253657471465],[-72.41728753117069,46.73924770922448],[-72.4173007265239,46.73924173942967],[-72.41731390211416,46.73923574993397],[-72.41732705704318,46.73922973827475],[-72.41734019131096,46.73922370691463],[-72.4173533067141,46.73921765462231],[-72.417366401456,46.739211581397726],[-72.41737947643497,46.73920548724093],[-72.41739252985435,46.73919937461445],[-72.4174055626125,46.73919323920881],[-72.4174185756077,46.73918708287093],[-72.41743156794165,46.73918090806333],[-72.41744454051266,46.739174711707854],[-72.41745749062581,46.739168495651356],[-72.41747042187433,46.739162257431296],[-72.41748333066495,46.73915600074151],[-72.41749621969265,46.73914972311944],[-72.41750908716078,46.739143425180686],[-72.41752193306934,46.73913710630964],[-72.41753475741834,46.73913076712194],[-72.41754756380104,46.739124408848774],[-72.41756034682753,46.7391180296433],[-72.41757310739614,46.73911163073679],[-72.4175858482018,46.73910521151355],[-72.41759856744793,46.739098772589216],[-72.41761126423614,46.73909231334819],[-72.41762394036313,46.73908583317477],[-72.41763659313389,46.73907933268463],[-72.41764922614173,46.73907281372466],[-72.41766183759002,46.73906627444797],[-72.41767442478377,46.73905971670139],[-72.41768699311291,46.73905313740678],[-72.41769953808587,46.73904653841102],[-72.41771205970261,46.73903992032978],[-72.41772456155641,46.7390332819317],[-72.41773704005404,46.739026623832544],[-72.41774949519544,46.7390199466478],[-72.41776192967559,46.739013249761875],[-72.41777434169788,46.73900653255916],[-72.41778672946566,46.73899979627089],[-72.41779909657215,46.73899304028146],[-72.41781144122079,46.738986265206414],[-72.41782376341155,46.73897947043019],[-72.41783606134778,46.73897265595269],[-72.41784833772446,46.738965823620944],[-72.41786058984663,46.73895897097231],[-72.41787282040922,46.73895209862241],[-72.41788502851392,46.73894520657131],[-72.41789721236412,46.738938296665836],[-72.41790937285813,46.738931366443445],[-72.41792151179256,46.73892441713546],[-72.41793362557416,46.73891744935743],[-72.41794571869453,46.73891046187816],[-72.41795778666206,46.73890345592888],[-72.41796983127338,46.73889642966263],[-72.4179818516302,46.73888938554197],[-72.41799385042745,46.73888232233568],[-72.41800582407187,46.73887524127494],[-72.4180177752584,46.738868140512906],[-72.41802970129213,46.73886102004949],[-72.41804160486794,46.73885388111605],[-72.41805348508757,46.73884672432814],[-72.41806533925607,46.738839547838914],[-72.41807717006836,46.738832354110855],[-72.41808897842277,46.738825140681406],[-72.41810076072603,46.738817908781854],[-72.4181125196731,46.73881065779656],[-72.41812425526398,46.7388033883411],[-72.41853229521885,46.73910419756309],[-72.41854445481454,46.73909661232654],[-72.41855659015572,46.73908900738865],[-72.41856869944576,46.73908138644313],[-72.41858078807452,46.7390737451806],[-72.41859284975385,46.739066087294866],[-72.41860488628033,46.73905840909202],[-72.41861690034894,46.739050714881614],[-72.41862888836641,46.73904300158535],[-72.41864085302768,46.73903527105023],[-72.41865279163781,46.739027521429286],[-72.41866470599344,46.73901975456946],[-72.41867659609453,46.73901196923941],[-72.4186884619411,46.7390041666704],[-72.41870030083824,46.7389963450156],[-72.41871211548086,46.73898850612183],[-72.41872390676727,46.73898064998909],[-72.41873567110423,46.73897277600178],[-72.41874741028836,46.73896488477548],[-72.41875912431966,46.73895697507894],[-72.41877081409646,46.738949047527804],[-72.4187824778221,46.73894110150641],[-72.41879411549662,46.7389331407085],[-72.41880572891661,46.73892516020911],[-72.41881731628546,46.73891716247064],[-72.41882887850149,46.73890914749318],[-72.41884041466636,46.738901115276676],[-72.41885192657674,46.73889306643681],[-72.41886341063932,46.7388849978953],[-72.41887486954909,46.7388769139617],[-72.41896016728026,46.73881660424482],[-72.41951621096639,46.73842345635081],[-72.41970491915981,46.73854960566958],[-72.42023154751199,46.738177249870255],[-72.42120825158442,46.73883015382105],[-72.4222523077436,46.73810112834683],[-72.42267200333929,46.73780806209493],[-72.42413547841305,46.73678605688822],[-72.42462508270079,46.73644412863506],[-72.42573508867655,46.735668937853056],[-72.42505124616652,46.73476871891867],[-72.42539272365379,46.73452721622332],[-72.42578290599911,46.734251267054816],[-72.42592265600956,46.73415242960448],[-72.42688677737982,46.735417876497074],[-72.42707182583678,46.735660753698056],[-72.4271418045974,46.73575259926416],[-72.42736380345693,46.73604397128238],[-72.42811598081063,46.7370311787743],[-72.42995135751372,46.73575075039798],[-72.42996348477004,46.73574228920252],[-72.43045170744887,46.73540167680517],[-72.4305065289357,46.73536343093372],[-72.4306786784835,46.73524332751569],[-72.43204904497469,46.73428724366692],[-72.43171093167817,46.73405884690763],[-72.43178079994601,46.73400995167564],[-72.43157605592644,46.733871645316526],[-72.43149872984512,46.733866013558526],[-72.43164218899938,46.733614824979206],[-72.43162037790427,46.73359999221005],[-72.43225535475779,46.7331714625065],[-72.4318664866477,46.73290701024389],[-72.43196374185362,46.73283916129961],[-72.43217764599413,46.732689935436156],[-72.43205589552704,46.73260492456528],[-72.43224845030652,46.73244543292429],[-72.43222359661755,46.73242079278844],[-72.43236562116229,46.73233235813422],[-72.43236059239332,46.73232502992849],[-72.43253265749948,46.732266326051295],[-72.4324568864019,46.732140514221754],[-72.43242242612928,46.73208329524814],[-72.43238260471105,46.7320293388906],[-72.43229142660802,46.73190579604096],[-72.43219877167468,46.73178025059214],[-72.43210057683098,46.73164460458218],[-72.43206608062573,46.73160324727394],[-72.43199790478388,46.7315271066188],[-72.43187735087275,46.731392469757616],[-72.43184212433721,46.73135661805336],[-72.43175850196404,46.73126403105698],[-72.43171384581294,46.73121586415641],[-72.4316531762936,46.73115466846222],[-72.43148701222054,46.73098873017681],[-72.43136697843397,46.730868862691636],[-72.43133880277509,46.730841247248236],[-72.43117722370326,46.7306828697904],[-72.43101940408087,46.73052870717357],[-72.43092977557171,46.73043357700703],[-72.43103312315189,46.730382153977445],[-72.4311853786094,46.73052682672595],[-72.4313121731168,46.73065795423316],[-72.4313667331939,46.730714762795216],[-72.43142129237268,46.730771569450255],[-72.4315623647032,46.730910897248464],[-72.4316770328526,46.73102414619083],[-72.43183945364588,46.73118070317852],[-72.43259454154109,46.73073400929734],[-72.43394962858761,46.72993234030383]]],[[[-72.43273972546066,46.73138465007728],[-72.43258153483409,46.73121064219387],[-72.43247053540432,46.731096712034194],[-72.43231123356172,46.73116792133689],[-72.43225125754176,46.73111721571244],[-72.43197134429586,46.73131249099899],[-72.43198246274414,46.731323601732555],[-72.43212460137492,46.731476692568485],[-72.43222149276315,46.73159857765016],[-72.43273972546066,46.73138465007728]]],[[[-72.43137319477573,46.73534701389123],[-72.4310570982885,46.73512774661689],[-72.43078661106489,46.735316459031345],[-72.43110641130605,46.73553314031683],[-72.43137319477573,46.73534701389123]]]]}},{"type":"Feature","properties":{"zone_code":"19-Af","prefix":"","kind":"unknown","n_lots":17,"source":"t2-gcp-claude48-vision-multisheet","confidence":"contour-autogcp-multisheet"},"geometry":{"type":"MultiPolygon","coordinates":[[[[-72.36560227318935,46.728560573512475],[-72.36558942278923,46.72853624810001],[-72.36545056480585,46.7285105938758],[-72.36533704739836,46.728471894846784],[-72.36530296262153,46.72845370232811],[-72.3652791976907,46.72841268739691],[-72.36527863804027,46.72837300062295],[-72.36529100155352,46.72834482294648],[-72.3653164310626,46.72832346477393],[-72.36547520739073,46.7282764460997],[-72.36550785306649,46.72823987742821],[-72.36551951948708,46.72818518139315],[-72.36549670407548,46.728149717948696],[-72.36543444992797,46.72812583631403],[-72.36532467580027,46.72811488132485],[-72.36526947163111,46.728091728119416],[-72.36525461169968,46.728066701144],[-72.36525895146082,46.728037613828384],[-72.3652693476636,46.7280078627062],[-72.36526898025265,46.72794686842095],[-72.36522189954862,46.727918211458665],[-72.3651937463476,46.727911137578864],[-72.3651422010166,46.72792335122779],[-72.36512009437578,46.72791630752103],[-72.36509231397561,46.72787388762585],[-72.36506829482154,46.7278571308652],[-72.36504213588046,46.7278521456463],[-72.36492908829186,46.72786473861869],[-72.36481108020624,46.72786968258029],[-72.36478996800042,46.72786402987535],[-72.36478917299142,46.727843927053854],[-72.36480350651009,46.72782320722976],[-72.36481123471647,46.727759480589626],[-72.364827599326,46.72773738449937],[-72.36487336579478,46.72769949772538],[-72.36483476518701,46.72766131412588],[-72.36478306085421,46.72759312730018],[-72.36474812088125,46.72756037345517],[-72.36472097469166,46.72755330445457],[-72.36466557379146,46.727548862929595],[-72.36462476063316,46.72749944516679],[-72.36453367415831,46.72743729574171],[-72.36441165868821,46.7273444920401],[-72.36423571824992,46.72720289515095],[-72.36411114527621,46.72716136509974],[-72.36406901698433,46.72714105019103],[-72.3640378831732,46.72710632744926],[-72.36392357345161,46.726978835453494],[-72.36391696993599,46.7268408866859],[-72.36393942332649,46.72671972177891],[-72.36393499283551,46.72666217685047],[-72.36386229128127,46.72648300397302],[-72.36379813719692,46.726448716163624],[-72.36380461135518,46.726408554410085],[-72.3637254374393,46.72617460071749],[-72.36369086757222,46.72610296916868],[-72.36356101430127,46.7259893330333],[-72.36346955861882,46.72586757752226],[-72.36339373002906,46.725603135630706],[-72.36328739555056,46.72536050933049],[-72.36318567302274,46.72516475619167],[-72.36308907628192,46.725052678504895],[-72.36283958627975,46.72481367985775],[-72.3627980939951,46.724733768318764],[-72.36266297300331,46.724547336748756],[-72.36252388505123,46.72444959303762],[-72.36229021797446,46.72433403211278],[-72.36202300421175,46.72424462723915],[-72.36185426377047,46.724111378084345],[-72.3614943663283,46.723995159368656],[-72.36145238895338,46.72396098328654],[-72.36126069475996,46.723691787227345],[-72.36115471781095,46.7236087647935],[-72.36110236309787,46.7236022550479],[-72.36098368037747,46.72357599251807],[-72.36089561314027,46.72351524077827],[-72.36066881817545,46.72342470452943],[-72.36031600484762,46.72323436970488],[-72.36023612665254,46.7231625747553],[-72.36019903701111,46.72314297761486],[-72.36003201684358,46.723112304377864],[-72.35999063415339,46.7231169371715],[-72.35989522318874,46.72317672437523],[-72.35982680031019,46.723258135884386],[-72.35965656507227,46.72343187260123],[-72.35961156576475,46.72349123331333],[-72.35949686976758,46.72356270206088],[-72.35943737524462,46.72356377603735],[-72.35928295215236,46.72354515264208],[-72.35912813290301,46.72353859177643],[-72.35900339284267,46.72351298998265],[-72.35832777261241,46.723244757903025],[-72.35824750185358,46.723216091052954],[-72.35815076048401,46.723166385429295],[-72.35809881630101,46.723122458588996],[-72.35799165986403,46.72296460962461],[-72.35792004886453,46.72287554734073],[-72.35787202762438,46.722842035635416],[-72.35755263791332,46.72264219476426],[-72.35751077013289,46.722599017569756],[-72.35747522200046,46.72253092965097],[-72.35750029667497,46.722449999851115],[-72.35751023743192,46.72240532912625],[-72.3575034371852,46.722346781341365],[-72.35752180952939,46.72223325368496],[-72.35756926483091,46.722040900278444],[-72.357583793284,46.7219100381843],[-72.35755856859083,46.7218198422601],[-72.35752477486815,46.721776018399105],[-72.35741116583249,46.72165694888384],[-72.35727351787982,46.72152389594752],[-72.3572207957558,46.72145988042844],[-72.35716728940253,46.72137507786969],[-72.35705394716649,46.72123176190136],[-72.35702532324828,46.721176187963344],[-72.35701675062553,46.7211304193728],[-72.35703313320137,46.721014813771745],[-72.3570928505065,46.72089944071147],[-72.35709935969906,46.72085721729491],[-72.35704369918574,46.72069273521153],[-72.35701722134274,46.72053256724949],[-72.3570208334685,46.72047855130108],[-72.35703535922664,46.720440527637464],[-72.35709760708595,46.72037020023239],[-72.35715734864559,46.7203448869999],[-72.35736638032401,46.720307905259254],[-72.35755607486759,46.72028744242908],[-72.35771118247612,46.7202965828678],[-72.35779557829875,46.72032058621165],[-72.35791654633323,46.72034540061792],[-72.3579655620084,46.72033847478052],[-72.35804688379613,46.72027643288496],[-72.35812539116206,46.72012936654276],[-72.35817620885767,46.71997372712436],[-72.3581746529756,46.71991750401233],[-72.35819683597323,46.7198684309113],[-72.3581854902512,46.7198052312836],[-72.35811089953991,46.71968161116653],[-72.35803579229731,46.719630379271955],[-72.35786843975313,46.719535332733145],[-72.35779424969044,46.71951315937116],[-72.35765718294778,46.719455244014334],[-72.35754740612511,46.71942165997652],[-72.35734120683479,46.71937796226646],[-72.35725735269628,46.719344017286325],[-72.35709400035007,46.71926178508631],[-72.35698027453341,46.71918771293484],[-72.35665808477361,46.71892460736765],[-72.35659975716223,46.718866991305745],[-72.35656892249008,46.718825484398664],[-72.35654324774096,46.718816254410115],[-72.35650519510551,46.71878425090448],[-72.35639126896456,46.7186793379035],[-72.35636321457822,46.71864609026269],[-72.35632497239827,46.71859084376711],[-72.35631076194879,46.71855359415277],[-72.35629284684708,46.71847455218794],[-72.35619353360084,46.7183437762879],[-72.35609456890093,46.71823836418922],[-72.3560130872131,46.71819005693946],[-72.35589055161846,46.718110399799436],[-72.35576452157736,46.71801150875151],[-72.35572586257909,46.717964422581],[-72.35567219003751,46.717919891641436],[-72.35564232105429,46.717879769113374],[-72.35560081170165,46.71778809881407],[-72.35552012053125,46.717630832262145],[-72.35545622426342,46.717557387917694],[-72.3554443871629,46.71748743121062],[-72.35543098429888,46.7174660225481],[-72.3554336415155,46.717440016317596],[-72.35549923829416,46.71736819641259],[-72.35557960068117,46.71730341288301],[-72.35564989924204,46.717242614047485],[-72.35570434882636,46.717178193739365],[-72.35578738729458,46.71700859720103],[-72.35598582514085,46.71672873310852],[-72.35604771996225,46.71664589827658],[-72.35609325915725,46.71661836855121],[-72.35616184732582,46.716546580810764],[-72.35624334967493,46.716476324085086],[-72.35637935550726,46.71637864643348],[-72.35644705164874,46.71630273372502],[-72.35661624484094,46.716193130160185],[-72.35666800486929,46.71615608152063],[-72.35671999306973,46.7161101257502],[-72.35675111250781,46.716037279836605],[-72.3567671582154,46.71597981774583],[-72.35678244933818,46.71584911586649],[-72.35680679008911,46.71579322535442],[-72.35684619558737,46.715654603134006],[-72.35688771302486,46.715589331599546],[-72.35691233405015,46.71548341770102],[-72.35695935816032,46.71539765479099],[-72.35695468871748,46.715302537973756],[-72.35694123464947,46.71528318372514],[-72.3569358699106,46.715259133794966],[-72.35694364662602,46.71522770774842],[-72.35692924842866,46.715206287103065],[-72.35683574728229,46.71512221318971],[-72.35681462250007,46.71509111534287],[-72.3568067936824,46.715046476095715],[-72.35684623151998,46.71494554508013],[-72.3568773527547,46.71493633660068],[-72.35690614914942,46.71494011952378],[-72.35691864112178,46.714958091176634],[-72.35691881629324,46.71502935997077],[-72.35693087258267,46.71506445695175],[-72.35697132461823,46.71511909422881],[-72.35700995756534,46.71512779640033],[-72.35711548086516,46.71474055364523],[-72.35711387288077,46.714686397013345],[-72.35715304841034,46.714634800066214],[-72.35715820294344,46.714588950169365],[-72.35711754160042,46.71454253420754],[-72.35707129004138,46.71452003420642],[-72.35704906392462,46.7144930318522],[-72.35702924888608,46.71441055389959],[-72.35703480586442,46.714388008265615],[-72.35705383397877,46.714384132300296],[-72.35710618509859,46.71440191135635],[-72.35711305092231,46.71444516902061],[-72.35717267210771,46.71449044931755],[-72.35719549201087,46.714494157130204],[-72.35720179189596,46.71448533105745],[-72.35720225542664,46.71446340321852],[-72.35717883904213,46.71444392610155],[-72.35705226192702,46.71401611388676],[-72.3569826128481,46.71389532791652],[-72.35689024717227,46.713766721905344],[-72.35686679844841,46.71374861496835],[-72.35683020916858,46.713735179195886],[-72.34308325893466,46.72345085382324],[-72.3446478124442,46.724150391223496],[-72.34504506992072,46.72432800647626],[-72.34700610206741,46.72520475322279],[-72.34838978338774,46.72582333636715],[-72.34840220079992,46.72582890122848],[-72.34841459665252,46.72583448764176],[-72.34842697543714,46.72584009375959],[-72.3484393326622,46.72584572081359],[-72.34845167192093,46.725851367572176],[-72.34846398872179,46.725857035882626],[-72.34847628665803,46.72586272266611],[-72.34848856572965,46.72586843161727],[-72.34850082414002,46.72587415965716],[-72.34851306368576,46.72587990863319],[-72.34852528167195,46.725885677929554],[-72.34853747989519,46.725891466930406],[-72.3485496592538,46.725897276251544],[-72.34856181615456,46.72590310527724],[-72.34857395239405,46.72590895523896],[-72.34858606976891,46.725914824289426],[-72.3485981655842,46.72592071427596],[-72.34861024073825,46.72592662335113],[-72.34862229612938,46.72593255336239],[-72.3486343299609,46.725938502462334],[-72.34864634313121,46.725944471266764],[-72.34865833653858,46.72595046039141],[-72.34867030748804,46.72595646983631],[-72.34868225777626,46.725962498985666],[-72.34869418830155,46.725968546607845],[-72.34870609547063,46.725974614550296],[-72.34871798287679,46.72598070158134],[-72.34872984872338,46.725986810164166],[-72.3487416921121,46.72599293721982],[-72.34875351483956,46.72599908274835],[-72.34876531510913,46.72600524982858],[-72.34877709651407,46.726011435381665],[-72.34878885456283,46.72601764002336],[-72.34880058925539,46.7260238643694],[-72.34881230508331,46.72603010841986],[-72.34882399665673,46.72603637155886],[-72.3488356666706,46.726042654402235],[-72.34884731512487,46.726048955102584],[-72.34885894201962,46.72605527612309],[-72.34887054735476,46.7260616162321],[-72.34888212933373,46.72606797542971],[-72.34889368885479,46.72607435433165],[-72.3489052268163,46.726080751706284],[-72.34891674231994,46.726087168785284],[-72.34892823446738,46.72609360372118],[-72.3489397041569,46.72610005897722],[-72.34895122774537,46.7261065745792],[-72.34896272618101,46.72611310988542],[-72.34897420305708,46.726119663048586],[-72.34898565567863,46.72612623591601],[-72.34899708584233,46.72613282910351],[-72.3490084926498,46.726139438916285],[-72.34901987520276,46.72614606966486],[-72.34903123529784,46.726152718270335],[-72.34904257203674,46.72615938596425],[-72.34905388541941,46.7261660727466],[-72.34906517454759,46.72617277800159],[-72.34907644031956,46.72617950234499],[-72.34908768363366,46.726186245161024],[-72.34909890089662,46.72619300644972],[-72.34911009570169,46.72619978744255],[-72.34912126715057,46.72620658629219],[-72.34913241434492,46.72621340299868],[-72.34914353548814,46.72622023940934],[-72.34915463417349,46.72622709429253],[-72.3491657086043,46.7262339664168],[-72.34917675967893,46.72624085824518],[-72.34918778560072,46.72624776731457],[-72.34919878636968,46.7262546954723],[-72.34920976468078,46.726261642718335],[-72.34922071783903,46.72626860535802],[-72.34923164494614,46.72627558954916],[-72.34924254869708,46.726282589749744],[-72.3492534290918,46.72628960965438],[-72.34926428253705,46.726296645568404],[-72.34927511262612,46.726303700570725],[-72.34928591666404,46.72631077342974],[-72.34929669644745,46.72631786537704],[-72.34930745107803,46.72632497333374],[-72.3493181814541,46.726332100378656],[-72.34932888577903,46.726339245896085],[-72.34933956495112,46.72634640865439],[-72.34935021897039,46.72635358742204],[-72.34936084783683,46.726360785893704],[-72.34937145065213,46.72636800160627],[-72.34938202921292,46.72637523455968],[-72.34939258172257,46.72638248598557],[-72.3494031099777,46.72638975403649],[-72.34941361128337,46.7263970387125],[-72.35101663065338,46.727511846717924],[-72.35162954668014,46.727081139300175],[-72.35232143450186,46.72755309940428],[-72.3517111460473,46.72798556844241],[-72.35257814965385,46.72857449327146],[-72.35264163449332,46.72861909915984],[-72.35305901423219,46.72832451833558],[-72.35347735067685,46.72861844276556],[-72.35305997003965,46.7289130250634],[-72.3529506288999,46.728986601730284],[-72.35284281040457,46.728910847767374],[-72.35248997821209,46.7291482704186],[-72.35272963974674,46.72931201676699],[-72.35241565430043,46.72952859656607],[-72.35165440216574,46.7290090969306],[-72.3297616618861,46.744853673486446],[-72.32988752663718,46.74483766068453],[-72.33016408737043,46.74493741606006],[-72.33024822627489,46.74499146661119],[-72.33031377454455,46.745073199761386],[-72.33033707953797,46.74514006933669],[-72.33035996950971,46.745165236740604],[-72.33040120307957,46.745180092797845],[-72.33047940681494,46.74522507091121],[-72.33052086765858,46.7452239438119],[-72.3306303956479,46.745198922324356],[-72.3306926668634,46.745156225475576],[-72.33078837067882,46.74503729067104],[-72.33103947495356,46.74479493892683],[-72.33126753115305,46.74446696296013],[-72.33129706865792,46.744451166109755],[-72.33149594128876,46.74439752868284],[-72.33153571329966,46.74437276165965],[-72.33159427986291,46.74430572308045],[-72.3316053048864,46.744241161496205],[-72.33163332513674,46.7441899129136],[-72.33176543497568,46.74406844102665],[-72.33183475796616,46.74402649244159],[-72.33188746571714,46.74401570935079],[-72.33205360373906,46.74403887849652],[-72.33217073057736,46.744046571995085],[-72.33230621448853,46.74404256888904],[-72.33261339968814,46.74404591086395],[-72.33265773514067,46.74405522702582],[-72.33273911531889,46.74408909797655],[-72.33277661189716,46.74415326700467],[-72.33287134463377,46.74417193499312],[-72.33294011066876,46.744168897121],[-72.33307382310217,46.7441468145249],[-72.33317383344108,46.74414953352932],[-72.3332230350675,46.74417208273155],[-72.33322005176244,46.74424016303176],[-72.33320019360478,46.744286594687786],[-72.33319539570283,46.744340070944375],[-72.3332368062408,46.74441329784812],[-72.33334540986371,46.744451510831006],[-72.33342623578139,46.74445567395588],[-72.33348295181517,46.74444404269024],[-72.33358469141099,46.744395349549706],[-72.33364777650013,46.74438652098158],[-72.33366771370954,46.74438786354947],[-72.33371743815547,46.74439121227431],[-72.33381505358584,46.74441962410328],[-72.3338752263368,46.744451967586734],[-72.33388998026703,46.744480549897496],[-72.3339233922057,46.74447589739371],[-72.33393698730923,46.744443324315604],[-72.33401464037733,46.744454238438095],[-72.33413099196957,46.744515425196106],[-72.33410948989493,46.74453544054794],[-72.33402384361743,46.744518222975266],[-72.33399247265108,46.74452149966996],[-72.33397807086044,46.74453947501162],[-72.33401647833041,46.744609904485834],[-72.3341042464286,46.74462024178384],[-72.3343347774867,46.744742725040766],[-72.3344229327588,46.74479266316526],[-72.33453395554477,46.74480246549814],[-72.33467278927361,46.74477911200964],[-72.33476276453246,46.74477765187765],[-72.33497420369582,46.744764527923905],[-72.3350382365076,46.7446774369904],[-72.33503835328858,46.744605881107724],[-72.3350160723746,46.74454459042058],[-72.33494047914344,46.74440303930395],[-72.33484230406266,46.74428356113114],[-72.33478803773467,46.74419981877294],[-72.33477438873224,46.74410385337561],[-72.33479861629544,46.744041499629354],[-72.33482717463664,46.74402502490229],[-72.33486270749772,46.74401485184969],[-72.33496571641304,46.74401973585085],[-72.33511596144093,46.744042733248456],[-72.33520182960231,46.7440436061386],[-72.33536022414647,46.743996772915835],[-72.33560172632914,46.743999145356916],[-72.3357107395838,46.74400754431446],[-72.33578260480654,46.74400040175337],[-72.33589423844688,46.74397061019044],[-72.33592818398486,46.743932638173895],[-72.3359199518236,46.7438777007412],[-72.33588339308646,46.74382465247021],[-72.33583921483911,46.74380628353392],[-72.33580639219527,46.74377271096252],[-72.33580069328309,46.743685143197034],[-72.33576556017235,46.74360570529952],[-72.33577264698161,46.74354045650069],[-72.3357830907951,46.74351899415627],[-72.3358136766339,46.74350183966414],[-72.33584414389509,46.74349232641956],[-72.33588459593064,46.74349052398762],[-72.33592992402156,46.74349986979352],[-72.33596705049395,46.74351680021352],[-72.33600088284416,46.74355037910014],[-72.33603540959213,46.74360410847627],[-72.33606535223716,46.74362793524164],[-72.33613761541356,46.74365969685875],[-72.33620842421752,46.74365532622102],[-72.33624103036739,46.74363818593069],[-72.33629764129827,46.74357258690405],[-72.33638041386519,46.74344951310471],[-72.33639425780203,46.74340445717729],[-72.33645609153798,46.74332778161865],[-72.33650195232987,46.74330309289907],[-72.3365334283991,46.74329358639089],[-72.33658805674816,46.74328979806875],[-72.3366142722831,46.74329345342411],[-72.33669235564423,46.74334053780151],[-72.3367406490739,46.743354071466776],[-72.33681235709145,46.74335665385101],[-72.33684892750667,46.74334440553073],[-72.33687161356086,46.74331538739778],[-72.33687512148204,46.7432848469025],[-72.33685590382316,46.74322150234387],[-72.33685272199043,46.74316660296853],[-72.33687330868179,46.743142434963154],[-72.33695810694967,46.743083286094254],[-72.33700627910679,46.74297525929144],[-72.33704454464294,46.742919260835066],[-72.33708944693241,46.742891093836384],[-72.33716047672192,46.74287213976981],[-72.33725441894109,46.74287418168762],[-72.3373793566308,46.74289727991531],[-72.33745166921454,46.74292556571986],[-72.33750472012196,46.742957888553995],[-72.33762961559087,46.74317825728657],[-72.33764854219557,46.74319575414859],[-72.33776010127578,46.74323473501668],[-72.33782881071691,46.743235212712676],[-72.33792816708228,46.743214371374826],[-72.33800599981345,46.74321282994286],[-72.33832207024952,46.743226835795916],[-72.33838480230075,46.74322171533722],[-72.33852570035812,46.74318917843663],[-72.33860773720482,46.74317446587839],[-72.33861797799906,46.74317263019404],[-72.33887793517091,46.74315568304507],[-72.339305341905,46.74302668077837],[-72.33946002910197,46.74302081051199],[-72.33963644834232,46.74304634518115],[-72.33975080118304,46.74303463666272],[-72.33984211942325,46.74300957476121],[-72.34008827308246,46.7429015588914],[-72.34021828086364,46.74279135067966],[-72.34035006820739,46.74276171111567],[-72.34053577512945,46.74277272284227],[-72.34078612751428,46.742849460749525],[-72.34089637595247,46.742905781232686],[-72.3410291065273,46.74301086750057],[-72.34112843863814,46.74305461316657],[-72.34137163055186,46.74307157635265],[-72.34160645735365,46.743041259178334],[-72.34232104919587,46.742750400824136],[-72.34255187759632,46.7426499297747],[-72.34258459962886,46.74262377255164],[-72.34270225377826,46.742460720383555],[-72.34279623372665,46.74239193728656],[-72.34298376063548,46.74234810674596],[-72.34300378318483,46.74233625217919],[-72.34311460115492,46.742253989773616],[-72.34320553940775,46.74217814610071],[-72.34329642196506,46.7421135099433],[-72.34333213808245,46.74209776596056],[-72.34375852792364,46.741787995469984],[-72.34369242988501,46.7417809800449],[-72.3436684430703,46.74176484628744],[-72.34366076966116,46.74173841284406],[-72.34365984798966,46.74166690230879],[-72.34366871256488,46.74161559218085],[-72.34368415550293,46.741596262146025],[-72.34385381761571,46.74146346092577],[-72.34390102857546,46.74141380720641],[-72.34394019152859,46.74136201850944],[-72.34395875701057,46.74127052046767],[-72.34394344432823,46.741215576628456],[-72.3439157070472,46.74118067764875],[-72.34385858587322,46.74115251528223],[-72.34383627261988,46.7410914638357],[-72.34388045895207,46.74097705159381],[-72.34392353137332,46.740933620667604],[-72.3439499499275,46.74092269906065],[-72.34403075877721,46.74092048469701],[-72.34406197074175,46.740926254847],[-72.34411814509143,46.74095024654913],[-72.34419205667636,46.74100282116399],[-72.3442497518738,46.741059447073184],[-72.34433751188718,46.741196799884406],[-72.34437440928916,46.74122690509467],[-72.3443954828674,46.741235380204245],[-72.34443382565867,46.741237035580674],[-72.34445106253234,46.74123229661148],[-72.3444798185029,46.74120056680724],[-72.34454803117569,46.74109761687808],[-72.34458791278105,46.74106457635583],[-72.34461946430876,46.741048136424546],[-72.34469053542078,46.741022254834505],[-72.34474616628971,46.741015700403885],[-72.34482476708044,46.74101334999364],[-72.34489868225864,46.741011901456275],[-72.3449844075879,46.741018051429705],[-72.34511641232396,46.741034934611314],[-72.34524936208767,46.741055987331144],[-72.34533186875326,46.74107460837436],[-72.34538408782073,46.741093016409344],[-72.34551913335402,46.741175166698255],[-72.34566760959912,46.74123727751553],[-72.34576776187184,46.741290028530514],[-72.34595229828909,46.74143636740268],[-72.34614190659441,46.74151402323568],[-72.34622667162462,46.74151599933495],[-72.34629044212832,46.74150464261153],[-72.34637261192567,46.74147814624858],[-72.34649019331152,46.741446340869246],[-72.34677458106586,46.74133171761085],[-72.34679616668383,46.74130618890128],[-72.34680672278674,46.741275726065844],[-72.34680543639924,46.74109458314203],[-72.3468493559318,46.740994259832014],[-72.34704275602596,46.7409546549586],[-72.34715538679627,46.74098250161885],[-72.34721547061405,46.741014147828025],[-72.34733478754504,46.74113364617447],[-72.34739181170096,46.74116735274571],[-72.34745056152053,46.741220502744746],[-72.34749167920772,46.74123813813891],[-72.34753410035037,46.74123634917504],[-72.34757199128907,46.741200524945675],[-72.34759020193651,46.74119787474101],[-72.34766070351664,46.74120807849012],[-72.34771632899566,46.741200830904255],[-72.34776371243194,46.74120462799174],[-72.34777667601982,46.74128174980912],[-72.34779055409264,46.74129850178331],[-72.34782466941218,46.741311923920236],[-72.34788800063973,46.74132901754821],[-72.34799909888416,46.7413859570753],[-72.34803922572958,46.74140219498396],[-72.34807404353167,46.74143574440724],[-72.34816232187298,46.741538364956604],[-72.34825584368056,46.74162783720029],[-72.3482949410567,46.74164545522424],[-72.34833117819691,46.74165195171135],[-72.34835648194185,46.74164726879877],[-72.34836881221743,46.74163278051591],[-72.34838308824393,46.741623164135305],[-72.3484477094522,46.7416215290857],[-72.34849266653892,46.74159866547301],[-72.34856446618464,46.74150922334573],[-72.34860839649699,46.741474135564495],[-72.3486936088882,46.74144557936211],[-72.34885553381143,46.74134954750106],[-72.34888596693662,46.741339348703605],[-72.34893345996737,46.7413355140735],[-72.34896070856489,46.741336382082565],[-72.34907910472272,46.74132099061711],[-72.34926062010565,46.74126354683672],[-72.34931651777418,46.74123465439949],[-72.3493571126419,46.74121888184204],[-72.34941482850057,46.74120805386568],[-72.34953207840809,46.74120446300805],[-72.34957633121562,46.74122273679562],[-72.34961136461337,46.74125207617227],[-72.34991136598566,46.741350081849795],[-72.35012216914181,46.74138306125183],[-72.35034399193154,46.74142442829706],[-72.35050085664479,46.74149186506364],[-72.3505325959204,46.74154480051156],[-72.3505262538145,46.74156977013738],[-72.35047422069829,46.741614655843996],[-72.35044241045577,46.74165825058827],[-72.35045149511822,46.74174927149415],[-72.35046439672234,46.74177016818713],[-72.35051492965201,46.74176902685674],[-72.35053827506961,46.74175941911886],[-72.35056454450347,46.7417595471646],[-72.35063610609565,46.741775175512515],[-72.35085747074459,46.74176722990761],[-72.35091603730784,46.74177029438605],[-72.35102670885254,46.74181250389588],[-72.35106084124007,46.74183211518403],[-72.35109076322388,46.7418669854243],[-72.3511343943972,46.74194081159038],[-72.35117251710125,46.74196530455677],[-72.35125419641845,46.74197959329523],[-72.35135139592882,46.74196131668617],[-72.35139614280976,46.74193514497019],[-72.35152385719202,46.74180798844146],[-72.35154181361624,46.741737936366036],[-72.35151328132618,46.74166904584714],[-72.351511648189,46.74163431460574],[-72.35149500779667,46.74158631640949],[-72.35145531663416,46.741521538568506],[-72.35143059230258,46.7413832225413],[-72.3514309336624,46.7413642857973],[-72.3514332369428,46.74123670869151],[-72.35144348402522,46.7411332878885],[-72.35148354349701,46.741074458164945],[-72.3514901550975,46.741025185767334],[-72.35143550159563,46.74085270062467],[-72.35138900299988,46.74076428041329],[-72.35137441615629,46.740713515478056],[-72.35137378553897,46.740679486655516],[-72.35137707067797,46.74065658632196],[-72.35141199358294,46.740605370653206],[-72.35148609740737,46.74057379253771],[-72.35156398673239,46.740565147413555],[-72.35169308631683,46.74058453137682],[-72.35172316999737,46.74060481659737],[-72.3517440136069,46.74063825078079],[-72.35177225753775,46.740732829823365],[-72.35184948839766,46.740783206286956],[-72.35192001153737,46.74080091261993],[-72.3520168849593,46.740811109056736],[-72.35210493692513,46.74079695790645],[-72.35219849466534,46.74063860722316],[-72.35219831859554,46.74056361575572],[-72.35212266966884,46.74049335090617],[-72.35209576422777,46.740460588889206],[-72.35204617542745,46.740378423967805],[-72.35203213565786,46.74036932879392],[-72.35198668629438,46.74036910532372],[-72.35192155394472,46.74032227014015],[-72.35191970341523,46.740306987965724],[-72.35196322679074,46.74029887038613],[-72.35209441855146,46.74030923436683],[-72.35215327616889,46.740284530721254],[-72.35221602618643,46.740273037070516],[-72.35224239443495,46.7402634469191],[-72.35225573980682,46.74024407453724],[-72.35227477510769,46.7401671082193],[-72.35229143616127,46.74012206740179],[-72.35231710911378,46.74008401202784],[-72.35234569350612,46.74005638468127],[-72.35241694248455,46.74000675367545],[-72.35249691859599,46.73998979198755],[-72.35252517959483,46.7399913193523],[-72.35259356025257,46.74001803560818],[-72.3526773568989,46.74002053011797],[-72.35272487687911,46.74001590308544],[-72.35275179669324,46.74000743024672],[-72.35278568653564,46.73999676455195],[-72.35286161843166,46.73997978377653],[-72.35293991289689,46.73993157848847],[-72.35296757741436,46.73989561857013],[-72.35302056993129,46.73976121807068],[-72.3530883091919,46.73966298418498],[-72.35312807581293,46.739628473893305],[-72.3531686823587,46.73960923795291],[-72.35325545512359,46.73961591137088],[-72.3532815700472,46.73962853422494],[-72.35331945020611,46.73967314574623],[-72.35338601626698,46.73977203771883],[-72.35341409670446,46.73978952891442],[-72.35346445536095,46.73980157734798],[-72.35357558504643,46.739797264266414],[-72.35373988870853,46.73973282410237],[-72.35377466608644,46.73969273626558],[-72.3538062131226,46.739670679539294],[-72.35390425884594,46.73966213708028],[-72.3539600262588,46.739641588016056],[-72.35407123499601,46.739629640509825],[-72.35412067467601,46.739633353982455],[-72.35420146196614,46.73963305663379],[-72.35427308464374,46.73963965555773],[-72.35438016292728,46.739636016576625],[-72.35454938486556,46.73958270741449],[-72.35464244673574,46.73947627300563],[-72.35475255413843,46.73928871530048],[-72.35477234941402,46.73923328555393],[-72.3547758977594,46.73918610586006],[-72.35475024995972,46.73913114758401],[-72.35470394899336,46.739117731060496],[-72.35468756462087,46.73913654546671],[-72.35455663157497,46.73919767423416],[-72.35443128245684,46.73921024547291],[-72.35439707371252,46.739198972605635],[-72.35415328172418,46.73914710421126],[-72.35411307672533,46.73913024691082],[-72.35407808015849,46.73909884154034],[-72.35401753640329,46.73900345253276],[-72.35391622171059,46.73894256672156],[-72.35386549204988,46.73887290862485],[-72.35385410410703,46.73880691471663],[-72.35390413128518,46.73875718775232],[-72.35390345215883,46.73872733788452],[-72.35388158267324,46.7386959969215],[-72.35388396231043,46.73866338710664],[-72.3539124954988,46.73863992876254],[-72.35395706002173,46.73862765597633],[-72.35397518083765,46.738632604492125],[-72.35399485394237,46.73867989856364],[-72.35401797028958,46.73868972971174],[-72.35401988190449,46.738699455583685],[-72.35399553396702,46.7387097472264],[-72.35397911905184,46.7387332640259],[-72.35398510811984,46.738739540465154],[-72.35407811519279,46.73872958866091],[-72.35411747757189,46.73873117085323],[-72.35410009966273,46.738750519153164],[-72.35403616566565,46.73877935443591],[-72.35397988172153,46.73884709740462],[-72.35402676299957,46.73889938472081],[-72.35407634730831,46.73888991252745],[-72.35414030376329,46.7388589939863],[-72.35424810069905,46.73877235893545],[-72.35429025234714,46.73872161182519],[-72.35430907654391,46.73866270928725],[-72.35440814185512,46.738561168639535],[-72.35447032144246,46.738508033872534],[-72.354619622341,46.738428954038426],[-72.35468172467321,46.73838275866956],[-72.35469384025146,46.73829120385775],[-72.35467760050776,46.738207142522064],[-72.35445854003751,46.737927748547726],[-72.35438699820828,46.73782259388536],[-72.35438633974317,46.73779066383533],[-72.35442178636598,46.737689511252434],[-72.35441927647308,46.737642304350366],[-72.35439856311926,46.73759778411227],[-72.35442664984492,46.737431357121224],[-72.35443835129982,46.73740845663938],[-72.35446278188229,46.73739053248205],[-72.35447915906822,46.73737048677317],[-72.3545339580972,46.737345773161984],[-72.35459677009848,46.73732665153474],[-72.35462816262441,46.73731847871313],[-72.35465037526644,46.737318588915386],[-72.35468057303301,46.73732706833321],[-72.35484314294662,46.73741809901353],[-72.35489142290157,46.73743499686679],[-72.35495861149494,46.737476972128405],[-72.35512124159565,46.73747083837376],[-72.35516076207827,46.73745784685374],[-72.35519456298745,46.73741428996198],[-72.35519589249407,46.73738514673768],[-72.35519203692488,46.73736847112011],[-72.35515386301687,46.7373509305024],[-72.35506439261121,46.73731509076267],[-72.35506156291807,46.73729703297707],[-72.35512147605593,46.737266097515494],[-72.35512713454392,46.73721060350842],[-72.35518125803979,46.73714649886439],[-72.3552658416103,46.73708428544504],[-72.3555378667497,46.73695377259892],[-72.35564453809641,46.73689392247604],[-72.35571584995694,46.73683598021917],[-72.35576698385954,46.73677654984659],[-72.35579481995525,46.736723944021584],[-72.3558347195269,46.73667625605751],[-72.35591193511549,46.73663222385819],[-72.355966573346,46.73662139188238],[-72.35601095551091,46.73662508216697],[-72.35614166038476,46.73667500503127],[-72.35623686833016,46.736739325101794],[-72.35629186948006,46.73678748399098],[-72.3563300281167,46.73680641126056],[-72.35643003486233,46.73680135545216],[-72.35648379094724,46.736778720668454],[-72.35651574042863,46.73671919603644],[-72.3564861041091,46.736687530683504],[-72.356484434141,46.73665559872999],[-72.35651921331552,46.73661413198241],[-72.35650452675894,46.73657242016883],[-72.35652174117473,46.73656764815949],[-72.35655902664891,46.73657407815111],[-72.35661588012492,46.73663751363437],[-72.35681366399767,46.73664612922073],[-72.35694765850208,46.73667177588136],[-72.35704455617851,46.73667364564847],[-72.35709576284465,46.73669957611627],[-72.35717357760953,46.73669232730876],[-72.35721786724797,46.73670434565132],[-72.35745378550281,46.736826265708636],[-72.3575765223201,46.73686573632232],[-72.35774132454718,46.73693594925863],[-72.3577988427765,46.736938315853806],[-72.35799226712517,46.736883060385495],[-72.35803404866735,46.736852792678064],[-72.35806552922817,46.73682998676226],[-72.35809214541172,46.736796114944944],[-72.35810001195865,46.736629602365085],[-72.3581020241849,46.73653731624593],[-72.35808050324563,46.736474059187586],[-72.35810204035457,46.73644293793869],[-72.35814018910973,46.736369568456624],[-72.35825575647273,46.73632503423872],[-72.35852435453931,46.736318037188475],[-72.35879929650842,46.73626499071416],[-72.35895296321925,46.73624146668152],[-72.35903197813332,46.73621479903912],[-72.3590965005269,46.736221362057016],[-72.35923703835985,46.736198467833674],[-72.35940663309897,46.7361951438423],[-72.35972919835457,46.73613845864561],[-72.359793181759,46.73610130980331],[-72.35986181394502,46.736100955793574],[-72.35997408898248,46.7360779211465],[-72.36008981355064,46.73600598752631],[-72.3603304048416,46.73579106527039],[-72.36035753755647,46.735707946327366],[-72.36032361267976,46.73557804213107],[-72.36014923800501,46.73537043426462],[-72.3600761393954,46.735223686125416],[-72.3600830824742,46.735141162901805],[-72.36011994214697,46.73509208948803],[-72.3601636784232,46.735060393626945],[-72.36030467709188,46.734993105815136],[-72.36044144469558,46.73494383401694],[-72.36095168867526,46.73479166361946],[-72.3610401457813,46.73472966728272],[-72.3611050984679,46.734695303445086],[-72.36111745299802,46.73467247137371],[-72.36112040755698,46.73458507661199],[-72.36114103018096,46.7345207256503],[-72.3611485966906,46.73449711466052],[-72.36120581667925,46.734430802011566],[-72.36120685782666,46.734417420644164],[-72.36121401021296,46.73432539671686],[-72.36124166215403,46.73430594339329],[-72.36126688235565,46.734288200448816],[-72.36135690073363,46.73426852977325],[-72.36140330949783,46.7342694545396],[-72.361757964372,46.73431977732007],[-72.36178626130346,46.734315755636786],[-72.36180478725957,46.734281855765545],[-72.36181146353876,46.73422361763326],[-72.36184683021149,46.73412459604045],[-72.36189453524464,46.73409847346996],[-72.36203703230323,46.73407767662422],[-72.36210840345255,46.73410300496228],[-72.36228967629036,46.73423085014904],[-72.36251083792004,46.734308254691804],[-72.36256898227512,46.73434392218996],[-72.36259192345085,46.734369008437284],[-72.3626323979443,46.734453146560426],[-72.36267920106891,46.734511648574625],[-72.36283118433688,46.734737160780874],[-72.36291475191281,46.73475422324629],[-72.36305111976623,46.734740330325245],[-72.36318628567375,46.73474446895692],[-72.36334427597603,46.73478479073843],[-72.36342403469516,46.73478032949135],[-72.36345791285947,46.73472569611614],[-72.36350391917843,46.73466904139043],[-72.36352669147088,46.734615045753166],[-72.36355854842581,46.73437033586239],[-72.3635475386737,46.73426692282237],[-72.36351710734512,46.7341870000445],[-72.3634711450436,46.73404942742918],[-72.36346761017296,46.73400224196819],[-72.36348450299188,46.73393157883397],[-72.36350306398231,46.73389039998375],[-72.36351756638423,46.733858221327395],[-72.36352866417126,46.73376325342033],[-72.36354725031447,46.73372311681525],[-72.36363634881762,46.73359802013057],[-72.36365821201501,46.733534319399936],[-72.36372449151331,46.733468065289905],[-72.36374117682139,46.73341682309073],[-72.36373055064989,46.73337238063643],[-72.36366726793139,46.73334640300687],[-72.36354031801544,46.733330511774426],[-72.36351043825245,46.733294297479134],[-72.36350815024343,46.73322492885413],[-72.36351753224825,46.73319653944801],[-72.36357985197277,46.73312333178884],[-72.36363275375986,46.73308198115587],[-72.36373627830814,46.733023544702505],[-72.36376618951216,46.732961967475276],[-72.36375673654042,46.732902274852535],[-72.36368451648315,46.732863074095526],[-72.36355772646732,46.73283261941979],[-72.36351179560685,46.732788002239005],[-72.36350000701538,46.732758119512894],[-72.36350173986555,46.73269016078525],[-72.36352020743118,46.73266112398819],[-72.3635728999108,46.73263919368441],[-72.36365264695182,46.73263473718549],[-72.36369928748138,46.73261277670125],[-72.36369881676416,46.732562149398845],[-72.36368248090072,46.73248578351607],[-72.36372495953556,46.73238058684026],[-72.36376255492851,46.732260109814135],[-72.36377179769448,46.732149894012196],[-72.36376320530879,46.73210408239584],[-72.3637384324682,46.73206234923794],[-72.3636754911095,46.73200516835579],[-72.36359576383141,46.731913925967014],[-72.36358513406665,46.73187018357629],[-72.36352002417485,46.73173255148329],[-72.36350141647205,46.731646680789765],[-72.36349791034749,46.73163050151519],[-72.36351413302322,46.73152795200411],[-72.36359462207268,46.73145276992201],[-72.36365662828516,46.73140800752057],[-72.36373529555121,46.73140909611817],[-72.36390739299672,46.73144532645673],[-72.36400319023693,46.7314478866296],[-72.36412146063061,46.73142282734671],[-72.36414685061379,46.73140631366758],[-72.3641563907221,46.731362678001],[-72.36410318260953,46.731244537222715],[-72.36410172464382,46.731191833642406],[-72.36412641214446,46.73114619669399],[-72.364152897174,46.73112137001531],[-72.36419042339666,46.73110145250993],[-72.36425609024393,46.7310906902317],[-72.36432466314115,46.73109103442268],[-72.36451001522867,46.73111068470682],[-72.36456757657712,46.73110334709923],[-72.36459397985995,46.73108614740315],[-72.3645981148052,46.730981476907246],[-72.3646214602228,46.73087205093524],[-72.3646368348889,46.73084855595224],[-72.36469052988836,46.73082525429802],[-72.3649180291324,46.73076885346558],[-72.36499459523901,46.73072861488366],[-72.36504880587145,46.730656096572076],[-72.3650585534906,46.73059236712158],[-72.36502012356276,46.73050759862186],[-72.36496583657349,46.73049207476133],[-72.3649318766625,46.73046140077705],[-72.364914232852,46.73041347945332],[-72.3649112603267,46.73037171050613],[-72.36490633127076,46.730302520995366],[-72.36491366152347,46.730276908249735],[-72.36499097233346,46.73021282676579],[-72.36517678615503,46.73009106231567],[-72.36526188266359,46.73005336437933],[-72.3653095203231,46.73003003467331],[-72.36535472534482,46.72995054217566],[-72.36535962834965,46.72986807491989],[-72.36528679384473,46.729794920006526],[-72.3650736766284,46.72963856650166],[-72.36505381218254,46.729610044670196],[-72.36501865841052,46.72950172733437],[-72.36501361976009,46.729406039954064],[-72.36504392262957,46.729305680734456],[-72.36508569968017,46.72926429885005],[-72.36525770549753,46.72920763407672],[-72.3654034302029,46.72915707685196],[-72.36543998894003,46.72913230590654],[-72.36545976445268,46.72907348525636],[-72.36547120270122,46.72894461308659],[-72.36544128520897,46.72891326828508],[-72.36532205271963,46.72884196056403],[-72.3652575051732,46.728843713609756],[-72.36523942388318,46.72883738367976],[-72.36523352195174,46.72882348985018],[-72.36524485958896,46.728799979196765],[-72.36528030621174,46.72878490927018],[-72.36528710735676,46.72871354657739],[-72.36530556953248,46.72868383462052],[-72.36533504056202,46.728661802947315],[-72.36550282789078,46.72862175614036],[-72.36559101550222,46.72857645691405],[-72.36560227318935,46.728560573512475]]]]}},{"type":"Feature","properties":{"zone_code":"21-Af","prefix":"","kind":"unknown","n_lots":19,"source":"t2-gcp-claude48-vision-multisheet","confidence":"contour-autogcp-multisheet"},"geometry":{"type":"MultiPolygon","coordinates":[[[[-72.47412877123485,46.73249058913497],[-72.47373329691416,46.73221738486274],[-72.46551049519744,46.726535893193414],[-72.46535618349624,46.72654713299276],[-72.46512962568664,46.726575960022366],[-72.4650843847323,46.72660791333867],[-72.46485927590525,46.72662082557415],[-72.46460976793678,46.726641031070486],[-72.46425675338631,46.72668617182029],[-72.46386730316793,46.72673636743743],[-72.46323293896543,46.72682137709016],[-72.46284952991734,46.72688031103569],[-72.46278745812782,46.726891604951405],[-72.46266011385147,46.72701114136898],[-72.46243192649794,46.727132096874854],[-72.46216318559922,46.72729685243261],[-72.46190844224928,46.72746526945743],[-72.46176301578457,46.72754577732263],[-72.46136923209323,46.72778163763149],[-72.46109951742075,46.727942964488804],[-72.46106676664213,46.72796052171335],[-72.46071654764883,46.72808055822284],[-72.4605826097383,46.72811063935244],[-72.45982223705425,46.72825774797731],[-72.45977505034902,46.72828622187897],[-72.45934206867027,46.728371891028296],[-72.45897706700066,46.72847787753329],[-72.45885674215992,46.728489431579284],[-72.45861847211565,46.728558944840096],[-72.4584577159006,46.728621299250534],[-72.45791898454662,46.72873604989636],[-72.45760537908767,46.72877065398026],[-72.45749891884503,46.72879071150645],[-72.45723423563646,46.728804419387224],[-72.4569742443286,46.72879961097682],[-72.45629392411281,46.72885493568716],[-72.45617950749171,46.728870727870834],[-72.45582624051464,46.72888729835969],[-72.45565340465397,46.72889277362099],[-72.45526899578097,46.728932663826015],[-72.45493275187856,46.728945475137635],[-72.45472866362915,46.728921938675875],[-72.45450624435807,46.72886904255868],[-72.4535707343296,46.728636731286365],[-72.45290123521971,46.72846524406414],[-72.45260519901109,46.728464162796186],[-72.45209047333644,46.728530340542186],[-72.45153900117678,46.728611184866985],[-72.45133530728778,46.72865029019378],[-72.45087800282441,46.728683424528555],[-72.45041939041398,46.72875669547945],[-72.4498882336545,46.728830237261754],[-72.44962610435626,46.72883798219067],[-72.44946169199802,46.72881399187257],[-72.44930047674387,46.7287221985277],[-72.4490208006532,46.728431253693685],[-72.44864391876396,46.72806265190095],[-72.44844825311867,46.72788377862575],[-72.4482654729078,46.727773647476766],[-72.44813246834683,46.727743904213916],[-72.44804127587076,46.72776050152684],[-72.44788215189459,46.72777047321259],[-72.44782519601064,46.72781051818857],[-72.44633328476657,46.72885944914756],[-72.45864897890269,46.73745058952904],[-72.46261855329486,46.7402188260363],[-72.46338015667082,46.73971013021766],[-72.46412249028563,46.739206003141916],[-72.46364708117602,46.73887368001851],[-72.46422034017627,46.738483036356165],[-72.46433628752662,46.738404022974834],[-72.46441489909714,46.7384585479643],[-72.46538638395778,46.73779651373909],[-72.46578694184466,46.73807560672667],[-72.46741969994213,46.73696665896267],[-72.46776240901966,46.73673388572977],[-72.46734244033614,46.7364410035187],[-72.46776798306598,46.736151963951],[-72.46818795174953,46.73644484403795],[-72.46897985799498,46.73590694765775],[-72.46846372735523,46.73554449521966],[-72.46855818790229,46.73548033379976],[-72.46891763618683,46.73523617578968],[-72.4694337677249,46.73559862599039],[-72.47076966945188,46.734691173429226],[-72.47165061131842,46.73409273706799],[-72.4710964199584,46.733705141561494],[-72.47184645662676,46.73317373691151],[-72.47240064978344,46.733561330696034],[-72.47264659503348,46.733416128581446],[-72.47298387020187,46.73318699852557],[-72.47299582587998,46.73317889341952],[-72.47300780760925,46.73317080616766],[-72.47301981449132,46.73316273738561],[-72.47303184652624,46.73315468584205],[-72.47304390551062,46.73314665276836],[-72.4730559896478,46.73313863693317],[-72.47306809803953,46.733130638952204],[-72.47308023068575,46.7331226600568],[-72.47309238938313,46.733114699015644],[-72.47310457323333,46.73310675521296],[-72.47311678223635,46.73309882988021],[-72.47312901639219,46.73309092424885],[-72.47314127480259,46.7330830352403],[-72.47315355836577,46.73307516408597],[-72.47316586708179,46.73306731324874],[-72.47317820005235,46.73305947841867],[-72.47319055727738,46.733051663289984],[-72.47320293965525,46.73304386663129],[-72.47321534628765,46.73303608844261],[-72.47322777717454,46.73302832872389],[-72.47324023321427,46.73302058747522],[-72.4732527135085,46.733012864696505],[-72.47326521805726,46.733005161003575],[-72.47327774506391,46.73299747516496],[-72.47329029902001,46.732989807796415],[-72.47330287633228,46.73298216136069],[-72.47331547700077,46.73297453154794],[-72.47332810192378,46.73296692020523],[-72.4733407511013,46.73295932917971],[-72.47335342273671,46.732951756624324],[-72.47336611952494,46.73294420253896],[-72.47337884056766,46.732936666923734],[-72.4733915840683,46.73292915162571],[-72.47340435272173,46.73292165356641],[-72.47341714383306,46.73291417582431],[-72.4734299583006,46.73290671778377],[-72.47344279702263,46.73289927698198],[-72.47345565820255,46.732891855881746],[-72.47346854363698,46.73288445509872],[-72.47348145242762,46.7328770734016],[-72.47349438457447,46.732869710174654],[-72.47350733828085,46.73286236664931],[-72.47352031714007,46.73285504159413],[-72.47353331755886,46.73284773747199],[-72.47354634133387,46.732840450588576],[-72.47355938936336,46.73283318463827],[-72.4735724571558,46.732825937773846],[-72.47358555099937,46.73281871122672],[-72.47359866640254,46.73281150314988],[-72.47361180336523,46.73280431415899],[-72.47362496458248,46.73279714610115],[-72.47363814825758,46.732789997744995],[-72.47365135349226,46.7327828684748],[-72.47397579353184,46.73256244986506],[-72.47401589881771,46.73256783362831],[-72.47412877123485,46.73249058913497]]],[[[-72.47235838225268,46.724628398878345],[-72.47230073376764,46.724654226757075],[-72.47206284910061,46.72473086359563],[-72.47153755564497,46.72492577528334],[-72.47115708498616,46.72509344105198],[-72.47061628391377,46.725262549102055],[-72.47048002834978,46.72529731798344],[-72.47088762004533,46.72561309108901],[-72.47235838225268,46.724628398878345]]],[[[-72.47042767812827,46.725256761265264],[-72.46933462336193,46.72440991812713],[-72.46759499449173,46.72322891049626],[-72.4658555003688,46.72204792073506],[-72.46462429549155,46.7212119762287],[-72.464110809492,46.72087051088192],[-72.46249731576579,46.7197975023017],[-72.46195956537208,46.71943987463293],[-72.46092682978211,46.71875303630568],[-72.46088526563223,46.718723909479394],[-72.45970907268465,46.717899613284544],[-72.44559478516138,46.72780089133792],[-72.44562509431906,46.727802782348554],[-72.44577963239571,46.727821784200145],[-72.44588831866362,46.72782553727902],[-72.44610790644492,46.727826846392276],[-72.44623532438315,46.72781219183427],[-72.44646417828662,46.727806718926374],[-72.44661516262799,46.72781043198166],[-72.44728022226374,46.7277417484225],[-72.44801167099227,46.727679408389406],[-72.44813877721509,46.727669123262245],[-72.44827081788375,46.727697467548225],[-72.44862192531086,46.727928585823875],[-72.44881150397178,46.728108749584095],[-72.44920981786709,46.72849983415937],[-72.44931626643164,46.72863440619818],[-72.44944177544987,46.728740191451834],[-72.44958128920338,46.72878664815543],[-72.44973619109771,46.728793181905466],[-72.44995265723341,46.72876465716391],[-72.45094089657239,46.72860259262711],[-72.45124977779128,46.728581025815664],[-72.45202282750061,46.728482965525615],[-72.45243915261733,46.728424819652375],[-72.45268765537101,46.728400941834025],[-72.4530068869786,46.72843214777228],[-72.45340431693164,46.72852982515483],[-72.45386574286555,46.72865595082113],[-72.45402128166542,46.72868438264135],[-72.45433645019297,46.72877457201483],[-72.45470400667124,46.728866849867096],[-72.45502685399784,46.728899605997555],[-72.45532612414148,46.72887451474307],[-72.45576733169325,46.72884623634527],[-72.45608601712513,46.72882442025167],[-72.45615242059095,46.72883016398727],[-72.45632651588964,46.72880824259348],[-72.45673890908037,46.72877635215584],[-72.4571700330431,46.72875926747927],[-72.45731245194825,46.728751475741824],[-72.45769767738986,46.72871644739158],[-72.45807537854263,46.72866191193579],[-72.45856584521304,46.728522291385836],[-72.45863049426909,46.72850033045858],[-72.45872986860077,46.72848087257082],[-72.45879401819352,46.728458863597716],[-72.45914517233302,46.728379027039146],[-72.4594458779845,46.72829989971584],[-72.45975225290373,46.728234017867095],[-72.4603861454907,46.72810253902536],[-72.46067493319329,46.72805166857396],[-72.46105162913128,46.727909541522294],[-72.4612104153409,46.72783294737689],[-72.46161986475245,46.727577895705615],[-72.46182312924672,46.727448274267665],[-72.461974500762,46.7273713130849],[-72.46207206229343,46.72730749354547],[-72.46239739525842,46.72710192468113],[-72.46264352915469,46.72695211212152],[-72.46269447980097,46.72689667646746],[-72.46273455634075,46.72686950111632],[-72.46280458810196,46.72684886835794],[-72.46296199180439,46.72681089413558],[-72.46324293721453,46.72678487701486],[-72.46337487367865,46.72675270150828],[-72.46344858134601,46.726748148461965],[-72.46405061607975,46.72666547618256],[-72.46426777481653,46.726648993683014],[-72.46462580466124,46.726604613387316],[-72.46480194183057,46.72657718849908],[-72.4649581193326,46.7265425682293],[-72.4650480739302,46.72653338389697],[-72.4654585842521,46.72650002101917],[-72.46561206231672,46.726475141707965],[-72.46571162170135,46.72644668901829],[-72.46579558453601,46.72639932202412],[-72.4660013418552,46.72624898594622],[-72.46611712750881,46.72614454991313],[-72.46627320709447,46.72604065679927],[-72.46632896103257,46.72602893596703],[-72.46646415388958,46.725951087876275],[-72.46658851845415,46.725900110096575],[-72.46672309327022,46.725880444366815],[-72.46700713427485,46.725848932753976],[-72.4673728779529,46.725814364974475],[-72.4677629578903,46.72577889689237],[-72.46833291378525,46.72571435376585],[-72.46862076274836,46.72569246866889],[-72.46894757613693,46.725648800669184],[-72.46932159509537,46.72557386040245],[-72.46978611213216,46.72546958686257],[-72.46986902303962,46.72542283664877],[-72.47024092017735,46.72531323744612],[-72.47038388256324,46.7252824860058],[-72.47042767812827,46.725256761265264]]]]}},{"type":"Feature","properties":{"zone_code":"20-Af","prefix":"","kind":"unknown","n_lots":19,"source":"t2-gcp-claude48-vision-multisheet","confidence":"contour-autogcp-multisheet"},"geometry":{"type":"MultiPolygon","coordinates":[[[[-72.49944090911761,46.72324212221125],[-72.49852995902903,46.72261984840118],[-72.49823197167962,46.72241628835409],[-72.49780309170846,46.722123308680665],[-72.49741804952318,46.72186027162165],[-72.49714108095478,46.72166969418176],[-72.49687073476665,46.7214836726389],[-72.49672034241503,46.72138018870207],[-72.49631018423274,46.72109795720708],[-72.49521388025998,46.7203435678515],[-72.49508774960758,46.72025677249537],[-72.49470132042349,46.71999085399806],[-72.49470051104142,46.71999029788283],[-72.494700481397,46.71999027694384],[-72.49466098696556,46.71996309934531],[-72.49442393683343,46.719799971880896],[-72.49440336631173,46.71978581644851],[-72.4942085154384,46.71965172856931],[-72.49418794132345,46.71963757125048],[-72.4936483826211,46.719266264245306],[-72.49364998880883,46.71936181811095],[-72.49368630140754,46.719593408742824],[-72.49372326977642,46.71978692067708],[-72.49376969381201,46.72007466967421],[-72.49376816937097,46.720163290089836],[-72.4937403880725,46.72025584379364],[-72.49374107169044,46.720264415808316],[-72.49374204546419,46.720276630572755],[-72.49376193865615,46.720291340756795],[-72.4938809250071,46.72034289596031],[-72.4939217309789,46.7203716314646],[-72.49392382585015,46.72042565860533],[-72.4939189156588,46.72045650519133],[-72.49389333702939,46.720617202390734],[-72.49386160134704,46.7207055626446],[-72.49383487556902,46.7207953496638],[-72.49378078171755,46.72089528931639],[-72.49376267437637,46.72095260391323],[-72.49372304789256,46.721031200074016],[-72.49365503284915,46.72112063675415],[-72.49352969630745,46.7213366052765],[-72.49345470045594,46.721465830637484],[-72.49337241477592,46.72162368891366],[-72.49332488671087,46.72169321841209],[-72.49325034630523,46.721869145138896],[-72.49312436567146,46.72210764692477],[-72.49306880936271,46.7222338824447],[-72.49281727838822,46.72268595633943],[-72.49266329008053,46.72297130604028],[-72.49256171757136,46.72313731640903],[-72.49249263263442,46.72328836934633],[-72.49229877619611,46.72366548532917],[-72.49226929798006,46.72373932533093],[-72.49222290179227,46.72380125239867],[-72.49218470901965,46.723913102988945],[-72.49215589915018,46.72394817510173],[-72.49204707544003,46.724125214626085],[-72.49185555102818,46.72448297996824],[-72.49178736979644,46.72463959227434],[-72.49166636762598,46.724821384720705],[-72.49162546912774,46.724919837771814],[-72.49158753596824,46.725011149877226],[-72.49155979060237,46.72504277159105],[-72.4915305827792,46.725100694497534],[-72.49146668022317,46.725359145351895],[-72.49137257990051,46.72555779322724],[-72.4913224269582,46.72577827741077],[-72.49130358210019,46.72599417740972],[-72.49124706279746,46.72629148101299],[-72.4912277705784,46.72635849334376],[-72.49120675359401,46.726525213134295],[-72.49117181451936,46.726681430340705],[-72.49114940873955,46.72676176264816],[-72.4911062958941,46.726916341826744],[-72.49109274660468,46.727058888988985],[-72.49101204824775,46.7274723526322],[-72.4909662772874,46.72767211834464],[-72.4909640961779,46.72773996947884],[-72.49094616939809,46.72784439564974],[-72.4909111171357,46.727948679993176],[-72.49088920722592,46.72805030404765],[-72.49086528329327,46.72815191190092],[-72.49085808868617,46.72821833818094],[-72.49081203924806,46.72849221294883],[-72.49077588205789,46.7286020329061],[-72.49077036640205,46.728746042337406],[-72.49074103191644,46.72881090202768],[-72.49072592045673,46.72886895450622],[-72.49070488550603,46.72892003107919],[-72.4906947156787,46.72904184189116],[-72.49066659391872,46.729153116974274],[-72.4906491073134,46.72929010542101],[-72.49062570260699,46.729414106835165],[-72.49944090911761,46.72324212221125]]],[[[-72.49389295434707,46.720405322068686],[-72.49388712697584,46.72039280864695],[-72.49386621329772,46.72037878269827],[-72.49372230857908,46.72031178203073],[-72.49371025139133,46.72030481184788],[-72.49367765152967,46.720272626317815],[-72.49367937270176,46.720231093394624],[-72.49372536374936,46.72019270620478],[-72.49373228706526,46.7201415240636],[-72.49370620897255,46.71995918806092],[-72.49367170827577,46.719739382170104],[-72.49362429250012,46.71950908115657],[-72.49361269974138,46.71942173203207],[-72.49361206463246,46.71934140111153],[-72.4936021571132,46.71923445253953],[-72.49314264998075,46.718918228236205],[-72.49303460331333,46.71884387354644],[-72.4920603687096,46.71817469828341],[-72.49193725909149,46.718090135679226],[-72.49147605504147,46.71778614648047],[-72.49122351346227,46.717619689761754],[-72.4912207816855,46.71761788892854],[-72.49121603139427,46.717614757794266],[-72.49121563793217,46.71761449912461],[-72.4902252309584,46.71793662500619],[-72.48994672716917,46.718020112532386],[-72.48977738665327,46.718083067901176],[-72.48936622415447,46.71820489640994],[-72.48905102867748,46.71831161853402],[-72.48891642960687,46.71835865328421],[-72.48874234598628,46.71840356508587],[-72.4883683827234,46.71852779722624],[-72.48828826288151,46.718557583754404],[-72.48820022888201,46.71857899383143],[-72.48810690290712,46.718614900834545],[-72.48800159699964,46.718644152125066],[-72.47416960235945,46.72790166530262],[-72.47524599337729,46.72864926065289],[-72.47581393974095,46.72904370638106],[-72.47689038106445,46.72979128036105],[-72.47738593040272,46.73013542127082],[-72.47743097732095,46.73016628939756],[-72.47865134761759,46.7310025464827],[-72.47866567394972,46.73099704988511],[-72.47867998770546,46.73099153850948],[-72.4786942897831,46.730986012971584],[-72.47870858197928,46.73098047327143],[-72.47872286070071,46.73097491940891],[-72.47874048384996,46.73096803742128],[-72.47875808993122,46.73096113572951],[-72.47877567714784,46.730954210639176],[-72.47879324549986,46.73094726522895],[-72.47881079588556,46.73094029642019],[-72.47882833010159,46.73093330729142],[-72.47884584365637,46.73092629537989],[-72.47886334014316,46.73091926253265],[-72.47888081776533,46.73091220813401],[-72.47889827742118,46.73090513341538],[-72.47891571731412,46.73089803406674],[-72.47893314013905,46.73089091624531],[-72.47895054409936,46.730883775640905],[-72.47896792919505,46.73087661410084],[-72.47898529452782,46.73086942977786],[-72.47900264099594,46.73086222636631],[-72.47901997039611,46.73085499955612],[-72.47903728003331,46.73084775242588],[-72.47905456990758,46.730840483744146],[-72.47907184361218,46.73083319289518],[-72.47908909575722,46.730825881110434],[-72.47910632903762,46.73081854962136],[-72.4791235425551,46.730811194733576],[-72.47914073900459,46.73080381952574],[-72.47915791479281,46.73079642276632],[-72.4791750708181,46.73078900507108],[-72.4791922088771,46.73078156644002],[-72.47920932537653,46.73077410625739],[-72.47922642390965,46.73076662513889],[-72.47924350267982,46.73075912246884],[-72.47926056168706,46.73075159886288],[-72.47927760093138,46.7307440555525],[-72.47929462131107,46.73073649007481],[-72.47931162013118,46.73072890304545],[-72.47932860008669,46.73072129631169],[-72.47934556117758,46.730713668026276],[-72.47936250070889,46.730706018189224],[-72.47937942137558,46.73069834803194],[-72.47939632227931,46.73069065755448],[-72.47941320252184,46.730682945525295],[-72.47943006120478,46.73067521379165],[-72.47944690012477,46.73066745865913],[-72.47946372018015,46.730659685053524],[-72.47948051957427,46.730651889896244],[-72.47949729740886,46.73064407503438],[-72.47951405548046,46.73063623800509],[-72.47953079468746,46.73062838250272],[-72.47954751143659,46.730620503601386],[-72.47956420752446,46.7306126056112],[-72.47958088384941,46.730604686685],[-72.47959753861478,46.730596747438504],[-72.4796141736172,46.73058878664018],[-72.47963078795837,46.730580806753025],[-72.47964737984168,46.73057280592976],[-72.47966395196204,46.730564784170426],[-72.47968050252283,46.73055674209071],[-72.479697034219,46.73054868030639],[-72.47971354255898,46.73054059758598],[-72.47973002933938,46.730532494545095],[-72.47974649725518,46.730524370568155],[-72.47976294181477,46.73051622750226],[-72.4797793657131,46.73050806350019],[-72.47979576895021,46.730499878561965],[-72.47981214972941,46.73049167515053],[-72.47982850984734,46.73048345018718],[-72.47984484840573,46.73047520490339],[-72.47986116540457,46.73046694053057],[-72.4798774599455,46.73045865522161],[-72.4798937347235,46.730450350207825],[-72.47990998524699,46.73044202425785],[-72.47992621600754,46.73043367983457],[-72.47994242431021,46.73042531385932],[-72.47995861015501,46.73041692879502],[-72.47997477623687,46.73040852402592],[-72.47999091896251,46.73040009770485],[-72.48000703833196,46.730391652910406],[-72.4800231379385,46.730383188411125],[-72.48003921329051,46.7303747035913],[-72.48005526798127,46.73036619845088],[-72.48007130111245,46.7303576742214],[-72.48008730909083,46.730349129671254],[-72.48010329640793,46.730340566647754],[-72.48011926216549,46.73033198145644],[-72.48013520366851,46.730323379023154],[-72.48015112451029,46.730314755653524],[-72.48016702199587,46.730306113194715],[-72.48018289702357,46.73029745041528],[-72.48019874869507,46.730288769162364],[-72.48021457880702,46.73028006758878],[-72.48023038646106,46.73027134631026],[-72.48024616986062,46.73026260532676],[-72.48026193080227,46.73025384648553],[-72.48027766928605,46.730245067939315],[-72.48029338441363,46.730236269072414],[-72.48030907708332,46.730227449884744],[-72.48032474729514,46.730218612839316],[-72.48034039235414,46.73020975485738],[-72.48035601585356,46.73020087901764],[-72.48037161509846,46.73019198408859],[-72.4803871927838,46.730183069454554],[-72.48040274621464,46.7301741363469],[-72.48041827539095,46.730165182302734],[-72.48043378390601,46.73015621163217],[-72.48044926547162,46.730147219409325],[-72.48046472547765,46.73013820994437],[-72.48048016302583,46.73012917954281],[-72.48049557362452,46.73012013189908],[-72.48051096266364,46.73011106331876],[-72.4805263292449,46.73010197688055],[-72.48054166977501,46.730092871968694],[-72.48055698784722,46.73008374796738],[-72.48057228076664,46.73007460426094],[-72.48058755122814,46.73006544269657],[-72.48060279743514,46.730056261427016],[-72.48061801938762,46.73004706168371],[-72.48063321708561,46.730037843466754],[-72.4806483914274,46.73002860554453],[-72.48066354151466,46.730019350995825],[-72.4806786673474,46.730010076126135],[-72.48069376892566,46.73000078278273],[-72.48070884445275,46.72999147096549],[-72.48072389842028,46.72998214005878],[-72.48073892633667,46.729972791294045],[-72.48075393089685,46.72996342343976],[-72.4807689094059,46.729954037727396],[-72.48078386455876,46.72994463354123],[-72.48079879455878,46.72993520964974],[-72.48081370120259,46.729925768515926],[-72.48082858089697,46.72991630890824],[-72.48084343813345,46.729906832058205],[-72.48085826931879,46.72989733488706],[-72.48087307624961,46.729887819857815],[-72.48088785802761,46.72987828697044],[-72.4809026155511,46.72986873499338],[-72.48091734702346,46.72985916638968],[-72.48093205334297,46.72984957808059],[-72.48094673540798,46.72983997314478],[-72.48096139321846,46.72983034973506],[-72.4809760240795,46.7298207078514],[-72.48099063158433,46.729811047493754],[-72.4810052121397,46.72980137050941],[-72.48101976844058,46.72979167381961],[-72.4810342995886,46.7297819598873],[-72.4810488046855,46.72977222809675],[-72.48106328462957,46.72976247906367],[-72.4810777394208,46.72975271217234],[-72.48109216816088,46.72974292619126],[-72.48110657084985,46.729733123583365],[-72.48112094928427,46.729723302501434],[-72.48113530076925,46.72971346356118],[-72.48114962710142,46.72970360737838],[-72.48158557861048,46.729403128709286],[-72.48210080824,46.728982003922766],[-72.48299369051328,46.728432556018895],[-72.48536340760523,46.726799416701965],[-72.48691858000825,46.7257284226641],[-72.48710479807171,46.725856287702626],[-72.48740614961186,46.72567591259325],[-72.48768774899555,46.72548197841195],[-72.48794959532445,46.72527448193345],[-72.49189440496086,46.72255751230202],[-72.49190620792538,46.72254936433843],[-72.49191798394044,46.72254119974635],[-72.49192973480267,46.72253301791],[-72.49194146141038,46.72252481821347],[-72.49195316106865,46.72251660065683],[-72.49196483557408,46.72250836708751],[-72.49197648313006,46.722500116273835],[-72.4919881055332,46.72249184698416],[-72.49199970188519,46.722483559834295],[-72.49201127218606,46.72247525728755],[-72.49202281733409,46.722466936880636],[-72.49203433463434,46.72245859984516],[-72.49204582588347,46.722450244333615],[-72.49205729108144,46.72244187280937],[-72.49206873112658,46.72243348404071],[-72.49208014332395,46.72242507802761],[-72.49209153036848,46.72241665538593],[-72.49210289046357,46.72240821673152],[-72.49211422450752,46.72239976021683],[-72.49212553070369,46.72239128645768],[-72.49213681174702,46.72238279668572],[-72.49214806494258,46.72237428966935],[-72.49215929118868,46.72236576602428],[-72.49217049228197,46.72235722759807],[-72.49218166552747,46.722348670079946],[-72.49219281002688,46.722340097164725],[-72.4922039311701,46.72233150762088],[-72.4922150226689,46.72232290083256],[-72.4922260890149,46.72231427803134],[-72.4922371275131,46.72230563921724],[-72.49224813816353,46.72229698377449],[-72.49225912186452,46.722288311702975],[-72.49227007951437,46.72227962423441],[-72.4922810084181,46.72227091952132],[-72.49229190947409,46.72226219879529],[-72.49230278447891,46.72225346205634],[-72.49231363253428,46.722244710536145],[-72.49232445094525,46.722235940539676],[-72.49233524330506,46.72222715576195],[-72.49234600781712,46.72221835435548],[-72.4923567444814,46.72220953816766],[-72.4923674541962,46.72220070596691],[-72.49237813516494,46.72219185590569],[-72.4923887882859,46.72218299106313],[-72.4923994144574,46.72217411143926],[-72.49241001098449,46.7221652158024],[-72.49242058146042,46.722156302920915],[-72.49243112319029,46.72214737525801],[-72.4924416379707,46.722138432813765],[-72.49245212220836,46.722129473740715],[-72.4924625794966,46.722120499270424],[-72.49247300983535,46.722111509402886],[-72.49248341052973,46.722102503522365],[-72.49249378427463,46.72209348409209],[-72.4925041274768,46.72208444741703],[-72.49251444372952,46.72207539657647],[-72.49252473123616,46.72206632972279],[-72.49253499089501,46.72205724808766],[-72.49254522001117,46.72204815105528],[-72.49255542217784,46.72203903862564],[-72.49256559559842,46.72202991079873],[-72.49257574027293,46.72202076880619],[-72.49258585709966,46.72201161018468],[-72.492595944282,46.72200243862915],[-72.49260600271823,46.721993251060525],[-72.49261603061176,46.72198404809455],[-72.4926260315558,46.72197483034711],[-72.49263600285545,46.721965598433975],[-72.49264594540902,46.72195635173931],[-72.49265585921648,46.72194709026316],[-72.49266574427789,46.72193781462129],[-72.49267559879654,46.72192852235039],[-72.49346145668518,46.72138389912057],[-72.49350690874363,46.72130010025834],[-72.49359446843269,46.721128433288904],[-72.49364725882867,46.7210457936584],[-72.49367484249778,46.72102317812733],[-72.4936963840983,46.721000510240295],[-72.4937084969816,46.720940375753294],[-72.49372435314466,46.72089688989137],[-72.49379054550637,46.72079635964763],[-72.49381895023566,46.72072597543277],[-72.49385003553775,46.72061683842585],[-72.49387325249627,46.72051725113779],[-72.49388483537355,46.72046757197249],[-72.49389295434707,46.720405322068686]]],[[[-72.49118330127689,46.717593184742235],[-72.49081706801704,46.717351787441935],[-72.49037109580097,46.71705782625872],[-72.49037033133466,46.71705732123186],[-72.48871408678407,46.71592104003267],[-72.48854557900644,46.71580543066075],[-72.48745081564444,46.71505431785362],[-72.48705716939533,46.71478423047437],[-72.4863379566193,46.71429075428105],[-72.48540301073285,46.71364810528203],[-72.48522911126689,46.71352857066717],[-72.48366011199502,46.71245003216004],[-72.48301632446517,46.7120074713744],[-72.481917338123,46.71125196693463],[-72.4658555003688,46.72204792073506],[-72.46759499449173,46.72322891049626],[-72.46933462336193,46.72440991812713],[-72.47042767812827,46.725256761265264],[-72.4704473799791,46.72524518990041],[-72.47087074609104,46.72513278046767],[-72.47128282217648,46.724989757131695],[-72.47170020820357,46.72479831754495],[-72.47210917791477,46.7246566536238],[-72.47262297473141,46.72445124585035],[-72.47474518619966,46.7236027735614],[-72.47545449684631,46.72333754402528],[-72.475914588782,46.723160567808456],[-72.47704400106286,46.72270195970867],[-72.47748540983727,46.72261961438845],[-72.47753446413999,46.72261316241092],[-72.47765846488686,46.7226064622559],[-72.4778342265604,46.72258382089862],[-72.47826512863926,46.722505645760165],[-72.47860678848453,46.72245192738302],[-72.47886391416662,46.7223971140147],[-72.47905154707666,46.72234347866605],[-72.47919226277602,46.72229681934875],[-72.47923839036756,46.72228152467602],[-72.47951089969888,46.72217707357212],[-72.47963538733264,46.7221129288882],[-72.47999790156723,46.72195358111767],[-72.48048429976768,46.72175223740257],[-72.4807959154583,46.721613695769086],[-72.48099064056748,46.72151862870649],[-72.48117287370434,46.72143932011718],[-72.4813885556108,46.721350757838636],[-72.48170334325266,46.721205344257754],[-72.4822804757884,46.720956064329236],[-72.4830568744171,46.720627717957065],[-72.48341220482436,46.720469006281355],[-72.48359451970792,46.72038486728153],[-72.48404228496129,46.72019206695178],[-72.48460891978463,46.719941212531],[-72.48476109888534,46.719885014635075],[-72.48520412103402,46.71968098668802],[-72.4854071097455,46.71960029033413],[-72.48583486951748,46.71940306656023],[-72.48665826890017,46.719054775850175],[-72.48673625075168,46.71903258566238],[-72.48695143499145,46.718943694256616],[-72.48705462626478,46.718920335111015],[-72.48721175957428,46.71886627074272],[-72.48734743123332,46.718829339105504],[-72.48758372588229,46.71874270882937],[-72.48785110493502,46.71866465622576],[-72.48794652128956,46.71862461185091],[-72.48805984016938,46.718597878221765],[-72.48808580776931,46.718587776739696],[-72.48813998516411,46.71856670477834],[-72.48827265016187,46.71852836382632],[-72.48835784279017,46.71849654244748],[-72.4886040386702,46.71841900435586],[-72.48869434989896,46.718382378500536],[-72.48889270869348,46.71833213384677],[-72.48901432171833,46.71829162177801],[-72.48907394470037,46.71826820014698],[-72.4895794482703,46.71810978084561],[-72.48971807987822,46.718074956214316],[-72.48983893921654,46.71801920534784],[-72.49006669178546,46.71795744285675],[-72.49028161192058,46.717880336952],[-72.49050342303222,46.7178122929643],[-72.49118330127689,46.717593184742235]]]]}},{"type":"Feature","properties":{"zone_code":"34-Ad","prefix":"","kind":"unknown","n_lots":11,"source":"t2-gcp-claude48-vision-multisheet","confidence":"contour-autogcp-multisheet"},"geometry":{"type":"MultiPolygon","coordinates":[[[[-72.45970907268465,46.717899613284544],[-72.45927414076344,46.71759479650102],[-72.45858398669021,46.71711110040983],[-72.45766337252579,46.71646586437184],[-72.45756608677715,46.716397678176655],[-72.45692222648377,46.71591972139203],[-72.45642431277967,46.715578751613265],[-72.45150287003774,46.71220820101886],[-72.45103220223619,46.71188582104866],[-72.4502254648054,46.71132803457649],[-72.44995388792535,46.7111472172997],[-72.44981532099614,46.7110523024156],[-72.44835668245186,46.71005313903404],[-72.43232855577534,46.721128678393235],[-72.43236483333979,46.72121295171771],[-72.43241418139161,46.721318381406974],[-72.43257256246102,46.72156727538046],[-72.43264210014885,46.721805324632456],[-72.43270988522356,46.72195014355139],[-72.43313317497869,46.72285446658504],[-72.43314306453165,46.72287558983229],[-72.43321343316113,46.72302592484247],[-72.43322308915212,46.723046591701426],[-72.4332327092105,46.72306726594228],[-72.43324229603121,46.72308794694921],[-72.43325184961427,46.723108635953835],[-72.43326136816302,46.72312933172455],[-72.43327085257577,46.7231500354929],[-72.43328030375088,46.72317074664313],[-72.43328971899336,46.723191464559406],[-72.43329910099821,46.72321218985747],[-72.43330845066369,46.723232923769054],[-72.43331776349824,46.72325366383079],[-72.43332704309512,46.723274410658505],[-72.43333628945433,46.72329516548387],[-72.43334549988094,46.72331592769102],[-72.4333546779682,46.72333669666413],[-72.43336381922452,46.72335747301904],[-72.43337292814151,46.72337825675572],[-72.43338200292251,46.72339904664254],[-72.43339104356753,46.7234198439111],[-72.43340004917825,46.72344064856139],[-72.4334090215513,46.72346146059346],[-72.43341795889008,46.72348227877559],[-72.43342686029622,46.72350310372366],[-72.43343573115965,46.72352393666925],[-72.43344456519216,46.723544775764886],[-72.43345336508868,46.72356562162643],[-72.43346213084922,46.72358647486965],[-72.43349474238899,46.7236622738746],[-72.43366335347287,46.72394941780182],[-72.43367534149033,46.72399523819198],[-72.43374454320825,46.72425971813994],[-72.43391183646361,46.72473676048519],[-72.43395033556173,46.724865969080824],[-72.43399359483256,46.725011158498376],[-72.43405888977729,46.72524863095156],[-72.43423910619633,46.72522519940888],[-72.43427318199001,46.72534912580441],[-72.4340929664693,46.72537255914061],[-72.43410437776834,46.725414057932085],[-72.43410744641336,46.72542515325431],[-72.43411055009265,46.725436243032114],[-72.4341136906029,46.72544732911293],[-72.4341168643508,46.725458410265105],[-72.43412007582793,46.725469485872935],[-72.43412332054272,46.72548055778373],[-72.4341266029868,46.725491624150145],[-72.43412991777018,46.72550268497217],[-72.4341332693845,46.72551374209718],[-72.43413665603313,46.72552479306204],[-72.43414007771605,46.7255358397141],[-72.4341435362299,46.72554688020603],[-72.43414702708309,46.72555791576935],[-72.43415055566551,46.72556894701991],[-72.43415411748563,46.725579972110296],[-72.43415771523834,46.72559099165638],[-72.43416134802536,46.72560200565806],[-72.43416501494833,46.7256130141154],[-72.43416871780393,46.725624017644186],[-72.43417245749048,46.72563501562867],[-72.43417622951634,46.72564600806878],[-72.43418003747482,46.72565699373299],[-72.43418388046761,46.72566797508443],[-72.434187759393,46.72567894904418],[-72.4341916724544,46.725689917459604],[-72.43419561965175,46.725700880946505],[-72.43419960368004,46.72571183765755],[-72.43420361914937,46.72572278882422],[-72.43420767324623,46.72573373383083],[-72.43421176058078,46.72574467144574],[-72.4342158820513,46.72575560474794],[-72.43422003945444,46.72576653065849],[-72.43422423189186,46.72577745040894],[-72.43422845846527,46.725788364615106],[-72.43423271917467,46.72579927266123],[-72.43423701581668,46.72581017269988],[-72.43424134749297,46.72582106657849],[-72.43424571330524,46.72583195429698],[-72.43425011325351,46.725842835855495],[-72.4342545491344,46.7258537106381],[-72.43425901915124,46.72586457741334],[-72.43426352240576,46.725875438644316],[-72.43426806159289,46.7258862937152],[-72.434272634916,46.72589714077872],[-72.43427724327341,46.7259079816822],[-72.4342818857668,46.725918814578336],[-72.43428656329448,46.72592964131439],[-72.43429127405985,46.72594046065887],[-72.43429602075778,46.725951272611766],[-72.43430080069342,46.725962077173044],[-72.43430561566335,46.72597287557434],[-72.43431046476925,46.72598366658408],[-72.43431534801114,46.725994448354875],[-72.43432026718563,46.7260052251972],[-72.4343252195978,46.72601599341644],[-72.43433020614593,46.726026754244124],[-72.43433522593175,46.726037507064476],[-72.43434028254848,46.72604825310904],[-72.43434537240287,46.726058991146274],[-72.43435049549494,46.72606972240778],[-72.43435565272299,46.72608044443037],[-72.43436084408702,46.7260911590614],[-72.43436607138365,46.72610186630097],[-72.43437133101965,46.72611256553318],[-72.43437662568994,46.72612325614235],[-72.43438195449619,46.72613393997576],[-72.43438731654011,46.726144615186094],[-72.43439271361834,46.72615528238915],[-72.43439814393423,46.72616594096917],[-72.43440360748781,46.72617659092608],[-72.43440910427901,46.72618723410729],[-72.43441463790117,46.726197868049724],[-72.43442020386267,46.726208493984835],[-72.43442580396017,46.72621911129695],[-72.43443143639699,46.726229719986016],[-72.43443710566474,46.72624032005206],[-72.43444280637354,46.72625091211084],[-72.43444854211663,46.72626149493082],[-72.43445431019907,46.726272069127766],[-72.43446011151917,46.72628263593333],[-72.43469126510976,46.72645664739982],[-72.43477860291495,46.72674927040552],[-72.43478590082832,46.726759313092465],[-72.43479323108103,46.726769345309314],[-72.43480059277478,46.72677936644039],[-72.43480798680788,46.72678937648563],[-72.43481541138372,46.726799374213485],[-72.4348228691972,46.72680936331863],[-72.43483035845172,46.72681933825914],[-72.4348378800456,46.72682930396116],[-72.43484543308051,46.7268392579616],[-72.43485301575983,46.72684920026052],[-72.4348606307785,46.7268591314736],[-72.43486827903482,46.726869050985194],[-72.43487595783388,46.726878959411046],[-72.43488366807394,46.72688885613532],[-72.43489140885674,46.72689873992653],[-72.43489918108058,46.72690861324777],[-72.43490698564379,46.72691847486754],[-72.434914821648,46.72692832478574],[-72.43492268819494,46.72693816300247],[-72.43493058618293,46.72694799013353],[-72.43493851561193,46.72695780309995],[-72.43494647558367,46.726967606212234],[-72.43495446699643,46.72697739577572],[-72.43537736598442,46.726771290544406],[-72.43580555874439,46.727234731099514],[-72.43620864808373,46.727590598964156],[-72.43668324242137,46.72800943105058],[-72.4366722596187,46.72801680602479],[-72.43710349227759,46.728501130941176],[-72.43711357586666,46.728512481167044],[-72.43712363160795,46.7285238430899],[-72.43713365590821,46.72853521794122],[-72.43714365146238,46.72854660572099],[-72.43715361647381,46.72855800458196],[-72.43716355004422,46.728569417602884],[-72.43717345486854,46.72858084293648],[-72.43718332825185,46.72859227996701],[-72.43719317199071,46.728603728694466],[-72.43720298518687,46.728615190966046],[-72.43721276784032,46.72862666493459],[-72.43722251995105,46.728638151831454],[-72.43723224241738,46.728649649809526],[-72.43724193344265,46.72866116071591],[-72.43725159572185,46.72867268331922],[-72.43726122656001,46.72868421761936],[-72.43727082685545,46.72869576423208],[-72.43728039570986,46.72870732315743],[-72.43728993581819,46.728718893163865],[-72.43729944358714,46.72873047733015],[-72.4373089208134,46.72874207134598],[-72.43731836839522,46.72875367705864],[-72.43732778363773,46.728765296315366],[-72.43733716923582,46.728776925421606],[-72.4373465242912,46.728788568071906],[-72.4373558470072,46.72880022118748],[-72.43736514007882,46.72881188599983],[-72.43737440350603,46.728823563124685],[-72.43738363459389,46.7288352513306],[-72.43739283424071,46.72884695123324],[-72.43740200334481,46.72885866221682],[-72.43741114100789,46.72887038489721],[-72.43742024812825,46.728882119274296],[-72.43742932470586,46.728893864732356],[-72.43743836894414,46.72890562127143],[-72.4374473826397,46.728917390122895],[-72.43745636579254,46.72892917005532],[-72.43748444802664,46.72898484068446],[-72.43837985995577,46.7283512674652],[-72.43876985814649,46.72917996051822],[-72.43803601630603,46.72962577197973],[-72.4373703341378,46.72978774169688],[-72.43737533775392,46.72979765943839],[-72.43764627593183,46.730305234540545],[-72.43767789393489,46.730358742520934],[-72.43845433208945,46.729808051298626],[-72.43906932322453,46.729371855600775],[-72.44156838963256,46.72761947654469],[-72.44267518592783,46.72827070476822],[-72.44273343897905,46.728304978488566],[-72.44348289713238,46.72874593704365],[-72.44322291929927,46.7283633640206],[-72.44314270064271,46.728289409043704],[-72.44307081925031,46.72817610817721],[-72.44307027936283,46.72809992081219],[-72.4431832020856,46.727974237810045],[-72.4433161671207,46.72788280017855],[-72.44342804150956,46.727820122254215],[-72.44361695182393,46.72774339928708],[-72.44375128678982,46.72770253837273],[-72.44388489861193,46.72768382650452],[-72.44429399768052,46.72768321751279],[-72.44444572582695,46.7276959466087],[-72.44456341680726,46.72770191891322],[-72.4446895600361,46.72772671760918],[-72.44481400544903,46.72774179460484],[-72.44500731032177,46.727746162837946],[-72.44525557232693,46.727764534782665],[-72.44549237362574,46.72779450217217],[-72.44559478516138,46.72780089133792],[-72.45970907268465,46.717899613284544]]],[[[-72.4329153514886,46.72292599898969],[-72.43241439159738,46.721855731710704],[-72.43222008689973,46.72153008817278],[-72.43217861617462,46.721351996287716],[-72.43213626240563,46.721261511218216],[-72.43190405149795,46.72072208575829],[-72.43111700334156,46.7209708753261],[-72.43118220486149,46.721118098877184],[-72.43132059751753,46.72139278133784],[-72.4314856988836,46.7217109057642],[-72.43190077893536,46.72249975293747],[-72.43211607276962,46.722927203532564],[-72.43222796871804,46.72320851405046],[-72.43227280992207,46.72327314392606],[-72.43229592806591,46.72339179235236],[-72.43231091645642,46.72342656367117],[-72.43255323071611,46.72325797269322],[-72.43243762292894,46.7231298329997],[-72.4329153514886,46.72292599898969]]]]}},{"type":"Feature","properties":{"zone_code":"23-Af","prefix":"","kind":"unknown","n_lots":10,"source":"t2-gcp-claude48-vision-multisheet","confidence":"contour-autogcp-multisheet"},"geometry":{"type":"MultiPolygon","coordinates":[[[[-72.42238990179736,46.712940253346886],[-72.42155829540624,46.71309587055369],[-72.42100553236752,46.713167218798475],[-72.42112713461259,46.713082960008535],[-72.42091191174525,46.713097757152326],[-72.42086183336308,46.71282574688756],[-72.42095520605037,46.71282471950839],[-72.42097798463102,46.71254047841978],[-72.42134661818932,46.7125411270025],[-72.42134881187525,46.71240459924592],[-72.42135100825611,46.712267968281736],[-72.42136627512437,46.71199383498658],[-72.42137303764183,46.71185794211748],[-72.42137980285422,46.71172204829026],[-72.42135649516587,46.711583725434345],[-72.4213556327832,46.71152442861511],[-72.42127596299729,46.711528360837214],[-72.42087761945758,46.71154801701578],[-72.42084910243888,46.71127453913281],[-72.42082058452188,46.71100106109603],[-72.42063537167323,46.7107463271411],[-72.4205844479764,46.71061345426265],[-72.42132821979399,46.71051523688841],[-72.42124312598038,46.710318637757474],[-72.42132013226147,46.710304453351384],[-72.4212300914256,46.71003719782155],[-72.42160130314879,46.70996881994522],[-72.42159372945262,46.70995229723445],[-72.42146642919371,46.70975904076884],[-72.42132132342755,46.70957469980449],[-72.42125499362359,46.70942208209174],[-72.4212307606705,46.709357452256015],[-72.42121107409105,46.709274380046324],[-72.42119747808921,46.709196417847274],[-72.42119023137982,46.709124965180756],[-72.4211888075501,46.70903594965786],[-72.42119039577152,46.70899958784849],[-72.4208341742355,46.70873669994169],[-72.42100016403538,46.70862217840407],[-72.42082384181309,46.70840928203689],[-72.42050578789684,46.708069138278134],[-72.42020139645778,46.70777160613269],[-72.42008937923679,46.70770177718618],[-72.41953928868604,46.708081665029574],[-72.40796572424716,46.716072422970306],[-72.40949465416578,46.71740873504171],[-72.40955731075854,46.7173748226963],[-72.40999267207445,46.71775532115529],[-72.40993593807438,46.71779440725318],[-72.41333442649096,46.72076438564532],[-72.42231206098135,46.714523594197345],[-72.42218239635662,46.71370589383209],[-72.42238990179736,46.712940253346886]]],[[[-72.41586213747844,46.72729586042783],[-72.41506622834008,46.72642221979169],[-72.41376356338029,46.724992258494645],[-72.4125020125144,46.72360734288431],[-72.41449279865994,46.722219927794804],[-72.41305184255371,46.720960788452665],[-72.40965226358239,46.71798984655615],[-72.409595528684,46.7180289337159],[-72.40911871371095,46.71761220435536],[-72.40918137120202,46.717578293369556],[-72.40768229409692,46.71626806929211],[-72.40580912437153,46.714630768908286],[-72.40577789264405,46.71460245594351],[-72.4054587859023,46.71431317492435],[-72.40544990785236,46.71430510516913],[-72.40544105944679,46.71429702186252],[-72.40543224068566,46.71428892315671],[-72.40542344977229,46.71428080905174],[-72.40541468850331,46.714272680163546],[-72.40540595508212,46.71426453587614],[-72.40539725220366,46.7142563780373],[-72.4053885798679,46.71424820418339],[-72.4053799344816,46.714240016162066],[-72.40537131963802,46.71423181397339],[-72.40536273533719,46.714223597001414],[-72.40535417888408,46.7142153652461],[-72.40534565297374,46.7142071187075],[-72.40533715670779,46.714198858001495],[-72.40532869008622,46.71419058312812],[-72.40532025221077,46.71418229408727],[-72.40531184487801,46.71417398903131],[-72.405303468088,46.71416567103971],[-72.40529512004404,46.7141573382648],[-72.40528680344116,46.71414899193836],[-72.40527851468603,46.7141406320604],[-72.40527025737194,46.71413225678312],[-72.40526202970226,46.714123867954335],[-72.4052538325753,46.7141154661899],[-72.4052456650927,46.71410704902617],[-72.40523752905118,46.71409861892676],[-72.40522942265406,46.71409017527584],[-72.40522134590135,46.714081716841484],[-72.40521329969134,46.714073244855555],[-72.40520528402408,46.71406475993397],[-72.40519729979782,46.71405626084487],[-72.40518934521599,46.7140477488201],[-72.40518142207517,46.71403922324373],[-72.40517352857879,46.71403068288392],[-72.40516566652342,46.71402213020429],[-72.40515783590908,46.71401356520493],[-72.40515003583747,46.71400498480616],[-72.40514226451195,46.71399639331943],[-72.40513452552577,46.713987787049234],[-72.40512681798064,46.713979167843284],[-72.40511914097821,46.713970536317554],[-72.4051114936202,46.71396189185608],[-72.40510387860154,46.713953233227016],[-72.40509629502391,46.71394456289403],[-72.40508874288732,46.71393587900941],[-72.40508122219175,46.71392718280493],[-72.40507373203891,46.71391847304871],[-72.4050662724288,46.7139097509727],[-72.40505884515804,46.71390101719269],[-72.4050514493283,46.71389226986103],[-72.40504408404128,46.71388351020946],[-72.40503675019531,46.71387473823804],[-72.40502944779035,46.713865953330824],[-72.40502217862307,46.71385715610369],[-72.40501493999851,46.713848345940754],[-72.4050077337133,46.713839525305644],[-72.40500055797081,46.71383069111882],[-72.40499341456768,46.713821845228],[-72.40498630350389,46.7138129857854],[-72.40497922388113,46.713804115870666],[-72.40497217569941,46.713795234251904],[-72.40496515985703,46.71378634031322],[-72.4049581754557,46.713777434054585],[-72.40495122339374,46.71376851609194],[-72.4049443036711,46.71375958580931],[-72.4049374153895,46.71375064505452],[-72.40493055944725,46.71374169197976],[-72.40492373674267,46.71373272781688],[-72.40491694547913,46.71372375133401],[-72.40491018565659,46.713714763147046],[-72.40490345997006,46.713705763871985],[-72.40489676572457,46.713696752892844],[-72.4048901029201,46.713687732057366],[-72.40488347335331,46.7136786989019],[-72.4048768770242,46.71366965404238],[-72.40487031213608,46.71366059809464],[-72.40486378048566,46.713651531058765],[-72.40485728027626,46.71364245293471],[-72.40485081420286,46.71363336433834],[-72.40484438046879,46.71362426526977],[-72.40483797817575,46.71361515388112],[-72.40483160822207,46.7136060320202],[-72.40482527330269,46.713596900302896],[-72.40481897072266,46.71358775688148],[-72.40481269958366,46.71357860298773],[-72.40480646258064,46.7135694380058],[-72.40480025881529,46.71356026316751],[-72.40479408649097,46.71355107785686],[-72.40478794830263,46.71354188084204],[-72.40478184335197,46.713532675202714],[-72.40477577074064,46.713523459091064],[-72.40476973136698,46.71351423127522],[-72.4047637261293,46.71350499483481],[-72.40475775323098,46.713495747306126],[-72.40475181267202,46.7134864893051],[-72.40474590624902,46.71347722206356],[-72.404740033962,46.71346794434971],[-72.40473419401435,46.71345865616346],[-72.40472838730436,46.713449359352616],[-72.40472261473033,46.713440051453524],[-72.4047168762923,46.71343073431383],[-72.4047111692953,46.713421407933694],[-72.4047054973326,46.713412071081116],[-72.40469985860754,46.713402724987986],[-72.40469425312018,46.71339336903845],[-72.40468868087048,46.713384004464245],[-72.40468314275675,46.71337463003356],[-72.40467763967732,46.713365246362315],[-72.40467216803891,46.713355852218704],[-72.40466673143482,46.71334644945039],[-72.40466132717006,46.71333703744153],[-72.40465595973623,46.713327617423964],[-72.40465062464177,46.71331818693391],[-72.40464532278499,46.71330874720331],[-72.40464005506415,46.7132993000799],[-72.40463482058098,46.71328984309999],[-72.40462962203046,46.713280376263526],[-72.40462445581923,46.71327090203422],[-72.40461932464233,46.71326141918025],[-72.4046142267031,46.713251926469766],[-72.40460916379817,46.71324242636641],[-72.40460413413088,46.71323291640653],[-72.4045991385996,46.71322339905382],[-72.40459417810258,46.71321387246045],[-72.40458925174157,46.71320433847425],[-72.40458435861821,46.71319479524738],[-72.40457950142748,46.713185243395856],[-72.4045746954407,46.71317571802759],[-72.40456992358993,46.71316618649836],[-72.40456518497679,46.71315664449664],[-72.40456048049964,46.71314709510203],[-72.40455581015848,46.713137538314605],[-72.40455117395331,46.71312797351833],[-72.40454657368073,46.71311840132922],[-72.40454200664584,46.71310882051534],[-72.4045374737469,46.7130992323086],[-72.40453297588229,46.713089636093],[-72.40452851125531,46.71308003310051],[-72.40452408166264,46.71307042148321],[-72.40451968530765,46.71306080308898],[-72.40451532488527,46.71305117730184],[-72.40451099949718,46.71304154412178],[-72.40450670644843,46.71303190354882],[-72.4045024493323,46.713022256198904],[-72.40449822725047,46.713012601456036],[-72.40449403750799,46.71300293932026],[-72.40448988459642,46.712993270407516],[-72.40448576582084,46.71298359348592],[-72.40448168118124,46.71297391101914],[-72.40447763067762,46.71296422054354],[-72.40447361700492,46.71295452452275],[-72.40446963477328,46.71294482049313],[-72.40446569027088,46.712935110302425],[-72.40446177900613,46.71292539333468],[-72.40445790277566,46.712915668973984],[-72.40445406247783,46.712905940300026],[-72.40445025631598,46.71289620300117],[-72.40444648339178,46.712886461389104],[-72.4044427472985,46.71287671115214],[-72.40443904623955,46.712866955985994],[-72.40443537841823,46.71285719342684],[-72.40443174652955,46.7128474253225],[-72.40442814967514,46.71283765228893],[-72.40442458785505,46.71282787247833],[-72.40442106017093,46.71281808527471],[-72.40441756841942,46.71280829314184],[-72.4044141117022,46.71279849546378],[-72.40441069001929,46.71278869224051],[-72.40440730247235,46.71277888224021],[-72.40440395175634,46.712769067310596],[-72.4044006351763,46.71275924621988],[-72.40439735363057,46.71274941958391],[-72.40439410801744,46.71273958740276],[-72.4043908965403,46.71272975029236],[-72.40438772099579,46.712719907020784],[-72.40438458138387,46.71271005943583],[-72.40438147500961,46.71270020507381],[-72.40437840546628,46.71269034639845],[-72.40437537095725,46.712680482177824],[-72.40437237238083,46.71267061302795],[-72.4043694070421,46.71266073956468],[-72.40436647943257,46.71265086055619],[-72.40436358506074,46.712640976618395],[-72.4043607275198,46.71263108713536],[-72.40435790501319,46.71262119457081],[-72.40435511843918,46.71261129522912],[-72.40435236510282,46.71260139157407],[-72.40434964949574,46.71259148422161],[-72.40434696892292,46.712581571323845],[-72.4043443224861,46.71257165534461],[-72.40434171467682,46.71256173443606],[-72.40433914010522,46.71255180859815],[-72.40433660056792,46.712541878446864],[-72.40433409786154,46.71253194336625],[-72.40433163018943,46.712522006435975],[-72.40432919755165,46.712512063344505],[-72.40432680174479,46.71250211532366],[-72.40432444097223,46.712492165453185],[-72.40432211613228,46.712482211269325],[-72.40431982542829,46.712472252156125],[-72.40431757155524,46.71246228934544],[-72.4043153536148,46.712452323453206],[-72.40431317070868,46.712442354479435],[-72.40431102373513,46.71243237934446],[-72.40430891269422,46.7124224023598],[-72.4043068366876,46.712412421061735],[-72.40430479661359,46.71240243729802],[-72.4043027924722,46.7123924504528],[-72.40430082516173,46.71238245806228],[-72.40429889288555,46.712372464438005],[-72.40429699564366,46.712362466500316],[-72.40429513433439,46.71235246609702],[-72.40429330895773,46.71234246261216],[-72.40429152041199,46.71233245542979],[-72.40428976600225,46.71232244516591],[-72.40428804842342,46.712312432436356],[-72.40428636677721,46.71230241662528],[-72.40428472106362,46.71229239711664],[-72.40428311038431,46.712282377606186],[-72.40428153563762,46.71227235255041],[-72.40427999682353,46.712262326260905],[-72.40427849394207,46.712252296273824],[-72.40427702789154,46.71224226566898],[-72.4042755968753,46.712232230134745],[-72.40427420358827,46.712222194598645],[-72.40422680757555,46.71187667364166],[-72.40416677406344,46.71121711015968],[-72.40235620074367,46.71246632867255],[-72.40150852079718,46.71153525023253],[-72.40110403547588,46.71109095788876],[-72.4002522717881,46.710155339464464],[-72.38318700687842,46.72274154658114],[-72.38153522515815,46.72157741694983],[-72.37988386744273,46.72041351531303],[-72.37823293642704,46.7192498386077],[-72.37658243121281,46.71808638931356],[-72.37529918962606,46.71900929060517],[-72.3640871764278,46.72707089285255],[-72.36415190453559,46.727122077040875],[-72.3642824665773,46.727168485876476],[-72.36437249393845,46.727234784671566],[-72.36460259111027,46.72740299252892],[-72.36464685200264,46.72741222843773],[-72.36467618289498,46.727403368763376],[-72.36471403790104,46.727350888032596],[-72.36469490109056,46.72725375778202],[-72.36451740477018,46.72716413606972],[-72.36445006705648,46.727144385208526],[-72.36441797564126,46.727128281554826],[-72.36441620236691,46.72710540071278],[-72.36442946060218,46.72709091344877],[-72.36446272072558,46.72709177737676],[-72.36451802820099,46.72710522768092],[-72.36474784060687,46.727204818818386],[-72.36480756509854,46.72727720568514],[-72.36480814181694,46.7273181001732],[-72.36477523203651,46.727379615493895],[-72.3647688477098,46.72741146550088],[-72.36478968772606,46.72744276068216],[-72.36487920484413,46.72746262411955],[-72.3649642555386,46.72752335601983],[-72.36500904284372,46.72767398472922],[-72.36501904827935,46.727719536561175],[-72.36506801454719,46.727760678251144],[-72.36513223959841,46.72778872938541],[-72.36512486263331,46.727819188140856],[-72.36516918910267,46.727822186293785],[-72.36526543999211,46.727872578513725],[-72.36530331026955,46.72791435740119],[-72.36531387355896,46.72796431419135],[-72.36530397771779,46.72804258363609],[-72.36532269950663,46.72808357237103],[-72.36548372611458,46.728110035291614],[-72.36555385489386,46.728151976555736],[-72.36556873548653,46.728174925918886],[-72.36557116273445,46.7282317715787],[-72.36554659740467,46.728266994823414],[-72.36549981583964,46.72830557207934],[-72.36544418766566,46.72832261749108],[-72.36534515289716,46.72834498673798],[-72.36533085620941,46.72836224149485],[-72.36532651016007,46.72839202444093],[-72.36533427250244,46.728411628295106],[-72.36538422332382,46.72844455095627],[-72.36548075269098,46.72848845560609],[-72.36564086840724,46.72850590243281],[-72.36565487943072,46.728515677554775],[-72.36567765082485,46.72855530018518],[-72.36561778350105,46.72860847185229],[-72.36553073136012,46.7286535807837],[-72.36535532452112,46.72869830729441],[-72.36532875325334,46.728732138016504],[-72.3653282573833,46.728779270823466],[-72.36535815421428,46.72881269448257],[-72.36548523258931,46.72890483680437],[-72.3655171587145,46.72893688418251],[-72.36553189737337,46.72906935604149],[-72.36552029563148,46.72911781980263],[-72.36548151086909,46.72916268077725],[-72.36542082787501,46.729180396467854],[-72.36527596555229,46.72924482399694],[-72.36513737706353,46.729287793907424],[-72.36509266252195,46.72932084164604],[-72.3650708020195,46.729385890910585],[-72.36509711277586,46.729567642732064],[-72.3651459389065,46.729622652625686],[-72.36524309439942,46.72968414376725],[-72.3652805379771,46.729671163301916],[-72.36531459131288,46.72969282388599],[-72.36531814145488,46.72973859383288],[-72.36534121288634,46.72974980033057],[-72.36536427892787,46.72976170138225],[-72.36536175017036,46.72981021439638],[-72.3654566266374,46.72989665080008],[-72.36548619468499,46.72996126835276],[-72.36551022551714,46.72997733298486],[-72.36551500994435,46.73000161895587],[-72.36541186089184,46.73003021508464],[-72.3653783977492,46.7300480696471],[-72.36535377582558,46.73008815233937],[-72.36523273323093,46.73009239538776],[-72.36515960228196,46.730142631552525],[-72.36499607476428,46.73025480457042],[-72.36498099833886,46.73034554178489],[-72.36499564177632,46.73042113364203],[-72.36503357134256,46.73045636346153],[-72.36506932968075,46.73047908833309],[-72.36507687013925,46.73048669325383],[-72.36509626746117,46.73050626001849],[-72.36511979703342,46.73066513119556],[-72.36509515085528,46.73070729459885],[-72.36504640018312,46.73074032545874],[-72.36497513413669,46.730804441412545],[-72.36474778221638,46.73084697722302],[-72.36470317726925,46.73086893904201],[-72.36464808538952,46.730928980570226],[-72.3646375463546,46.730971912195294],[-72.36464233437506,46.73109118650707],[-72.36462388118251,46.7311195191432],[-72.36460561124625,46.731130520933036],[-72.36451073118593,46.73113836466345],[-72.36428100771329,46.7311184908809],[-72.36423659859888,46.73112173452507],[-72.36419001196826,46.731140219229296],[-72.36416862847123,46.73115952530498],[-72.36414809118722,46.73119408842769],[-72.36415269954462,46.73123501996824],[-72.36420214730944,46.73132748756405],[-72.36420856667046,46.73138784383186],[-72.36415343616316,46.731450665999446],[-72.3640654129434,46.731476572502714],[-72.36395132151243,46.731487787875096],[-72.36382454497132,46.73145802757299],[-72.36370063764925,46.73144284263325],[-72.36365804582668,46.73146412629968],[-72.36361313455404,46.73151382858779],[-72.36355041867249,46.73162516014309],[-72.36355089477958,46.73167509071477],[-72.3635561966364,46.731684713179625],[-72.37023592985024,46.73632183461984],[-72.37129833140415,46.736439407098906],[-72.37130944895411,46.736440650126916],[-72.37132056201249,46.73644191839717],[-72.37133166878267,46.73644321129401],[-72.37134277016294,46.73644452820175],[-72.37135386256007,46.7364458703517],[-72.37136495136394,46.736447237743945],[-72.37137603298129,46.73644862853141],[-72.3713871074121,46.73645004456108],[-72.37139817555473,46.73645148460168],[-72.37140923651081,46.736452950500166],[-72.37142029028038,46.73645444040953],[-72.37143133686345,46.73645595494546],[-72.37144237805661,46.73645749472363],[-72.37145341026661,46.73645905789701],[-72.37146443439177,46.73646064569694],[-72.37147545402534,46.73646225873911],[-72.37148646198085,46.7364638957921],[-72.37149746544476,46.73646555808737],[-72.37150845812889,46.73646724377783],[-72.37151944542313,46.73646895471051],[-72.37153042463252,46.73647068965402],[-72.37154139396047,46.73647244983979],[-72.37155235520358,46.73647423403637],[-72.37156330836183,46.736476042243865],[-72.37157425343526,46.73647787507789],[-72.37158518952552,46.73647973192272],[-72.37159611573432,46.73648161400981],[-72.37160703385828,46.7364835201077],[-72.37161794389742,46.73648544898518],[-72.37162884405507,46.73648740433611],[-72.37163973433125,46.73648938246659],[-72.37165061562428,46.73649138522358],[-72.37166148793418,46.73649341260708],[-72.37167234946428,46.736495464617086],[-72.37168320201123,46.73649753940658],[-72.37169404467672,46.73649963943825],[-72.37170487835903,46.73650176348076],[-72.37171570215989,46.736503911534086],[-72.37172651248602,46.73650608359827],[-72.3717373147273,46.73650827844193],[-72.37174810708713,46.73651049852776],[-72.37175888866717,46.73651274385569],[-72.37176965856911,46.736515011347464],[-72.3717804194879,46.73651730285009],[-72.37179116872859,46.736519619594816],[-72.37180190629118,46.736521958503324],[-72.37181263307399,46.73652432265402],[-72.37182334997533,46.73652671081552],[-72.37183405340194,46.73652912175645],[-72.37184474784539,46.736531556708165],[-72.37185542881413,46.73653401567071],[-72.37186609810476,46.73653649864405],[-72.3718767566156,46.73653900562815],[-72.37188740434667,46.73654153723866],[-72.37189803770468,46.736544091013016],[-72.37190866028291,46.736546668798134],[-72.37191926938642,46.73654926997834],[-72.37192986771015,46.73655189393796],[-72.37194045255914,46.736554543139725],[-72.37195102662835,46.736557213889554],[-72.37196158722281,46.73655990988148],[-72.37197213344427,46.736562629884155],[-72.37198266978423,46.7365653720506],[-72.37199318995452,46.73656813822782],[-72.37200369844672,46.73657092718438],[-72.3720141952608,46.736573740151734],[-72.37202467590522,46.736576576514175],[-72.37203514487155,46.73657943627162],[-72.37204560036315,46.736582319424166],[-72.3720560414817,46.736585224124774],[-72.37206646912551,46.73658815468312],[-72.37207688239629,46.73659110617385],[-72.37208728309064,46.736594082290914],[-72.37209766851365,46.73659708118742],[-72.37210804136024,46.73660010224761],[-72.37211839713882,46.73660314731849],[-72.372128740341,46.73660621578443],[-72.37213907006846,46.73660930641403],[-72.37214938362622,46.736612420438696],[-72.37215968281097,46.736615557858364],[-72.37216996672434,46.73661871744173],[-72.37218023716298,46.73662189980447],[-72.37219049143195,46.73662510556219],[-72.37220072953124,46.73662833348361],[-72.3722109532575,46.7366315860313],[-72.37222116261069,46.736634858895755],[-72.37223135579421,46.736638155770805],[-72.37224153280806,46.73664147604087],[-72.37225169455057,46.73664481662758],[-72.37226184102171,46.736648181840614],[-72.37227197222148,46.73665156798595],[-72.37228208545494,46.73665497875763],[-72.37229218341706,46.736658411077244],[-72.37230226431117,46.73666186494483],[-72.37231232903562,46.7366653422074],[-72.37232237938701,46.73666884101794],[-72.37233241267043,46.736672363223406],[-72.37234242798753,46.73667590820818],[-72.37235242713496,46.73667947289393],[-72.37236240921439,46.73668306220589],[-72.37237237512416,46.7366866730658],[-72.3723823221693,46.73669030608937],[-72.37239225394308,46.736693961276494],[-72.37240216775056,46.73669763801155],[-72.37241206449004,46.7367013369102],[-72.37242194326322,46.73670505920374],[-72.37243180407009,46.73670880242957],[-72.37244164780897,46.73671256843462],[-72.37245147358155,46.73671635414059],[-72.37246128228614,46.73672016324143],[-72.37247107302441,46.73672399327455],[-72.37248084399977,46.73672784731821],[-72.3724905970088,46.73673172044706],[-72.37250033294987,46.73673561758648],[-72.37251005002628,46.73673953442682],[-72.37251974823809,46.73674347343064],[-72.3725294284836,46.73674743459802],[-72.37253908986446,46.7367514173133],[-72.37254873238072,46.73675542034505],[-72.37255835603237,46.73675944554037],[-72.37256795992107,46.73676349228355],[-72.37257754494514,46.73676756057452],[-72.37258711200295,46.73677164918203],[-72.37259665839946,46.736775760568726],[-72.37260618593136,46.736779892271905],[-72.37261569459865,46.73678404552296],[-72.37262518260468,46.736788219706106],[-72.37263465174608,46.73679241543713],[-72.37264409932791,46.73679663148461],[-72.37265352894346,46.73680086846423],[-72.37266293789776,46.736805127607354],[-72.3726723270891,46.7368094058356],[-72.37268169472088,46.73681370561164],[-72.37269104438636,46.73681802755113],[-72.37270037069564,46.73682236980711],[-72.3727096781403,46.73682673176384],[-72.3727189649237,46.73683111465272],[-72.37272823104587,46.736835518473654],[-72.37273747740507,46.73683994384239],[-72.37274670130643,46.73684438768057],[-72.3727559045465,46.73684885368217],[-72.37276508712533,46.736853340000216],[-72.37277424904293,46.73685784663467],[-72.3727833876043,46.73686237296984],[-72.37279250640275,46.73686692085278],[-72.37280160364165,46.73687148782077],[-72.37281067932095,46.73687607572084],[-72.37281973433902,46.736880682706],[-72.37282876600088,46.73688531062319],[-72.37283777520487,46.73688995885679],[-72.37284676284928,46.73689462679108],[-72.37285572983247,46.73689931504176],[-72.37286467435774,46.73690402360884],[-72.37287359732346,46.73690875064524],[-72.37288249513635,46.736913498613696],[-72.37289137318629,46.736918265667185],[-72.37290022788004,46.736923053036996],[-72.3729090592176,46.7369278601075],[-72.37291786989391,46.73693268687871],[-72.3729266563157,46.73693753273492],[-72.37293542027962,46.73694239890744],[-72.37294416088734,46.73694728416497],[-72.37295287813886,46.73695218789181],[-72.37296157293248,46.736957111935],[-72.37297024347161,46.73696205629451],[-72.37297889155286,46.73696701789199],[-72.37298751627789,46.736972001037095],[-72.37299611764674,46.73697700080448],[-72.37300469565938,46.73698202088822],[-72.37301324941753,46.736987061288225],[-72.37302177892114,46.73699211892617],[-72.37303028506857,46.73699719626479],[-72.37303876696147,46.73700229207263],[-72.3730472254982,46.73700740696545],[-72.37305565978039,46.73701254094318],[-72.3730640698081,46.73701769400582],[-72.37307245558127,46.737022864922096],[-72.37308081620162,46.737028054307636],[-72.37308915256746,46.73703326339375],[-72.37309746557709,46.73703849033343],[-72.37310575163727,46.73704373512667],[-72.37311401434125,46.73704899900487],[-72.37312225279074,46.7370542819679],[-72.37313046429074,46.737059580937526],[-72.37313865243455,46.73706490145471],[-72.37314681542554,46.73707023797847],[-72.37315495416202,46.73707559297138],[-72.37316306594904,46.73708096643354],[-72.37317115258323,46.73708635713359],[-72.37317921406458,46.73709176630283],[-72.37318725129143,46.73709719394125],[-72.3731952606705,46.73710263820189],[-72.37320324579507,46.73710810093169],[-72.37321120397017,46.73711358213066],[-72.37321913699243,46.73711908118316],[-72.37322704486189,46.73712459624215],[-72.37323492488356,46.73713012915471],[-72.3732427806507,46.73713568115202],[-72.37325060946841,46.73714124915585],[-72.37325841223497,46.737146835013185],[-72.37326618805209,46.73715243810831],[-72.37327393781804,46.73715805844127],[-72.37328166153284,46.737163696012],[-72.3732893582982,46.73716935205189],[-72.37329702721577,46.73717502348259],[-72.37330467098053,46.73718071215111],[-72.37331228689752,46.73718641805736],[-72.37450164824885,46.73808034104816],[-72.37450736333068,46.738084618559576],[-72.3745131062603,46.73808887883258],[-72.37451887703767,46.73809312186713],[-72.37452467296788,46.73809734766324],[-72.37453049584757,46.73810155560534],[-72.37453634388005,46.73810574815588],[-72.37454221886202,46.73810992162111],[-72.37454812169176,46.73811407784791],[-72.374554048776,46.73811821683633],[-72.37456000370801,46.73812233673936],[-72.37456598379288,46.738126440635334],[-72.37457198903053,46.738130526061575],[-72.37457801942102,46.73813459301814],[-72.37458407586267,46.73813864273635],[-72.37459015835547,46.73814267521615],[-72.37459626600109,46.738146687994984],[-72.37460239879952,46.7381506816885],[-72.3746085558525,46.73815465875928],[-72.3746147398549,46.73815861797607],[-72.37462094811184,46.73816255810754],[-72.37462718062326,46.738166479153726],[-72.37463343738924,46.73817038173027],[-72.3746397184097,46.738174265837124],[-72.37464602548133,46.738178132090056],[-72.3746523550108,46.738181979257654],[-72.37465870969312,46.73818580610866],[-72.37466508862995,46.73818961510576],[-72.37467149092298,46.73819340501753],[-72.37467791657221,46.73819717522843],[-72.37468436647595,46.738200926969675],[-72.37469083973588,46.73820466024131],[-72.37469733725034,46.738208373196436],[-72.37470385722267,46.73821206645065],[-72.3747104014495,46.73821574123527],[-72.37471696723593,46.73821939508773],[-72.37472355727685,46.73822303047056],[-72.37473016977566,46.73822664615254],[-72.37473680563066,46.73823024213364],[-72.37474346214692,46.73823381841385],[-72.37475014201937,46.73823737314627],[-72.37475684434969,46.73824091002477],[-72.37476356913791,46.73824442658675],[-72.3747703154857,46.738247922216594],[-72.37477708518968,46.73825139937689],[-72.3747838746566,46.73825485437376],[-72.37479068747972,46.738258291516686],[-72.37479752096408,46.73826170526492],[-72.37480437600802,46.73826510115927],[-72.37481125350983,46.73826847550586],[-72.37481815077459,46.73827183076726],[-72.3748250695989,46.738275163249604],[-72.37483200818615,46.73827847664676],[-72.37483896833298,46.738281768496186],[-72.37484595093768,46.738285039413505],[-72.37485295150869,46.73828829063001],[-72.37485997453757,46.73829152029877],[-72.37486701643108,46.73829472965113],[-72.37487407898585,46.73829791684009],[-72.37488116130355,46.738301084943906],[-72.37488826428252,46.73830422965304],[-72.37489538612608,46.7383073546614],[-72.3749025277326,46.738310457506415],[-72.37490968820373,46.73831354003497],[-72.37491686933612,46.73831659978457],[-72.37492406843478,46.73831963983337],[-72.37493128819473,46.738322657103176],[-72.37493852592095,46.73832565405659],[-72.37494578341014,46.7383286288467],[-72.37495305706899,46.73833158208908],[-72.37496035138912,46.738334513783784],[-72.37496766367552,46.73833742269949],[-72.37497499482656,46.73834031068318],[-72.37498234304559,46.73834317711923],[-72.37498970923092,46.73834602077626],[-72.37499709338255,46.73834884288568],[-72.37500449460218,46.738351642831724],[-72.37501191468643,46.73835442184582],[-72.37501935183866,46.73835717808095],[-72.37502680605888,46.738359912152774],[-72.3750342773471,46.738362622829975],[-72.37504176480499,46.738365313190855],[-72.37504927112751,46.73836798015716],[-72.37505679182307,46.738370624960176],[-72.37506433228157,46.73837324698425],[-72.37507188711311,46.73837584622944],[-72.375079457216,46.73837842392699],[-72.3750870452852,46.738380979461255],[-72.37509464952407,46.73838351098534],[-72.375102268136,46.738386021577405],[-72.37510990291761,46.73838850815929],[-72.37511755386889,46.73839097134663],[-72.37512522009152,46.738393413602026],[-72.37513290158552,46.73839583123159],[-72.37514059835087,46.73839822731355],[-72.37514831038759,46.7384006006166],[-72.37515603500073,46.738402949293835],[-72.37516377758016,46.73840527642347],[-72.37517153273599,46.738407579542944],[-72.37517930226488,46.73840986049918],[-72.37518708706514,46.7384121174453],[-72.37519488623843,46.73841435222813],[-72.37520269888645,46.738416563616475],[-72.37521052590755,46.738418750379026],[-72.37521836550503,46.738420914362685],[-72.37522621857724,46.738423055567516],[-72.37523408692081,46.73842517337782],[-72.37524196694248,46.73842726779363],[-72.37524985954057,46.73842933881497],[-72.37525776561338,46.73843138582618],[-72.37526568605925,46.73843340944287],[-72.37527361908151,46.738435408433794],[-72.37528156288359,46.73843738587715],[-72.37528951926204,46.738439338694775],[-72.37529748911523,46.73844126750225],[-72.37530546884992,46.73844317291526],[-72.37531346295762,46.73844505370252],[-72.37532146784513,46.73844691171092],[-72.37532948441073,46.73844874570921],[-72.37533751085779,46.738450555697405],[-72.37534555167788,46.7384523416755],[-72.37535360148114,46.73845410364349],[-72.37536166386083,46.73845584221699],[-72.37536973522364,46.738457556164796],[-72.3753778191629,46.73845924671812],[-72.3753859129836,46.73846091326135],[-72.37539401578746,46.73846255517885],[-72.37540212937111,46.73846417308625],[-72.37541025463285,46.73846576636792],[-72.37541838887778,46.738467335023856],[-72.37542653300412,46.738468880900975],[-72.37543468791026,46.73847040215241],[-72.37544285090125,46.73847189939374],[-72.37545102287541,46.73847337139372],[-72.37545920652762,46.73847481938363],[-72.37546739736639,46.738476243363436],[-72.37547559628999,46.73847764210191],[-72.37548380419675,46.73847901744593],[-72.37549202108664,46.73848036754863],[-72.37550024785803,46.73848169364126],[-72.37550848181591,46.73848299510815],[-72.37551672296034,46.73848427133372],[-72.3755249739862,46.73848552416487],[-72.37553322950369,46.738486752370335],[-72.37554149669924,46.73848795533443],[-72.37554976928469,46.73848913428847],[-72.37619040911777,46.73857941130963],[-72.3762011960877,46.7385809196295],[-72.37621199024416,46.73858240147675],[-72.3762227906888,46.73858385931396],[-72.37623360011663,46.73858529375682],[-72.37624441493435,46.738586701727044],[-72.37625523693855,46.73858808691856],[-72.37626606523101,46.738589446868765],[-72.37627690070995,46.738590781577656],[-72.3762877424771,46.73859209166092],[-72.37629859053249,46.738593377118484],[-72.37630944397773,46.738594639181734],[-72.37632030371122,46.738595874772386],[-72.3763311697329,46.738597085737375],[-72.37634204204278,46.73859827392362],[-72.37635291794592,46.73859943625296],[-72.3763638010356,46.73860057334103],[-72.37637469041347,46.738601685187774],[-72.37638558248628,46.73860277302456],[-72.37639648264394,46.738603836235704],[-72.37640738459824,46.7386048742055],[-72.37641829373904,46.73860588816536],[-72.37642920826973,46.73860687626831],[-72.37644012729203,46.73860784036123],[-72.37645104811094,46.738608779212875],[-72.37646197611636,46.73860969343891],[-72.37647290861338,46.73861058242367],[-72.37648384380532,46.738611446782784],[-72.37649478348887,46.73861228528497],[-72.37650572676564,46.73861309977723],[-72.37651667543233,46.73861388964381],[-72.37652762679396,46.73861465365349],[-72.37653858174885,46.7386153936532],[-72.376549540297,46.73861610841168],[-72.3765605015401,46.738616798544484],[-72.37657146727477,46.73861746282041],[-72.37658243570439,46.73861810370197],[-72.37659340772726,46.738618718726634],[-72.37660438064844,46.73861930912569],[-72.37661535895955,46.738619873052215],[-72.37662633906727,46.738620412968764],[-72.37663732007331,46.7386209282597],[-72.37664830557091,46.73862141830936],[-72.37665929286514,46.73862188311774],[-72.37667028195602,46.73862232330056],[-72.37668127374184,46.738622738242114],[-72.37669226732429,46.73862312794238],[-72.37670326090674,46.73862349301705],[-72.37671425808244,46.73862383346614],[-72.37672525795308,46.738624148058264],[-72.37673625692543,46.73862443864048],[-72.3767472576944,46.73862470213451],[-72.37675826026,46.73862494223419],[-72.3767692628256,46.73862515770829],[-72.37678026718783,46.73862534670984],[-72.37679127334668,46.738625511701414],[-72.37680227860724,46.73862565145178],[-72.37681322278236,46.73862576472957],[-72.37682416785577,46.738625854613055],[-72.37683511292919,46.73862591863961],[-72.3768460580026,46.73862595865622],[-72.37685700307604,46.73862597404726],[-72.37686794814947,46.73862596358133],[-72.37687889412119,46.738625929721145],[-72.3768898391946,46.73862587000404],[-72.37690078516634,46.73862578504567],[-72.37691172934147,46.73862567730864],[-72.37692267171992,46.73862554309909],[-72.37693361499672,46.738625384263884],[-72.37694455827351,46.738625201418756],[-72.37695549885535,46.73862499394797],[-72.3769664394372,46.73862476123596],[-72.3769773782224,46.73862450328269],[-72.37698831610932,46.738624221319455],[-72.37699925219958,46.738623914115],[-72.37701018739153,46.73862358351618],[-72.37702112078686,46.738623226444844],[-72.37703205238554,46.738622844747844],[-72.3770429812893,46.73862243965657],[-72.37705391019306,46.738622008708376],[-72.3770648337069,46.738621552518914],[-72.37707575811908,46.73862107355078],[-72.37708667803967,46.73862056749448],[-72.37709759616362,46.738620038659455],[-72.37710851249098,46.73861948396756],[-72.37711942612336,46.738618905881296],[-72.37713033706079,46.73861830193816],[-72.37714124440497,46.73861767398503],[-72.37715214725758,46.73861702079064],[-72.37716304831355,46.73861634297063],[-72.37717394667457,46.73861564114064],[-72.37718483964572,46.73861491406937],[-72.37719573171853,46.738614162372514],[-72.37720661840146,46.738613386049984],[-72.37721750238946,46.738612585101876],[-72.37722838008922,46.738611759528084],[-72.37723925778899,46.738610909328706],[-72.37725012740393,46.73861003511934],[-72.37726099522223,46.738609135053046],[-72.37727185675233,46.738608211592414],[-72.3772827164858,46.73860726350615],[-72.37729356903276,46.73860628956294],[-72.37730441798645,46.738605292225394],[-72.37731526155022,46.7386042702622],[-72.37732610062245,46.738603223673415],[-72.3773369352031,46.73860215245893],[-72.37734776439385,46.73860105661882],[-72.3773585872964,46.738599936768736],[-72.37736940570734,46.73859879167732],[-72.37738021872842,46.738597622575945],[-72.37739102456298,46.73859642884888],[-72.37740182680427,46.73859521172746],[-72.37741262096073,46.73859396874912],[-72.37742341152392,46.73859270176077],[-72.37743419400228,46.73859141076238],[-72.37744497019243,46.73859009513838],[-72.37745574099267,46.73858875488865],[-72.3774665046064,46.73858739001332],[-72.37747726283025,46.73858600112793],[-72.37748801386758,46.73858458700126],[-72.37749875771839,46.73858315009587],[-72.37750949528098,46.73858168918042],[-72.3775202238604,46.738580203639295],[-72.37753094704996,46.73857869224124],[-72.37754166215466,46.73857715744876],[-72.37755237007286,46.7385755992619],[-72.3775630699062,46.738574015833755],[-72.37757376434966,46.73857240839554],[-72.37758444891165,46.73857077694728],[-72.3775951262871,46.738569121488986],[-72.37760579557774,46.73856744202065],[-72.37761645678353,46.73856573792662],[-72.37762711080279,46.73856400982251],[-72.37763775494061,46.73856225770839],[-72.37764839099357,46.73856048219982],[-72.3776590189617,46.73855868083431],[-72.37766963704836,46.738556857921296],[-72.37768024794849,46.73855500791997],[-72.37769084806884,46.73855313698684],[-72.377701441901,46.73855124019669],[-72.37771202405503,46.73854931939648],[-72.37772259902256,46.738547376433125],[-72.37773316231198,46.73854540699713],[-72.37774371841489,46.73854341539797],[-72.377754263738,46.738541399173094],[-72.37776479828133,46.7385393601694],[-72.37777532473986,46.73853729654001],[-72.37778583952024,46.738535209516144],[-72.3777963462158,46.73853309848221],[-72.37780684213159,46.73853096282252],[-72.37781732726758,46.738528804384046],[-72.3778278025221,46.738526621935435],[-72.37783826789517,46.738524415476725],[-72.37784872069182,46.73852218685488],[-72.37785916540362,46.73851993299162],[-72.37786959753902,46.73851765696517],[-72.3778800179963,46.7385153556973],[-72.37789042857214,46.73851303226624],[-72.37790082746987,46.73851068420946],[-72.37791121558783,46.73850831214251],[-72.37792159112934,46.7385059179124],[-72.37793195768774,46.73850349905651],[-72.37794230987308,46.738501058037365],[-72.3779526512786,46.73849859300813],[-72.37796298100606,46.738496104584364],[-72.37797329905543,46.73849359338178],[-72.37798360542668,46.738491058169046],[-72.3779938983232,46.738488499561775],[-72.37800417954163,46.73848591817566],[-72.37801444728532,46.73848331277936],[-72.37802470424923,46.738480684604205],[-72.37803494773841,46.73847803365015],[-72.37804517775287,46.73847535868598],[-72.37805539608922,46.73847266094287],[-72.37806560184919,46.73846994103655],[-72.37807579413439,46.738467196504395],[-72.37933155625659,46.738127473073554],[-72.38046356017702,46.73782121298376],[-72.38047384768366,46.73781844317695],[-72.38048414776671,46.73781569738031],[-72.38049446042616,46.7378129743626],[-72.38050478566205,46.73781027535506],[-72.3805151261693,46.737807599126455],[-72.38052547655798,46.73780494629237],[-72.38053584131974,46.73780231623722],[-72.38054621955621,46.73779971142354],[-72.38055660767415,46.737797129388795],[-72.38056701106346,46.73779457136426],[-72.38057742523254,46.73779203673428],[-72.38058785018143,46.737789524267576],[-72.3805982877067,46.73778703765807],[-72.38060873691009,46.737784573827476],[-72.38061920048654,46.73778213339148],[-72.38062967304612,46.73777971758133],[-72.38064015728378,46.73777732455015],[-72.3806506549962,46.73777495552924],[-72.38066116259009,46.737772610518526],[-72.38067168096373,46.737770289518096],[-72.38068221191382,46.73776799252787],[-72.38069275184705,46.73776571954793],[-72.38070330435669,46.73776347057825],[-72.38071386674778,46.737761245003156],[-72.3807244399187,46.73775904282272],[-72.38073502386936,46.737756865883846],[-72.38074561859983,46.73775471295519],[-72.38075622141513,46.73775258280553],[-72.38076683680684,46.73775047789746],[-72.38077746118171,46.737748395768335],[-72.38078809543804,46.73774633888082],[-72.38079874047416,46.737744307234884],[-72.38080939449343,46.737742298367955],[-72.38082005749584,46.73774031289561],[-72.38083073037974,46.73773835328053],[-72.38084141314509,46.73773641644446],[-72.3808521039953,46.73773450423434],[-72.38086280652358,46.73773261603451],[-72.38087351534008,46.73773075430758],[-72.38088423403808,46.73772891412835],[-72.38089496082087,46.73772709919073],[-72.38090569658684,46.7377253094947],[-72.38091644223425,46.7377235425777],[-72.38092719506821,46.73772180151798],[-72.38093795598701,46.73772008446853],[-72.38094872588893,46.73771839142944],[-72.38095950387572,46.737716722400656],[-72.38097028994733,46.73771507922918],[-72.38098108140883,46.737713459452316],[-72.3809918827518,46.737711864301474],[-72.38100269217964,46.73771029439223],[-72.38101350789564,46.73770874849337],[-72.38102433169651,46.737707226604776],[-72.38103516268389,46.73770573057355],[-72.3810460008578,46.737704257936954],[-72.38105684531992,46.73770280992635],[-72.38106769786684,46.73770138777305],[-72.3810785558037,46.737699989014445],[-72.38108942092705,46.73769861488187],[-72.38110029233862,46.737697265990874],[-72.3811111700384,46.737695941725924],[-72.38112205492469,46.73769464208699],[-72.38113294699752,46.737693365842745],[-72.38114384266359,46.73769211607143],[-72.38115474461789,46.73769088969481],[-72.38116565286037,46.73768968979119],[-72.38117656828939,46.73768851389792],[-72.38118748731168,46.73768736324634],[-72.38119841262215,46.737686235989436],[-72.38120934332254,46.737685133974225],[-72.3812202794128,46.737684057200646],[-72.38123121999465,46.7376830050531],[-72.38124216506807,46.73768197814722],[-72.38125311732801,46.73768097525172],[-72.38126407138459,46.73767999821356],[-72.38127503262768,46.737679045185764],[-72.38128599656574,46.737678117399625],[-72.38129696589367,46.73767721423951],[-72.38130793971318,46.73767633632109],[-72.38131891712594,46.73767548241304],[-72.38132989813198,46.737674654362344],[-72.38134088273127,46.7376738515533],[-72.38135187272046,46.737673072139025],[-72.3813628654046,46.73767231919772],[-72.38137386258029,46.73767158965112],[-72.38138486245096,46.73767088657752],[-72.38139586591487,46.73767020874565],[-72.38140687207374,46.737669554308454],[-72.38141788092753,46.73766892572863],[-72.3814288924763,46.73766832177485],[-72.38143990941494,46.737667742447115],[-72.38145092725189,46.73766718959235],[-72.38146194688548,46.73766665951666],[-72.38147297011234,46.737666156529656],[-72.38148399603413,46.737665677553046],[-72.38149502375255,46.73766522381809],[-72.38150605326763,46.73766479594051],[-72.38151708547763,46.73766439145766],[-72.38152811768764,46.737664013447834],[-72.3815391543892,46.73766366006402],[-72.38155019109078,46.73766333069064],[-72.38156123048732,46.73766302655893],[-72.38157227078216,46.73766274766892],[-72.38158331017868,46.73766249463625],[-72.38159435406678,46.73766226684529],[-72.38160539705657,46.73766206368038],[-72.38161644094468,46.73766188514153],[-72.3816274857311,46.7376617318444],[-72.38163853231416,46.73766160378892],[-72.38164957799887,46.73766149974389],[-72.38166062637856,46.73766142217181],[-72.38167167206329,46.73766136922581],[-72.38168271954467,46.737661340905845],[-72.38169376792433,46.737661337827575],[-72.38170481450739,46.73766136122236],[-72.38171586198874,46.73766140801182],[-72.38172690857179,46.73766148004304],[-72.38173795515485,46.7376615779316],[-72.38174900083959,46.73766170044615],[-72.38176004652432,46.73766184820248],[-72.38177109131072,46.737662019969186],[-72.38178213430051,46.73766221697756],[-72.381793176392,46.73766244045894],[-72.38180421848347,46.73766268856642],[-72.3818152587783,46.73766296006861],[-72.38182629907315,46.73766325865942],[-72.38183733487642,46.737663581260655],[-72.38184837157799,46.73766392910362],[-72.38185940558462,46.737664301572615],[-72.3818704368963,46.73766470051456],[-72.381881468208,46.73766512223567],[-72.38189249592644,46.73766557042971],[-72.38190352274654,46.73766604324985],[-72.38191454597339,46.73766654131165],[-72.38192483886992,46.737667029523045],[-72.38193512907151,46.73766753928222],[-72.38194541747646,46.73766807058918],[-72.38195570228815,46.73766862344393],[-72.38196598620152,46.73766919846208],[-72.38197626652162,46.73766979564371],[-72.3819865441468,46.73767041252614],[-72.381996819077,46.737671053419],[-72.3820070922106,46.737671715859584],[-72.3820173608526,46.737672399848],[-72.38202762679968,46.73767310476853],[-72.3820378891535,46.73767383246812],[-72.38290025565657,46.73773586174347],[-72.38500424210432,46.737965923032256],[-72.388654944215,46.73839332310256],[-72.39429592941468,46.73905349385962],[-72.39871583464864,46.739617393805325],[-72.41586213747844,46.72729586042783]]],[[[-72.4097552715994,46.71186574676603],[-72.40848785563301,46.710486515845915],[-72.40489492777151,46.71296745480849],[-72.40489916063312,46.71297681699121],[-72.40490342763071,46.71298617178116],[-72.4049077287643,46.71299551794639],[-72.40491206583049,46.71300485795069],[-72.40491643793098,46.713014188714375],[-72.40492084416745,46.71302351393306],[-72.40492528543821,46.713032831143],[-72.40492976084496,46.71304213788051],[-72.404934271286,46.713051439073],[-72.40493881765966,46.71306073225678],[-72.40494339727097,46.71307001620001],[-72.40494801191659,46.71307929213448],[-72.40495266069819,46.71308856006024],[-72.40495734451407,46.713097819977364],[-72.40496206246594,46.71310707188574],[-72.40496681545213,46.71311631516948],[-72.40497160257428,46.71312554921269],[-72.40497642203577,46.71313477586315],[-72.40498128012482,46.71314399388896],[-72.40498617055323,46.71315320329018],[-72.40499109421928,46.713162402834975],[-72.40499605291967,46.71317159498699],[-72.40500104575602,46.71318077913033],[-72.40500607362665,46.71318995218541],[-72.40501113473496,46.71319911784773],[-72.40501623087756,46.71320827426952],[-72.40502136115616,46.71321742083488],[-72.40502652557075,46.71322656000755],[-72.40503172322296,46.71323568870786],[-72.40503695501117,46.71324480878361],[-72.40504222093537,46.71325392023478],[-72.40504752189386,46.71326302121357],[-72.40505285609004,46.713272112951955],[-72.40505822262554,46.713281194833904],[-72.40506362419534,46.713290268091306],[-72.40506906079943,46.71329933087638],[-72.4050745306412,46.71330838565287],[-72.40508003372064,46.71331742995705],[-72.40508557003773,46.71332646378888],[-72.4050911404908,46.71333548899622],[-72.40509674418153,46.71334450311534],[-72.40510238200828,46.713353507994],[-72.40510805397098,46.71336250301632],[-72.40511375827305,46.71337148695042],[-72.40511949581276,46.71338046164412],[-72.40512526928507,46.71338942709739],[-72.40513107330014,46.71339838084651],[-72.40513691324779,46.713407324739336],[-72.40514278373816,46.71341625877579],[-72.40514869016117,46.71342518172409],[-72.4051546280252,46.71343409481605],[-72.4051606000252,46.71344299805172],[-72.40516660436457,46.713451888967334],[-72.4051726428399,46.713460770642605],[-72.40517871365459,46.713469641229715],[-72.40518481770695,46.71347850072868],[-72.40519095589529,46.713487349755376],[-72.40519712552465,46.71349618769397],[-72.40520332839168,46.71350501516037],[-72.40520956449639,46.71351383215458],[-72.40521583383877,46.71352263621285],[-72.40522213552049,46.71353143103081],[-72.40522846954156,46.71354021291289],[-72.4052348376986,46.71354898493869],[-72.40524123729669,46.713557745876386],[-72.40524767013244,46.71356649511008],[-72.40525413530753,46.71357523263975],[-72.40526063192367,46.71358395784946],[-72.4052671635741,46.7135926738189],[-72.40527372666556,46.71360137685249],[-72.40528032119808,46.71361006879797],[-72.40528694896824,46.71361874780766],[-72.40529360907775,46.71362741696112],[-72.40530030152661,46.71363607317876],[-72.40530702631483,46.71364471769242],[-72.40531378164577,46.7136533498862],[-72.405320572011,46.71366197099196],[-72.40532739291896,46.713670581009666],[-72.40533424616625,46.71367917809159],[-72.40534113085458,46.71368776100587],[-72.40534804788228,46.71369633406395],[-72.40535499724932,46.71370489418631],[-72.40536197895571,46.71371344198879],[-72.40536899210313,46.713721978087335],[-72.40537603669159,46.7137305006342],[-72.40538311272107,46.71373901209307],[-72.40539022198824,46.71374751000032],[-72.40539736089981,46.71375599497179],[-72.4054045312524,46.71376446885528],[-72.40541173574097,46.71377292857118],[-72.40541897077229,46.7137813759673],[-72.40542623544796,46.71378981165958],[-72.40543353425966,46.7137982325683],[-72.40544086271575,46.713806641773196],[-72.40544822351119,46.7138150380424],[-72.40545561574766,46.71382342199185],[-72.40546303762854,46.71383179115777],[-72.40547049095045,46.713840148004],[-72.40547797751002,46.71384849191452],[-72.40548549281569,46.7138568216575],[-72.40549304135904,46.71386513969669],[-72.40550061954676,46.71387344295244],[-72.40550822917554,46.71388173388848],[-72.40551586934703,46.71389001065697],[-72.40552353916293,46.7138982751058],[-72.40553124131817,46.713906523539336],[-72.40553897401614,46.71391476088506],[-72.40554673725681,46.71392298283144],[-72.40555453104022,46.713931191842214],[-72.40556235536636,46.71393938668552],[-72.40557021113351,46.71394756797729],[-72.40557809654509,46.713955735717555],[-72.40558601249937,46.71396388867448],[-72.40559395899636,46.713972028695785],[-72.40560193603608,46.71398015393376],[-72.4056099418219,46.7139882656202],[-72.40561797815043,46.71399636252338],[-72.40562604681831,46.71400444464317],[-72.40563414333397,46.714012513827456],[-72.40564227218897,46.714020568844305],[-72.40565042979006,46.7140286090779],[-72.40565861613726,46.71403663452814],[-72.40566683302717,46.714044644579175],[-72.40567508135808,46.7140526416947],[-72.40568335933345,46.71406062402696],[-72.40569166515655,46.71406859096001],[-72.4057000024207,46.714076543109805],[-72.40570836843095,46.714084481708134],[-72.40571676318729,46.714092404907355],[-72.40572518938464,46.71410031270737],[-72.4057336443281,46.71410820695599],[-72.40574212801764,46.71411608457361],[-72.40575064135159,46.71412394863983],[-72.40575918522826,46.71413179669101],[-72.40576775605439,46.71413963057488],[-72.40577635832155,46.71414744782776],[-72.40606237112823,46.71440672905701],[-72.4097552715994,46.71186574676603]]]]}},{"type":"Feature","properties":{"zone_code":"36-Ad","prefix":"","kind":"unknown","n_lots":113,"source":"t2-gcp-claude48-vision-multisheet","confidence":"contour-autogcp-multisheet"},"geometry":{"type":"MultiPolygon","coordinates":[[[[-72.44835668245186,46.71005313903404],[-72.44812765158028,46.70989624908704],[-72.44644004055492,46.70874016052517],[-72.44509793775752,46.70782070686659],[-72.44306483377557,46.706427771129185],[-72.44265913572863,46.70614980307136],[-72.4425022997615,46.70604234416922],[-72.44184623495669,46.7055928240566],[-72.44081470670244,46.7048860233686],[-72.4388817774511,46.7035615082537],[-72.43848649536989,46.70329063396387],[-72.4296783145831,46.70942910049436],[-72.42951972600284,46.709536532943325],[-72.42833392647162,46.708069048343724],[-72.42879238796507,46.70774836165353],[-72.42731430269151,46.70651622299509],[-72.42757354121117,46.706334888167014],[-72.42719410541156,46.706135160489524],[-72.42629542451311,46.70598793794788],[-72.42584273379705,46.70574802630939],[-72.42553385437482,46.705664833965585],[-72.42546570368579,46.705594018514084],[-72.42353479833876,46.706895854917086],[-72.42352528517989,46.706884148405855],[-72.42320321489602,46.70646226385673],[-72.42287719112659,46.706310340209924],[-72.42208495789438,46.70567065162477],[-72.42206692062179,46.70565608776308],[-72.42213220299013,46.705611091430164],[-72.42164951483177,46.70518055537568],[-72.42154834566614,46.705022208538026],[-72.42154635769444,46.7050158554842],[-72.42154440296036,46.70500949873345],[-72.42154248505723,46.70500313643779],[-72.42154059949345,46.70499676982917],[-72.42153875076059,46.704990397675594],[-72.42153693616373,46.70498402059307],[-72.42153515480452,46.704977638581624],[-72.42153340937793,46.70497125287325],[-72.42153169808729,46.704964862851966],[-72.42153002183099,46.70495846851773],[-72.42152838060898,46.70495206863851],[-72.42152677442122,46.704945665678444],[-72.42152520147118,46.704939259021465],[-72.42152366445373,46.704932846819496],[-72.42152216247055,46.70492643276866],[-72.4215206955217,46.7049200137889],[-72.42151926360714,46.70491359111223],[-72.42151786493025,46.70490716473863],[-72.42151650308428,46.70490073466809],[-72.42149015280205,46.704352344413316],[-72.42135484046912,46.70409444716125],[-72.42116975428293,46.70374689052961],[-72.42066185310948,46.70328924848189],[-72.42063605259621,46.703266460409196],[-72.42061022333685,46.70324368772792],[-72.42058436353477,46.70322093105424],[-72.42055847678323,46.70319818977207],[-72.42053255948895,46.70317546449748],[-72.42050661524523,46.70315275461448],[-72.42048064045879,46.703130059507],[-72.4204546387229,46.70310738040716],[-72.4204286073426,46.70308471731498],[-72.42040254811451,46.703062068998406],[-72.42037645834372,46.70303943668955],[-72.42035034162346,46.7030168203884],[-72.42032419615713,46.70299421947894],[-72.42029802194469,46.702971634577295],[-72.42027181898617,46.702949065067315],[-72.42024558728156,46.70292651094914],[-72.42021932683086,46.70290397283877],[-72.42019303853237,46.70288144950418],[-72.4201667214878,46.70285894340952],[-72.42014037569717,46.70283645270672],[-72.42011400295705,46.70281397739576],[-72.42008759877592,46.70279151932485],[-72.42006116944192,46.70276907602975],[-72.42003470866692,46.70274664812656],[-72.42000822273909,46.702724235615335],[-72.41998170626853,46.70270184096024],[-72.41995516284851,46.70267946046502],[-72.41992858978409,46.70265709659391],[-72.41990198797359,46.7026347481148],[-72.41987535921362,46.702612416259825],[-72.41984870260589,46.70259009979688],[-72.41982201635373,46.702567799958125],[-72.41979530315213,46.70254551551149],[-72.41976856030612,46.70252324768902],[-72.41974179140897,46.70250099525873],[-72.41971499286741,46.70247875945268],[-72.4196881664781,46.70245653903876],[-72.41970711194742,46.70225821640351],[-72.41952617867278,46.70210871250241],[-72.41889640575972,46.701870323773385],[-72.41887654939866,46.701886745460044],[-72.41886640741912,46.70188156255053],[-72.41885624298168,46.70187639873842],[-72.41884605878128,46.70187125463969],[-72.41883585212304,46.70186613025441],[-72.41882562570184,46.70186102619858],[-72.41881537682276,46.70185594124013],[-72.41880510818076,46.701850878459375],[-72.41879481797918,46.70184583415998],[-72.41878450621802,46.70184081019008],[-72.41877417469394,46.70183580716574],[-72.4187638234069,46.70183082385483],[-72.41875344966202,46.70182586087352],[-72.4187430570525,46.70182091822172],[-72.41873264288341,46.70181599589944],[-72.4187222089514,46.70181109390672],[-72.41871175435811,46.70180621285961],[-72.41870128090022,46.70180135214207],[-72.41869078588275,46.701796511754075],[-72.41868027200066,46.70179169169563],[-72.418669736559,46.701786891966776],[-72.41865918315105,46.70178211256753],[-72.41864860908184,46.70177735596207],[-72.4186380152497,46.70177261783806],[-72.41862740345125,46.7017679018918],[-72.41861677009322,46.70176320565908],[-72.4186061178706,46.70175853160412],[-72.41859544768164,46.70175387726276],[-72.41858475683145,46.701749243251],[-72.41857404711664,46.70174463141705],[-72.41856331943552,46.70174004052878],[-72.41855257109313,46.701735470586186],[-72.41854180568276,46.70173092158934],[-72.41853101961115,46.701726393538166],[-72.41852021736987,46.70172188643269],[-72.41850939446732,46.70171740150508],[-72.41849855359847,46.70171293629107],[-72.41848769476331,46.701708493254856],[-72.4184768152669,46.70170407116443],[-72.41846592049913,46.701699671251866],[-72.41845500686675,46.70169529105288],[-72.41844407526806,46.70169093303177],[-72.41843312480475,46.7016865971886],[-72.41842215727344,46.70168228167504],[-72.41841116997921,46.70167798772336],[-72.41840016651528,46.701673715949525],[-72.41838914688171,46.70166946573753],[-72.41837810748518,46.701665236471335],[-72.41836705191898,46.70166102876699],[-72.41835597838647,46.70165684385659],[-72.41834488688767,46.701652679892014],[-72.41833378011748,46.701648537489305],[-72.41832265448268,46.7016444166484],[-72.41831151357653,46.70164031736942],[-72.41830035380575,46.701636241500466],[-72.41828917876363,46.70163218657737],[-72.41827798485686,46.70162815321611],[-72.41826677747538,46.701624141416794],[-72.41825555122928,46.70162015241146],[-72.41824430971182,46.70161618620016],[-72.41823305022803,46.70161224031863],[-72.4181135778885,46.70157052115174],[-72.41800079081133,46.70153113067318],[-72.41782836548076,46.70176480495338],[-72.417643804809,46.70189052498543],[-72.417853088914,46.70189287340434],[-72.4180902019282,46.70198889605047],[-72.41827924070164,46.7020827419953],[-72.41842494384746,46.70216654729094],[-72.41856813530373,46.70224993169063],[-72.41871438642188,46.7023075396197],[-72.41883275203699,46.70238714800761],[-72.41893201048599,46.70252461840544],[-72.41904414987785,46.70260319643528],[-72.41916138002243,46.702730565528924],[-72.41926047138479,46.70282948457895],[-72.41937427265992,46.702948503232065],[-72.41948376561496,46.703045111708924],[-72.41961139555559,46.70319408937895],[-72.41970433076331,46.7033112781957],[-72.4197855447532,46.70342215971977],[-72.41986292203852,46.70352505712687],[-72.4199333625332,46.70362071956698],[-72.42000865123548,46.70374758295673],[-72.42010564503165,46.70384659994128],[-72.4202101658116,46.70397094136578],[-72.42031435331656,46.70410373819108],[-72.42041596984318,46.70423642441987],[-72.42048410615915,46.70433458483988],[-72.42057576486087,46.70445172867481],[-72.42065078586519,46.70455263619346],[-72.42077093643276,46.704727004197416],[-72.42081337284678,46.70479581993258],[-72.42091456267364,46.704929461146946],[-72.42100182142707,46.70502074486542],[-72.42106797785617,46.705145025063445],[-72.42115854061322,46.70523306568089],[-72.42118856590328,46.705338736655406],[-72.42125848178186,46.7054405554563],[-72.42132428607135,46.70556131229898],[-72.42135945241976,46.705601125504934],[-72.42148560014017,46.70570288528936],[-72.42156203329614,46.70583645957668],[-72.42159832792856,46.70588733988707],[-72.42165709032456,46.70593855957286],[-72.42172523292875,46.70599795369874],[-72.42192898610654,46.706213796713236],[-72.42214088700396,46.70633181736298],[-72.42229679770638,46.70644374482404],[-72.42245766890576,46.706634394520954],[-72.42249231063806,46.70666742841658],[-72.42252733864593,46.70673872725525],[-72.42256395936681,46.706812037250835],[-72.4226915461883,46.706979988461974],[-72.42279684311264,46.707168424827486],[-72.42288976574395,46.70732575143772],[-72.42297047398233,46.70757179568385],[-72.42305761415817,46.7077119564732],[-72.42318963326727,46.70800011543119],[-72.42322572577874,46.708091488203465],[-72.42332969858634,46.70828697558319],[-72.423436688835,46.70852799148427],[-72.42352717703189,46.70869851955235],[-72.42366145270898,46.708943915690895],[-72.42367036758986,46.70896020710229],[-72.42371180507729,46.709035935490355],[-72.42374423605568,46.70911144510032],[-72.42384714974958,46.709344637524595],[-72.42386664947945,46.70939100929503],[-72.42392098048613,46.709524892297814],[-72.42401451576848,46.70972823056936],[-72.42402149747485,46.70974608261177],[-72.42405758459645,46.709838349895065],[-72.42422221255036,46.71019293612062],[-72.42430366100055,46.71033163519874],[-72.4243613445199,46.71043096040689],[-72.42439862909576,46.71048993627968],[-72.42447175106156,46.71059727730291],[-72.42453026821748,46.71072942031015],[-72.42460966311894,46.71090871203024],[-72.42466834466654,46.71100270446543],[-72.4247020198116,46.71105664612999],[-72.42481088304763,46.71121126599632],[-72.4248646597938,46.711301074973754],[-72.42499556050036,46.71154809462537],[-72.42504348562078,46.71163765727897],[-72.42509997078751,46.711725165599674],[-72.42513618367326,46.71176889845668],[-72.42516882485744,46.71180831903795],[-72.42522694316135,46.711889941107806],[-72.42535559358814,46.71206955295891],[-72.42541869844023,46.71215439170096],[-72.42548584481277,46.712235499552236],[-72.4255536963628,46.712304384555836],[-72.42557353924913,46.71232452950847],[-72.42559831298803,46.712370701002015],[-72.42562062713968,46.71241443271999],[-72.4256347818936,46.71244217400929],[-72.42570977415184,46.71255426372644],[-72.42579798422116,46.71268311037842],[-72.42583334280907,46.71273773651588],[-72.42586824774774,46.712805372994175],[-72.425985229059,46.71294399206269],[-72.42607515580883,46.713033510516446],[-72.42607785614457,46.7130361972134],[-72.4261275635225,46.71310679286876],[-72.42628097062021,46.713302698777895],[-72.42639908201207,46.71342886127724],[-72.42642896267337,46.71346077864966],[-72.42658054259778,46.713647496747754],[-72.42664737905156,46.71372152599875],[-72.42669394052936,46.7137730991821],[-72.4268222010873,46.71390321172445],[-72.4269093223985,46.71399596833368],[-72.42702650762732,46.714097436975855],[-72.42718800225752,46.714252537785846],[-72.42723418554459,46.714330950924186],[-72.42731644786844,46.71439727781437],[-72.4273166589725,46.71439744780739],[-72.42738830859956,46.714487794720604],[-72.42747730379645,46.71455701745038],[-72.42752861376884,46.714590850881855],[-72.42760805987426,46.714634394178795],[-72.42760992567511,46.71463794923489],[-72.42780896000272,46.7148952793647],[-72.42799871293683,46.71512473903059],[-72.42806359555486,46.71519589858897],[-72.42811233814216,46.71524745681342],[-72.42818772835406,46.715335527146465],[-72.42852807486238,46.71585933919362],[-72.42859041434984,46.715928709827615],[-72.42866826774225,46.71606795709598],[-72.42881826753008,46.71634337970437],[-72.4288520998803,46.7165469762136],[-72.42900978026384,46.71680231099701],[-72.42916236719967,46.71710026882455],[-72.42935361942196,46.717530896416946],[-72.42959185892352,46.71800340998732],[-72.42979839867535,46.71837033205606],[-72.42990560541797,46.71865585854919],[-72.43006110918355,46.71883954893478],[-72.43014107271856,46.71900164341921],[-72.43016846504652,46.71910525324314],[-72.43020042261277,46.7191868876796],[-72.43031887716106,46.71933156089348],[-72.43035539996556,46.71939122172979],[-72.43036387197701,46.71947042617024],[-72.4303707126479,46.71949743342415],[-72.43048734092123,46.71971367942061],[-72.43058251203571,46.719907625716395],[-72.43062204060315,46.71996501218556],[-72.4306423910376,46.720031748467164],[-72.43066295706771,46.720099193511544],[-72.4307293892796,46.720188126739025],[-72.43073331940897,46.720193389799014],[-72.4308027457057,46.72034599306456],[-72.43083271709683,46.720411867919225],[-72.43088202831773,46.720501986137094],[-72.43089639956564,46.72052825139505],[-72.43096033895263,46.72065828668128],[-72.4309982173149,46.720738021967186],[-72.4310380019022,46.720814791848554],[-72.43104809088116,46.720835122072415],[-72.43111700334156,46.7209708753261],[-72.43190405149795,46.72072208575829],[-72.43213626240563,46.721261511218216],[-72.43217861617462,46.721351996287716],[-72.43222008689973,46.72153008817278],[-72.43241439159738,46.721855731710704],[-72.4329153514886,46.72292599898969],[-72.43314306453165,46.72287558983229],[-72.43313317497869,46.72285446658504],[-72.43270988522356,46.72195014355139],[-72.43264210014885,46.721805324632456],[-72.43257256246102,46.72156727538046],[-72.43241418139161,46.721318381406974],[-72.43236483333979,46.72121295171771],[-72.43232855577534,46.721128678393235],[-72.44835668245186,46.71005313903404]]],[[[-72.42940257311338,46.72089879407675],[-72.42937490590094,46.720819886106284],[-72.42935067294783,46.720764020449714],[-72.42933231497669,46.72071650743743],[-72.42924716007765,46.72056075639694],[-72.42924174233816,46.72054885454691],[-72.42920602172921,46.720470382084656],[-72.42916738968043,46.72042136121777],[-72.4291190163007,46.720334234044124],[-72.42905718166642,46.72021475673325],[-72.42895263663196,46.720056847529946],[-72.42884397911016,46.719874124484626],[-72.42878060745844,46.719755383334096],[-72.42872946187774,46.71968940421407],[-72.428704264134,46.719656898687184],[-72.4286094954648,46.71947522863782],[-72.42856167814223,46.71936566415746],[-72.42853513023063,46.7192979964862],[-72.42853187114278,46.71928968913823],[-72.42852535206877,46.71927307320671],[-72.4285220920826,46.71926476647072],[-72.42848590704463,46.71917253131526],[-72.42840607556195,46.7189867167151],[-72.42831635272971,46.7188201312888],[-72.42825535981686,46.71876813798062],[-72.42823291451117,46.71873577909101],[-72.42820204031318,46.71867235026545],[-72.4281557106007,46.71858673653699],[-72.42809059711566,46.71844358560582],[-72.42805833591886,46.71836824548352],[-72.42797151284833,46.71821127008285],[-72.42791586760637,46.71809040727995],[-72.42785333408281,46.717933758101424],[-72.42778291784263,46.71779111661674],[-72.42773561525472,46.71767874338624],[-72.42768461520109,46.71755126175161],[-72.42758470008361,46.717330689130826],[-72.42750381397882,46.71721150079369],[-72.42749031230008,46.717187048934164],[-72.42746923512857,46.717148874522636],[-72.42737732579691,46.71699103641196],[-72.42732924616628,46.71691903607006],[-72.42727480017521,46.716836404773574],[-72.42725208717158,46.71677785956796],[-72.42721622462881,46.716705055204585],[-72.42712394968282,46.7165580733595],[-72.42709915438434,46.716512446202174],[-72.42701627222297,46.716390379832504],[-72.42698876041908,46.7163446773943],[-72.42695879531615,46.71629489645978],[-72.42686547113792,46.71617639871834],[-72.42682376146097,46.71608936446546],[-72.42672675239342,46.715980259961135],[-72.42664955836443,46.71588139826794],[-72.42657714427105,46.71580446123295],[-72.4264805744797,46.715652667352536],[-72.42637842255716,46.71550857677454],[-72.4262835748362,46.71539206729697],[-72.42613367925296,46.715220719663385],[-72.42605166037256,46.715103654630504],[-72.42599585612881,46.715039627798646],[-72.42590732446261,46.71491370311108],[-72.42579374327472,46.71480041541784],[-72.42574211170545,46.71470617460847],[-72.42568459796769,46.71465005256078],[-72.42559006735203,46.71456434006317],[-72.42557114973046,46.7145382591403],[-72.42551788053242,46.71446482044133],[-72.42543729715987,46.71434606184366],[-72.42527504345324,46.714192575010664],[-72.42521884305245,46.71411029677288],[-72.42513169928336,46.71401192192717],[-72.42499119019652,46.71385982859341],[-72.42487675740573,46.71370950007111],[-72.42478163929187,46.713595483673224],[-72.42475272881107,46.71355956470698],[-72.4246845161383,46.7134885341834],[-72.42450163082455,46.71326832683223],[-72.42442937752962,46.713175885560744],[-72.42438081909694,46.713085196456895],[-72.42433941574548,46.71300787417303],[-72.4243131795493,46.71296874826806],[-72.42424480517975,46.71290460495543],[-72.42418810801061,46.71282330101062],[-72.42414766226327,46.71275940266749],[-72.42407248315543,46.712648398656974],[-72.42403066208739,46.712586549330766],[-72.42396679726059,46.71249209400435],[-72.42389485298611,46.71241846281158],[-72.42381878005459,46.71232336969257],[-72.42377224193298,46.712259282895445],[-72.4237255942169,46.71219647348579],[-72.42367147700925,46.712105687880914],[-72.4236201526638,46.71200192910922],[-72.4235353355313,46.71187428069305],[-72.42348337967022,46.711777317216956],[-72.42340214322245,46.71166123947061],[-72.42329055270122,46.71144845918618],[-72.42286681648338,46.710910706497735],[-72.42277473916675,46.71077248627534],[-72.42273886764083,46.71071865766323],[-72.42261606434825,46.710557512131025],[-72.42256992597693,46.71046021059011],[-72.42253533994015,46.71040373241243],[-72.42249444144191,46.71034527200652],[-72.42243044905435,46.71024101153537],[-72.4224074962005,46.71019833074005],[-72.42235575413845,46.710136877751694],[-72.4223288549856,46.71007426790893],[-72.42232438047716,46.71006384083297],[-72.42227152180922,46.70994066776608],[-72.42225335428091,46.709900261503606],[-72.4222412638555,46.70987337140804],[-72.42222071130011,46.709801332003],[-72.4221816013476,46.70969525275227],[-72.42216506426152,46.7095850425868],[-72.42214220123924,46.709486939144014],[-72.42213635859663,46.709411401108596],[-72.42212249310022,46.70934638442819],[-72.42210643751115,46.70930187963954],[-72.42208012046657,46.7092346040442],[-72.42209073316334,46.70916038877335],[-72.42203930910492,46.70910899659115],[-72.42198364769327,46.708978853395195],[-72.42194197574555,46.708860454161346],[-72.42188935602947,46.7087261715864],[-72.4218490620974,46.708627085938126],[-72.42180774857749,46.70852581582944],[-72.4217384543331,46.708400421089834],[-72.42167197091723,46.70825302855406],[-72.42161728327936,46.70813860023638],[-72.42156693001274,46.70803790516131],[-72.4214966808592,46.70793587258287],[-72.42144037625384,46.70782473668525],[-72.4213511241388,46.70765870445893],[-72.4212649559401,46.707516804576436],[-72.42119468522701,46.70743626867046],[-72.42109336873769,46.70728203099647],[-72.4210087061154,46.70714556447231],[-72.42099013344692,46.70711562442088],[-72.42097661919179,46.70709555021203],[-72.42093094435116,46.7070277032979],[-72.42088568273557,46.706962546993836],[-72.42080472566386,46.706851049962545],[-72.42072901205844,46.70674677288569],[-72.42062979313532,46.706609238702434],[-72.42060011100168,46.706569912268854],[-72.42053445673085,46.70648292597188],[-72.42049312614293,46.70643530490356],[-72.420448362194,46.706341627919095],[-72.4204202143829,46.70628272328284],[-72.4203601655994,46.70620114694221],[-72.42031039713605,46.7061411056123],[-72.42026444202105,46.70608566767099],[-72.42019090862684,46.70598057536265],[-72.42014994455157,46.70595014924664],[-72.42012744444865,46.705929826350975],[-72.42010861306535,46.70588892057878],[-72.42010436852563,46.705879705625925],[-72.42001874201105,46.70578137737921],[-72.41992675991587,46.705674111788795],[-72.419904604766,46.70564493601401],[-72.41985069776413,46.7055739431234],[-72.419787379113,46.70549143983592],[-72.41930572491555,46.70574400927207],[-72.41915938216924,46.705613893691826],[-72.41903160131164,46.705500281547955],[-72.41891065573505,46.7055646541946],[-72.41915654169631,46.705783273473784],[-72.41930083718208,46.705911567709414],[-72.419397428533,46.70600533414599],[-72.41967843592693,46.70627811676423],[-72.41902389556314,46.706591112731985],[-72.4192512438902,46.7068163172421],[-72.41946352657163,46.70704837628468],[-72.41967581194798,46.70728043617763],[-72.42033035770164,46.706967438046775],[-72.42056047194147,46.707218981715094],[-72.42064075078514,46.707320994704695],[-72.42008937923679,46.70770177718618],[-72.42020139645778,46.70777160613269],[-72.42050578789684,46.708069138278134],[-72.42082384181309,46.70840928203689],[-72.42100016403538,46.70862217840407],[-72.4208341742355,46.70873669994169],[-72.42119039577152,46.70899958784849],[-72.4211888075501,46.70903594965786],[-72.42119023137982,46.709124965180756],[-72.42119747808921,46.709196417847274],[-72.42121107409105,46.709274380046324],[-72.4212307606705,46.709357452256015],[-72.42125499362359,46.70942208209174],[-72.42132132342755,46.70957469980449],[-72.42146642919371,46.70975904076884],[-72.42159372945262,46.70995229723445],[-72.42160130314879,46.70996881994522],[-72.4212300914256,46.71003719782155],[-72.42132013226147,46.710304453351384],[-72.42124312598038,46.710318637757474],[-72.42132821979399,46.71051523688841],[-72.4205844479764,46.71061345426265],[-72.42063537167323,46.7107463271411],[-72.42082058452188,46.71100106109603],[-72.42084910243888,46.71127453913281],[-72.42087761945758,46.71154801701578],[-72.42127596299729,46.711528360837214],[-72.4213556327832,46.71152442861511],[-72.42135649516587,46.711583725434345],[-72.42137980285422,46.71172204829026],[-72.42137303764183,46.71185794211748],[-72.42136627512437,46.71199383498658],[-72.42135100825611,46.712267968281736],[-72.42134881187525,46.71240459924592],[-72.42134661818932,46.7125411270025],[-72.42097798463102,46.71254047841978],[-72.42095520605037,46.71282471950839],[-72.42086183336308,46.71282574688756],[-72.42091191174525,46.713097757152326],[-72.42112713461259,46.713082960008535],[-72.42100553236752,46.713167218798475],[-72.42155829540624,46.71309587055369],[-72.42238990179736,46.712940253346886],[-72.42218239635662,46.71370589383209],[-72.42231206098135,46.714523594197345],[-72.41333442649096,46.72076438564532],[-72.41477503854242,46.72202322104037],[-72.41621943339955,46.72328528534309],[-72.42567811572461,46.716709429874406],[-72.42603083652597,46.71728611394054],[-72.42626074864485,46.717700851602984],[-72.42641550501209,46.71811676116604],[-72.42648169917044,46.71838760293676],[-72.42648331434131,46.718399605034655],[-72.42551324432723,46.71908463167997],[-72.42614112628665,46.719756999339324],[-72.42672927306612,46.71937510713957],[-72.42680288281713,46.71950994643772],[-72.42692908533475,46.71968775987741],[-72.42729143607595,46.72011882624528],[-72.4267301713814,46.72050832443542],[-72.42713610209198,46.72100564943688],[-72.42653935933357,46.721243495476784],[-72.4270030678866,46.721689596694986],[-72.42806971757349,46.72111433055148],[-72.4282059677476,46.72106612625858],[-72.428255485581,46.72113232539745],[-72.42827405555455,46.7211571492838],[-72.42849596907413,46.72153714995682],[-72.42940257311338,46.72089879407675]]]]}},{"type":"Feature","properties":{"zone_code":"11-Aa","prefix":"","kind":"unknown","n_lots":10,"source":"t2-gcp-claude48-vision-multisheet","confidence":"contour-autogcp-multisheet"},"geometry":{"type":"MultiPolygon","coordinates":[[[[-72.36691098740428,46.71331524587226],[-72.36688432989823,46.71329714679088],[-72.3653854504225,46.712279492538755],[-72.3652978880385,46.71221984662908],[-72.36512688923258,46.7121033657759],[-72.36423064995509,46.71149285318166],[-72.36337143833528,46.71090754294454],[-72.36207679802591,46.710025575763055],[-72.36161636832367,46.70971190119963],[-72.3604663486902,46.708928406568255],[-72.35995306481158,46.70857870171028],[-72.3588559658298,46.707831215686795],[-72.3571852269621,46.70900357754049],[-72.35732454847617,46.709081148872365],[-72.35741942494322,46.70915016171327],[-72.35750955022073,46.70928833866022],[-72.35750757662204,46.70932669541714],[-72.35744436037888,46.70942256008722],[-72.35725490568544,46.70958541709762],[-72.35707660088133,46.70974086781039],[-72.35696767925481,46.70991018782918],[-72.35690324309948,46.71005400816258],[-72.35674253539348,46.71030081916653],[-72.35663372605637,46.710457810803135],[-72.35663274240113,46.71050438796418],[-72.35667036115028,46.710748141754756],[-72.35658214569108,46.71100405525594],[-72.35655499500992,46.711014001089055],[-72.35646819260066,46.711017476925406],[-72.35639505177022,46.71115090932726],[-72.3564010282618,46.71119004702131],[-72.35642975368964,46.71123563309828],[-72.35644263103926,46.71135572899597],[-72.35645674986056,46.71138811263757],[-72.35645885910485,46.71180663565653],[-72.35646428313254,46.71187411315586],[-72.35647534408864,46.71198732999905],[-72.35650043583115,46.71209729134576],[-72.35658511102983,46.71229296809382],[-72.35659638309002,46.71235889774368],[-72.35664838207023,46.71242944193015],[-72.35671182738379,46.712480936892206],[-72.35674139273644,46.71253269973823],[-72.356759563858,46.71260145563158],[-72.35676620420459,46.712692685108486],[-72.3567822624886,46.71276621244998],[-72.35680366574856,46.712786350454955],[-72.35687425805854,46.71275295320645],[-72.35690319369213,46.712712191190526],[-72.35690632162597,46.712667684249716],[-72.35692545394488,46.71265969555209],[-72.35694930601231,46.71266204535031],[-72.35696401951836,46.71267113534209],[-72.35696419379151,46.71274241146804],[-72.35694533995033,46.71277850159219],[-72.35688268066264,46.712813365365875],[-72.3567984079092,46.71283631447896],[-72.35678320571965,46.7128464059509],[-72.35674810225329,46.71293369427128],[-72.35676669378641,46.712986006711105],[-72.35676118980867,46.71300649817945],[-72.35673366812331,46.71303083121053],[-72.35666512127725,46.71306219571134],[-72.35661729766646,46.713101353577045],[-72.35658794162129,46.71315855757819],[-72.35656192641066,46.7132411587825],[-72.35656108648588,46.713313104286534],[-72.35659708108098,46.71338619039401],[-72.35667941437173,46.71347835105832],[-72.35673211403787,46.71348242849689],[-72.35676103260349,46.71352047615756],[-72.35681495397841,46.71355472106179],[-72.35689431833714,46.713568034925785],[-72.35689540170537,46.71360368534267],[-72.35688130085036,46.71364874091697],[-72.3569153739491,46.71367497009179],[-72.35703749542037,46.71377470797542],[-72.35709643388617,46.71388576818194],[-72.35714071184653,46.71394662007343],[-72.35718154836104,46.714025247996766],[-72.35720031506563,46.71403164680026],[-72.35724436575221,46.71402328197675],[-72.35726867146886,46.71408594390312],[-72.35724198970829,46.71419457674787],[-72.3572458686337,46.714315919453874],[-72.35730603150321,46.71449620812949],[-72.35729294304952,46.71461871238753],[-72.35717010651925,46.714959392595304],[-72.35715715550779,46.71502066086293],[-72.3571358735204,46.71507384771845],[-72.35711238796563,46.71517429007906],[-72.35713713116182,46.71521982413398],[-72.35718790843325,46.7152211384804],[-72.35718850311797,46.71523690632365],[-72.35716162821961,46.71527494843605],[-72.35711488618043,46.715271628082384],[-72.35709477469784,46.71527891795515],[-72.3570834343657,46.71529385307582],[-72.35711991315277,46.71531463499156],[-72.35710519964671,46.71534460683342],[-72.35707650476161,46.71537577721109],[-72.35704223583012,46.71539111510712],[-72.35700816003647,46.715437979949655],[-72.35692078270542,46.71566031254952],[-72.3569176377036,46.715705503137016],[-72.35689561909767,46.71574840499714],[-72.35684429654886,46.71597126475923],[-72.35683877101155,46.716023879740185],[-72.35677341498138,46.716125179508964],[-72.3565420457951,46.71632858406639],[-72.35621042641975,46.71659515374942],[-72.35604032862408,46.71677943501364],[-72.35597375088511,46.71688962186571],[-72.35586497388736,46.71705273287758],[-72.35582834597997,46.7171605486292],[-72.35576543965557,46.71724405275326],[-72.35568283956519,46.7172793435291],[-72.35566106619933,46.71731264990508],[-72.35561145673776,46.71734355308442],[-72.35549728086515,46.71744492058639],[-72.35551341460766,46.71754304343742],[-72.35556379662036,46.71763824622393],[-72.35566856803027,46.717788951189384],[-72.35569324475112,46.71787629495076],[-72.35581172355396,46.7179977088261],[-72.35615187243292,46.71821920437772],[-72.35628952847041,46.718370331440184],[-72.35630567928092,46.718401375664136],[-72.35633766559323,46.71843672850183],[-72.35636831970399,46.718560073098175],[-72.35637658959449,46.718590740301124],[-72.35642974201154,46.71865582898752],[-72.3565471823619,46.71874022442095],[-72.35657810237397,46.7187783065584],[-72.35664195282773,46.71881474245815],[-72.35667563605764,46.718861768763524],[-72.35683330296642,46.719010413941376],[-72.35698876990105,46.71912818797919],[-72.35722611557891,46.719279198561445],[-72.35738481914353,46.71934834863198],[-72.3575365329169,46.719379028935876],[-72.35784714698596,46.71947132286079],[-72.35801968280933,46.719545443891576],[-72.35808258913373,46.71959708725957],[-72.36691098740428,46.71331524587226]]],[[[-72.3573998578397,46.70929248047678],[-72.35738633280477,46.709236799381685],[-72.3573205303119,46.70916060374919],[-72.35718235684479,46.70907049985263],[-72.35712507127911,46.70904578744154],[-72.35703356169776,46.70900631186842],[-72.35674371308481,46.70892600548115],[-72.35668065674176,46.7088985044645],[-72.35660800728978,46.70885649464179],[-72.35654056626981,46.70880563745738],[-72.35632169534412,46.70859871931307],[-72.3562743631118,46.70854056987184],[-72.35622654219596,46.708462537622644],[-72.3561177121976,46.70835497491094],[-72.35607144626553,46.70833316161853],[-72.3559898190506,46.70825266080988],[-72.35595426373166,46.70812337485299],[-72.35596886854157,46.70805844162756],[-72.35601485330095,46.70797401593628],[-72.35601721137857,46.707881516933284],[-72.3559939917251,46.70773730150361],[-72.35597059420522,46.707622873324645],[-72.35590458599813,46.70729755660816],[-72.35581740360149,46.70708333307986],[-72.35572901476742,46.70699452363045],[-72.35572581766333,46.70696364224477],[-72.35575235659178,46.70689953614741],[-72.35574791801595,46.706839166032694],[-72.35564291304406,46.70646433548947],[-72.35562074352119,46.70643527841524],[-72.35563222129556,46.7063757868252],[-72.35563188532564,46.70603718321908],[-72.35566468551163,46.70565672226014],[-72.35563539863674,46.70563676516794],[-72.35496372111227,46.70517905967423],[-72.35333415742394,46.7040685675504],[-72.352137990436,46.7032533811809],[-72.33304928292524,46.71643239056604],[-72.33198231074316,46.71719330632511],[-72.33198769075338,46.717199205886196],[-72.33199304201756,46.71720511899615],[-72.33199836273897,46.71721104319137],[-72.3320036547143,46.71721698093537],[-72.33200891524861,46.71722293099643],[-72.33201414703682,46.717228893990395],[-72.33201934828232,46.717234869301414],[-72.3320245198834,46.717240856313545],[-72.33202966184011,46.71724685625861],[-72.33203477325405,46.71725286790478],[-72.332039853227,46.71725889186799],[-72.33204490445385,46.7172649281482],[-72.33204992603628,46.71727097489779],[-72.33205491527936,46.71727703519611],[-72.33205987577637,46.71728310596381],[-72.33206480573064,46.71728919028022],[-72.33206970334558,46.717295285066015],[-72.33207457221442,46.71730139216877],[-72.33207940964222,46.71730750912495],[-72.33208421742562,46.71731363901404],[-72.33208899286967,46.71731977937243],[-72.332093737771,46.71732593143188],[-72.3320984521296,46.717332095192425],[-72.3321031359455,46.71733827003817],[-72.33210778832036,46.71734445535326],[-72.33211240925418,46.71735065236941],[-72.33211699964528,46.71735685923894],[-72.33212155859536,46.71736307842543],[-72.33212608520607,46.717369306849434],[-72.3321305830707,46.717375546974516],[-72.33213504769768,46.717381796952964],[-72.3321394817819,46.71738805801663],[-72.3321438835268,46.717394330165426],[-72.33214825472895,46.71740061216759],[-72.3321525935918,46.717406904023164],[-72.3321569028102,46.717413206348006],[-72.33216117879095,46.717419519142155],[-72.33216542333068,46.717425842405504],[-72.33232045458242,46.717657841052684],[-72.33252062168559,46.71800867202863],[-72.3325240487584,46.71801464232627],[-72.33252750727223,46.7180206046169],[-72.33253100171869,46.71802655643695],[-72.33253452940282,46.71803249963414],[-72.3325380894263,46.71803843236074],[-72.33254168448407,46.71804435646449],[-72.33254531188118,46.71805027009766],[-72.33254897341429,46.718056175107975],[-72.33255266728672,46.71806207026362],[-72.33255639529514,46.71806795433286],[-72.33256015564294,46.71807382916336],[-72.33256394922837,46.718079693523364],[-72.33256777605149,46.71808554741282],[-72.33257163701057,46.71809139144766],[-72.33257553030901,46.71809722624378],[-72.33257945684514,46.71810304933763],[-72.33258341572058,46.71810886257683],[-72.3325874069354,46.718114664113834],[-72.33259143138787,46.718120455180305],[-72.33259548997631,46.71812623639223],[-72.33259957910748,46.71813200651774],[-72.33260370237464,46.718137764325185],[-72.33260785708285,46.71814351227805],[-72.3326120450287,46.718149248528626],[-72.33261626441556,46.71815497307707],[-72.33262051614182,46.718160687155006],[-72.33262480200403,46.718166390146614],[-72.33262911751066,46.718172081435995],[-72.33263346715327,46.7181777616391],[-72.33263784823691,46.7181834295241],[-72.3326422616599,46.7181890857069],[-72.33264670652392,46.71819472957166],[-72.33265118193067,46.71820036111837],[-72.33265569057508,46.718205982194625],[-72.33266023155885,46.718211590336956],[-72.33266480308531,46.71821718554537],[-72.33266940605286,46.71822277028338],[-72.33267404135971,46.71822834147156],[-72.3326787072093,46.71823390034175],[-72.33268340539823,46.718239447509745],[-72.3326881350282,46.71824498051212],[-72.33269289520089,46.71825050119649],[-72.33269768681463,46.71825600956277],[-72.33270250897107,46.71826150561109],[-72.33270736346685,46.7182669887255],[-72.33271224670875,46.718272457674324],[-72.33271716318829,46.71827791430511],[-72.33272211021057,46.718283357386156],[-72.33272708597892,46.7182887875333],[-72.33273209318831,46.71829420474663],[-72.33273713183874,46.718299607794336],[-72.33274220103189,46.71830499729232],[-72.33274730076776,46.71831037324053],[-72.33275242924971,46.71831573625495],[-72.33275759007103,46.7183210857196],[-72.33276277874009,46.718326420402825],[-72.33276799974853,46.71833174030461],[-72.33277325040137,46.71833704727254],[-72.33277852890198,46.71834234130665],[-72.33278383974194,46.71834761932758],[-72.3327891802263,46.718352883798815],[-72.33279454945675,46.71835813472036],[-72.33279994922994,46.71836337086045],[-72.33280537685089,46.718368591603266],[-72.33281083501454,46.718373797564695],[-72.33281632282262,46.718378990592285],[-72.33282183937678,46.71838416883848],[-72.33282738557533,46.71838933045561],[-72.33283296052,46.71839447852312],[-72.33283856510904,46.71839961180921],[-72.33284419844419,46.71840472969806],[-72.33284986052543,46.71840983157377],[-72.33285555045444,46.71841491989985],[-72.33286127002785,46.71841999159692],[-72.33286701834736,46.718425049744354],[-72.33287279541295,46.71843009064697],[-72.33287860032632,46.71843511676814],[-72.33288443398577,46.71844012687627],[-72.332890295493,46.718445122818885],[-72.332896184848,46.71845010151665],[-72.3329021029491,46.71845506543309],[-72.33290804889795,46.71846001272057],[-72.3329140235929,46.718464944610844],[-72.33292002613564,46.718469860488],[-72.33292605562782,46.71847475973625],[-72.33293211296778,46.718479643587266],[-72.33293819815552,46.7184845108094],[-72.33294430939442,46.71848936078665],[-72.33295044848106,46.71849419598266],[-72.3329566163138,46.718499013933815],[-72.33296280929936,46.718503815871976],[-72.33296903103101,46.71850860056533],[-72.33297527971213,46.71851336862977],[-72.3329815544444,46.718518120065305],[-72.33298785612612,46.71852285487192],[-72.33299418565561,46.71852757304964],[-72.3330005394396,46.71853227398263],[-72.33300692107139,46.71853695767084],[-72.33301333055094,46.71854162411434],[-72.33301976428501,46.71854627392894],[-72.33302622586685,46.71855090588291],[-72.33303271260152,46.71855552182387],[-72.33304719164727,46.718565800066465],[-72.3330616464385,46.718576094935564],[-72.33307607697522,46.718586407662926],[-72.33309048235913,46.718596735785034],[-72.33310486348851,46.71860707991774],[-72.33311921766843,46.71861744129276],[-72.33313354759385,46.718627819294284],[-72.33314785236642,46.718638212074644],[-72.33316213288451,46.71864862209727],[-72.33317638914805,46.718659049362266],[-72.33319061846217,46.71866949202189],[-72.33320482262343,46.71867995007622],[-72.33321900253019,46.71869042598867],[-72.33323315548749,46.71870091729581],[-72.33324728508859,46.71871142399758],[-72.33326138863856,46.71872194917333],[-72.33327546613738,46.718732488511975],[-72.33328951938168,46.718743044476994],[-72.33330354567653,46.71875361522073],[-72.33331754681855,46.7187642025908],[-72.33333152370605,46.71877480658725],[-72.33334547274578,46.71878542659411],[-72.333359397531,46.71879606137965],[-72.33337329626508,46.71880671340741],[-72.333387168948,46.71881738082968],[-72.33340101737642,46.71882806364651],[-72.33341483795706,46.71883876247375],[-72.3334286333849,46.71884947792726],[-72.33344240365989,46.71886020754357],[-72.33345614698541,46.718870953786116],[-72.33346986515812,46.71888171603899],[-72.33401950924619,46.71855482712323],[-72.33439665883337,46.71886562716299],[-72.33384701564363,46.719192517891024],[-72.33385792388613,46.719201962751015],[-72.33386881326399,46.71921141807904],[-72.33387968377725,46.71922088325918],[-72.33389053452757,46.719230358907346],[-72.33390136641327,46.71923984625519],[-72.33390816935491,46.719245791782136],[-72.33391500014432,46.719251723143636],[-72.33392185878154,46.71925763910799],[-72.33392874796144,46.719263537827494],[-72.33393566409082,46.71926942299746],[-72.33394260716963,46.7192752909227],[-72.33394957899456,46.7192811434507],[-72.33395658046389,46.71928697996573],[-72.33396360708603,46.719292802315316],[-72.33397066425093,46.71929860618846],[-72.33397774656862,46.71930439651204],[-72.3339848576324,46.719310168975056],[-72.33399199744227,46.71931592542503],[-72.3339991633033,46.719321666477896],[-72.33400635611378,46.71932739028604],[-72.33401357767035,46.71933309931294],[-72.33402082617637,46.71933879109515],[-72.33402810163187,46.71934446624854],[-72.33403540493512,46.71935012538895],[-72.33404273518785,46.719355767284696],[-72.33405009149169,46.71936139316745],[-72.33405747474502,46.719367002421436],[-72.3340648849478,46.71937259443074],[-72.33407232299835,46.71937816919537],[-72.33407978620173,46.71938372856294],[-72.33408727635457,46.719389270685895],[-72.33409479345688,46.71939479433244],[-72.3341023366103,46.71940030258195],[-72.33410990671321,46.71940579235511],[-72.33411750286726,46.71941126549951],[-72.33412512417412,46.71941672263095],[-72.33413277332876,46.719422160670256],[-72.33414044583961,46.71942758269666],[-72.33414814709654,46.71943298686258],[-72.33415587170968,46.71943837255218],[-72.33416362417057,46.719443741613084],[-72.33417140088599,46.71944909281348],[-72.33417920365254,46.71945442738517],[-72.33418703247024,46.719459743480584],[-72.33419488644077,46.71946504171557],[-72.33420276466582,46.71947032270594],[-72.334210668942,46.719475585835944],[-72.33421859747271,46.71948082987376],[-72.33422655295286,46.71948605666706],[-72.3342345317892,46.71949126559991],[-72.3342425366767,46.71949645667239],[-72.3342505649204,46.71950162865275],[-72.33425861921523,46.71950678277274],[-72.33426669776459,46.719511919648184],[-72.33427479967013,46.71951703681565],[-72.33428292762683,46.71952213673859],[-72.33429107893971,46.71952721756948],[-72.33429925540543,46.71953227992411],[-72.33430745522735,46.71953732380258],[-72.3343156802021,46.71954234982062],[-72.33432392763471,46.71954735613081],[-72.33433220022016,46.719552343964715],[-72.33434049526349,46.71955731393834],[-72.33434881545966,46.71956226420405],[-72.33435715901201,46.71956719476184],[-72.3343685253953,46.71957387497098],[-72.33437991513479,46.71958053608776],[-72.33439132643385,46.71958717872795],[-72.33440276198742,46.71959380289165],[-72.33441421999886,46.71960040796291],[-72.33442570136651,46.719606995173514],[-72.33443720519203,46.719613562060005],[-72.33444873057714,46.71962011108585],[-72.33446027931844,46.71962664101933],[-72.33447185141591,46.71963315186046],[-72.33448344507298,46.71963964422509],[-72.33449506208622,46.71964611688151],[-72.33450669976074,46.719652572293185],[-72.33451836079144,46.719659006149065],[-72.33453004338172,46.719665423376085],[-72.33454174753153,46.71967181904732],[-72.33455347503758,46.71967819747384],[-72.33456522589981,46.7196845549605],[-72.33457699652499,46.71969089397068],[-72.33458878870971,46.719697215120306],[-72.33460060425064,46.71970351533009],[-72.33461244045283,46.71970979706341],[-72.33462429911289,46.71971605908864],[-72.33463617933252,46.71972230263747],[-72.33464808021341,46.71972852463058],[-72.33466000355217,46.719734728147344],[-72.3346719484505,46.719740913187685],[-72.33468391401009,46.71974707728823],[-72.33469590023093,46.71975322229655],[-72.33470790890965,46.71975934821264],[-72.33471993914794,46.71976545318897],[-72.33473198914916,46.719771540304755],[-72.33474406160826,46.7197776064808],[-72.33475615293197,46.71978365233295],[-72.33476826581527,46.71978967970872],[-72.33478039935981,46.7197956873765],[-72.33479255536223,46.71980167472036],[-72.33480473022928,46.71980764174037],[-72.33481692665589,46.71981358966815],[-72.33482914284544,46.71981951665629],[-72.33484138059455,46.71982542332052],[-72.3348536372083,46.71983131150848],[-72.33486591627992,46.7198371787567],[-72.33487821421615,46.719843025681115],[-72.33489053191533,46.71984885351339],[-72.33490286937743,46.719854660406],[-72.33491522839911,46.71986044697476],[-72.33492760628543,46.719866213835544],[-72.33494000483296,46.71987195975673],[-72.33495242224514,46.719877686585775],[-72.33496486031856,46.71988339185931],[-72.33497731815493,46.71988907680908],[-72.3349897948559,46.71989474205092],[-72.33500229131982,46.71990038696895],[-72.33501480754668,46.71990601094742],[-72.33502734173983,46.719911614602054],[-72.335039328859,46.71991694604874],[-72.33505133304614,46.71992225778763],[-72.33506335609789,46.7199275516662],[-72.33507539531934,46.71993282706866],[-72.33647845330034,46.720546018573245],[-72.33727677980515,46.71995118258294],[-72.33742977637274,46.719802323215816],[-72.33688970832563,46.71930640852925],[-72.33733248074265,46.71903753474449],[-72.33787257034933,46.71953345374984],[-72.33788879931326,46.71955421124609],[-72.33799248376167,46.7195158716116],[-72.33803584274548,46.719571329630945],[-72.33797824187114,46.719592630914796],[-72.33804018609987,46.71967185661457],[-72.33799410342412,46.71968889613252],[-72.3379669716076,46.71965419507588],[-72.3379269283055,46.719669002734975],[-72.3377110083455,46.719766208843694],[-72.33743205719526,46.72003760152897],[-72.33664943324163,46.720620740424856],[-72.33705993727533,46.72080012676385],[-72.33787461850818,46.72115614546513],[-72.33892228319988,46.721617324881336],[-72.33939688202909,46.72128456635783],[-72.33956841623089,46.721360073610846],[-72.33909381650336,46.721692832284496],[-72.33991454788968,46.7220540999678],[-72.34107225171208,46.72255164966037],[-72.3413306673749,46.72266720208681],[-72.34308325893466,46.72345085382324],[-72.35683020916858,46.713735179195886],[-72.35678591414023,46.71371677906825],[-72.35663982112558,46.71362451595148],[-72.3566274153915,46.7136031193068],[-72.35664607519658,46.71357456682351],[-72.35661128703889,46.71353233521117],[-72.35651104493465,46.71343926799344],[-72.35646533416141,46.71335646814736],[-72.35645878184972,46.713222753558945],[-72.35650328528722,46.71311845183557],[-72.3565893591628,46.71298587798115],[-72.35667013657147,46.71290463636809],[-72.35670169259076,46.712761108192865],[-72.35664932619959,46.7125877627276],[-72.35660742607979,46.712511861932654],[-72.35654125527766,46.712450052486055],[-72.35641752851694,46.71237931060978],[-72.35642591608675,46.712362966643646],[-72.35644808920291,46.712352960696975],[-72.35648390862653,46.71235477156096],[-72.35649919705436,46.712341254137364],[-72.35642940873657,46.712147817131296],[-72.35639797578646,46.712052170418104],[-72.35636563284297,46.71187495638539],[-72.35638224718416,46.71173123945574],[-72.3563747498448,46.71143919159468],[-72.35633033264558,46.71122755795522],[-72.3563145887719,46.71118076090688],[-72.35630883955409,46.711093650841974],[-72.35632980802943,46.71101372144533],[-72.35637904469017,46.71099719227895],[-72.35644633569147,46.71093865244151],[-72.35647069261208,46.71088206943582],[-72.35645653965479,46.71085105722752],[-72.35652948465248,46.71080329464678],[-72.35653820190399,46.7107348684643],[-72.35652008468136,46.710703121332365],[-72.35649829514583,46.710541801436854],[-72.35650227827578,46.71046372403577],[-72.35682653865233,46.709897493342744],[-72.35684827249231,46.70978741787154],[-72.35712199275264,46.70956254421468],[-72.35716646115583,46.70953772977744],[-72.3573325021597,46.70939446244484],[-72.3573998578397,46.70929248047678]]]]}},{"type":"Feature","properties":{"zone_code":"24-Af","prefix":"","kind":"unknown","n_lots":8,"source":"t2-gcp-claude48-vision-multisheet","confidence":"contour-autogcp-multisheet"},"geometry":{"type":"MultiPolygon","coordinates":[[[[-72.38279719284233,46.708891320910304],[-72.38112928636272,46.70772894309644],[-72.37946145174834,46.70656654209916],[-72.37783412666171,46.705432303264764],[-72.37780770361596,46.70541388675401],[-72.37620690577963,46.70429806708749],[-72.3761545941857,46.70426160290527],[-72.37457978910214,46.70316383295297],[-72.37450158177352,46.70310931540649],[-72.36337143833528,46.71090754294454],[-72.36423064995509,46.71149285318166],[-72.36512688923258,46.7121033657759],[-72.3652978880385,46.71221984662908],[-72.3653854504225,46.712279492538755],[-72.36688432989823,46.71329714679088],[-72.36691098740428,46.71331524587226],[-72.35808258913373,46.71959708725957],[-72.35817902327948,46.71966806663286],[-72.35824934968812,46.719841669569135],[-72.35824761953289,46.71994857321195],[-72.35819150447203,46.72011648354609],[-72.35809140699655,46.72028932631292],[-72.35804756561743,46.72040598225801],[-72.35790756048544,46.72042410974756],[-72.35776403126262,46.720345689451044],[-72.35758060606139,46.72034385730049],[-72.35731230264221,46.72036320788648],[-72.35717594287365,46.72039018944372],[-72.35709675009315,46.720443108039824],[-72.35707284412682,46.72050948469128],[-72.3571077023531,46.720640600831665],[-72.35714704856254,46.72082231437716],[-72.35714929435075,46.72089368011955],[-72.357135496228,46.72095734158544],[-72.35709452316956,46.72101739291497],[-72.35706530636327,46.72110868268124],[-72.35708481238134,46.72116836557025],[-72.35726738687801,46.72143328368811],[-72.35736793081618,46.72154881880316],[-72.35748277323873,46.72164711155146],[-72.35762203726061,46.72181688934512],[-72.35763764818361,46.72195691522424],[-72.35762959119383,46.72204901444823],[-72.35757658520217,46.722288442874095],[-72.35758136334118,46.7223545764673],[-72.35758936912697,46.72241044478768],[-72.35757890555055,46.72244572294704],[-72.35755133625447,46.722478138114994],[-72.357548921583,46.7225148449422],[-72.35758442839293,46.72258639257694],[-72.35769434445444,46.72267496083288],[-72.3577693968998,46.72272524085518],[-72.3579027859397,46.72278760755155],[-72.35802872974256,46.722885963935695],[-72.35810589053388,46.72302078460666],[-72.35816249337994,46.72309798169633],[-72.35829071081875,46.723173489490506],[-72.35837437900598,46.72321132217244],[-72.35897167243166,46.72346292684502],[-72.35908729279527,46.723492639214406],[-72.35920119827497,46.72349462336384],[-72.35946906062134,46.723523748230555],[-72.35950563103655,46.72349830099883],[-72.3597143941187,46.72330466812815],[-72.35980911068562,46.723215770828546],[-72.35990808347036,46.72310610925511],[-72.35994355344934,46.72308897166971],[-72.36009200094836,46.72306549731339],[-72.36011817336417,46.72306909984783],[-72.36025977390409,46.723119736060966],[-72.36031685285724,46.723155375856855],[-72.36038770388203,46.723222964792406],[-72.36057897856222,46.723341771593475],[-72.3607646297887,46.72342104905873],[-72.36095559005854,46.72346912315846],[-72.36104312369646,46.723485520415736],[-72.36106491682527,46.723521670478696],[-72.36133259681361,46.72366167037977],[-72.36153392094688,46.723973189208586],[-72.3617451040904,46.724022802333636],[-72.36189060152203,46.724085286380635],[-72.36197810102395,46.72410648489017],[-72.36219748398939,46.72423791312322],[-72.36232455697453,46.72428084822668],[-72.36241511074844,46.72434507654547],[-72.3625437306325,46.72438455259933],[-72.36261566951707,46.7244452196111],[-72.3627597682718,46.72454576091412],[-72.36283049353244,46.72462582483416],[-72.36288034374249,46.72467805943321],[-72.36285341943679,46.72474514212195],[-72.3629671245922,46.72486008082656],[-72.36313992182531,46.72501136109518],[-72.3632790690662,46.72519850538205],[-72.36335132775102,46.72531476153185],[-72.37368861003465,46.71791614464807],[-72.3736350111549,46.71787976603398],[-72.37203911362847,46.71679651855727],[-72.37197090275232,46.71675021658621],[-72.38279719284233,46.708891320910304]]]]}},{"type":"Feature","properties":{"zone_code":"41-Ib-A","prefix":"","kind":"unknown","n_lots":67,"source":"t2-gcp-claude48-vision-multisheet","confidence":"contour-autogcp-multisheet"},"geometry":{"type":"MultiPolygon","coordinates":[[[[-72.42064075078514,46.707320994704695],[-72.42056047194147,46.707218981715094],[-72.42033035770164,46.706967438046775],[-72.41967581194798,46.70728043617763],[-72.41946352657163,46.70704837628468],[-72.4192512438902,46.7068163172421],[-72.41902389556314,46.706591112731985],[-72.41967843592693,46.70627811676423],[-72.419397428533,46.70600533414599],[-72.41930083718208,46.705911567709414],[-72.41915654169631,46.705783273473784],[-72.41891065573505,46.7055646541946],[-72.41903160131164,46.705500281547955],[-72.41915938216924,46.705613893691826],[-72.41930572491555,46.70574400927207],[-72.419787379113,46.70549143983592],[-72.41974933546074,46.70544187065691],[-72.41969284220914,46.70536397376459],[-72.41967784932704,46.70534202065894],[-72.41965216289981,46.70530441384766],[-72.41958572260307,46.70522792559815],[-72.41952414488699,46.70514234721398],[-72.41945518930746,46.70506547002412],[-72.41936699630614,46.70496506305991],[-72.41926969079455,46.70483025271635],[-72.41914288101579,46.70467740844323],[-72.41897677173998,46.704485465564254],[-72.41885363068081,46.70434780549344],[-72.41870463880274,46.70419878973291],[-72.41858726492774,46.704077843183825],[-72.41847708835475,46.70399273917203],[-72.41836268520836,46.7038947795744],[-72.41825096982133,46.70377775835459],[-72.41812144443546,46.703662161164004],[-72.41809809722123,46.703636545626935],[-72.41800453229449,46.70355743745816],[-72.41792888785936,46.70350083500987],[-72.41790337121371,46.703476789685894],[-72.41785430433458,46.70344616748954],[-72.41781021322382,46.70341774577825],[-72.41775947727488,46.70336419013086],[-72.41774562794815,46.70334957328326],[-72.41763921082463,46.70328527561676],[-72.41756030370838,46.70322512446803],[-72.41741826299399,46.70314659046651],[-72.417382476808,46.703124499697026],[-72.41729846726095,46.70305223936484],[-72.41713487775951,46.70294322924947],[-72.41698645810825,46.70286873796352],[-72.41673690791897,46.70273239273309],[-72.41657766356855,46.70265179794081],[-72.41626718334848,46.70254043801017],[-72.4158514205771,46.70240379809295],[-72.41557468646899,46.70230846493398],[-72.4153181545733,46.70220620159391],[-72.41516920671269,46.702162313751266],[-72.41493844927912,46.702061816371454],[-72.41474573459953,46.70197979378664],[-72.41454933503066,46.70188534084418],[-72.41436256899487,46.701800562968494],[-72.41419633395492,46.70170368181348],[-72.41409342295599,46.70165584521979],[-72.41393053953034,46.70157680314768],[-72.41372892703787,46.701459004358554],[-72.41356222307732,46.70139114666381],[-72.41346667287382,46.70134027012451],[-72.41332402938986,46.70125453833762],[-72.41322920861836,46.701192892810845],[-72.41306925909045,46.70109763082583],[-72.41292104335677,46.70102044908239],[-72.41284082649685,46.700984973326676],[-72.41277426582586,46.70095553688418],[-72.41266067295987,46.70088058141848],[-72.41262757722818,46.70086609388948],[-72.41254534365044,46.70081617484712],[-72.41248549519126,46.70078594357953],[-72.41237170739085,46.7007345588261],[-72.41231098397259,46.700697971486605],[-72.41222759066983,46.70064772392147],[-72.41215804040559,46.70061383615994],[-72.41214736752168,46.700606581886866],[-72.41206287108776,46.700549152652734],[-72.41199487580727,46.70050382307895],[-72.41196462234512,46.700483652767886],[-72.41177853453739,46.70039824121272],[-72.41174670093866,46.700383630338926],[-72.41171956283394,46.70036898003228],[-72.41164739218401,46.70032913031555],[-72.4115590365876,46.70028232320231],[-72.41146463622766,46.70022885932068],[-72.41140126816921,46.70019274971575],[-72.41133305549641,46.7001592054409],[-72.41124306945778,46.70010265980563],[-72.41114606847508,46.700056136509126],[-72.41108492374697,46.700012360277654],[-72.4110152962276,46.69996551469273],[-72.41092856658186,46.69992338887142],[-72.41082666439097,46.69986532003291],[-72.41077098052146,46.69983363181276],[-72.41061294710005,46.699744340364404],[-72.41044919410523,46.699665087873214],[-72.41037037502387,46.699626020065445],[-72.41028862563809,46.699578935720076],[-72.41023029084015,46.69955770785967],[-72.41020570664577,46.69954484274702],[-72.41011909647598,46.69949553795386],[-72.41005994331283,46.69944497568118],[-72.40991754237399,46.69935938012074],[-72.40967594317327,46.69923281508034],[-72.40959943545717,46.699188597060655],[-72.40948390312847,46.6991218245293],[-72.4093829540501,46.69906422983551],[-72.4092820031751,46.69900663446419],[-72.40917819386087,46.6989414087178],[-72.40907438544495,46.69887618412483],[-72.40898636671677,46.69882704198613],[-72.40894958879073,46.69880378749448],[-72.40874695491377,46.69867566181229],[-72.40862141086123,46.69859882223708],[-72.40846646405114,46.69850491109111],[-72.40826249078611,46.69838253845385],[-72.40812501441167,46.698304131718075],[-72.40799934998488,46.69823004497096],[-72.40782856946957,46.698130325802275],[-72.40767941679307,46.698043446662645],[-72.407528168347,46.69795929919016],[-72.40732379084008,46.69784374129426],[-72.40727842681655,46.69782006126601],[-72.40714891310876,46.697752455298165],[-72.40699148066028,46.69759151811658],[-72.4068629595909,46.697508201071614],[-72.40675874783142,46.69745810949441],[-72.4065497691536,46.69734497554047],[-72.40639154349273,46.6972274096507],[-72.40626060954848,46.69714660517162],[-72.40617207339072,46.69710083961295],[-72.40607758230092,46.69704371162685],[-72.40595404149147,46.69695981828447],[-72.40582902564833,46.69686206156682],[-72.40570270994297,46.696749167266276],[-72.4056319999537,46.696686622607004],[-72.40548187709668,46.69679080513438],[-72.40504683108941,46.69645436622478],[-72.4049326013179,46.696524289199736],[-72.40537402087209,46.696865655992795],[-72.40336576339259,46.69825929129197],[-72.40337048942929,46.69826894620939],[-72.40337518043171,46.69827860728614],[-72.40337983819644,46.69828827760261],[-72.40338446272354,46.69829795531063],[-72.4033890504197,46.69830763917784],[-72.40339360667483,46.69831733228489],[-72.40339812699732,46.69832703216727],[-72.40340261408218,46.69833673882499],[-72.40340706613273,46.69834645533859],[-72.4034114849456,46.698356176779235],[-72.40341586962249,46.69836590684354],[-72.40342021836679,46.69837564491537],[-72.40342453477173,46.698385389146424],[-72.40342881524407,46.69839514076894],[-72.40343306158043,46.6984048985507],[-72.40343727378078,46.69841466495605],[-72.40344145184517,46.69842443752067],[-72.40344559487525,46.69843421747666],[-72.40344970287104,46.698444003591874],[-72.40345377762918,46.6984537977146],[-72.40345781825133,46.698463597380446],[-72.40346182294087,46.69847340443772],[-72.40346579349442,46.698483218270276],[-72.40346972901368,46.69849303826199],[-72.40347363129526,46.698502864412966],[-72.40347749764426,46.698512698571385],[-72.40348132985726,46.698522537040716],[-72.40348512703598,46.69853238413364],[-72.40348889007869,46.69854223615354],[-72.4034926171888,46.69855209433259],[-72.40349631016294,46.69856195805475],[-72.40349996900109,46.69857182916828],[-72.40350359280494,46.698581707057045],[-72.4035071806762,46.69859158987278],[-72.40351073530977,46.69860147761552],[-72.40351425401074,46.698611373981755],[-72.40351773857573,46.69862127404283],[-72.40352118720811,46.69863117964692],[-72.40352460170449,46.698641092642326],[-72.40352798026828,46.69865101056473],[-72.40353132469609,46.69866093341403],[-72.4035346349879,46.698670862422524],[-72.40353790755049,46.69868079759013],[-72.40354114777372,46.69869073768466],[-72.40354435296264,46.69870068270617],[-72.40354752132065,46.69871063327066],[-72.40355065464436,46.698720589378226],[-72.4035537538321,46.69873055041268],[-72.40355681708722,46.69874051637407],[-72.40355984710466,46.6987504872624],[-72.4035628411895,46.69876046307764],[-72.40356579844342,46.69877044505199],[-72.40356872156136,46.6987804313372],[-72.403571609645,46.69879042193315],[-72.40357446269434,46.69880041807216],[-72.40357727981106,46.69881041913806],[-72.40358006279183,46.69882042389866],[-72.40358280894165,46.698830432970084],[-72.40358552095549,46.69884044820061],[-72.40358819703673,46.69885046712582],[-72.40359083718535,46.69886048974575],[-72.40359344319798,46.69887051790866],[-72.403596013278,46.69888054976625],[-72.40359854922207,46.698890585934656],[-72.40360104833518,46.698900625797776],[-72.403603512414,46.69891067058777],[-72.40360594056021,46.69892071968853],[-72.40360833367214,46.69893077248399],[-72.40361069264806,46.698940828974116],[-72.40361301479308,46.69895088977505],[-72.40361530010716,46.698960954886736],[-72.40361755218358,46.69897102246091],[-72.40361976742906,46.698981094345896],[-72.40362194764026,46.69899117054162],[-72.40362409371548,46.69900124981593],[-72.40362620295976,46.699011332784934],[-72.40362827716976,46.699021418216425],[-72.4036303145488,46.699031508574755],[-72.40363231689358,46.69904160139557],[-72.40363428420406,46.69905169852712],[-72.4036362146836,46.69906179750509],[-72.40363811102716,46.69907189956158],[-72.40363997143812,46.69908200654496],[-72.40364179591646,46.69909211537472],[-72.4036435844622,46.69910222728303],[-72.40364533797363,46.69911234226991],[-72.40364705645077,46.69912246033536],[-72.40364873809699,46.699132581479326],[-72.40365038291226,46.69914270508581],[-72.40365199448988,46.69915282992255],[-72.40365356923657,46.6991629603022],[-72.40365510805067,46.699173091296075],[-72.40365661183043,46.699183225368486],[-72.4036580787793,46.69919336190335],[-72.40365951069387,46.699203500284575],[-72.40366090757412,46.69921364236045],[-72.40366226762346,46.69922378505047],[-72.40366359174021,46.6992339308191],[-72.40366488082263,46.69924408028233],[-72.40366613397246,46.69925422912755],[-72.40366735118967,46.699264381667405],[-72.40366853247426,46.69927453605366],[-72.40366967782626,46.6992846929023],[-72.40287494098934,46.69932646497085],[-72.40293143603756,46.699835327889225],[-72.40301685953285,46.70077432877025],[-72.39608579836379,46.70557813573834],[-72.39649572208582,46.70602850915033],[-72.39734483843844,46.70696138767872],[-72.39774587512736,46.707401973684256],[-72.39860418394031,46.708344894918895],[-72.39899805656484,46.70877758138054],[-72.3997996906665,46.70965818733234],[-72.4002522717881,46.710155339464464],[-72.40110403547588,46.71109095788876],[-72.40150852079718,46.71153525023253],[-72.40235620074367,46.71246632867255],[-72.40416677406344,46.71121711015968],[-72.40422680757555,46.71187667364166],[-72.40427420358827,46.712222194598645],[-72.4042755968753,46.712232230134745],[-72.40427702789154,46.71224226566898],[-72.40427849394207,46.712252296273824],[-72.40427999682353,46.712262326260905],[-72.40428153563762,46.71227235255041],[-72.40428311038431,46.712282377606186],[-72.40428472106362,46.71229239711664],[-72.40428636677721,46.71230241662528],[-72.40428804842342,46.712312432436356],[-72.40428976600225,46.71232244516591],[-72.40429152041199,46.71233245542979],[-72.40429330895773,46.71234246261216],[-72.40429513433439,46.71235246609702],[-72.40429699564366,46.712362466500316],[-72.40429889288555,46.712372464438005],[-72.40430082516173,46.71238245806228],[-72.4043027924722,46.7123924504528],[-72.40430479661359,46.71240243729802],[-72.4043068366876,46.712412421061735],[-72.40430891269422,46.7124224023598],[-72.40431102373513,46.71243237934446],[-72.40431317070868,46.712442354479435],[-72.4043153536148,46.712452323453206],[-72.40431757155524,46.71246228934544],[-72.40431982542829,46.712472252156125],[-72.40432211613228,46.712482211269325],[-72.40432444097223,46.712492165453185],[-72.40432680174479,46.71250211532366],[-72.40432919755165,46.712512063344505],[-72.40433163018943,46.712522006435975],[-72.40433409786154,46.71253194336625],[-72.40433660056792,46.712541878446864],[-72.40433914010522,46.71255180859815],[-72.40434171467682,46.71256173443606],[-72.4043443224861,46.71257165534461],[-72.40434696892292,46.712581571323845],[-72.40434964949574,46.71259148422161],[-72.40435236510282,46.71260139157407],[-72.40435511843918,46.71261129522912],[-72.40435790501319,46.71262119457081],[-72.4043607275198,46.71263108713536],[-72.40436358506074,46.712640976618395],[-72.40436647943257,46.71265086055619],[-72.4043694070421,46.71266073956468],[-72.40437237238083,46.71267061302795],[-72.40437537095725,46.712680482177824],[-72.40437840546628,46.71269034639845],[-72.40438147500961,46.71270020507381],[-72.40438458138387,46.71271005943583],[-72.40438772099579,46.712719907020784],[-72.4043908965403,46.71272975029236],[-72.40439410801744,46.71273958740276],[-72.40439735363057,46.71274941958391],[-72.4044006351763,46.71275924621988],[-72.40440395175634,46.712769067310596],[-72.40440730247235,46.71277888224021],[-72.40441069001929,46.71278869224051],[-72.4044141117022,46.71279849546378],[-72.40441756841942,46.71280829314184],[-72.40442106017093,46.71281808527471],[-72.40442458785505,46.71282787247833],[-72.40442814967514,46.71283765228893],[-72.40443174652955,46.7128474253225],[-72.40443537841823,46.71285719342684],[-72.40443904623955,46.712866955985994],[-72.4044427472985,46.71287671115214],[-72.40444648339178,46.712886461389104],[-72.40445025631598,46.71289620300117],[-72.40445406247783,46.712905940300026],[-72.40445790277566,46.712915668973984],[-72.40446177900613,46.71292539333468],[-72.40446569027088,46.712935110302425],[-72.40446963477328,46.71294482049313],[-72.40447361700492,46.71295452452275],[-72.40447763067762,46.71296422054354],[-72.40448168118124,46.71297391101914],[-72.40448576582084,46.71298359348592],[-72.40448988459642,46.712993270407516],[-72.40449403750799,46.71300293932026],[-72.40449822725047,46.713012601456036],[-72.4045024493323,46.713022256198904],[-72.40450670644843,46.71303190354882],[-72.40451099949718,46.71304154412178],[-72.40451532488527,46.71305117730184],[-72.40451968530765,46.71306080308898],[-72.40452408166264,46.71307042148321],[-72.40452851125531,46.71308003310051],[-72.40453297588229,46.713089636093],[-72.4045374737469,46.7130992323086],[-72.40454200664584,46.71310882051534],[-72.40454657368073,46.71311840132922],[-72.40455117395331,46.71312797351833],[-72.40455581015848,46.713137538314605],[-72.40456048049964,46.71314709510203],[-72.40456518497679,46.71315664449664],[-72.40456992358993,46.71316618649836],[-72.4045746954407,46.71317571802759],[-72.40457950142748,46.713185243395856],[-72.40458435861821,46.71319479524738],[-72.40458925174157,46.71320433847425],[-72.40459417810258,46.71321387246045],[-72.4045991385996,46.71322339905382],[-72.40460413413088,46.71323291640653],[-72.40460916379817,46.71324242636641],[-72.4046142267031,46.713251926469766],[-72.40461932464233,46.71326141918025],[-72.40462445581923,46.71327090203422],[-72.40462962203046,46.713280376263526],[-72.40463482058098,46.71328984309999],[-72.40464005506415,46.7132993000799],[-72.40464532278499,46.71330874720331],[-72.40465062464177,46.71331818693391],[-72.40465595973623,46.713327617423964],[-72.40466132717006,46.71333703744153],[-72.40466673143482,46.71334644945039],[-72.40467216803891,46.713355852218704],[-72.40467763967732,46.713365246362315],[-72.40468314275675,46.71337463003356],[-72.40468868087048,46.713384004464245],[-72.40469425312018,46.71339336903845],[-72.40469985860754,46.713402724987986],[-72.4047054973326,46.713412071081116],[-72.4047111692953,46.713421407933694],[-72.4047168762923,46.71343073431383],[-72.40472261473033,46.713440051453524],[-72.40472838730436,46.713449359352616],[-72.40473419401435,46.71345865616346],[-72.404740033962,46.71346794434971],[-72.40474590624902,46.71347722206356],[-72.40475181267202,46.7134864893051],[-72.40475775323098,46.713495747306126],[-72.4047637261293,46.71350499483481],[-72.40476973136698,46.71351423127522],[-72.40477577074064,46.713523459091064],[-72.40478184335197,46.713532675202714],[-72.40478794830263,46.71354188084204],[-72.40479408649097,46.71355107785686],[-72.40480025881529,46.71356026316751],[-72.40480646258064,46.7135694380058],[-72.40481269958366,46.71357860298773],[-72.40481897072266,46.71358775688148],[-72.40482527330269,46.713596900302896],[-72.40483160822207,46.7136060320202],[-72.40483797817575,46.71361515388112],[-72.40484438046879,46.71362426526977],[-72.40485081420286,46.71363336433834],[-72.40485728027626,46.71364245293471],[-72.40486378048566,46.713651531058765],[-72.40487031213608,46.71366059809464],[-72.4048768770242,46.71366965404238],[-72.40488347335331,46.7136786989019],[-72.4048901029201,46.713687732057366],[-72.40489676572457,46.713696752892844],[-72.40490345997006,46.713705763871985],[-72.40491018565659,46.713714763147046],[-72.40491694547913,46.71372375133401],[-72.40492373674267,46.71373272781688],[-72.40493055944725,46.71374169197976],[-72.4049374153895,46.71375064505452],[-72.4049443036711,46.71375958580931],[-72.40495122339374,46.71376851609194],[-72.4049581754557,46.713777434054585],[-72.40496515985703,46.71378634031322],[-72.40497217569941,46.713795234251904],[-72.40497922388113,46.713804115870666],[-72.40498630350389,46.7138129857854],[-72.40499341456768,46.713821845228],[-72.40500055797081,46.71383069111882],[-72.4050077337133,46.713839525305644],[-72.40501493999851,46.713848345940754],[-72.40502217862307,46.71385715610369],[-72.40502944779035,46.713865953330824],[-72.40503675019531,46.71387473823804],[-72.40504408404128,46.71388351020946],[-72.4050514493283,46.71389226986103],[-72.40505884515804,46.71390101719269],[-72.4050662724288,46.7139097509727],[-72.40507373203891,46.71391847304871],[-72.40508122219175,46.71392718280493],[-72.40508874288732,46.71393587900941],[-72.40509629502391,46.71394456289403],[-72.40510387860154,46.713953233227016],[-72.4051114936202,46.71396189185608],[-72.40511914097821,46.713970536317554],[-72.40512681798064,46.713979167843284],[-72.40513452552577,46.713987787049234],[-72.40514226451195,46.71399639331943],[-72.40515003583747,46.71400498480616],[-72.40515783590908,46.71401356520493],[-72.40516566652342,46.71402213020429],[-72.40517352857879,46.71403068288392],[-72.40518142207517,46.71403922324373],[-72.40518934521599,46.7140477488201],[-72.40519729979782,46.71405626084487],[-72.40520528402408,46.71406475993397],[-72.40521329969134,46.714073244855555],[-72.40522134590135,46.714081716841484],[-72.40522942265406,46.71409017527584],[-72.40523752905118,46.71409861892676],[-72.4052456650927,46.71410704902617],[-72.4052538325753,46.7141154661899],[-72.40526202970226,46.714123867954335],[-72.40527025737194,46.71413225678312],[-72.40527851468603,46.7141406320604],[-72.40528680344116,46.71414899193836],[-72.40529512004404,46.7141573382648],[-72.405303468088,46.71416567103971],[-72.40531184487801,46.71417398903131],[-72.40532025221077,46.71418229408727],[-72.40532869008622,46.71419058312812],[-72.40533715670779,46.714198858001495],[-72.40534565297374,46.7142071187075],[-72.40535417888408,46.7142153652461],[-72.40536273533719,46.714223597001414],[-72.40537131963802,46.71423181397339],[-72.4053799344816,46.714240016162066],[-72.4053885798679,46.71424820418339],[-72.40539725220366,46.7142563780373],[-72.40540595508212,46.71426453587614],[-72.40541468850331,46.714272680163546],[-72.40542344977229,46.71428080905174],[-72.40543224068566,46.71428892315671],[-72.40544105944679,46.71429702186252],[-72.40544990785236,46.71430510516913],[-72.4054587859023,46.71431317492435],[-72.40577635832155,46.71414744782776],[-72.40576775605439,46.71413963057488],[-72.40575918522826,46.71413179669101],[-72.40575064135159,46.71412394863983],[-72.40574212801764,46.71411608457361],[-72.4057336443281,46.71410820695599],[-72.40572518938464,46.71410031270737],[-72.40571676318729,46.714092404907355],[-72.40570836843095,46.714084481708134],[-72.4057000024207,46.714076543109805],[-72.40569166515655,46.71406859096001],[-72.40568335933345,46.71406062402696],[-72.40567508135808,46.7140526416947],[-72.40566683302717,46.714044644579175],[-72.40565861613726,46.71403663452814],[-72.40565042979006,46.7140286090779],[-72.40564227218897,46.714020568844305],[-72.40563414333397,46.714012513827456],[-72.40562604681831,46.71400444464317],[-72.40561797815043,46.71399636252338],[-72.4056099418219,46.7139882656202],[-72.40560193603608,46.71398015393376],[-72.40559395899636,46.713972028695785],[-72.40558601249937,46.71396388867448],[-72.40557809654509,46.713955735717555],[-72.40557021113351,46.71394756797729],[-72.40556235536636,46.71393938668552],[-72.40555453104022,46.713931191842214],[-72.40554673725681,46.71392298283144],[-72.40553897401614,46.71391476088506],[-72.40553124131817,46.713906523539336],[-72.40552353916293,46.7138982751058],[-72.40551586934703,46.71389001065697],[-72.40550822917554,46.71388173388848],[-72.40550061954676,46.71387344295244],[-72.40549304135904,46.71386513969669],[-72.40548549281569,46.7138568216575],[-72.40547797751002,46.71384849191452],[-72.40547049095045,46.713840148004],[-72.40546303762854,46.71383179115777],[-72.40545561574766,46.71382342199185],[-72.40544822351119,46.7138150380424],[-72.40544086271575,46.713806641773196],[-72.40543353425966,46.7137982325683],[-72.40542623544796,46.71378981165958],[-72.40541897077229,46.7137813759673],[-72.40541173574097,46.71377292857118],[-72.4054045312524,46.71376446885528],[-72.40539736089981,46.71375599497179],[-72.40539022198824,46.71374751000032],[-72.40538311272107,46.71373901209307],[-72.40537603669159,46.7137305006342],[-72.40536899210313,46.713721978087335],[-72.40536197895571,46.71371344198879],[-72.40535499724932,46.71370489418631],[-72.40534804788228,46.71369633406395],[-72.40534113085458,46.71368776100587],[-72.40533424616625,46.71367917809159],[-72.40532739291896,46.713670581009666],[-72.405320572011,46.71366197099196],[-72.40531378164577,46.7136533498862],[-72.40530702631483,46.71364471769242],[-72.40530030152661,46.71363607317876],[-72.40529360907775,46.71362741696112],[-72.40528694896824,46.71361874780766],[-72.40528032119808,46.71361006879797],[-72.40527372666556,46.71360137685249],[-72.4052671635741,46.7135926738189],[-72.40526063192367,46.71358395784946],[-72.40525413530753,46.71357523263975],[-72.40524767013244,46.71356649511008],[-72.40524123729669,46.713557745876386],[-72.4052348376986,46.71354898493869],[-72.40522846954156,46.71354021291289],[-72.40522213552049,46.71353143103081],[-72.40521583383877,46.71352263621285],[-72.40520956449639,46.71351383215458],[-72.40520332839168,46.71350501516037],[-72.40519712552465,46.71349618769397],[-72.40519095589529,46.713487349755376],[-72.40518481770695,46.71347850072868],[-72.40517871365459,46.713469641229715],[-72.4051726428399,46.713460770642605],[-72.40516660436457,46.713451888967334],[-72.4051606000252,46.71344299805172],[-72.4051546280252,46.71343409481605],[-72.40514869016117,46.71342518172409],[-72.40514278373816,46.71341625877579],[-72.40513691324779,46.713407324739336],[-72.40513107330014,46.71339838084651],[-72.40512526928507,46.71338942709739],[-72.40511949581276,46.71338046164412],[-72.40511375827305,46.71337148695042],[-72.40510805397098,46.71336250301632],[-72.40510238200828,46.713353507994],[-72.40509674418153,46.71334450311534],[-72.4050911404908,46.71333548899622],[-72.40508557003773,46.71332646378888],[-72.40508003372064,46.71331742995705],[-72.4050745306412,46.71330838565287],[-72.40506906079943,46.71329933087638],[-72.40506362419534,46.713290268091306],[-72.40505822262554,46.713281194833904],[-72.40505285609004,46.713272112951955],[-72.40504752189386,46.71326302121357],[-72.40504222093537,46.71325392023478],[-72.40503695501117,46.71324480878361],[-72.40503172322296,46.71323568870786],[-72.40502652557075,46.71322656000755],[-72.40502136115616,46.71321742083488],[-72.40501623087756,46.71320827426952],[-72.40501113473496,46.71319911784773],[-72.40500607362665,46.71318995218541],[-72.40500104575602,46.71318077913033],[-72.40499605291967,46.71317159498699],[-72.40499109421928,46.713162402834975],[-72.40498617055323,46.71315320329018],[-72.40498128012482,46.71314399388896],[-72.40497642203577,46.71313477586315],[-72.40497160257428,46.71312554921269],[-72.40496681545213,46.71311631516948],[-72.40496206246594,46.71310707188574],[-72.40495734451407,46.713097819977364],[-72.40495266069819,46.71308856006024],[-72.40494801191659,46.71307929213448],[-72.40494339727097,46.71307001620001],[-72.40493881765966,46.71306073225678],[-72.404934271286,46.713051439073],[-72.40492976084496,46.71304213788051],[-72.40492528543821,46.713032831143],[-72.40492084416745,46.71302351393306],[-72.40491643793098,46.713014188714375],[-72.40491206583049,46.71300485795069],[-72.4049077287643,46.71299551794639],[-72.40490342763071,46.71298617178116],[-72.40489916063312,46.71297681699121],[-72.40489492777151,46.71296745480849],[-72.40848785563301,46.710486515845915],[-72.4097552715994,46.71186574676603],[-72.40606237112823,46.71440672905701],[-72.40612457317344,46.71446311804937],[-72.40796572424716,46.716072422970306],[-72.41953928868604,46.708081665029574],[-72.42008937923679,46.70770177718618],[-72.42064075078514,46.707320994704695]]],[[[-72.41800079081133,46.70153113067318],[-72.41776807505046,46.70144985456844],[-72.41699776520275,46.70112177639643],[-72.4169764275198,46.70114280218763],[-72.41696669068044,46.701138110213],[-72.41695697360402,46.7011333991399],[-72.41694727629051,46.701128667120024],[-72.41693759963827,46.70112391600162],[-72.41692794095235,46.70111914578467],[-72.41691830472429,46.70111435585316],[-72.41690868825918,46.70110954682304],[-72.41689909245531,46.701104718078334],[-72.41688951821102,46.70109987085115],[-72.41687996372966,46.701095002677164],[-72.41687042990955,46.70109011663678],[-72.41686091764899,46.701085211497805],[-72.41685142515139,46.70108028664417],[-72.41684195511166,46.70107534269196],[-72.41683250483487,46.70107038087331],[-72.41682307611765,46.70106539872396],[-72.41681366895999,46.70106039747596],[-72.41680428246359,46.70105537774543],[-72.41679491842508,46.70105033953237],[-72.41678557594612,46.701045281604664],[-72.41677625412842,46.70104020519436],[-72.41676695387027,46.70103511153363],[-72.4167576751717,46.70102999754215],[-72.41674841803271,46.70102486445203],[-72.41673918335158,46.70101971411151],[-72.41672997023002,46.701014544056214],[-72.416720781363,46.70100935613443],[-72.41671161225888,46.70100414911402],[-72.41670246561266,46.70099892545918],[-72.41669334232263,46.70099368208964],[-72.41668423969385,46.70098842023745],[-72.41667516042128,46.700983139902704],[-72.41666610360659,46.70097784108531],[-72.41665706924978,46.70097252501742],[-72.41664805735084,46.70096718985088],[-72.41663906970642,46.700961838049906],[-72.41663010362157,46.70095646591807],[-72.41662116089292,46.70095107653571],[-72.41661224062216,46.700945670518955],[-72.41718661532998,46.70055369928487],[-72.41676899574092,46.70025941249297],[-72.41619462103309,46.70065138216708],[-72.41618701409926,46.70064514626898],[-72.41617943321657,46.700638896200466],[-72.41617187838503,46.7006326301133],[-72.41616435050297,46.70062634923961],[-72.41615684867203,46.700620054195475],[-72.41614937379056,46.700613743132735],[-72.41614192585853,46.70060741728346],[-72.41613450487596,46.700601076031546],[-72.41612711084285,46.700594719993134],[-72.41611974465754,46.7005883497843],[-72.41611240452333,46.700581963556736],[-72.41610509133861,46.70057556377477],[-72.41609780600164,46.70056914982232],[-72.41609054581753,46.70056271985122],[-72.41608331617613,46.70055627694176],[-72.41607611168754,46.70054981862961],[-72.41606893414843,46.700543346763105],[-72.4160617853554,46.700536859493944],[-72.41605466351182,46.70053035743815],[-72.41604756861771,46.70052384244404],[-72.41604050246968,46.70051731327941],[-72.41603346327112,46.700510768096045],[-72.41602645281863,46.70050421120643],[-72.41601946931561,46.70049763953019],[-72.41601251366038,46.70049105306736],[-72.41600558585291,46.70048445428225],[-72.41599868679153,46.70047784009439],[-72.41599181378129,46.70047121235207],[-72.41568179529526,46.700171278745415],[-72.41649847078806,46.699608671098474],[-72.41632402784134,46.69943784015599],[-72.41550735594183,46.70000044465433],[-72.41517516972952,46.69971164415915],[-72.41471271163138,46.699422539620166],[-72.414015630649,46.69903894603878],[-72.41440531981925,46.69877570773644],[-72.4132949509241,46.698164913782286],[-72.41282560634099,46.698491297168204],[-72.41269968679266,46.69844266357683],[-72.4135236062999,46.69786449912391],[-72.41305009892375,46.69754507213447],[-72.41207052922556,46.6982622227003],[-72.41204463708411,46.698255263839755],[-72.41163678667377,46.69812150259848],[-72.41162331913102,46.69811707158881],[-72.41160986596132,46.698112617783],[-72.41159642806299,46.698108141180974],[-72.41158300723265,46.698103641166725],[-72.41156960167366,46.69809911958846],[-72.41155621318266,46.698094573981855],[-72.41154283996305,46.698090007427346],[-72.41152948291308,46.69808541807661],[-72.4115161429311,46.69808080531359],[-72.41150282001713,46.698076170986575],[-72.41148951327284,46.698071513863326],[-72.41147622269821,46.698066833943884],[-72.41146294919156,46.69806213184431],[-72.4114496918546,46.698057407564605],[-72.41143645248394,46.69805266172088],[-72.41142322838463,46.69804789246481],[-72.41141002225166,46.698043101644714],[-72.41139683408497,46.698038287412224],[-72.41138366118963,46.69803345161573],[-72.41137050805725,46.69802859425513],[-72.41135737109452,46.69802371348217],[-72.4113442511998,46.69801881114515],[-72.41133114837308,46.698013887244],[-72.41131806441096,46.69800894116271],[-72.41130499661851,46.69800397166903],[-72.4112919476907,46.69799898184344],[-72.41127891583088,46.69799396983764],[-72.41126590193736,46.69798893565166],[-72.41125290690846,46.69798387866935],[-72.41123992984586,46.69797879950679],[-72.41122697074957,46.69797370062842],[-72.41121402961959,46.697968577721504],[-72.41120110645592,46.69796343448269],[-72.41118820305518,46.697958268447486],[-72.4111753158241,46.697953081464256],[-72.41116244835598,46.697947872300766],[-72.41114960065079,46.697942640956995],[-72.41113676911526,46.69793738928124],[-72.41112395734267,46.69793211480912],[-72.41111116443473,46.697926818772835],[-72.41109839218802,46.69792150178847],[-72.41108563611098,46.69791616385603],[-72.41107289979688,46.69791080374323],[-72.41106018414403,46.69790542145016],[-72.41104748555918,46.697900019441164],[-72.41103480763559,46.69789459463578],[-72.4110221494749,46.69788914826612],[-72.41100951107717,46.697883681564456],[-72.41099688974742,46.697878193298564],[-72.41098428997726,46.69787268346842],[-72.41097170907172,46.69786715207403],[-72.41095914972571,46.697861600347565],[-72.41094660744771,46.697856027056844],[-72.41093408672928,46.697850432817965],[-72.41092158577379,46.697844817014804],[-72.41090910458124,46.6978391808796],[-72.41089664315162,46.69783352256393],[-72.41088420328155,46.697827843916215],[-72.41087178227613,46.69782214493641],[-72.41085938103363,46.69781642439226],[-72.41084700135069,46.69781068228384],[-72.41083464322733,46.6978049204594],[-72.41082230486691,46.697799137686694],[-72.41080998626941,46.69779333334969],[-72.4107976892315,46.697787509296624],[-72.4107854128548,46.69778166306312],[-72.4107731571394,46.697775797113565],[-72.41076092208523,46.69776991083188],[-72.41074870859063,46.697764004218016],[-72.41073651485897,46.69775807603976],[-72.41072434448348,46.69775212691326],[-72.41071219387095,46.69774615807066],[-72.41070006481797,46.69774016889589],[-72.41068795732458,46.69773415877279],[-72.41067587139075,46.69772812893363],[-72.41066380791479,46.69772207876225],[-72.41065176330348,46.69771600764255],[-72.41063974204833,46.69770991619061],[-72.4106277432511,46.69770380440645],[-72.41061576421679,46.69769767229005],[-72.41060380853865,46.697691521073665],[-72.41059187531843,46.697685348908884],[-72.41057996365777,46.69767915641182],[-72.41056807265834,46.69767294419865],[-72.41055620501513,46.69766671288541],[-72.4105443598298,46.69766046000769],[-72.41053253710233,46.69765418802989],[-72.41052073503613,46.697647895719776],[-72.41050895722445,46.69764158369351],[-72.41049720276895,46.697635251951034],[-72.4104854680764,46.69762890049235],[-72.41047375763836,46.69762252931743],[-72.41046206965818,46.697616138426326],[-72.4104504041359,46.6976097265868],[-72.41043876286814,46.697603296263225],[-72.41042714405827,46.697596847455635],[-72.41041554770625,46.697590376467346],[-72.41040397381214,46.69758388822728],[-72.41039242327422,46.6975773790387],[-72.41038089788911,46.69757085136612],[-72.4103693940636,46.69756430397722],[-72.41035791359425,46.69755773687206],[-72.41034645827776,46.69755115005061],[-72.41033502541913,46.69754454474508],[-72.41032361412007,46.697537919723246],[-72.41031222887217,46.6975312756012],[-72.41030086698045,46.69752461299507],[-72.41028952754661,46.69751792944036],[-72.41027821416394,46.69751122863379],[-72.41026692323912,46.697504508726986],[-72.41025565567051,46.69749776848775],[-72.41024441415306,46.69749101038046],[-72.41023319509347,46.69748423255685],[-72.41022200028841,46.697477435016815],[-72.41021083063617,46.69747062022488],[-72.4101996834418,46.697463786332655],[-72.41018856319688,46.69745693395628],[-72.41017746451156,46.69745006309573],[-72.41016639277568,46.697443171902655],[-72.41015534529433,46.69743626407376],[-72.41014432116916,46.697429335912304],[-72.41013332309514,46.69742238988273],[-72.41012234837731,46.697415424752876],[-72.41011139971062,46.6974084417549],[-72.41010047619677,46.69740144088877],[-72.41008957693744,46.697394420306225],[-72.41007870372923,46.697387381239444],[-72.41006785387721,46.69738032553675],[-72.41005703097467,46.697373250733676],[-72.41004623232665,46.69736615744635],[-72.41003545972976,46.697359046290856],[-72.41002471048907,46.697351916034954],[-72.41001398909616,46.69734476914314],[-72.41000329195775,46.69733760438314],[-72.40999261997217,46.69733041990659],[-72.40998197403773,46.697323218177985],[-72.40997135415445,46.697315999197286],[-72.409960759424,46.69730876173227],[-72.409950191643,46.69730150578294],[-72.40993964991314,46.69729423258148],[-72.4099291324378,46.69728694151181],[-72.40991864101359,46.69727963380607],[-72.40990817833546,46.69727230761603],[-72.40989773811523,46.69726496355772],[-72.40988732574277,46.697257602247284],[-72.40987694121809,46.69725022368469],[-72.40986658004961,46.69724282725379],[-72.40985624672889,46.69723541233855],[-72.40984594035764,46.69722798140331],[-72.40983566093584,46.697220533215926],[-72.40982540576856,46.69721306716022],[-72.40981517934738,46.69720558446842],[-72.40980497897732,46.6971980832922],[-72.40979480555671,46.69719056609599],[-72.40978465818726,46.697183031031486],[-72.4097745386656,46.697175478714726],[-72.40976444429675,46.69716790976185],[-72.40975437867398,46.69716032478895],[-72.40974434000069,46.69715272071548],[-72.40973432827685,46.697145101854225],[-72.40972434260416,46.69713746450845],[-72.40971438477924,46.697129811758764],[-72.40970445390376,46.697122141756836],[-72.40969455267269,46.6971144545026],[-72.40903543090096,46.69660155376922],[-72.40805413733574,46.695837928768086],[-72.40790486697992,46.69592873557291],[-72.40737489060669,46.69551632100485],[-72.40695759530945,46.69581034961274],[-72.40734803906453,46.696137795259624],[-72.40809956603798,46.69658767813152],[-72.40826346366156,46.696710768917995],[-72.40859068578358,46.696914935462196],[-72.40888134916848,46.69708644287079],[-72.40972518252894,46.697616989888004],[-72.41029546810559,46.697969019468275],[-72.41035557977115,46.69801509788792],[-72.4107760021039,46.69821247191058],[-72.41118085034456,46.698481400779905],[-72.41132671967873,46.698557116760234],[-72.4114298678329,46.69863840769321],[-72.41211606752225,46.69898469910438],[-72.41237334232467,46.699107308188154],[-72.4131726587729,46.699573355829635],[-72.41350819480289,46.699807104504096],[-72.41378545532376,46.70006735718153],[-72.41390447401406,46.70019593607577],[-72.41427889990933,46.70050900735284],[-72.41440652266343,46.70061146427456],[-72.41455926231286,46.70069610601704],[-72.41534430902281,46.70123499361506],[-72.4161316679963,46.7016254856653],[-72.41628993677631,46.70171951151572],[-72.41650951826942,46.70175900350687],[-72.41678547353817,46.701786661560064],[-72.41697868318948,46.701841052917736],[-72.417643804809,46.70189052498543],[-72.41782836548076,46.70176480495338],[-72.41800079081133,46.70153113067318]]]]}},{"type":"Feature","properties":{"zone_code":"31-Va","prefix":"","kind":"unknown","n_lots":3,"source":"t2-gcp-claude48-vision-multisheet","confidence":"contour-autogcp-multisheet"},"geometry":{"type":"MultiPolygon","coordinates":[[[[-72.36456050324257,46.69615439428546],[-72.36434248930965,46.69600107259697],[-72.36291262380392,46.69499545567734],[-72.35170463326148,46.702958040878045],[-72.352137990436,46.7032533811809],[-72.35333415742394,46.7040685675504],[-72.36456050324257,46.69615439428546]]],[[[-72.3588559658298,46.707831215686795],[-72.35828985472428,46.70744549506154],[-72.35724564944476,46.70673400188674],[-72.35662674075672,46.706312280022566],[-72.35571653177824,46.70569205018226],[-72.35570337595091,46.705811859031655],[-72.35570231324391,46.70620528406758],[-72.35569385830047,46.706341580486445],[-72.3557209910153,46.70641045330021],[-72.35572406684683,46.70644613246936],[-72.35574518983243,46.706594440395705],[-72.35582643436504,46.70684629133969],[-72.35589535940186,46.70703424892324],[-72.35593584108182,46.70708751880163],[-72.35596758754396,46.70724897591701],[-72.35602867028834,46.707471105711285],[-72.35604854371735,46.70756853460774],[-72.35607738233293,46.70774860004269],[-72.35610659554597,46.70789220437904],[-72.35609593883174,46.707997623136315],[-72.3560586380862,46.708132189030444],[-72.35606045537803,46.70817813188307],[-72.35610712195873,46.70826231886815],[-72.35620222030964,46.70832242251724],[-72.35627336688013,46.70838429151365],[-72.35634316597772,46.708498916425384],[-72.35643898208255,46.708609062898404],[-72.35652309313923,46.70867040490154],[-72.35654608641725,46.7087063258897],[-72.35654480991123,46.70871727558037],[-72.35670997326106,46.708842662808124],[-72.35681168051752,46.70887817467107],[-72.3569413595153,46.70891060168583],[-72.3571852269621,46.70900357754049],[-72.3588559658298,46.707831215686795]]]]}},{"type":"Feature","properties":{"zone_code":"8-Aa","prefix":"","kind":"unknown","n_lots":5,"source":"t2-gcp-claude48-vision-multisheet","confidence":"contour-autogcp-multisheet"},"geometry":{"type":"MultiPolygon","coordinates":[[[[-72.46729385495398,46.70109419993977],[-72.46661070145177,46.70062677494672],[-72.46600999083475,46.700215744856145],[-72.46591677535265,46.70015196158008],[-72.46587799059029,46.70012542333843],[-72.46586108070338,46.700113853360854],[-72.4656034268119,46.69993755197826],[-72.4644424737831,46.699143138813795],[-72.46398219859108,46.698828172519505],[-72.46335292334466,46.69839755156592],[-72.46233504499118,46.69770098386712],[-72.45706465347376,46.701362075153604],[-72.44644004055492,46.70874016052517],[-72.44812765158028,46.70989624908704],[-72.44835668245186,46.71005313903404],[-72.44981532099614,46.7110523024156],[-72.44995388792535,46.7111472172997],[-72.4502254648054,46.71132803457649],[-72.45103220223619,46.71188582104866],[-72.45150287003774,46.71220820101886],[-72.46729385495398,46.70109419993977]]]]}},{"type":"Feature","properties":{"zone_code":"22-Af","prefix":"","kind":"unknown","n_lots":18,"source":"t2-gcp-claude48-vision-multisheet","confidence":"contour-autogcp-multisheet"},"geometry":{"type":"MultiPolygon","coordinates":[[[[-72.46233504499118,46.69770098386712],[-72.46226588279913,46.69765365263212],[-72.46062334294653,46.696529555183716],[-72.46049888405886,46.69644437827717],[-72.45915324189922,46.69536899187224],[-72.45909155997856,46.69531969682095],[-72.45859473143932,46.694999813622736],[-72.45823168001218,46.6947660607731],[-72.45746546019396,46.69426975952058],[-72.4573664514766,46.69420562787508],[-72.4569013047208,46.693904331659354],[-72.45680316736929,46.693840762742255],[-72.45677578851604,46.69382302867018],[-72.45677322741918,46.693821368757774],[-72.45633712229821,46.69353887791149],[-72.45620386800557,46.693452559480235],[-72.45575332875462,46.693186732571775],[-72.45560003664126,46.69309628469047],[-72.45549861325242,46.69303644136147],[-72.45493762434066,46.69261698966287],[-72.45403524058662,46.69194225358502],[-72.45259604158508,46.6908660947922],[-72.44458796147578,46.6963363091944],[-72.44187512567454,46.69818902985935],[-72.44051864084942,46.699115363581264],[-72.43644891418455,46.70189428171638],[-72.433977281427,46.70020032810187],[-72.43359505456182,46.69994719797044],[-72.43319528449744,46.699682444215114],[-72.43861084196814,46.69596998283292],[-72.43778422661674,46.69542249938234],[-72.43695762923166,46.6948750128457],[-72.43445278665634,46.69659557925441],[-72.43444981682602,46.69640668578812],[-72.43505491571318,46.69389519907349],[-72.42984802700151,46.697465528691865],[-72.42944103717721,46.69719595708592],[-72.42818553376982,46.69631444853293],[-72.42702465350457,46.69549934101306],[-72.4265348461976,46.69515541354577],[-72.42535039773254,46.69440219388471],[-72.41676899574092,46.70025941249297],[-72.41718661532998,46.70055369928487],[-72.41661224062216,46.700945670518955],[-72.41662116089292,46.70095107653571],[-72.41663010362157,46.70095646591807],[-72.41663906970642,46.700961838049906],[-72.41664805735084,46.70096718985088],[-72.41665706924978,46.70097252501742],[-72.41666610360659,46.70097784108531],[-72.41667516042128,46.700983139902704],[-72.41668423969385,46.70098842023745],[-72.41669334232263,46.70099368208964],[-72.41670246561266,46.70099892545918],[-72.41671161225888,46.70100414911402],[-72.416720781363,46.70100935613443],[-72.41672997023002,46.701014544056214],[-72.41673918335158,46.70101971411151],[-72.41674841803271,46.70102486445203],[-72.4167576751717,46.70102999754215],[-72.41676695387027,46.70103511153363],[-72.41677625412842,46.70104020519436],[-72.41678557594612,46.701045281604664],[-72.41679491842508,46.70105033953237],[-72.41680428246359,46.70105537774543],[-72.41681366895999,46.70106039747596],[-72.41682307611765,46.70106539872396],[-72.41683250483487,46.70107038087331],[-72.41684195511166,46.70107534269196],[-72.41685142515139,46.70108028664417],[-72.41686091764899,46.701085211497805],[-72.41687042990955,46.70109011663678],[-72.41687996372966,46.701095002677164],[-72.41688951821102,46.70109987085115],[-72.41689909245531,46.701104718078334],[-72.41690868825918,46.70110954682304],[-72.41691830472429,46.70111435585316],[-72.41692794095235,46.70111914578467],[-72.41693759963827,46.70112391600162],[-72.41694727629051,46.701128667120024],[-72.41695697360402,46.7011333991399],[-72.41696669068044,46.701138110213],[-72.4169764275198,46.70114280218763],[-72.41699776520275,46.70112177639643],[-72.41776807505046,46.70144985456844],[-72.41800079081133,46.70153113067318],[-72.4181135778885,46.70157052115174],[-72.41823305022803,46.70161224031863],[-72.41824430971182,46.70161618620016],[-72.41825555122928,46.70162015241146],[-72.41826677747538,46.701624141416794],[-72.41827798485686,46.70162815321611],[-72.41828917876363,46.70163218657737],[-72.41830035380575,46.701636241500466],[-72.41831151357653,46.70164031736942],[-72.41832265448268,46.7016444166484],[-72.41833378011748,46.701648537489305],[-72.41834488688767,46.701652679892014],[-72.41835597838647,46.70165684385659],[-72.41836705191898,46.70166102876699],[-72.41837810748518,46.701665236471335],[-72.41838914688171,46.70166946573753],[-72.41840016651528,46.701673715949525],[-72.41841116997921,46.70167798772336],[-72.41842215727344,46.70168228167504],[-72.41843312480475,46.7016865971886],[-72.41844407526806,46.70169093303177],[-72.41845500686675,46.70169529105288],[-72.41846592049913,46.701699671251866],[-72.4184768152669,46.70170407116443],[-72.41848769476331,46.701708493254856],[-72.41849855359847,46.70171293629107],[-72.41850939446732,46.70171740150508],[-72.41852021736987,46.70172188643269],[-72.41853101961115,46.701726393538166],[-72.41854180568276,46.70173092158934],[-72.41855257109313,46.701735470586186],[-72.41856331943552,46.70174004052878],[-72.41857404711664,46.70174463141705],[-72.41858475683145,46.701749243251],[-72.41859544768164,46.70175387726276],[-72.4186061178706,46.70175853160412],[-72.41861677009322,46.70176320565908],[-72.41862740345125,46.7017679018918],[-72.4186380152497,46.70177261783806],[-72.41864860908184,46.70177735596207],[-72.41865918315105,46.70178211256753],[-72.418669736559,46.701786891966776],[-72.41868027200066,46.70179169169563],[-72.41869078588275,46.701796511754075],[-72.41870128090022,46.70180135214207],[-72.41871175435811,46.70180621285961],[-72.4187222089514,46.70181109390672],[-72.41873264288341,46.70181599589944],[-72.4187430570525,46.70182091822172],[-72.41875344966202,46.70182586087352],[-72.4187638234069,46.70183082385483],[-72.41877417469394,46.70183580716574],[-72.41878450621802,46.70184081019008],[-72.41879481797918,46.70184583415998],[-72.41880510818076,46.701850878459375],[-72.41881537682276,46.70185594124013],[-72.41882562570184,46.70186102619858],[-72.41883585212304,46.70186613025441],[-72.41884605878128,46.70187125463969],[-72.41885624298168,46.70187639873842],[-72.41886640741912,46.70188156255053],[-72.41887654939866,46.701886745460044],[-72.41889640575972,46.701870323773385],[-72.41952617867278,46.70210871250241],[-72.41970711194742,46.70225821640351],[-72.4196881664781,46.70245653903876],[-72.41971499286741,46.70247875945268],[-72.41974179140897,46.70250099525873],[-72.41976856030612,46.70252324768902],[-72.41979530315213,46.70254551551149],[-72.41982201635373,46.702567799958125],[-72.41984870260589,46.70259009979688],[-72.41987535921362,46.702612416259825],[-72.41990198797359,46.7026347481148],[-72.41992858978409,46.70265709659391],[-72.41995516284851,46.70267946046502],[-72.41998170626853,46.70270184096024],[-72.42000822273909,46.702724235615335],[-72.42003470866692,46.70274664812656],[-72.42006116944192,46.70276907602975],[-72.42008759877592,46.70279151932485],[-72.42011400295705,46.70281397739576],[-72.42014037569717,46.70283645270672],[-72.4201667214878,46.70285894340952],[-72.42019303853237,46.70288144950418],[-72.42021932683086,46.70290397283877],[-72.42024558728156,46.70292651094914],[-72.42027181898617,46.702949065067315],[-72.42029802194469,46.702971634577295],[-72.42032419615713,46.70299421947894],[-72.42035034162346,46.7030168203884],[-72.42037645834372,46.70303943668955],[-72.42040254811451,46.703062068998406],[-72.4204286073426,46.70308471731498],[-72.4204546387229,46.70310738040716],[-72.42048064045879,46.703130059507],[-72.42050661524523,46.70315275461448],[-72.42053255948895,46.70317546449748],[-72.42055847678323,46.70319818977207],[-72.42058436353477,46.70322093105424],[-72.42061022333685,46.70324368772792],[-72.42063605259621,46.703266460409196],[-72.42066185310948,46.70328924848189],[-72.42116975428293,46.70374689052961],[-72.42135484046912,46.70409444716125],[-72.42149015280205,46.704352344413316],[-72.42151650308428,46.70490073466809],[-72.42151786493025,46.70490716473863],[-72.42151926360714,46.70491359111223],[-72.4215206955217,46.7049200137889],[-72.42152216247055,46.70492643276866],[-72.42152366445373,46.704932846819496],[-72.42152520147118,46.704939259021465],[-72.42152677442122,46.704945665678444],[-72.42152838060898,46.70495206863851],[-72.42153002183099,46.70495846851773],[-72.42153169808729,46.704964862851966],[-72.42153340937793,46.70497125287325],[-72.42153515480452,46.704977638581624],[-72.42153693616373,46.70498402059307],[-72.42153875076059,46.704990397675594],[-72.42154059949345,46.70499676982917],[-72.42154248505723,46.70500313643779],[-72.42154440296036,46.70500949873345],[-72.42154635769444,46.7050158554842],[-72.42154834566614,46.705022208538026],[-72.42164951483177,46.70518055537568],[-72.42213220299013,46.705611091430164],[-72.42206692062179,46.70565608776308],[-72.42208495789438,46.70567065162477],[-72.42287719112659,46.706310340209924],[-72.42320321489602,46.70646226385673],[-72.42352528517989,46.706884148405855],[-72.42353479833876,46.706895854917086],[-72.42546570368579,46.705594018514084],[-72.42553385437482,46.705664833965585],[-72.42584273379705,46.70574802630939],[-72.42629542451311,46.70598793794788],[-72.42719410541156,46.706135160489524],[-72.42757354121117,46.706334888167014],[-72.42731430269151,46.70651622299509],[-72.42879238796507,46.70774836165353],[-72.42833392647162,46.708069048343724],[-72.42951972600284,46.709536532943325],[-72.4296783145831,46.70942910049436],[-72.43848649536989,46.70329063396387],[-72.4388817774511,46.7035615082537],[-72.44081470670244,46.7048860233686],[-72.44184623495669,46.7055928240566],[-72.4425022997615,46.70604234416922],[-72.44265913572863,46.70614980307136],[-72.44306483377557,46.706427771129185],[-72.44509793775752,46.70782070686659],[-72.44644004055492,46.70874016052517],[-72.45706465347376,46.701362075153604],[-72.46233504499118,46.69770098386712]]]]}},{"type":"Feature","properties":{"zone_code":"10-Aa","prefix":"","kind":"unknown","n_lots":67,"source":"t2-gcp-claude48-vision-multisheet","confidence":"contour-autogcp-multisheet"},"geometry":{"type":"MultiPolygon","coordinates":[[[[-72.40805413733574,46.695837928768086],[-72.4075144672423,46.6954179726505],[-72.40746225805627,46.69537734479954],[-72.40745515148407,46.69537179589776],[-72.40744807365795,46.69536623097594],[-72.40744102188296,46.69536064941793],[-72.40743399885406,46.69535505122374],[-72.40742700367296,46.695349436393315],[-72.40742003723794,46.695343805542805],[-72.40741309595573,46.69533815867227],[-72.40740618341961,46.69533249578162],[-72.4073992996296,46.69532681563859],[-72.40739244458567,46.695321120707796],[-72.40738561649118,46.69531540790843],[-72.4073788171428,46.695309680937406],[-72.40737204654052,46.69530393671398],[-72.40736530378598,46.69529817770273],[-72.40735858977756,46.69529240328748],[-72.40735190361688,46.695286612852094],[-72.40734524799895,46.695280807012736],[-72.40733861843215,46.69527498515325],[-72.40733201940807,46.69526914850587],[-72.40732544823177,46.69526329522225],[-72.4073189075982,46.695257427766826],[-72.40731239481238,46.695251544291295],[-72.40730591077265,46.69524564541172],[-72.40729945727566,46.69523973297651],[-72.40729303162644,46.69523380390503],[-72.40728663651994,46.6952278600456],[-72.40728026926118,46.69522190201441],[-72.40727393344349,46.69521592796305],[-72.40726762637188,46.69520994035604],[-72.40726134804635,46.695203937344985],[-72.40725510026355,46.69519791954598],[-72.40724888212517,46.69519188819131],[-72.40724269273285,46.695185840200296],[-72.4072365356799,46.69517977926976],[-72.40723040647471,46.69517370478353],[-72.40722430781226,46.695167614893236],[-72.40721823969251,46.695161510831106],[-72.40721220121718,46.695155392597144],[-72.40720619418286,46.69514926080748],[-72.40720021679296,46.69514311484597],[-72.40719426904745,46.69513695532876],[-72.40718835274302,46.695130780407446],[-72.40718246698127,46.69512459316271],[-72.40717661086391,46.69511839112996],[-72.40717078618762,46.69511217615764],[-72.40716499115572,46.69510594762958],[-72.40715922846319,46.69509970554575],[-72.40715349721167,46.69509344990623],[-72.40714779470625,46.69508717947866],[-72.40714212364185,46.69508089795995],[-72.40713648491682,46.69507460165314],[-72.40713087763281,46.69506829302292],[-72.4071252999932,46.69506197083689],[-72.40711975469296,46.69505563694353],[-72.40711424083374,46.695049289494364],[-72.40710875661895,46.695042928489464],[-72.4071033056418,46.69503655454489],[-72.40709788520736,46.69503016827683],[-72.40709249621399,46.69502376968527],[-72.40708713955993,46.69501735877017],[-72.40708181434692,46.69501093491539],[-72.40707652057498,46.69500449873713],[-72.40707125914236,46.69499805023532],[-72.40706603004908,46.69499158879381],[-72.40706083239685,46.69498511626107],[-72.40705566618564,46.694978630172514],[-72.40705053321211,46.694972134224926],[-72.40704543167962,46.69496562348927],[-72.40704036158814,46.694959103510726],[-72.40703532473435,46.694952570592484],[-72.40703031932158,46.6949460259668],[-72.40702534894312,46.69493946901758],[-72.40702040731075,46.69493290097705],[-72.40701549891604,46.69492632184522],[-72.40701062465729,46.694919731005974],[-72.4070057818396,46.69491312907537],[-72.40700097315788,46.694906515437346],[-72.40699619591722,46.69489989132415],[-72.40699145101587,46.69489325427118],[-72.40698674025053,46.69488660859143],[-72.40698206182452,46.69487995058813],[-72.40697741573787,46.69487328087732],[-72.40697280378721,46.69486660192361],[-72.40696822417588,46.69485991064624],[-72.40696367690393,46.69485321012598],[-72.40695916376792,46.69484649789822],[-72.4069546829713,46.694839775811396],[-72.40695023720895,46.69483304324936],[-72.40694582288765,46.694826300212064],[-72.40694144270232,46.6948195473157],[-72.40693709575467,46.69481278332796],[-72.40693278114635,46.69480601071345],[-72.40692850157235,46.69479922639136],[-72.40692425523599,46.69479243282638],[-72.40692004213732,46.69478562878612],[-72.40691586227629,46.69477881673513],[-72.40691171655125,46.69477199297668],[-72.40690760406389,46.69476515997519],[-72.40690352661082,46.6947583183469],[-72.40689948239539,46.69475146624335],[-72.40689547141766,46.69474460551296],[-72.40689149547423,46.69473773430725],[-72.40688755276842,46.69473085447473],[-72.40688364419862,46.694723965399234],[-72.4068797697648,46.69471706769683],[-72.40687592946696,46.69471016075145],[-72.4068721224068,46.6947032451792],[-72.40686835127923,46.69469632036396],[-72.40686461338932,46.69468938630569],[-72.40686090963541,46.69468244300439],[-72.40685724001749,46.694675493540814],[-72.40685360633216,46.694668532369576],[-72.40685000498618,46.69466156441995],[-72.4068464386745,46.694654588459535],[-72.40684290649881,46.69464760448842],[-72.40683941115404,46.69464061189036],[-72.40683594904692,46.694633610665434],[-72.40683252017749,46.69462660081359],[-72.40682912724068,46.69461958418326],[-72.40682576843983,46.6946125583099],[-72.40682244467327,46.69460552504188],[-72.4068191550427,46.694598486227704],[-72.40681590224305,46.6945914375543],[-72.40681268178277,46.69458438148627],[-72.40680949725508,46.69457731863972],[-72.40680634866,46.694570247782394],[-72.40680323240429,46.694563170146594],[-72.4068001547761,46.694556085116155],[-72.4067971094873,46.69454899330719],[-72.40679410013112,46.69454189225512],[-72.4067911249109,46.694534786273024],[-72.40678818472496,46.69452767228009],[-72.40678528136995,46.69452055335706],[-72.40678241215095,46.69451342580708],[-72.40677957886454,46.69450629271092],[-72.40677678061243,46.69449915160389],[-72.40677401739462,46.69449200556677],[-72.40677128831278,46.69448485275112],[-72.40676859696019,46.69447769315698],[-72.40676593884527,46.694470527400405],[-72.40676331756127,46.694463355481425],[-72.40676073220988,46.69445617740008],[-72.40675818099447,46.694448993156364],[-72.40675566481337,46.694441803366345],[-72.40675318546317,46.69443460741391],[-72.40675074024898,46.69442740591526],[-72.40674833276401,46.694420198870304],[-72.40674596031334,46.694412985662964],[-72.40674362199866,46.694405768141664],[-72.4067413205149,46.69439854384174],[-72.40673905496375,46.6943913152279],[-72.40673682534522,46.69438408045162],[-72.40673463076098,46.69437684136134],[-72.40673247210935,46.69436959734092],[-72.40673034759371,46.69436234654196],[-72.40672826170564,46.694355092045136],[-72.4067262090552,46.694347832618185],[-72.40672419413401,46.694340568877195],[-72.40672221514544,46.694333300822244],[-72.40672027119116,46.69432602722099],[-72.40671836406783,46.69431874930575],[-72.40671649197877,46.694311467076496],[-72.40671465672064,46.69430418053325],[-72.40671285649682,46.69429688967601],[-72.40671109400223,46.69428959450474],[-72.40670936564362,46.69428229563559],[-72.40670767591259,46.69427499183629],[-72.40670601941919,46.69426768495531],[-72.40670440065504,46.69426037376029],[-72.40670281602688,46.69425306009968],[-72.40670127002628,46.69424574150888],[-72.40669975905998,46.69423841922025],[-72.40669828492457,46.69423109323376],[-72.4066968458235,46.69422376539781],[-72.40669544355335,46.69421643386396],[-72.40669407721579,46.694209098632264],[-72.40669274770919,46.694201759702665],[-72.40669145323686,46.69419441769138],[-72.40669019739208,46.69418707383062],[-72.40668897747993,46.69417972627196],[-72.40668779080545,46.694172376247714],[-72.4066866427585,46.69416502252561],[-72.4066855315425,46.694157667570195],[-72.40668445446248,46.69415030953303],[-72.40668341690832,46.69414294841416],[-72.40668241259183,46.694135586061925],[-72.40668144690291,46.69412822062798],[-72.40668051624826,46.69412085396077],[-72.40667962242458,46.69411348297948],[-72.4066787663301,46.694106111381025],[-72.40667794437161,46.6940987385493],[-72.40667716014238,46.69409136263577],[-72.40664472197746,46.69377909704419],[-72.40663438236855,46.69350638559297],[-72.40666179176449,46.69317791102487],[-72.40666062754788,46.69314721644202],[-72.40666032301898,46.693139653702296],[-72.40665998345582,46.69313209096146],[-72.4066596070617,46.693124530068076],[-72.40665919563331,46.6931169697898],[-72.40665875006893,46.69310941012664],[-72.40665826677531,46.69310185107855],[-72.4066577493457,46.69309429326174],[-72.40665719688181,46.69308673729233],[-72.40665660758698,46.693079182554214],[-72.40665598415617,46.69307162843116],[-72.40665532389446,46.69306407677174],[-72.40665462770009,46.69305652572738],[-72.40665389826809,46.69304897591431],[-72.40665313200515,46.693041429180994],[-72.4066523298096,46.693033883062746],[-72.40665149347807,46.693026340024254],[-72.40665062031562,46.69301879760092],[-72.40664971211886,46.69301125825731],[-72.40664877068444,46.69300371952877],[-72.40664779152078,46.69299618388003],[-72.40664677732282,46.69298865069487],[-72.40664564724219,46.69298195672019],[-72.40664454680598,46.6929752608962],[-72.40664347331922,46.69296856322291],[-72.40664242857852,46.69296186308409],[-72.40664141078732,46.69295516109604],[-72.4066404217422,46.69294845725859],[-72.40663946054482,46.69294175157187],[-72.40663852719526,46.69293504341969],[-72.40660408578728,46.69286954354086],[-72.40659680494188,46.692536449397984],[-72.40652318441109,46.69231411520205],[-72.40608604263427,46.69195524189507],[-72.40609204158373,46.691962053686],[-72.40609800999049,46.69196887779955],[-72.40610394785452,46.69197571485185],[-72.4061098533792,46.69198256361058],[-72.40611572925947,46.69198942654038],[-72.40612157459702,46.691996300560405],[-72.40612739029017,46.69200318751921],[-72.40613317454228,46.692010086184396],[-72.40613892735335,46.69201699717215],[-72.40614464872341,46.69202391986627],[-72.40615034044905,46.69203085611532],[-72.40615599983535,46.692037802838364],[-72.40616162778059,46.69204476250015],[-72.40616722608144,46.692051733868325],[-72.40617279204294,46.69205871632665],[-72.40617832746172,46.69206571233984],[-72.40618383054115,46.69207271821091],[-72.40618930217956,46.692079736404466],[-72.40619474327524,46.692086766304385],[-72.40620015382818,46.69209380791066],[-72.40620553114347,46.692100861223246],[-72.40621087611942,46.6921079250098],[-72.40621619145094,46.69211499988658],[-72.40622147444314,46.69212208646963],[-72.40622672509598,46.692129184758976],[-72.40623194340947,46.69213629352233],[-72.40623713028191,46.692143413375824],[-72.40624228750995,46.69215054431941],[-72.40624740970371,46.69215768635318],[-72.40625250225305,46.69216483886085],[-72.4062575606664,46.69217200184251],[-72.40626258943539,46.692179177146656],[-72.40626758317003,46.692186361692315],[-72.40627254636199,46.69219355671196],[-72.40627747721457,46.69220076282172],[-72.40628237572784,46.692207978789256],[-72.40628724190172,46.69221520523067],[-72.40629207573625,46.69222244152986],[-72.40629687723145,46.692229688919106],[-72.40630164459067,46.692236946166105],[-72.40630638230549,46.69224421327089],[-72.4063110858843,46.6922514896172],[-72.40631575712378,46.69225877766972],[-72.4063203951256,46.69226607496387],[-72.40632500078804,46.69227338149953],[-72.40632957411117,46.69228069727672],[-72.40614642559105,46.69233466381153],[-72.40614195916746,46.69232751872036],[-72.4061374613028,46.69232038410307],[-72.40613292840389,46.69231325811125],[-72.40612836855551,46.69230615306821],[-72.40612836316562,46.692306143209485],[-72.40612377277452,46.692299051105046],[-72.40612376379137,46.692299038165515],[-72.40611914465418,46.692291958383564],[-72.4061191338744,46.69229194236316],[-72.40611448239785,46.69228487613596],[-72.40611447071976,46.69228485703471],[-72.40610978870049,46.69227780312998],[-72.40610977432746,46.692277782180234],[-72.40610506176546,46.69227074121413],[-72.4061050455958,46.692270717799715],[-72.40610030159277,46.69226368977223],[-72.40610028452478,46.69226366389314],[-72.40609550997904,46.69225664880429],[-72.40609549111444,46.69225661984433],[-72.40609068512767,46.69224961769416],[-72.4060906635681,46.692249586885666],[-72.4060858279369,46.69224259767418],[-72.40608580458073,46.69224256501719],[-72.40608093840683,46.69223558812812],[-72.40608091415233,46.69223555177414],[-72.40607601653738,46.69222858905608],[-72.40607598958793,46.69222855085354],[-72.40607106232859,46.692221602306496],[-72.40607103358252,46.69222156040698],[-72.40606607757708,46.69221462418241],[-72.40606604613605,46.69221458105052],[-72.4060610586896,46.692207658380845],[-72.40606102455361,46.69220761216809],[-72.40605600746275,46.69220070366939],[-72.40605597242845,46.69220065437578],[-72.40605092479487,46.69219375943199],[-72.40605088706562,46.69219370767369],[-72.40604581068597,46.69218682690089],[-72.4060457711601,46.69218677391022],[-72.4060406642377,46.69217990484378],[-72.40604062201689,46.6921798487723],[-72.40603548455177,46.692172993876916],[-72.40603544143264,46.69217293595688],[-72.40603027522144,46.6921660952325],[-72.40603022940735,46.69216603423166],[-72.40602503265343,46.69215920829452],[-72.40602498414441,46.69215914421275],[-72.40601975954273,46.69215233121432],[-72.40601970833875,46.692152265284086],[-72.40601445319433,46.692145467072855],[-72.40601440019374,46.69214539806177],[-72.40600911540491,46.69213861340548],[-72.40600906060769,46.69213854254583],[-72.40600374707277,46.69213177267675],[-72.40600369047893,46.69213170058478],[-72.40599834640129,46.69212494242206],[-72.40599828711248,46.69212486724922],[-72.40599291428877,46.69211812572232],[-72.4059928514067,46.692118047468604],[-72.40598745073521,46.69211131949662],[-72.40598738695482,46.69211123939435],[-72.40598195574063,46.692104525593464],[-72.40598188836697,46.692104443642684],[-72.40597642930499,46.692097744012855],[-72.40597636013472,46.69209765898125],[-72.40597087232663,46.69209097475485],[-72.40597080046142,46.692090887874684],[-72.40596528390725,46.69208421720327],[-72.40596521024541,46.69208412724223],[-72.40595966314852,46.69207747197425],[-72.40595958679172,46.6920773801647],[-72.4059540127454,46.69207073906784],[-72.40595393279533,46.69207064417741],[-72.40594833090121,46.69206401848401],[-72.40594824915452,46.69206392112889],[-72.405942617616,46.69205731022275],[-72.4059425340727,46.6920572116353],[-72.40593687378808,46.69205061551649],[-72.4059367866515,46.69205051323198],[-72.40593109851912,46.69204393251663],[-72.4059310086876,46.69204382838361],[-72.40592529360575,46.69203726183941],[-72.40592520107927,46.69203715585783],[-72.40591945635305,46.692030604717104],[-72.40591936113162,46.69203049565469],[-72.40591359035423,46.69202395868513],[-72.40591349333617,46.69202384900647],[-72.40590769111776,46.69201732682425],[-72.40590759230308,46.692017214680945],[-72.40590176403352,46.69201070790222],[-72.40590166072725,46.692010593910354],[-72.40589580460993,46.692004103151305],[-72.40589569860872,46.69200398484623],[-72.40588981644025,46.69199750949073],[-72.4058897077441,46.69199738995328],[-72.40588379682953,46.691990929385106],[-72.40588368543841,46.69199080799914],[-72.40587774577777,46.69198436221829],[-72.40587763259005,46.69198423959999],[-72.40587166148836,46.69197780429329],[-72.40587154830062,46.691977683523476],[-72.40586554665622,46.691971259307145],[-72.40586543616344,46.691971142850505],[-72.40585940038304,46.69196472787597],[-72.4058592925852,46.691964613884004],[-72.40585322536377,46.69195820876748],[-72.40585311936256,46.691958096624006],[-72.40584701890347,46.69195170506252],[-72.40584691380059,46.6919515959999],[-72.40584078190047,46.69194521368026],[-72.40584068128913,46.6919451076985],[-72.405834517948,46.69193873585298],[-72.40583441733666,46.69193863295208],[-72.40582822165615,46.69193227219692],[-72.40582812463812,46.69193217176069],[-72.40582189661824,46.691925822095946],[-72.40582180049852,46.69192572535672],[-72.40581554103761,46.69191938616614],[-72.40581544851113,46.69191929250778],[-72.40580915671089,46.69191296440757],[-72.40580906508272,46.691912872597754],[-72.40580274094313,46.69190655620405],[-72.40580265200992,46.69190646747505],[-72.40579629732758,46.69190016155555],[-72.40579621108932,46.69190007652364],[-72.40578982406765,46.69189378169453],[-72.40578973962602,46.6918936985111],[-72.40578332116331,46.69188741662089],[-72.40578323851831,46.691887335902145],[-72.40577678861456,46.69188106448614],[-72.4057767086645,46.691880986848254],[-72.40577022642141,46.691874727138824],[-72.40577015006461,46.691874652581774],[-72.4057636363805,46.69186840519511],[-72.405763560922,46.69186833310274],[-72.40575701579684,46.691862096806474],[-72.40575694303331,46.69186202779498],[-72.40575036646712,46.69185580320531],[-72.40575029639851,46.691855736042314],[-72.40574368839128,46.69184952439156],[-72.40574362011932,46.69184946030943],[-72.40573698067105,46.69184325913291],[-72.40573691599236,46.69184319813165],[-72.40573024510307,46.69183700927788],[-72.40573018222098,46.69183695012516],[-72.40572347989065,46.69183077359419],[-72.40572341970353,46.691830718138476],[-72.40571668593216,46.69182455331408],[-72.40571662754168,46.691824500323094],[-72.40570986232926,46.69181834843764],[-72.40570980753203,46.691818297295164],[-72.40570301267523,46.69181215773252],[-72.40570295967461,46.69181210967092],[-72.40569613337676,46.691805981814845],[-72.4056960821728,46.69180593683412],[-72.40568922533224,46.69179982253319],[-72.4056891759249,46.69179977878479],[-72.40568228854163,46.69179367680669],[-72.40568224362586,46.691793636755335],[-72.40567532300491,46.69178754710001],[-72.40567527988577,46.69178750889722],[-72.40566832962043,46.691781432180875],[-72.40566829009455,46.691781397058904],[-72.40566130748985,46.691775332049204],[-72.40566127065891,46.69177530000812],[-72.40565425930812,46.691769247937444],[-72.40565422517214,46.691769218361046],[-72.40564718058368,46.69176317922936],[-72.40564715004096,46.691763153349974],[-72.4056400758081,46.69175712654109],[-72.40564004796032,46.69175710251027],[-72.40563294228643,46.69175108925656],[-72.40563291623528,46.69175106769043],[-72.40562578001867,46.69174506675959],[-72.40562575845911,46.69174504765816],[-72.40561859259809,46.69173906089868],[-72.40561857193683,46.691739043645754],[-72.40561137463477,46.69173307044144],[-72.4056113584651,46.691733056885575],[-72.40560412972201,46.69172709600412],[-72.40560411624728,46.69172708491296],[-72.40559685785979,46.69172113697057],[-72.40559684618168,46.69172112772792],[-72.40558955096326,46.69171518779511],[-72.40558222699875,46.69170926326607],[-72.40557487428815,46.69170335414077],[-72.40556749552641,46.69169746226771],[-72.4055229920889,46.691662037691],[-72.40513786546198,46.691355468806854],[-72.40475283585313,46.69104897397302],[-72.40432956765756,46.69071203406963],[-72.40341637537402,46.691267074053826],[-72.40309898441446,46.69096950106548],[-72.402965374389,46.690844233148724],[-72.40273578746024,46.69070027721886],[-72.40229394569786,46.69042322826157],[-72.40183014372003,46.690132405955886],[-72.40162647408557,46.69000469596486],[-72.40149223883266,46.69010605689094],[-72.40105047432539,46.68982904555461],[-72.40075625630689,46.68964455273069],[-72.40036765769142,46.68942974154477],[-72.40030580239589,46.68939554850109],[-72.3997548117332,46.689278964170484],[-72.39954571268117,46.68931614155919],[-72.39955497970165,46.689272015860176],[-72.39942952098906,46.68929432119019],[-72.39913678069921,46.689346368772945],[-72.39850948174642,46.68945789394493],[-72.3984905497518,46.68940746399979],[-72.39781782119847,46.68952706681985],[-72.39782697323459,46.6897694222851],[-72.3978853547449,46.68978913445022],[-72.39812743005272,46.68992177883327],[-72.3982651849049,46.68990474963528],[-72.39841965111631,46.689885556349836],[-72.39862845282602,46.68977264808064],[-72.39905658809379,46.68972817213773],[-72.39919542272095,46.68973832092285],[-72.39933450887641,46.68974668026684],[-72.39939257507805,46.689757159946794],[-72.39945124943915,46.689765892087564],[-72.39954754344771,46.68978576631395],[-72.39964455790513,46.689803910866836],[-72.39983864790543,46.689904180886074],[-72.40003430007599,46.69000300450916],[-72.40022632125618,46.69014011577081],[-72.40041843945441,46.6902771650652],[-72.40063212889758,46.690420771510496],[-72.40084590907057,46.69056431349031],[-72.40093921168925,46.690635045752394],[-72.4010653037141,46.690704069234805],[-72.40125712456997,46.69087554645804],[-72.40146169521469,46.691013452846356],[-72.40165747225107,46.69116953501809],[-72.40185335169541,46.6913255600502],[-72.40195265955175,46.691394259772196],[-72.40205380446285,46.69146167837174],[-72.40238100951689,46.69173292379172],[-72.40242613369024,46.69181407465143],[-72.40260553803226,46.691978550478346],[-72.40278504747717,46.69214297034904],[-72.4029593925075,46.6923099967296],[-72.4031347984482,46.692476495770904],[-72.40330981901164,46.69264324076491],[-72.40348494647459,46.69280993225405],[-72.40360493175216,46.69289934423025],[-72.40370024659705,46.692963611134026],[-72.40379465504184,46.69308644708098],[-72.40386633161836,46.69314567234679],[-72.4040164670518,46.69327498986051],[-72.40417104824758,46.69341276011308],[-72.40422927345102,46.69346371128316],[-72.404358793447,46.693570078134535],[-72.40444166033701,46.69365021327736],[-72.40459403616877,46.69378301022597],[-72.40463494904006,46.6938167648728],[-72.40483090933279,46.69399526925857],[-72.40495929565488,46.694101427421],[-72.40554535564792,46.69462217506238],[-72.40636219193914,46.69535914235404],[-72.40695759530945,46.69581034961274],[-72.40737489060669,46.69551632100485],[-72.40790486697992,46.69592873557291],[-72.40805413733574,46.695837928768086]],[[-72.40632957411117,46.69228069727672],[-72.40635414033923,46.69230068025583],[-72.40638423929114,46.69232499674202],[-72.40641255059563,46.69235011978167],[-72.40647732451752,46.692537684811356],[-72.4064778401505,46.69256327172504],[-72.4064745550115,46.6925556910347],[-72.40647123483821,46.69254811773732],[-72.40646788142726,46.692540551832856],[-72.40646449567696,46.692532992088964],[-72.40646107399404,46.69252544035422],[-72.40645761997177,46.69251789539623],[-72.40645413181352,46.69251035721499],[-72.40645061131592,46.6925028276591],[-72.40644705758065,46.69249530487995],[-72.40644346881109,46.69248778887758],[-72.40643984770219,46.6924802815005],[-72.40643619335562,46.69247278090024],[-72.40643250577136,46.692465288925284],[-72.40642878315282,46.69245780495942],[-72.40642502909326,46.692450328386556],[-72.40642123999939,46.69244285920665],[-72.40641742036281,46.69243539865206],[-72.40641356569193,46.692427945490444],[-72.40640967778337,46.69242050157033],[-72.40640575753548,46.692413065659366],[-72.40640180404989,46.69240563652521],[-72.40639781732668,46.69239821786492],[-72.40639379736578,46.692390805981425],[-72.40638974596384,46.69238340395559],[-72.40638566042593,46.692376009938926],[-72.40638154165035,46.69236862454765],[-72.40637738963711,46.69236124839783],[-72.40637320708115,46.69235387964108],[-72.40636898949089,46.69234652074198],[-72.40636474135792,46.692339169852055],[-72.40636045908896,46.69233183005222],[-72.40635614537896,46.692324497645394],[-72.40635179753299,46.69231717386389],[-72.40634741734766,46.69230985994014],[-72.4063430057213,46.692302555257896],[-72.40633856085728,46.69229526104959],[-72.40633408365389,46.6922879742343],[-72.40632957411117,46.69228069727672]]],[[[-72.4056319999537,46.696686622607004],[-72.40558492733449,46.69664498650695],[-72.40552454797098,46.696558680433874],[-72.40545849664478,46.69643952385424],[-72.4054440337687,46.696391637003494],[-72.40541959959297,46.69630950660882],[-72.40534407822705,46.69623526062948],[-72.40525601727805,46.69619392977916],[-72.4051504966732,46.6961516999708],[-72.40500970102377,46.69603820962327],[-72.40489267839003,46.69595335171179],[-72.40474402607512,46.69584839864033],[-72.40452985244005,46.69567607462352],[-72.40436772180263,46.69555992651623],[-72.40428375447637,46.69549335220518],[-72.40407796122456,46.69531435616673],[-72.40394522436155,46.69521952249859],[-72.40381465064175,46.69511632707162],[-72.40375237762963,46.695069755733],[-72.40368740607839,46.695025497335884],[-72.40358312245368,46.69491149199364],[-72.4034669801689,46.694806040288185],[-72.40323713452537,46.694624865140376],[-72.40321914935507,46.69460774561997],[-72.40315476260709,46.694546454796715],[-72.40309824330436,46.69449810970458],[-72.40299450136376,46.69440936766024],[-72.40297019654543,46.694391395942894],[-72.40290793431309,46.69434535940968],[-72.40283103672814,46.6942869537018],[-72.40278392278644,46.69425117037775],[-72.40261422024948,46.69410864313454],[-72.4025607776766,46.694053304976414],[-72.40254630761399,46.69403832146393],[-72.40240624678647,46.69392608054093],[-72.40222452479102,46.69375181074206],[-72.40215965205446,46.693678778764934],[-72.40213620243227,46.69365237844093],[-72.4020230686054,46.693566078059554],[-72.40191330795241,46.69343815129078],[-72.4018055505425,46.69332750065457],[-72.40151709611487,46.69310268967206],[-72.40128479088409,46.692887439976694],[-72.40080549206931,46.692510047899376],[-72.40040370438881,46.6922047106234],[-72.39978882015325,46.69171030275444],[-72.39950066755956,46.69148004356962],[-72.39913091200546,46.6912288689854],[-72.3987247126986,46.690931409164556],[-72.39845566277943,46.69070066110346],[-72.39841124019031,46.690612801978666],[-72.39837409036174,46.69055627345873],[-72.39832313432557,46.69049970113011],[-72.39827732833092,46.690465356564864],[-72.39824212784652,46.69044565204085],[-72.39810651637458,46.69035945744962],[-72.39799154908621,46.69028398631067],[-72.39789335334419,46.69022711299487],[-72.39784860017505,46.69020895810887],[-72.39769144261103,46.69015808212474],[-72.39755610243033,46.690099111768006],[-72.39747265972022,46.69005936353849],[-72.397376945125,46.690008472624825],[-72.39729582725487,46.68997582043623],[-72.3972430736898,46.68996373437673],[-72.3971321434303,46.68994543028282],[-72.39700629934046,46.68992324537995],[-72.3967887893624,46.68991392233248],[-72.3966297866588,46.68989100537526],[-72.39654312797997,46.689867678637526],[-72.39631958222152,46.689757655369945],[-72.39614838129468,46.68971734245144],[-72.39599292513981,46.689697757197074],[-72.39587033564624,46.68966140577778],[-72.39586731371362,46.68962386814999],[-72.39571854821101,46.68958686166048],[-72.39571229413998,46.68976851277707],[-72.39568272609242,46.690502402504826],[-72.39563313908873,46.69060190900238],[-72.39555419873484,46.69058328409049],[-72.3949356906954,46.6904373519593],[-72.39468514427446,46.690350363084356],[-72.39437923468256,46.6902187715948],[-72.39402203398286,46.689984579038075],[-72.39123149301123,46.69094203711509],[-72.39106384851459,46.69085341123205],[-72.39112453689856,46.69079905686847],[-72.39060601045195,46.69052493038719],[-72.39059248631534,46.690517764106175],[-72.39057898643327,46.690510579338486],[-72.39056550721241,46.69050337485179],[-72.39055205134777,46.69049615064608],[-72.39053861883933,46.690488906105124],[-72.39052520789046,46.690481641228956],[-72.39051181939946,46.69047435724994],[-72.39049845516298,46.690467053551835],[-72.39048511158775,46.690459729518466],[-72.39047179406366,46.690452386382255],[-72.39045849630251,46.690445022910744],[-72.39044522279586,46.69043764218488],[-72.39043197264543,46.690430239275216],[-72.39041874315625,46.690422817262565],[-72.3904055397182,46.690415376147044],[-72.39039235783972,46.690407916544736],[-72.39037919931745,46.69040043537479],[-72.3903660668463,46.69039293695044],[-72.3903529541381,46.69038541819073],[-72.3903398665827,46.69037788032805],[-72.39032680148523,46.690370323362444],[-72.39031376154057,46.69036274606141],[-72.3903007449521,46.69035515027363],[-72.39028774992319,46.690347535382855],[-72.39027478184376,46.690339902621425],[-72.39026183532387,46.690332248908426],[-72.39024891305851,46.69032457732481],[-72.39023601414937,46.690316886021954],[-72.39022314129133,46.69030917561606],[-72.3902102917895,46.690301445490924],[-72.39019746474557,46.69029369749513],[-72.39018466375278,46.690285931012426],[-72.39017188611616,46.690278144810506],[-72.39015913183577,46.69027034012169],[-72.3901464045048,46.690262516329796],[-72.39013369783511,46.69025467405097],[-72.3901210190132,46.69024681328528],[-72.39010836264917,46.69023893341643],[-72.39009573233628,46.69023103567687],[-72.39008312537958,46.690223118834176],[-72.39007054447403,46.69021518288834],[-72.39005798782298,46.690207229071774],[-72.39004545542645,46.69019925615205],[-72.39003294818275,46.69019126536153],[-72.39002046609188,46.69018325546787],[-72.39000800825552,46.69017522893576],[-72.3899955764703,46.69016718206811],[-72.3899831689396,46.69015911794582],[-72.38997078656172,46.690151035336584],[-72.38995842933667,46.69014293362408],[-72.38994609906109,46.69013481527314],[-72.38993379214169,46.690126676586594],[-72.38992151127343,46.69011852187779],[-72.3899092546597,46.69011034806575],[-72.38989702589375,46.69010215699902],[-72.3898848213823,46.69009394744523],[-72.38987264202366,46.69008571940437],[-72.3898604887162,46.69007747349259],[-72.38984836145984,46.69006920970995],[-72.38983626025467,46.690060928672565],[-72.38982418330397,46.69005262976429],[-72.38981213420107,46.690044312368904],[-72.38980011025099,46.690035977102575],[-72.38978811235205,46.69002762519773],[-72.38977613870765,46.69001925542191],[-72.38976419380931,46.69001086777511],[-72.38975227316548,46.69000246164121],[-72.38974038036943,46.68999403886871],[-72.38972851362453,46.68998559822521],[-72.38971667203248,46.68997714155932],[-72.38970485738984,46.689968665173836],[-72.38969306879837,46.689960172765936],[-72.38968130805468,46.68995166248704],[-72.3896695724638,46.68994313495335],[-72.38965786292407,46.68993459016477],[-72.38964618123211,46.68992602812136],[-72.38963452648963,46.689917449439314],[-72.38962289869659,46.689908852270015],[-72.38961129695468,46.68990023969446],[-72.38959972126393,46.68989160863159],[-72.38958817431929,46.68988296093008],[-72.38957665162911,46.689874295973624],[-72.38956515858337,46.689865614994694],[-72.38955369158877,46.6898569161447],[-72.38954225244196,46.68984820127213],[-72.38953083934626,46.68983946791226],[-72.38951945409836,46.68983071852985],[-72.3895080957999,46.6898219531249],[-72.38949676534924,46.6898131710812],[-72.38948546094969,46.68980437116635],[-72.38947418529624,46.68979555646131],[-72.38946293749058,46.68978672265272],[-72.38945171663435,46.689777873437734],[-72.38944052272761,46.68976900758397],[-72.38942935756694,46.689760125707544],[-72.38941821845742,46.689751228424775],[-72.3894071089923,46.6897423120384],[-72.38939602647665,46.68973338147793],[-72.38938497180874,46.68972443366251],[-72.38937394409032,46.68971546982441],[-72.38936294511798,46.689706489963655],[-72.38935197579005,46.689697492847834],[-72.38934103251324,46.68968848094176],[-72.38933011798254,46.68967945239682],[-72.38931923129962,46.689670406596775],[-72.3893083733628,46.68966134662268],[-72.38929754327371,46.68965227000963],[-72.38928674013411,46.68964317675771],[-72.38927596753723,46.68963406809925],[-72.38926522278811,46.68962494403433],[-72.38925450588678,46.68961580333042],[-72.38924381683321,46.68960664660377],[-72.38923315832237,46.6895974744706],[-72.38922252676097,46.689588287547046],[-72.38921192484399,46.68957908398458],[-72.38920135167308,46.68956986501551],[-72.38919080634997,46.68956063125603],[-72.38918029067125,46.68955138147381],[-72.38916980284033,46.689542116284976],[-72.38915934465378,46.689532835689555],[-72.38914891521334,46.689523539071324],[-72.38913851541729,46.689514227046445],[-72.38912814346902,46.68950490023116],[-72.38911780116516,46.68949555800925],[-72.38910748850569,46.68948620038068],[-72.38909720369399,46.68947682734546],[-72.3890869476284,46.689467440752196],[-72.38907672390215,46.689458036903645],[-72.38906652712537,46.689448618880846],[-72.38905635909465,46.689439187299946],[-72.389046222505,46.68942973846376],[-72.38795449185537,46.68840995567742],[-72.38706095830352,46.68757527038462],[-72.38583329099184,46.687468551570895],[-72.38712172573922,46.68867216244555],[-72.38832444054724,46.68979563163741],[-72.38833510624461,46.68980557213513],[-72.38834579978978,46.68981549784227],[-72.38835652297932,46.689825408758885],[-72.38836727760989,46.68983530488492],[-72.3883780573933,46.68984518560425],[-72.38838886861774,46.689855051533016],[-72.38839970858828,46.68986490205508],[-72.38841057640659,46.68987473840281],[-72.38842147566592,46.68988455811148],[-72.38843240097641,46.6898943636458],[-72.38844335772792,46.68990415377343],[-72.38845434232722,46.68991392849441],[-72.38846535387597,46.689923687192525],[-72.38847639686577,46.689933432332566],[-72.388487466805,46.68994316021735],[-72.38849856638866,46.6899528726955],[-72.38850969292177,46.68996257099939],[-72.3885208490993,46.689972252664255],[-72.3885320349212,46.68998191953873],[-72.3885432476926,46.6899915703904],[-72.38855448921005,46.69000120521921],[-72.3885657594736,46.69001082525766],[-72.38857705758493,46.69002042865713],[-72.38858838444234,46.69003001665003],[-72.38859973914754,46.69003958862017],[-72.3886111208022,46.6900491445675],[-72.38862253299956,46.69005868634071],[-72.38863397124807,46.69006821024257],[-72.38864543914097,46.69007771812175],[-72.38865693398336,46.69008721182673],[-72.38866845847014,46.69009668766043],[-72.38868000810974,46.69010614747143],[-72.38869158559713,46.69011559249214],[-72.38870319362725,46.69012502025777],[-72.38871482770848,46.690134432000704],[-72.38872649053582,46.690143827104734],[-72.3887381794143,46.69015320680235],[-72.38874989703885,46.69016257047726],[-72.38876164161289,46.69017191628103],[-72.388773414933,46.69018124729446],[-72.38878521340594,46.6901905598205],[-72.38879704062497,46.69019985817254],[-72.38880889569177,46.69020913865335],[-72.38882077680971,46.69021840249536],[-72.38883268577544,46.69022765031478],[-72.38884462258893,46.690236882111655],[-72.3888565872502,46.690246096037306],[-72.38886857796261,46.690255293940446],[-72.38888059562449,46.69026447458861],[-72.3888926393375,46.690273638598015],[-72.38890471089829,46.69028278658488],[-72.38891681030685,46.690291916700616],[-72.38892893486825,46.690301030177665],[-72.38894108817573,46.69031012701599],[-72.38895326663602,46.69031920721561],[-72.38896547384242,46.69032826954417],[-72.38897770530333,46.69033731461779],[-72.38898996461202,46.69034634366897],[-72.38900224907353,46.690355355465314],[-72.38901456138281,46.69036434939054],[-72.38902690064155,46.69037332729336],[-72.38903926595144,46.690382286708974],[-72.38905165821078,46.69039122886969],[-72.38906407562295,46.690400154391824],[-72.38907651818795,46.690409062659185],[-72.38908898949904,46.69041795305551],[-72.38910148506464,46.69042682619703],[-72.38911400847802,46.69043568269996],[-72.38912655614591,46.690444520099575],[-72.38913913166157,46.690453340860614],[-72.38915173053344,46.69046214436688],[-72.3891643590497,46.690470930618375],[-72.38917701002384,46.69047969838276],[-72.38918968884575,46.690488448892445],[-72.38920239102389,46.690497182147375],[-72.38921512104976,46.690505895682826],[-72.3892278771268,46.69051459381215],[-72.38924065745836,46.690523272222016],[-72.38925346384103,46.69053193399336],[-72.38926629627487,46.690540577277666],[-72.38927915386154,46.69054920269112],[-72.38929203570272,46.690557810849896],[-72.38930494269671,46.69056640052165],[-72.38931787753849,46.69057497232253],[-72.38933083663478,46.6905835262526],[-72.38934381908726,46.690592062311886],[-72.38935682669258,46.690600579267915],[-72.38936986214567,46.69060907896938],[-72.38938292095494,46.690617559567656],[-72.38939600401875,46.69062602352753],[-72.38940898647124,46.69063438643127],[-72.38942199317823,46.69064273208045],[-72.38943502324143,46.69065105924266],[-72.38944807935577,46.69065936915037],[-72.38946115972462,46.69066765995498],[-72.38947426255135,46.6906759335051],[-72.38948739053092,46.690684188568284],[-72.38950054096837,46.690692425144604],[-72.38951371655864,46.69070064323406],[-72.38952691640343,46.690708844069],[-72.3895401405027,46.6907170270333],[-72.3895533879582,46.690725191510715],[-72.38956665876991,46.690733336885145],[-72.3895799538361,46.690741463156556],[-72.38959327225851,46.690749573405846],[-72.38960661403712,46.69075766331979],[-72.38961998096853,46.69076573597933],[-72.38963337035784,46.69077378953584],[-72.38964678310334,46.69078182460561],[-72.38966021920506,46.69078984180471],[-72.38967367776465,46.69079783928475],[-72.38968716147707,46.69080581951033],[-72.38970066764736,46.69081377878443],[-72.38971419627555,46.69082172203657],[-72.38972774915823,46.69082964495334],[-72.38974132539711,46.69083754938344],[-72.38975492319558,46.69084543532677],[-72.38976854524854,46.6908533033996],[-72.38978218886108,46.690861151137135],[-72.38979585582982,46.690868981004186],[-72.38980954705306,46.6908767911522],[-72.38982325983588,46.69088458281349],[-72.38983699597487,46.69089235537193],[-72.38985075457177,46.6909001094437],[-72.38986453472823,46.690907844412635],[-72.38987833913922,46.69091555904633],[-72.3898921633131,46.6909232558096],[-72.38990601263984,46.69093093408624],[-72.38991988442446,46.69093859264387],[-72.38993377687034,46.6909462314825],[-72.38994769177407,46.69095385121838],[-72.38996162913571,46.690961451235275],[-72.38997558895524,46.690969032765544],[-72.38998957123263,46.69097659580924],[-72.39000357506958,46.69098413851781],[-72.39001760046612,46.69099166150745],[-72.39003164832053,46.69099916539438],[-72.39004571773451,46.69100665017852],[-72.39005980780975,46.69101411524373],[-72.39445955754367,46.69333991005996],[-72.3877811628196,46.697970281865956],[-72.38779655994358,46.69798388298206],[-72.38818095624016,46.698323456937686],[-72.38960160952267,46.69957840711832],[-72.37946145174834,46.70656654209916],[-72.38112928636272,46.70772894309644],[-72.38279719284233,46.708891320910304],[-72.38446517118714,46.71005367369287],[-72.3861332213972,46.71121600267596],[-72.39177830201626,46.707153997505735],[-72.39164837508346,46.70717190275946],[-72.39127404261298,46.707182982121196],[-72.39087923933381,46.70714974402921],[-72.39050164508055,46.70716205046626],[-72.39010036135492,46.70719177058023],[-72.389874982135,46.707221516549815],[-72.38944836322341,46.70715172200366],[-72.38924684325741,46.7071497662052],[-72.38910634495033,46.70722508133418],[-72.38898879051395,46.707223940504655],[-72.38867784855981,46.70719676263625],[-72.38851727829604,46.70716894904292],[-72.38827311620182,46.70712665513019],[-72.38809283600239,46.70720578394065],[-72.38795668284634,46.70721811685287],[-72.38787267868918,46.70714482342481],[-72.38782788958744,46.70703926440184],[-72.3880155548368,46.70684747899344],[-72.38823640295446,46.70675281958181],[-72.38880237751606,46.70679327440073],[-72.38902344482266,46.706687860683424],[-72.3892222231304,46.706667049573504],[-72.38944652527032,46.706643564992625],[-72.38990098027763,46.70659419522541],[-72.3900385168392,46.706566046214185],[-72.39049995534951,46.70636627996741],[-72.39087833113706,46.706264698844315],[-72.39111445241119,46.70624423068871],[-72.3915283781278,46.70634707651618],[-72.39181821506264,46.70639166320616],[-72.39202423738485,46.70642743786899],[-72.39239254575303,46.70656467005638],[-72.39252696156731,46.7066152219654],[-72.39524758666037,46.704657184248894],[-72.39608579836379,46.70557813573834],[-72.40301685953285,46.70077432877025],[-72.40293143603756,46.699835327889225],[-72.40287494098934,46.69932646497085],[-72.40366967782626,46.6992846929023],[-72.40366853247426,46.69927453605366],[-72.40366735118967,46.699264381667405],[-72.40366613397246,46.69925422912755],[-72.40366488082263,46.69924408028233],[-72.40366359174021,46.6992339308191],[-72.40366226762346,46.69922378505047],[-72.40366090757412,46.69921364236045],[-72.40365951069387,46.699203500284575],[-72.4036580787793,46.69919336190335],[-72.40365661183043,46.699183225368486],[-72.40365510805067,46.699173091296075],[-72.40365356923657,46.6991629603022],[-72.40365199448988,46.69915282992255],[-72.40365038291226,46.69914270508581],[-72.40364873809699,46.699132581479326],[-72.40364705645077,46.69912246033536],[-72.40364533797363,46.69911234226991],[-72.4036435844622,46.69910222728303],[-72.40364179591646,46.69909211537472],[-72.40363997143812,46.69908200654496],[-72.40363811102716,46.69907189956158],[-72.4036362146836,46.69906179750509],[-72.40363428420406,46.69905169852712],[-72.40363231689358,46.69904160139557],[-72.4036303145488,46.699031508574755],[-72.40362827716976,46.699021418216425],[-72.40362620295976,46.699011332784934],[-72.40362409371548,46.69900124981593],[-72.40362194764026,46.69899117054162],[-72.40361976742906,46.698981094345896],[-72.40361755218358,46.69897102246091],[-72.40361530010716,46.698960954886736],[-72.40361301479308,46.69895088977505],[-72.40361069264806,46.698940828974116],[-72.40360833367214,46.69893077248399],[-72.40360594056021,46.69892071968853],[-72.403603512414,46.69891067058777],[-72.40360104833518,46.698900625797776],[-72.40359854922207,46.698890585934656],[-72.403596013278,46.69888054976625],[-72.40359344319798,46.69887051790866],[-72.40359083718535,46.69886048974575],[-72.40358819703673,46.69885046712582],[-72.40358552095549,46.69884044820061],[-72.40358280894165,46.698830432970084],[-72.40358006279183,46.69882042389866],[-72.40357727981106,46.69881041913806],[-72.40357446269434,46.69880041807216],[-72.403571609645,46.69879042193315],[-72.40356872156136,46.6987804313372],[-72.40356579844342,46.69877044505199],[-72.4035628411895,46.69876046307764],[-72.40355984710466,46.6987504872624],[-72.40355681708722,46.69874051637407],[-72.4035537538321,46.69873055041268],[-72.40355065464436,46.698720589378226],[-72.40354752132065,46.69871063327066],[-72.40354435296264,46.69870068270617],[-72.40354114777372,46.69869073768466],[-72.40353790755049,46.69868079759013],[-72.4035346349879,46.698670862422524],[-72.40353132469609,46.69866093341403],[-72.40352798026828,46.69865101056473],[-72.40352460170449,46.698641092642326],[-72.40352118720811,46.69863117964692],[-72.40351773857573,46.69862127404283],[-72.40351425401074,46.698611373981755],[-72.40351073530977,46.69860147761552],[-72.4035071806762,46.69859158987278],[-72.40350359280494,46.698581707057045],[-72.40349996900109,46.69857182916828],[-72.40349631016294,46.69856195805475],[-72.4034926171888,46.69855209433259],[-72.40348889007869,46.69854223615354],[-72.40348512703598,46.69853238413364],[-72.40348132985726,46.698522537040716],[-72.40347749764426,46.698512698571385],[-72.40347363129526,46.698502864412966],[-72.40346972901368,46.69849303826199],[-72.40346579349442,46.698483218270276],[-72.40346182294087,46.69847340443772],[-72.40345781825133,46.698463597380446],[-72.40345377762918,46.6984537977146],[-72.40344970287104,46.698444003591874],[-72.40344559487525,46.69843421747666],[-72.40344145184517,46.69842443752067],[-72.40343727378078,46.69841466495605],[-72.40343306158043,46.6984048985507],[-72.40342881524407,46.69839514076894],[-72.40342453477173,46.698385389146424],[-72.40342021836679,46.69837564491537],[-72.40341586962249,46.69836590684354],[-72.4034114849456,46.698356176779235],[-72.40340706613273,46.69834645533859],[-72.40340261408218,46.69833673882499],[-72.40339812699732,46.69832703216727],[-72.40339360667483,46.69831733228489],[-72.4033890504197,46.69830763917784],[-72.40338446272354,46.69829795531063],[-72.40337983819644,46.69828827760261],[-72.40337518043171,46.69827860728614],[-72.40337048942929,46.69826894620939],[-72.40336576339259,46.69825929129197],[-72.40537402087209,46.696865655992795],[-72.4049326013179,46.696524289199736],[-72.40504683108941,46.69645436622478],[-72.40548187709668,46.69679080513438],[-72.4056319999537,46.696686622607004]]],[[[-72.39807638777826,46.689464094779154],[-72.39790491106862,46.68929965689387],[-72.39785811692715,46.68925478434249],[-72.39706477876715,46.688779218412556],[-72.39711793028587,46.68875110817714],[-72.39693773901968,46.68864299165585],[-72.3967575504484,46.688534874918155],[-72.39657775533924,46.68842644677642],[-72.39641473177642,46.688306116850924],[-72.39627066985263,46.68817485929971],[-72.3961233389595,46.68821668371378],[-72.39614161428564,46.68824716727216],[-72.3962842694477,46.688427372944744],[-72.39648437366881,46.68857649755231],[-72.3959885395646,46.68883889885012],[-72.39603090052013,46.68889110153991],[-72.39604561761944,46.688965027945606],[-72.39607253114535,46.689032940693785],[-72.39612662859007,46.68899932663316],[-72.39616537202996,46.688880067104755],[-72.39623314093498,46.6888253065224],[-72.39655585620925,46.688941127118966],[-72.39662324153365,46.68899519250277],[-72.39657537749866,46.68915013251724],[-72.39657430580856,46.68933801121564],[-72.3965424003446,46.6894305062511],[-72.39664742687603,46.68943279852137],[-72.39712404152476,46.68943847681949],[-72.39721105773307,46.689557105358325],[-72.39735685610032,46.68959201001055],[-72.39791083725456,46.68949352701086],[-72.39807638777826,46.689464094779154]]]]}},{"type":"Feature","properties":{"zone_code":"25-Af","prefix":"","kind":"unknown","n_lots":8,"source":"t2-gcp-claude48-vision-multisheet","confidence":"contour-autogcp-multisheet"},"geometry":{"type":"MultiPolygon","coordinates":[[[[-72.37927831490632,46.69087571097952],[-72.37876667674131,46.69051318520331],[-72.37764397038404,46.68971765548026],[-72.37647731484984,46.68889094872034],[-72.37596372734065,46.688588278281436],[-72.36434248930965,46.69600107259697],[-72.36456050324257,46.69615439428546],[-72.35333415742394,46.7040685675504],[-72.35496372111227,46.70517905967423],[-72.35563539863674,46.70563676516794],[-72.35566468551163,46.70565672226014],[-72.35571653177824,46.70569205018226],[-72.35662674075672,46.706312280022566],[-72.35724564944476,46.70673400188674],[-72.35828985472428,46.70744549506154],[-72.3588559658298,46.707831215686795],[-72.35995306481158,46.70857870171028],[-72.3604663486902,46.708928406568255],[-72.36161636832367,46.70971190119963],[-72.36207679802591,46.710025575763055],[-72.36337143833528,46.71090754294454],[-72.37450158177352,46.70310931540649],[-72.37291305761894,46.70200191274716],[-72.37284889904303,46.70195711173937],[-72.3723326049099,46.701596587394995],[-72.37119520031796,46.700802321238875],[-72.37117894260795,46.70079096887977],[-72.36950898257962,46.699624749697364],[-72.36947967145021,46.69960427902421],[-72.36783902075466,46.69845845418877],[-72.36776406442902,46.69840610302484],[-72.37927831490632,46.69087571097952]]]]}},{"type":"Feature","properties":{"zone_code":"28-Af","prefix":"","kind":"unknown","n_lots":16,"source":"t2-gcp-claude48-vision-multisheet","confidence":"contour-autogcp-multisheet"},"geometry":{"type":"MultiPolygon","coordinates":[[[[-72.45259604158508,46.6908660947922],[-72.45192689730973,46.69036572164799],[-72.45106556117427,46.68967263230737],[-72.45031304605403,46.689067086519145],[-72.45024029958401,46.689008546931994],[-72.44992811975142,46.68877889736763],[-72.44952745137178,46.68848415079407],[-72.4479491608249,46.6873230565554],[-72.44741912785783,46.68693311550879],[-72.44618932974228,46.68625831212032],[-72.44610439403216,46.686211706028644],[-72.44434901859336,46.68524845269959],[-72.44424154415276,46.685189474517635],[-72.44386597200719,46.684983371749404],[-72.4436353645923,46.68485681985021],[-72.44250842806838,46.684238369185366],[-72.44242262907726,46.68419128313209],[-72.44060149067144,46.68319180994294],[-72.43964777897871,46.68266837666077],[-72.43802352613032,46.68177688067034],[-72.43678569617784,46.681097440566155],[-72.43582823132384,46.680571869376294],[-72.42046020827766,46.6910174789901],[-72.42129509351956,46.69158244245016],[-72.42202151707238,46.692095398248775],[-72.42301117485123,46.69279421208145],[-72.42362223136536,46.6932256756453],[-72.42386925100051,46.69340009255488],[-72.42472735769252,46.694005974241044],[-72.42535039773254,46.69440219388471],[-72.4265348461976,46.69515541354577],[-72.42702465350457,46.69549934101306],[-72.42818553376982,46.69631444853293],[-72.42944103717721,46.69719595708592],[-72.42984802700151,46.697465528691865],[-72.43505491571318,46.69389519907349],[-72.43444981682602,46.69640668578812],[-72.43445278665634,46.69659557925441],[-72.43695762923166,46.6948750128457],[-72.43778422661674,46.69542249938234],[-72.43861084196814,46.69596998283292],[-72.43319528449744,46.699682444215114],[-72.43359505456182,46.69994719797044],[-72.433977281427,46.70020032810187],[-72.43644891418455,46.70189428171638],[-72.44051864084942,46.699115363581264],[-72.44187512567454,46.69818902985935],[-72.44458796147578,46.6963363091944],[-72.45259604158508,46.6908660947922]]]]}},{"type":"Feature","properties":{"zone_code":"79-Ib","prefix":"","kind":"unknown","n_lots":27,"source":"t2-gcp-claude48-vision-multisheet","confidence":"contour-autogcp-multisheet"},"geometry":{"type":"MultiPolygon","coordinates":[[[[-72.39248752822127,46.75594470745411],[-72.39229087083591,46.75581551607942],[-72.39194699125356,46.75558986308733],[-72.39163645354131,46.755813130618684],[-72.39135940771781,46.75571509338317],[-72.39083273444987,46.75606259963686],[-72.39139737231834,46.75645792186373],[-72.39078627987159,46.75690597507841],[-72.39031949189376,46.75658569250488],[-72.3896192326719,46.757089135792576],[-72.38977196423652,46.75719393162285],[-72.38947876490757,46.757404720906024],[-72.3897928222191,46.757620209352766],[-72.38912116445759,46.75810307448491],[-72.38807945110464,46.75738401797857],[-72.38773259001388,46.75762533952136],[-72.38814423760294,46.75790478834763],[-72.3882781350893,46.75807749032958],[-72.38842416881515,46.75832530509068],[-72.38862683323482,46.758458449405],[-72.3881900202414,46.75877246951109],[-72.38794896092817,46.75860454597003],[-72.38791931382885,46.7586255019782],[-72.38739061935154,46.758999212601616],[-72.38717521412617,46.75915146914401],[-72.38742371687985,46.75932436959805],[-72.38736205472213,46.75936878819967],[-72.38708884919645,46.759565582140446],[-72.38682614856971,46.75940316708172],[-72.38630253316701,46.759790078765775],[-72.38655965795078,46.75996994530547],[-72.38494806595804,46.76114035578978],[-72.3842213890803,46.76166807623084],[-72.38400097754386,46.76149502145301],[-72.38393719087048,46.76152788760834],[-72.38375776856216,46.761387255547255],[-72.38312461888192,46.761526104856216],[-72.38287994564631,46.76172369644528],[-72.38357151187115,46.76213159595519],[-72.38347537057619,46.762197860995784],[-72.38327872576723,46.762257006735595],[-72.38326351998442,46.76226569822594],[-72.38297043833477,46.762433208521195],[-72.38259604747381,46.762831639595554],[-72.38234394966236,46.76302724923987],[-72.38172682323184,46.763459085489174],[-72.38132300446048,46.76317669820442],[-72.38026069812798,46.76393918705834],[-72.38066004239091,46.76421844991692],[-72.38008794131906,46.76462794396864],[-72.37994518734232,46.76473012285478],[-72.37844857880764,46.765808383439456],[-72.37713490140075,46.76675479173998],[-72.37682055752663,46.76693416369538],[-72.3768012823756,46.76695155377996],[-72.36049032472512,46.75560047215332],[-72.35917086396445,46.756549411975676],[-72.35725081565595,46.75793020395992],[-72.35569157657964,46.759056160542386],[-72.37204792250814,46.77049753820934],[-72.37196796705797,46.77056000778457],[-72.37115706683416,46.77114753240623],[-72.37042551479938,46.771673057389464],[-72.3699842668234,46.77199002877984],[-72.37000502958456,46.77200367399636],[-72.36975720775386,46.77217828422586],[-72.36954698041781,46.772326403461754],[-72.36952988008807,46.772314888956785],[-72.3688187530479,46.77281345277008],[-72.36883762485539,46.77282594110863],[-72.36861601676301,46.77298340048726],[-72.3685957813129,46.772969773976435],[-72.3685538443622,46.772999175439516],[-72.36839008058757,46.77308799005703],[-72.36838517488782,46.77309142128744],[-72.36838024403521,46.77309483529071],[-72.36837528982643,46.77309823083644],[-72.36837031226145,46.77310161223122],[-72.36836530864531,46.7731049739379],[-72.36836027987636,46.773108319032744],[-72.3683552277512,46.77311164813098],[-72.36835015226984,46.773114959386845],[-72.36834505253398,46.77311825218513],[-72.36833992764527,46.773121528371554],[-72.3683347802987,46.77312478733091],[-72.36832960959592,46.7731280284479],[-72.36832441463862,46.77313124987681],[-72.36831919542682,46.773134455309126],[-72.36831395555377,46.773137642283935],[-72.3683086905279,46.773140812031606],[-72.36830340304414,46.77314396332171],[-72.36829809310248,46.77314709738477],[-72.36829276070297,46.77315021114451],[-72.36828740494724,46.77315330706197],[-72.36828202763195,46.773156386367596],[-72.36827662785878,46.773159445369906],[-72.3682712047294,46.77316248591469],[-72.36826576093878,46.773165508001924],[-72.36826022282504,46.77316855285311],[-72.36825466045683,46.773171577400994],[-72.3682490756307,46.77317458287608],[-72.36824347104165,46.773177569278396],[-72.36823784219807,46.773180535377456],[-72.36823219269326,46.773183482403745],[-72.36822652073054,46.77318640912674],[-72.36822082810659,46.773189317392216],[-72.36821511482138,46.77319220535443],[-72.3682093790783,46.77319507239819],[-72.36820362357227,46.77319792036914],[-72.36819784560836,46.77320074803687],[-72.36819204788151,46.7732035560166],[-72.3681862285951,46.773206343077845],[-72.3681803913424,46.77320911106629],[-72.3681745316318,46.77321185813632],[-72.36816865215826,46.773214584903094],[-72.36816275292179,46.77321729075141],[-72.36815683392238,46.77321997691174],[-72.36815089516003,46.7732226421536],[-72.36814493573644,46.77322528709223],[-72.36813895924485,46.77322790988189],[-72.368132962092,46.77323051298362],[-72.36812694607455,46.773233095166866],[-72.36812091119248,46.77323565581646],[-72.36811485834409,46.77323819677803],[-72.36810878573277,46.77324071620597],[-72.36810269425685,46.77324321410021],[-72.3680965857129,46.77324568984547],[-72.36809045920266,46.77324814590282],[-72.3680843138278,46.773250581041744],[-72.36807815048664,46.773252994031736],[-72.36807197007748,46.773255384872805],[-72.36806577170202,46.773257754795466],[-72.36805955625859,46.773260102569196],[-72.36784503587378,46.773296264178136],[-72.36783843415476,46.77329787119614],[-72.367831818961,46.77329945606526],[-72.36782519298747,46.77330101693986],[-72.36781855353922,46.773302553819846],[-72.3678119051078,46.77330406793578],[-72.36780524409996,46.77330555805717],[-72.36779857231234,46.7733070247992],[-72.36779188884664,46.77330846754673],[-72.36778519549944,46.77330988753012],[-72.36777849227079,46.77331128474947],[-72.36777177736406,46.7733126567438],[-72.36776505347414,46.7733140053588],[-72.36775831970277,46.773315330594464],[-72.3677515742533,46.77331663183562],[-72.36774482161731,46.773317909697454],[-72.36773805730323,46.77331916233424],[-72.36773128490431,46.77332039220699],[-72.36772450352223,46.77332159870041],[-72.36771771225868,46.77332277935358],[-72.36771091201196,46.773323937242736],[-72.36770410457875,46.7733250711373],[-72.36769728906069,46.77332618042208],[-72.36769046366115,46.7733272663276],[-72.36768363107511,46.773328328238584],[-72.36767679130253,46.77332936615503],[-72.3676699425468,46.77333037946171],[-72.36766308750288,46.773331368158615],[-72.36765622437409,46.773332332860946],[-72.36764935495714,46.773333274184054],[-72.36764247745532,46.77333419028214],[-72.36763559456361,46.773335083000916],[-72.36762870448537,46.77333594987945],[-72.3676218063223,46.77333679276349],[-72.36761490456598,46.77333761288345],[-72.3676079938265,46.77333840716315],[-72.36760108039208,46.77333917806364],[-72.36759415977112,46.77333992373905],[-72.36758723286196,46.773340644804755],[-72.36758030235956,46.77334134249116],[-72.3675733646706,46.773342015567835],[-72.36756642518505,46.77334266280425],[-72.36755947761463,46.77334328666135],[-72.3675525282476,46.77334388652401],[-72.36754557259236,46.77334446054639],[-72.36753861424215,46.773345011804736],[-72.36753164960376,46.773345535377146],[-72.36752468406705,46.77334603741602],[-72.36751771314044,46.773346513614634],[-72.36751073772227,46.77334696520349],[-72.36750375960914,46.773347392182586],[-72.36749678059769,46.77334779455198],[-72.36748979709466,46.77334817231157],[-72.3674828108967,46.7733485260767],[-72.3674758220038,46.77334885400154],[-72.36746883041596,46.773349157316666],[-72.36746183792978,46.77334943725255],[-72.36745484095202,46.77334969196342],[-72.36744784487259,46.773349920834086],[-72.3674408460982,46.773350126325454],[-72.3674338455272,46.77335030597657],[-72.36742684405787,46.7733504628637],[-72.36741984169025,46.7733505926801],[-72.36741283752598,46.773350699117266],[-72.36740583515832,46.77335078094469],[-72.36739883009574,46.77335083754709],[-72.36739182503317,46.77335086953975],[-72.36738481907226,46.77335087692266],[-72.36737781400967,46.77335085969587],[-72.36737080894709,46.77335081847454],[-72.36736380478281,46.773350751413],[-72.36735680061855,46.773350659741695],[-72.36734979735259,46.77335054346065],[-72.36734279588326,46.773350402569854],[-72.36733579441393,46.77335023645406],[-72.36732879474125,46.77335004634376],[-72.3673217977635,46.773349831623705],[-72.36731480078576,46.77334959106346],[-72.36730780650296,46.773349327123945],[-72.36730081401677,46.77334903795944],[-72.36729382332723,46.773348724185134],[-72.36728683533265,46.773348385801114],[-72.36727985093131,46.77334802280735],[-72.3672728674283,46.773347635203876],[-72.36726588751853,46.77334722176008],[-72.36725891299866,46.773346784937104],[-72.3672519384788,46.77334632411957],[-72.36724496934883,46.773345838077034],[-72.36723800560874,46.77334532680953],[-72.3672310436653,46.77334479154752],[-72.3672240853151,46.77334423167571],[-72.3672171323548,46.77334364780944],[-72.36721018298776,46.77334303748765],[-72.36720323990893,46.77334240440185],[-72.36719629952505,46.77334174670631],[-72.36718936453104,46.77334106317053],[-72.36718243582528,46.77334035748591],[-72.36717551250938,46.77333962534582],[-72.36716859458338,46.77333886921126],[-72.36716168204727,46.773338089082145],[-72.36715477579936,46.77333728495851],[-72.36714787583965,46.77333645622511],[-72.36714098037153,46.77333560288194],[-72.36699638664508,46.77332607706114],[-72.36665545713015,46.77323729728998],[-72.36664940877334,46.77323474833013],[-72.36664337928116,46.77323217906711],[-72.36663736775527,46.77322958827033],[-72.36663137689062,46.77322697778563],[-72.36662540399232,46.773224345152016],[-72.36661945265355,46.77322169283037],[-72.36661351748447,46.77321901959027],[-72.36660760477328,46.77321632604697],[-72.36660171182501,46.77321361158517],[-72.36659583684306,46.77321087682016],[-72.36658998342067,46.77320812175194],[-72.36658414976122,46.773205346380465],[-72.36657833676301,46.77320255070572],[-72.36657254532437,46.77319973534301],[-72.36656677364867,46.77319689967704],[-72.36656102353253,46.77319404432305],[-72.36655529407766,46.77319116743538],[-72.36654958708066,46.77318827209013],[-72.36654389984659,46.77318535705687],[-72.3665382350704,46.77318242233562],[-72.36653259185378,46.77317946608063],[-72.36652697019674,46.77317649198331],[-72.36652137009926,46.773173498198005],[-72.36651579335798,46.773170484724616],[-72.36651023727795,46.77316745279374],[-72.36650470455412,46.77316440179007],[-72.36649919428817,46.77316133109834],[-72.3664937064801,46.77315824071857],[-72.3664882411299,46.77315513065074],[-72.36648280003422,46.773152002740616],[-72.36647738049811,46.773148856372934],[-72.3664719843182,46.77314568970199],[-72.36646661418943,46.773142505803946],[-72.36646126292528,46.77313930344829],[-72.3664559386106,46.773136081404594],[-72.36645063675378,46.77313284151857],[-72.36644536004981,46.773129583175],[-72.36644010580372,46.77312630698906],[-72.36643487760875,46.77312301111504],[-72.36642967097337,46.77311969924441],[-72.36642449128745,46.77311636830095],[-72.3664193340594,46.77311301889989],[-72.36641420467912,46.773109652271714],[-72.36640909775674,46.773106267185945],[-72.36640401598717,46.77310286610355],[-72.36639895937044,46.773099444717786],[-72.36639392880485,46.77309600795066],[-72.36638892159547,46.77309255395644],[-72.36638394223384,46.7730890808893],[-72.3662984648396,46.77314666609733],[-72.36676366998589,46.773472635346934],[-72.36743968816981,46.77394631073153],[-72.3676562180859,46.77379690394992],[-72.36795000221811,46.77361053187642],[-72.36843682711834,46.7732755304425],[-72.36855621501623,46.773193373090294],[-72.36854338976892,46.77318473688937],[-72.36898346903672,46.7728756384903],[-72.36944970994053,46.77254815825788],[-72.369463390384,46.77255736920687],[-72.36969027607867,46.772398300307344],[-72.3697628114446,46.77234744519038],[-72.36990734588224,46.77224361956125],[-72.37020911693565,46.772062545024404],[-72.37045900129823,46.771847338911066],[-72.37056355082424,46.77177223397094],[-72.37130201988673,46.77124174166873],[-72.371369362092,46.77119228273399],[-72.3721943856287,46.770586355721754],[-72.37228495916554,46.7705198327391],[-72.3726205059753,46.770270422659564],[-72.37291506894685,46.7704751107706],[-72.3738201736979,46.76980317973538],[-72.37407791562427,46.76998227696837],[-72.37433580397604,46.769790822366744],[-72.37378349997643,46.76940704048844],[-72.3743425790699,46.76899613190404],[-72.37474715871431,46.76927726241049],[-72.37489709921331,46.76938145001037],[-72.37529342783185,46.76908913280385],[-72.37470987503676,46.76872617371531],[-72.37482119336845,46.76864435522028],[-72.37516929413431,46.76838790357375],[-72.37537043680788,46.768240237444004],[-72.37672348737368,46.76724688100925],[-72.37698542533073,46.76708097442548],[-72.37699565983675,46.767074492694086],[-72.37701607045834,46.76705945438515],[-72.37704519383985,46.767029957382185],[-72.37755156518236,46.76664927181369],[-72.37801913918607,46.76631141074139],[-72.37869489236695,46.76677766621857],[-72.37922852218844,46.76639206428146],[-72.37931104143044,46.76633243512958],[-72.37863528645292,46.76586618441325],[-72.37939244406654,46.76531904819238],[-72.37980881140409,46.76501906335512],[-72.38020470433969,46.765293780054016],[-72.38061882409242,46.76499687238678],[-72.38053120870781,46.76493607500632],[-72.38108393311899,46.764540546075764],[-72.38077510220576,46.764326246465],[-72.38171186538405,46.76365588295068],[-72.38185913519173,46.76355161043342],[-72.38221273185049,46.76330124874239],[-72.38246048540923,46.763466479613996],[-72.3827223362297,46.763373659767254],[-72.38277783774122,46.76332053591848],[-72.38308620602206,46.763105233954946],[-72.38341388358994,46.76297495886523],[-72.38344752010744,46.76299739188832],[-72.38350309438249,46.762958040095214],[-72.38321285320576,46.762709232519704],[-72.38324145646273,46.762693487783366],[-72.38350623848598,46.76241084910742],[-72.38350809260874,46.76240943499033],[-72.38485188603549,46.76334618650432],[-72.38506188609779,46.763070613752106],[-72.38483453956736,46.76269698490472],[-72.38474909720743,46.76229628642713],[-72.38447266493326,46.76211527260036],[-72.38482281565459,46.7618884386248],[-72.38451521543332,46.7616541477839],[-72.38531526760177,46.76107313683421],[-72.3857848241873,46.76137847037735],[-72.38667382394192,46.760725344122754],[-72.38621550797555,46.76042732265009],[-72.38673119933911,46.7600527954556],[-72.38675410278559,46.76006884619974],[-72.38748984456285,46.759538884803035],[-72.38767007894819,46.75966519579477],[-72.38806925163291,46.75936912728693],[-72.38806589013713,46.759338545424164],[-72.3880965747906,46.75912813664206],[-72.38833785868266,46.758928062823195],[-72.38834521857977,46.758922772157014],[-72.38890731331767,46.758518687300246],[-72.38935610714205,46.75879074226662],[-72.38976962951509,46.75849345535869],[-72.38932083748736,46.75822140319914],[-72.38997415704067,46.75775172023362],[-72.39043691966769,46.75741902524569],[-72.3907162561952,46.75761377017812],[-72.39111009109047,46.75732857114243],[-72.39135221131406,46.757404003934944],[-72.39197570230837,46.756971652039944],[-72.3915103875676,46.75664725321604],[-72.39159050561284,46.75658965098358],[-72.39248752822127,46.75594470745411]],[[-72.3678135804658,46.773518147257754],[-72.36744986428536,46.773773128051154],[-72.36739134712943,46.773787368366875],[-72.36724351138312,46.773701115530166],[-72.36702999621315,46.77355251034302],[-72.36707998206879,46.77356485577424],[-72.3673464538231,46.77356989952135],[-72.36777884530869,46.77352421784753],[-72.36778580815047,46.773523043966456],[-72.3677927629074,46.77352185101282],[-72.3677997095795,46.77352063591049],[-72.36780664906506,46.77351940112039],[-72.3678135804658,46.773518147257754]]]]}},{"type":"Feature","properties":{"zone_code":"67-Ca","prefix":"","kind":"unknown","n_lots":104,"source":"t2-gcp-claude48-vision-multisheet","confidence":"contour-autogcp-multisheet"},"geometry":{"type":"MultiPolygon","coordinates":[[[[-72.46562691326498,46.76467319752548],[-72.462384592469,46.76385002198731],[-72.46240926918983,46.76380983701421],[-72.45747093812057,46.762551316039755],[-72.45745842279203,46.762548113054415],[-72.45744591914158,46.76254488606954],[-72.45743342896587,46.762541635700536],[-72.4574209522649,46.7625383619474],[-72.45740848814033,46.762535063579364],[-72.45739603838881,46.762531744904],[-72.4573836012137,46.76252840038302],[-72.457371176615,46.762525031862516],[-72.45735876638935,46.76252164180391],[-72.45734636963844,46.7625182277458],[-72.45733398546392,46.762514790303484],[-72.45732161656079,46.762511329477],[-72.45730926023404,46.76250784526631],[-72.45729691828036,46.76250433828682],[-72.45728459069971,46.7625008079231],[-72.45727227659381,46.762497254175194],[-72.45725997865756,46.762493677658476],[-72.45724769239942,46.762490077757526],[-72.45723542141265,46.7624864550877],[-72.45722316569723,46.76248280964907],[-72.45721092345653,46.762479140826215],[-72.45719869648718,46.76247544861911],[-72.45718648389091,46.76247173364317],[-72.45717428656597,46.762467995282954],[-72.45716210451239,46.762464234153896],[-72.45714993593357,46.76246045148664],[-72.4571377835244,46.76245664420444],[-72.4571256463866,46.762452815384094],[-72.45711352452015,46.76244896317946],[-72.45710141702675,46.76244508820594],[-72.45708932660135,46.762441189848126],[-72.45707725054899,46.762437269952144],[-72.4570651906663,46.762433326671896],[-72.45705314605497,46.762429360622704],[-72.45704111761331,46.762425372420005],[-72.45702910623964,46.76242136144835],[-72.45701710923903,46.76241732770774],[-72.4570051293064,46.76241327119822],[-72.45699316464513,46.76240919253512],[-72.45698121705186,46.76240509110305],[-72.45696928562826,46.76240096690204],[-72.45695737127264,46.762396821778154],[-72.45694547218838,46.762392653269956],[-72.45693359017211,46.76238846322352],[-72.45692172522384,46.762384248562],[-72.45690987824189,46.76238001482371],[-72.45689804563295,46.76237575647036],[-72.45688623099034,46.76237147657872],[-72.45687443341572,46.762367174533445],[-72.45686265560401,46.76236285033458],[-72.45685089216538,46.76235850336668],[-72.45683914579473,46.762354135475846],[-72.456827419187,46.76234974420064],[-72.45681570785065,46.762345332002575],[-72.4568040153789,46.762340897035415],[-72.45679233997517,46.762336441145344],[-72.45678068343602,46.76233196187088],[-72.45676904216826,46.76232746167344],[-72.45675742156176,46.76232293993775],[-72.45674581802324,46.762318395432956],[-72.45673423334932,46.76231382938987],[-72.45672266574341,46.762309241808396],[-72.45671111610382,46.76230463268865],[-72.45669958622713,46.76230000141517],[-72.45668807431676,46.762295348603345],[-72.45667658127103,46.76229067302243],[-72.4566651070899,46.76228597836461],[-72.45665365087508,46.762281260322354],[-72.4566422144232,46.7622765213571],[-72.4566307950393,46.76227176085348],[-72.45661939631667,46.76226697881144],[-72.45660801556033,46.76226217461568],[-72.45659665456692,46.76225734949687],[-72.45658531423479,46.762252503455095],[-72.4565739900723,46.762247636490244],[-72.45656268836773,46.76224274737161],[-72.45655140373113,46.7622378373299],[-72.45654014155241,46.76223290636519],[-72.45652889644167,46.762227953246686],[-72.45651767199222,46.76222298043585],[-72.45650646820398,46.762217986086576],[-72.45649528328038,46.76221297019887],[-72.45648411811972,46.76220793277266],[-72.45647297451862,46.7622028768849],[-72.45646184978213,46.762197796997214],[-72.45645074660521,46.762192698647866],[-72.45643966229294,46.76218757752934],[-72.45642859954022,46.762182436718426],[-72.45641755655042,46.76217727436904],[-72.45640653422187,46.762172092327255],[-72.45639553255461,46.76216688936236],[-72.45638455154857,46.76216166424359],[-72.45637359300042,46.76215642004778],[-72.4563626533169,46.762151154313514],[-72.45635173609124,46.762145868271396],[-72.45634083773022,46.76214056315228],[-72.45632996272539,46.76213523526387],[-72.4563191083818,46.76212988891378],[-72.45630827559779,46.76212452102515],[-72.45629746347502,46.76211913282869],[-72.45628667291184,46.76211372493982],[-72.45627590480653,46.76210829551235],[-72.45626515736245,46.76210284762321],[-72.4562544323763,46.76209737758007],[-72.456243729848,46.762091889690645],[-72.45623304708263,46.76208637964721],[-72.4562223894701,46.76208085052666],[-72.45621174982388,46.76207530109827],[-72.4562011362288,46.76206973197739],[-72.45619054329497,46.762064143164025],[-72.4561799710224,46.76205853404277],[-72.45616942300433,46.762052905229],[-72.45615889834247,46.76204725610736],[-72.45614839434184,46.76204158790852],[-72.45613791279911,46.762035898786465],[-72.45612745551087,46.76203019181796],[-72.45611701888392,46.76202446392619],[-72.45610660740977,46.76201871572647],[-72.4560962183935,46.76201294968033],[-72.45608585093682,46.76200716271086],[-72.45607550683631,46.76200135727962],[-72.45606518699034,46.76199553215575],[-72.45605488960223,46.761989687954724],[-72.45604461646863,46.76198382406109],[-72.45603436579293,46.76197793985952],[-72.45602413937172,46.76197203781144],[-72.45601393630675,46.761966116686125],[-72.45600375480132,46.7619601758682],[-72.45599360024534,46.76195421597306],[-72.45598346724893,46.761948237000624],[-72.45597335940536,46.76194223772022],[-72.45596327401965,46.76193622059331],[-72.45595321288849,46.76193018438909],[-72.45594317780845,46.76192413033835],[-72.45593316518628,46.76191805659499],[-72.45592317681863,46.76191196315896],[-72.45591321360384,46.76190585310708],[-72.4559032728469,46.76189972336261],[-72.45589335903941,46.76189357392539],[-72.45588346858813,46.761887407257014],[-72.4558736032897,46.76188122089593],[-72.45586376134743,46.761875016688236],[-72.45585394545633,46.76186879278788],[-72.4558441520231,46.76186255165633],[-72.45583438733597,46.76185629206277],[-72.4558246451067,46.76185001462258],[-72.45581492803028,46.76184371748968],[-72.45580523520836,46.7618374025102],[-72.4557955693359,46.76183107029945],[-72.45578592861627,46.76182471962666],[-72.45577631215114,46.761818350491914],[-72.4557667226355,46.76181196351051],[-72.45575715647603,46.761805558067074],[-72.45574761816435,46.76179913539235],[-72.45573810410717,46.761792694255604],[-72.45572861610115,46.761786235272204],[-72.45571915324794,46.7617797590575],[-72.45570971644588,46.761773264996116],[-72.45570030659329,46.761766751857266],[-72.4556909209952,46.76176022271789],[-72.45568156234656,46.76175367450106],[-72.45567223064738,46.761747109668235],[-72.45566292320274,46.76174052637337],[-72.45565364360584,46.76173392646253],[-72.4556443900601,46.761727309320335],[-72.45563516166719,46.76172067433137],[-72.45562596112205,46.761714022111136],[-72.45561678752638,46.76170735327485],[-72.45560763818521,46.76170066597644],[-72.45559851759013,46.76169396329275],[-72.45558942304619,46.76168724091621],[-72.4555803554517,46.761680503769796],[-72.45557131301005,46.7616737481612],[-72.45556230021282,46.76166697593657],[-72.45555331346672,46.76166018709594],[-72.45554435367006,46.76165338163922],[-72.4555354217212,46.76164655895111],[-72.45552651492517,46.76163971841619],[-72.45551763687521,46.76163286249595],[-72.4555087848764,46.76162599057502],[-72.4554999634203,46.76161910019189],[-72.45549116711703,46.76161219442345],[-72.45548239866156,46.761605272654265],[-72.45547365715554,46.76159833303824],[-72.45546494349728,46.761591378036904],[-72.45545625858509,46.76158440641945],[-72.45544760062239,46.76157741818587],[-72.45543897050746,46.76157041395156],[-72.45543036913861,46.76156339310112],[-72.45542179561753,46.76155635624993],[-72.45541324904593,46.76154930401338],[-72.4554047312204,46.76154223454529],[-72.45539624214096,46.76153514969182],[-72.4553877809093,46.76152804945291],[-72.45537934752542,46.76152093259789],[-72.45537094378594,46.76151380035743],[-72.45536256609759,46.761506651500824],[-72.45535421895198,46.7614994884895],[-72.45534589965412,46.76149230824664],[-72.45533760910239,46.76148511261835],[-72.4553293463984,46.76147790221998],[-72.45532111423714,46.7614706752054],[-72.45531290902532,46.76146343403616],[-72.45530473435623,46.761456176866034],[-72.45529658753493,46.76144890492584],[-72.45528847035803,46.76144161575403],[-72.4552803810289,46.76143431365826],[-72.45527232134415,46.76142699494624],[-72.45526429220214,46.76141966269488],[-72.45525629180622,46.761412313827236],[-72.45524831925809,46.76140495080489],[-72.45524037635434,46.76139757178161],[-72.455232463095,46.76139017860361],[-72.45522458037838,46.76138277065545],[-72.45521672550953,46.76137534732177],[-72.45520890208174,46.76136790921792],[-72.45520110739999,46.76136045757467],[-72.45519334236269,46.76135299054588],[-72.4551856078681,46.761345508131505],[-72.45517790122126,46.76133801217776],[-72.45517022511716,46.76133050206915],[-72.4551625804541,46.761322977190424],[-72.45515496453712,46.76131543692609],[-72.45514737916287,46.76130788373766],[-72.45513982433133,46.76130031577904],[-72.45513229734756,46.76129273366563],[-72.45512480360145,46.761285138012695],[-72.45511733770313,46.76127752758958],[-72.45510990324583,46.76126990362699],[-72.45510250022959,46.761262265509515],[-72.4550951250611,46.761254612621784],[-72.45508778313028,46.761246947425356],[-72.45508047174218,46.761239267458635],[-72.45507318730355,46.76123157333707],[-72.45506593789922,46.761223866291395],[-72.45505871634262,46.76121614632155],[-72.4550515262271,46.76120841219681],[-72.45504436755262,46.76120066453258],[-72.45503723852251,46.76119290332877],[-72.45503014183176,46.761185129200825],[-72.45502307658205,46.76117734091799],[-72.45501604187507,46.76116954032634],[-72.45500903681248,46.76116172619515],[-72.45500206319093,46.761153897909004],[-72.45499512280705,46.761146056698685],[-72.45498821116925,46.76113820379493],[-72.45498133276912,46.761130337967],[-72.4549744849117,46.761122457984136],[-72.45496766759702,46.761114565692374],[-72.45496088262168,46.76110666047647],[-72.45495412818904,46.761098743567096],[-72.4549474069941,46.76109081250272],[-72.45494071634187,46.76108286974493],[-72.4549340589273,46.76107491467826],[-72.45492743205544,46.76106694545657],[-72.4549208357263,46.761058965156785],[-72.45491427173653,46.76105097254816],[-72.45490774098441,46.761042967015285],[-72.45490124167333,46.761034949173514],[-72.45489477380328,46.76102692025362],[-72.45488833737427,46.76101887840947],[-72.45488193328463,46.76101082425645],[-72.45487556243262,46.76100275779451],[-72.45486922302165,46.76099468086982],[-72.45486291595005,46.76098659102086],[-72.45485664031948,46.760978488862946],[-72.45485039702825,46.76097037562693],[-72.4548441869747,46.76096225069732],[-72.45483800836216,46.760954114689575],[-72.45483186298732,46.760945965757536],[-72.4548257499518,46.76093780574727],[-72.45481966835732,46.76092963588966],[-72.45481362179714,46.76092145249229],[-72.454807606678,46.760913258632115],[-72.45480162299988,46.76090505246301],[-72.45479567255944,46.76089683644645],[-72.45478975535669,46.760888608120936],[-72.45478387049326,46.760880369332604],[-72.45477801976581,46.76087212008141],[-72.4547722004794,46.76086385913664],[-72.45476641443065,46.76085558711366],[-72.45476066161957,46.760847305858626],[-72.45475494114784,46.76083901229456],[-72.45474925391377,46.76083070826767],[-72.45474359991738,46.76082239316252],[-72.45473798005696,46.76081406820987],[-72.45473239163758,46.7608057327944],[-72.45472683645586,46.76079738568524],[-72.4547213145118,46.760789028728645],[-72.45471582760206,46.760780661924535],[-72.45471037392997,46.76077228465755],[-72.45470495259723,46.760763896927635],[-72.45469956450215,46.76075549873487],[-72.45469421054307,46.76074709130997],[-72.45468888982163,46.760738673422175],[-72.45468360323619,46.76073024568682],[-72.45467834899009,46.76072180871937],[-72.45467312887997,46.760713360673606],[-72.45466794200753,46.76070490339572],[-72.45466278927107,46.760696436270266],[-72.45465767067057,46.76068795806649],[-72.45465258620605,46.76067947247673],[-72.4546475340809,46.760670977039396],[-72.45464251609172,46.76066247113911],[-72.45463753313682,46.76065395600669],[-72.45463258341962,46.76064543287287],[-72.4546276678384,46.7606368992761],[-72.4546227845965,46.76062835583172],[-72.45461793818555,46.760619805001326],[-72.45461312501224,46.76061124370793],[-72.45460834417831,46.76060267379775],[-72.45460359927698,46.760594095886155],[-72.45459888851163,46.76058550751157],[-72.45459421098394,46.760576910520165],[-72.45458956669393,46.76056830552732],[-72.45458496013316,46.760559691917635],[-72.45458038501341,46.76055106846035],[-72.45457584492797,46.760542438847786],[-72.45457133987681,46.76053379877221],[-72.45456686896163,46.76052515069517],[-72.45456243308077,46.76051649338587],[-72.45455803043755,46.760507828690514],[-72.45455366282866,46.76049915537829],[-72.45454932935573,46.76049047406459],[-72.4545450318154,46.76048178536482],[-72.45454076751277,46.760473088048165],[-72.45453653824438,46.76046438211464],[-72.454532343112,46.76045566941041],[-72.45452818391226,46.7604469480893],[-72.45452405884846,46.76043821938205],[-72.45451996792066,46.76042948205795],[-72.45451591292546,46.760420737963145],[-72.45451189206626,46.760411985866796],[-72.45450790624133,46.76040322576893],[-72.45443753222199,46.760247820103906],[-72.45357964202397,46.75835328986208],[-72.45271747404857,46.756449165431086],[-72.45788355229686,46.757746598692925],[-72.46297842378755,46.75902589728289],[-72.46403766686493,46.759291836878475],[-72.46395785155194,46.75913350175218],[-72.46394928252245,46.7590271004041],[-72.46381127165039,46.75870930685174],[-72.46379747981584,46.758644779135395],[-72.46380658783451,46.75858471308118],[-72.46400414802675,46.75837871695571],[-72.46407409714296,46.75823474973426],[-72.46409849987765,46.758114672647714],[-72.46405501602801,46.75807721831481],[-72.46414444241623,46.758023953851385],[-72.46421478589288,46.757859334017105],[-72.46427318267455,46.75776447546483],[-72.46429794383704,46.757639646264145],[-72.46433216515778,46.75739489809412],[-72.46437457282572,46.757211796884924],[-72.4644115941952,46.75703290090257],[-72.46447218915439,46.75686940674265],[-72.46444537264651,46.7567464346925],[-72.46448502248653,46.75661495274529],[-72.46452510082294,46.75650716907803],[-72.4645508177929,46.756318448363686],[-72.46457362781457,46.75609689385119],[-72.46460511107036,46.756022447628055],[-72.46459673967021,46.75590571916003],[-72.4645980557021,46.75579090077807],[-72.46461395498432,46.75569930229085],[-72.46455540009916,46.75566414066055],[-72.46454836359551,46.75561607925613],[-72.46460321472678,46.75556276866314],[-72.46468385738814,46.75550200248674],[-72.46468543932136,46.75541938659496],[-72.46461257966362,46.75530025164277],[-72.46459953253242,46.75524302216429],[-72.46463483003488,46.75515402918292],[-72.46463080827738,46.75504098478066],[-72.4646919359375,46.75475719752419],[-72.46466895882917,46.75466463962866],[-72.46466322937427,46.75451383519997],[-72.4646442344976,46.754415160446015],[-72.46466916454337,46.754238585318106],[-72.46463396495727,46.754114853937146],[-72.46463274504511,46.75406319991896],[-72.46466810722627,46.753947703676715],[-72.46466275326718,46.75382348356281],[-72.46469827445014,46.75372849419693],[-72.46471044302898,46.753670126279076],[-72.46474225776309,46.75353788964533],[-72.4647259838834,46.75345728764047],[-72.46471857637556,46.753338282523565],[-72.46472798083828,46.7532441927399],[-72.46477206835578,46.75315771128565],[-72.46477874643162,46.7530399032228],[-72.46483902069222,46.7528928123461],[-72.46483904584504,46.752845421802846],[-72.46470817298626,46.75266318096297],[-72.46457312385971,46.752560494192124],[-72.4645484264776,46.75246549029043],[-72.46443054325782,46.75238969237365],[-72.46433869860485,46.75229286387586],[-72.46427566022811,46.75221513247773],[-72.46422488834655,46.75214297850086],[-72.4642202063273,46.75192603652523],[-72.46421146302464,46.75187492142386],[-72.46422665263778,46.751774203334946],[-72.46425288883397,46.75174284779863],[-72.46431391857774,46.75160244562737],[-72.46436586904892,46.75147472041171],[-72.46438047655377,46.751312025535285],[-72.46443838195698,46.75110415634533],[-72.46445574100153,46.75089164302053],[-72.45741837230341,46.745947082436516],[-72.45595684747212,46.74492003302788],[-72.4563161574161,46.74468010179775],[-72.45662170768189,46.744502825031276],[-72.45688834831947,46.744298013613864],[-72.45705685879204,46.74418548691696],[-72.4576290380173,46.7438033927651],[-72.45793886965374,46.74359649001572],[-72.45862376049773,46.74313911509339],[-72.459291730675,46.74269303059124],[-72.45974918156377,46.742387527763405],[-72.4598354988828,46.74233396523307],[-72.46078289272414,46.741746064194224],[-72.46143606585204,46.74134072889954],[-72.46136114545905,46.74129245033945],[-72.46121130736796,46.741195895552025],[-72.46113638697497,46.741147617477864],[-72.45956575726083,46.74225773199863],[-72.45670492581317,46.744168213215],[-72.45650886580746,46.744281966174675],[-72.45627936152373,46.74404839903158],[-72.45607015287723,46.743838602762075],[-72.45595312844684,46.74370908873395],[-72.45585947818016,46.74360544244543],[-72.45506875681257,46.74305814849788],[-72.45491567849827,46.74295372100434],[-72.45395689042584,46.743603665256195],[-72.45276513506427,46.742768361366494],[-72.45719511310753,46.7397086748734],[-72.45713521973259,46.73970848649129],[-72.45705412701525,46.73972198659317],[-72.45690618796269,46.739815739225214],[-72.4568703990818,46.739832607392664],[-72.45674609470434,46.73983999367834],[-72.45669691284085,46.739831028926396],[-72.45651212399702,46.73976550960819],[-72.4563011528559,46.73969826029577],[-72.45616872860661,46.739636200034006],[-72.4559152339149,46.73953857477836],[-72.45583753413442,46.73953894292502],[-72.45569711398076,46.73961615269742],[-72.4556164308952,46.73965046045521],[-72.45552579986618,46.739679782834216],[-72.45548529123677,46.73982695286337],[-72.45542463968373,46.73986637757115],[-72.4553680197697,46.73987049056875],[-72.45512753088666,46.740095482325216],[-72.45505908285529,46.740125097498805],[-72.45501658086424,46.740129396394856],[-72.45495847513672,46.740114766110736],[-72.45487714706077,46.74006515916798],[-72.45476255077662,46.739882091424185],[-72.44631684020698,46.745654433706925],[-72.44600771374803,46.74517340652614],[-72.44591984593683,46.74503739408626],[-72.44573656985594,46.74481582212793],[-72.44553884617032,46.74466277285286],[-72.44542442415933,46.74473262599203],[-72.44543829594394,46.74474336523393],[-72.44561148035093,46.74487741906003],[-72.44578306575673,46.74508485612953],[-72.44587357820811,46.745224964418476],[-72.44540938007326,46.74476356209433],[-72.44501111648361,46.74492865036873],[-72.44507261874122,46.74499876170167],[-72.4451308924537,46.74506519308584],[-72.44545618319788,46.74524391458],[-72.4458684048104,46.74565364948349],[-72.44605266724147,46.74583495683222],[-72.44602395349175,46.74585457835276],[-72.4434780606029,46.74759422034525],[-72.4434923249513,46.747659430383024],[-72.44348715335019,46.747755761850115],[-72.44350247142242,46.74783854275848],[-72.44355653023959,46.748113170401446],[-72.44356717707235,46.74822391247834],[-72.44357257774384,46.748271267691365],[-72.44360033748274,46.7485146600517],[-72.44361462788228,46.74870102785881],[-72.44361169128962,46.74885385762174],[-72.44358897469272,46.749104504954964],[-72.44355583763851,46.749382667835164],[-72.44352414327865,46.749543135445165],[-72.44348283245368,46.74972469007395],[-72.44342919314975,46.7499472260572],[-72.44337953428085,46.75018291268832],[-72.44331561106355,46.75035218950522],[-72.44325986161702,46.750548287003426],[-72.44319768202968,46.7506816561114],[-72.4430922305951,46.750864351120555],[-72.44297920456606,46.75103048490807],[-72.44296517827121,46.75105308108737],[-72.44286818537337,46.75120933680553],[-72.44275102619568,46.75137691655754],[-72.44264599427436,46.751532103456725],[-72.44253801318392,46.751680074506645],[-72.44251549960629,46.75174166544144],[-72.44248159988241,46.75179536634209],[-72.44243893260136,46.75184827259259],[-72.44242963413986,46.7518737963101],[-72.4424047930273,46.75194199244303],[-72.44236092110545,46.752021141702286],[-72.44230820167638,46.75205878673711],[-72.44227474033035,46.75207455243024],[-72.44220354974242,46.752118075320936],[-72.44217161463406,46.75219024902669],[-72.44219359640906,46.75228025260376],[-72.44220159860161,46.7523514794787],[-72.44217684462564,46.752452606400084],[-72.44217811664006,46.75247782455225],[-72.44222961166543,46.752616643273726],[-72.44223794264137,46.75268766721129],[-72.44222950835918,46.75280986809722],[-72.44222631035676,46.752835708330444],[-72.44220656898008,46.752995223365936],[-72.44217956472431,46.75314659889619],[-72.4421425649144,46.75327985263582],[-72.44213009090836,46.75338418380737],[-72.44210953835298,46.75345998278734],[-72.4421032681123,46.75355811521503],[-72.44204761837875,46.7537452318404],[-72.44207166448228,46.75400767150187],[-72.44206201208455,46.75419849842024],[-72.4420273784371,46.75454877293853],[-72.44197356036841,46.754866777511545],[-72.44198238901105,46.754989015922554],[-72.44192119038398,46.755096495515815],[-72.44186569156743,46.75537909070729],[-72.44179725072256,46.75556081769672],[-72.4417274938458,46.75580128639826],[-72.44170475928259,46.7561660656515],[-72.44161360902734,46.75647444879568],[-72.44155658666804,46.75675719308107],[-72.44151039709276,46.75696959588582],[-72.44142454689771,46.75709680896566],[-72.44135072873753,46.757260834164896],[-72.44100741778877,46.75752477988107],[-72.44077812371081,46.75782239769119],[-72.44056781013651,46.75841204657269],[-72.4404750339306,46.75871297777757],[-72.44048558194866,46.75887014978566],[-72.44052771652873,46.75896469437965],[-72.44061575591816,46.75922335157483],[-72.44064093300062,46.759322567080126],[-72.44068556938879,46.75944328703208],[-72.44081000492025,46.759764880651154],[-72.4408495810984,46.75988676886728],[-72.44087756451782,46.7599900927673],[-72.4409233893771,46.76017682766897],[-72.44091548599923,46.760397500781146],[-72.44091736976637,46.76050017815722],[-72.44095982773997,46.760797861994796],[-72.44098823875746,46.76097632393857],[-72.4410434599946,46.761118843222334],[-72.44104334141699,46.76121946077026],[-72.44104309348197,46.7614309069158],[-72.44104273954575,46.76165770281819],[-72.44104028894165,46.761857861268815],[-72.44094859251071,46.76215549945199],[-72.44084436008997,46.76233450826986],[-72.44079669098943,46.7625459358858],[-72.44064193731711,46.762795927560845],[-72.44056645727368,46.76292200015588],[-72.44051348092643,46.763017389300536],[-72.44049865782593,46.76315112445788],[-72.44049832275432,46.76320554134412],[-72.44047084059484,46.763324243451606],[-72.44045757696966,46.76347007145008],[-72.44041598497202,46.763602469548],[-72.44041938599368,46.76364531485339],[-72.44046399363575,46.76369313280031],[-72.44046999438184,46.76380166574602],[-72.44041320917779,46.763987537022665],[-72.44039849297681,46.764099957767755],[-72.44041399161041,46.76418678410151],[-72.44044628424824,46.764267147917266],[-72.44047475545284,46.76438724205977],[-72.44046640381566,46.764428379157145],[-72.44044421093658,46.76453768287874],[-72.44039413255442,46.764607264122944],[-72.44036367966629,46.764629901990936],[-72.44031553715357,46.7646297647694],[-72.44026809263184,46.76461329202772],[-72.44022521694164,46.764618428299286],[-72.44013488505163,46.76471005715995],[-72.4400980208873,46.764823464019656],[-72.44001241323737,46.765007330073274],[-72.43995441800263,46.7651057559099],[-72.43991131863191,46.7652180321787],[-72.43989850326608,46.76529569005589],[-72.43987358938999,46.76535466748498],[-72.43986486046037,46.76542175803175],[-72.43984327663905,46.76545596937272],[-72.43974081569604,46.76550469948234],[-72.43962080616399,46.76560567126989],[-72.43945803502777,46.76579638512233],[-72.43938094430501,46.76588007300549],[-72.43931335596136,46.76594094992855],[-72.44875393184354,46.768378925110504],[-72.44874300832969,46.76819768929242],[-72.44870720777067,46.76703299950361],[-72.44870673166358,46.767018094706664],[-72.44870621872555,46.767003190520875],[-72.44870567344817,46.76698828571568],[-72.44870508864493,46.76697338275224],[-72.44870446970569,46.76695848040006],[-72.44870381393552,46.766943577428435],[-72.44870312582601,46.76692867629861],[-72.44870239729232,46.766913776395285],[-72.44870163641927,46.76689887648788],[-72.44870083781699,46.76688397719168],[-72.44870000507873,46.76686908035258],[-72.44869913550951,46.76685418227875],[-72.44869823090603,46.76683928727739],[-72.44869728947162,46.766824391041254],[-72.44869631390122,46.76680949849293],[-72.44869530060157,46.76679460594049],[-72.44869425316597,46.76677971399927],[-72.44869316979774,46.76676482389986],[-72.44869204870027,46.76674993502696],[-72.44869089526343,46.76673504799592],[-72.44868970409738,46.76672016096078],[-72.44868847699867,46.76670527576746],[-72.44868721576401,46.76669039180069],[-72.44868591769843,46.76667551090641],[-72.44868458370024,46.76666063000797],[-72.44868321376944,46.7666457497208],[-72.44868180970265,46.766630873121414],[-72.4486803679066,46.76661599651792],[-72.44867887580492,46.76660096669543],[-72.44867734866894,46.76658593871473],[-72.4486757829054,46.766570912575794],[-72.44867418210757,46.766555888894],[-72.4486725435805,46.76654086459262],[-72.4486708691208,46.76652584459434],[-72.44866916052513,46.76651082582253],[-72.44866741240358,46.766495808277156],[-72.44866562924776,46.766480793188876],[-72.44866380926098,46.766465780557695],[-72.44866195334158,46.766450769153],[-72.4486600605913,46.76643576143603],[-72.44865813190837,46.76642075556087],[-72.44865616639454,46.76640575152749],[-72.4486541649481,46.76639074933589],[-72.44865212667071,46.766375750216774],[-72.44865005156241,46.76636075232407],[-72.4486479414198,46.76634575688851],[-72.44864579534459,46.766330766371354],[-72.44864361064181,46.76631577523471],[-72.44864139180306,46.76630078778585],[-72.44863913523507,46.76628580279411],[-72.44863684183616,46.76627082087483],[-72.44863451430125,46.766255842028016],[-72.44863214903711,46.76624086502299],[-72.44862974694205,46.766225891090436],[-72.44862731071098,46.76621091961502],[-72.4486248367507,46.76619595059673],[-72.44862232595948,46.76618098465092],[-72.44861977923564,46.76616602239292],[-72.44861719747752,46.76615106259203],[-72.44861457799016,46.76613610463299],[-72.44861192257017,46.76612115036176],[-72.4486092321159,46.76610620039366],[-72.44860650303407,46.766091252267366],[-72.44860373981624,46.766076308444234],[-72.44860093886919,46.766061366462935],[-72.44859810378615,46.76604642816946],[-72.44859523097388,46.76603149294849],[-72.44859232222898,46.76601656203065],[-72.44858937755149,46.766001634185265],[-72.44858639514474,46.76598670818182],[-72.44858337950033,46.76597178832748],[-72.44858032522836,46.765956869084285],[-72.44857723592212,46.76594195475963],[-72.44857410978491,46.76592704412284],[-72.44857094771511,46.765912137173856],[-72.44856774971271,46.76589723268206],[-72.44856451487937,46.76588233310877],[-72.44856124501173,46.765867436608055],[-72.44855793921148,46.76585254379516],[-72.448554595682,46.76583765590078],[-72.44855121711822,46.76582277169423],[-72.44854780262182,46.76580788932964],[-72.44854435219281,46.76579301372951],[-72.44854086583119,46.76577813935593],[-72.44853734263866,46.765763270516224],[-72.44853378441181,46.76574840536442],[-72.44853018845572,46.76573354513115],[-72.44852655836367,46.76571868858573],[-72.44852289054235,46.76570383511293],[-72.44851918768676,46.76568898717396],[-72.44851544979687,46.76567414292291],[-72.44851167507605,46.76565930297507],[-72.4485078635243,46.76564446794583],[-72.44850401693824,46.76562963721982],[-72.44850013352126,46.76561481018172],[-72.44849621596832,46.76559998806215],[-72.44849226068612,46.76558517024589],[-72.44848827036964,46.76557035673282],[-72.44848424322221,46.765555548138394],[-72.44848018104048,46.76554074507788],[-72.44847608292616,46.76552594570527],[-72.44847194977756,46.76551115063596],[-72.44846777889968,46.76549636048523],[-72.44846357388583,46.76548157586845],[-72.44845933114276,46.76546679555493],[-72.448455055162,46.76545202077537],[-72.44845074235033,46.76543725029911],[-72.44844639270771,46.765422485356815],[-72.44844200803082,46.76540772471779],[-72.4484375874213,46.76539296961275],[-72.44843313087918,46.76537821942632],[-72.44834176412994,46.765077057161356],[-72.44833965578397,46.76507004661328],[-72.44833758247229,46.76506303114165],[-72.44833554509322,46.765056010131005],[-72.44833354364677,46.765048985427455],[-72.44833157633629,46.76504195518493],[-72.44832964495843,46.76503492124944],[-72.44832775041151,46.76502788239033],[-72.44832588910225,46.765020837992246],[-72.44832406552221,46.7650137911319],[-72.44832227517985,46.765006738117215],[-72.44832052256673,46.76499968202492],[-72.44831880408961,46.76499262100899],[-72.44831712244338,46.76498555691543],[-72.44831547493315,46.76497848912894],[-72.44831386335552,46.76497141580347],[-72.44831228950714,46.764964338785006],[-72.44831074799812,46.764957259304275],[-72.44830924421834,46.76495017613055],[-72.44830777637117,46.76494308926388],[-72.44830634445661,46.76493599931953],[-72.44830494757635,46.76492890506694],[-72.44830358662868,46.76492180712135],[-72.44830226161363,46.764914706713434],[-72.4483009725312,46.76490760322791],[-72.44829971938138,46.76490049666475],[-72.44829850126585,46.76489338763929],[-72.44829732087958,46.76488627492083],[-72.44829617462926,46.76487915974008],[-72.44829506341327,46.76487204209703],[-72.4482939899265,46.76486492199169],[-72.44829295147403,46.76485779880869],[-72.44829194985249,46.76485067377874],[-72.44829098416355,46.76484354567115],[-72.44829005261062,46.764836415716545],[-72.4482891587869,46.76482928391504],[-72.4482882999975,46.764822148420485],[-72.448287478039,46.764815013540385],[-72.44828669201314,46.764807874967225],[-72.44828594281819,46.76480074870002],[-72.44828523045416,46.764793621816466],[-72.44828455312444,46.76478649185531],[-72.44828391262564,46.7647793606625],[-72.44828330626282,46.7647722276227],[-72.44828273583262,46.764765093351286],[-72.44828220402997,46.764757959694286],[-72.44828170636332,46.76475082357498],[-72.44828124462926,46.76474368560871],[-72.44828081972612,46.764736546410795],[-72.44828042985728,46.76472940659658],[-72.44828007412443,46.764722266781405],[-72.44827975612083,46.764715124503944],[-72.44827947584646,46.764707983456226],[-72.44827922970806,46.7647008405615],[-72.4482790195023,46.764693697665884],[-72.44827884522913,46.76468655415392],[-72.44827870688857,46.764679409410334],[-72.44827860448063,46.76467226528117],[-72.44827853890361,46.764665121151054],[-72.44827850925921,46.764657976404635],[-72.44827851464909,46.76465083227257],[-72.4482785550733,46.76464368752431],[-72.44827863412505,46.76463654339037],[-72.44827874731276,46.764629399255504],[-72.4482788973314,46.764622255119704],[-72.44827908328267,46.76461511098296],[-72.44827930426824,46.76460796930663],[-72.44827956118641,46.76460082639865],[-72.4482798549355,46.76459368533579],[-72.44828018551553,46.76458654427193],[-72.44828054933322,46.764579403207165],[-72.44828095088016,46.764572263987475],[-72.44828138835969,46.7645651259975],[-72.44828186177185,46.7645579892373],[-72.44828237111662,46.764550851860825],[-72.44828291549568,46.76454371694474],[-72.44828349580735,46.764536583873785],[-72.44828411294995,46.76452945326325],[-72.44828476692348,46.76452232203642],[-72.44828545503299,46.76451519327002],[-72.44828617907511,46.76450806511803],[-72.44828693994815,46.76450094004178],[-72.4482877358555,46.764493816810656],[-72.44828856769544,46.76448669480929],[-72.44828943546801,46.76447957526837],[-72.4482903400715,46.76447245818789],[-72.44829127881097,46.764465342952484],[-72.44829225527968,46.76445822894679],[-72.44829326498608,46.76445111924762],[-72.44829431242168,46.76444401016286],[-72.44829539578991,46.76443690476925],[-72.44829651329414,46.76442980060537],[-72.44829766852759,46.76442270074796],[-72.44829885789703,46.764415602735674],[-72.44830008409738,46.764408509029856],[-72.44830134623035,46.76440141716918],[-72.44830264249933,46.7643943277689],[-72.4483039755992,46.76438724267513],[-72.44830534463169,46.76438016004181],[-72.44830674869847,46.764373081099656],[-72.44830818779957,46.76436600584862],[-72.44830966373158,46.76435893305809],[-72.44831117469788,46.764351863958666],[-72.44831272069848,46.76434479855037],[-72.44831430353003,46.764337738063965],[-72.44831591959922,46.76433068003801],[-72.44831757339766,46.76432362570323],[-72.44831926223038,46.76431657690565],[-72.44832241711367,46.764303624468425],[-72.44832560703122,46.76429067695085],[-72.4483288319831,46.764277732506955],[-72.44833209196928,46.76426479359804],[-72.44833538878638,46.764251857762744],[-72.44833872243439,46.76423892746249],[-72.44834209021839,46.76422600146658],[-72.44834549303668,46.76421307854428],[-72.44834893358423,46.76420016177242],[-72.44835240736941,46.76418724868948],[-72.44835591888388,46.764174339295586],[-72.448359463636,46.764161435436705],[-72.44836304611734,46.76414853526684],[-72.44836666273468,46.7641356424781],[-72.44837031708126,46.76412275214763],[-72.44837400376719,46.76410986612154],[-72.44837772818234,46.76409698624583],[-72.4483814867335,46.764084111289876],[-72.44838528121726,46.76407124063826],[-72.4483891107353,46.76405837429106],[-72.4483929779826,46.764045513478884],[-72.44839687756925,46.7640326582018],[-72.44840081488515,46.76401980722912],[-72.4484047854387,46.764006963022254],[-72.44840879282319,46.76399412250439],[-72.44841283524195,46.76398128813696],[-72.44841691269502,46.76396845807395],[-72.44842102608072,46.763955634161384],[-72.44842517539902,46.76394281516859],[-72.44842935795498,46.763930001095574],[-72.44843357734186,46.76391719317301],[-72.44843783176306,46.76390439140087],[-72.44844212032021,46.76389159331783],[-72.44844644570831,46.763878802000626],[-72.44845080433407,46.763866016833916],[-72.44845519979076,46.76385323720231],[-72.44845963207837,46.763840461875155],[-72.44846409670532,46.7638276939292],[-72.44846859816322,46.76381493213374],[-72.44847313375709,46.763802175258085],[-72.44847770528357,46.76378942391758],[-72.44848231004771,46.7637766787276],[-72.4484869525411,46.76376393968815],[-72.44849162827215,46.763751208029866],[-72.44849633993583,46.76373848006076],[-72.4485010866338,46.763725760703565],[-72.44850586836604,46.76371304565085],[-72.44851068513259,46.76370033797939],[-72.44851553693344,46.76368763584307],[-72.44852042197198,46.76367494108807],[-72.4485253438414,46.7636622506375],[-72.44853029984682,46.76364956756824],[-72.44853529088654,46.763636891880225],[-72.44854031785889,46.76362422295816],[-72.44854537896718,46.76361155957126],[-72.4485504751098,46.76359890356568],[-72.4485556062867,46.76358625371069],[-72.4485607724979,46.763573610006254],[-72.44856597284507,46.7635609736831],[-72.44857120822655,46.763548344741274],[-72.44857647774401,46.76353572195007],[-72.44858178229575,46.763523105924804],[-72.44858712278011,46.76351049666546],[-72.44859249650216,46.763497893556796],[-72.44859790615679,46.76348529844476],[-72.44860334994742,46.76347271132943],[-72.44860882877234,46.76346013036472],[-72.44861434173323,46.763447556781394],[-72.44861988972842,46.76343498934867],[-72.4486254718596,46.763422430528024],[-72.44863108902507,46.76340987970408],[-72.44863673942821,46.76339733441544],[-72.44864242576395,46.76338479773888],[-72.44864814623568,46.76337226721296],[-72.44865390174172,46.763359745299134],[-72.44865969138372,46.76334723015135],[-72.44866551516171,46.76333472238496],[-72.448671373974,46.763322222615315],[-72.44867726602394,46.763309731457795],[-72.44868319310818,46.763297246450975],[-72.4486891543284,46.76328476944092],[-72.44869515148125,46.76327230042759],[-72.44870118187175,46.76325984064182],[-72.44870724639823,46.76324738762211],[-72.448713345959,46.76323494136843],[-72.44871947875747,46.763222504342295],[-72.44872547501197,46.76321041806817],[-72.44873150270752,46.763198341021734],[-72.44873756453907,46.76318627135696],[-72.44874365691332,46.763174209073725],[-72.44874978342355,46.76316215540289],[-72.44875594047652,46.763150108498245],[-72.44876213076715,46.76313806897532],[-72.4487683524988,46.76312603806471],[-72.44877460746811,46.7631140151511],[-72.44878089387849,46.76310200023449],[-72.44878721262819,46.76308999331489],[-72.44879356371726,46.763077993161566],[-72.44879994804397,46.763066002236044],[-72.4488063629134,46.763054019307496],[-72.44881280922391,46.76304204437599],[-72.44881937141704,46.76302992606263],[-72.44882596505123,46.76301781636157],[-72.44883259461804,46.76300571527282],[-72.44883925382923,46.7629936209504],[-72.4488459462781,46.76298153708636],[-72.44885267286294,46.762969459988625],[-72.44885943178714,46.76295739273401],[-72.44886622215239,46.7629453347071],[-72.44887304575528,46.762933284677196],[-72.44887990259582,46.76292124387503],[-72.44888679177576,46.76290921168529],[-72.44889371509164,46.762897188723294],[-72.44890066805195,46.762885173758335],[-72.44890765604654,46.76287316802115],[-72.44891467548217,46.76286117089635],[-72.44892172725716,46.762849183614726],[-72.44892881137149,46.76283720494553],[-72.44893592962178,46.76282523488873],[-72.44894307841483,46.762813274675125],[-72.44895026044551,46.7628013236893],[-72.4489574757139,46.762789381931356],[-72.4489647233216,46.762777448785776],[-72.44896245597381,46.762763433859284],[-72.44896022366034,46.76274941585227],[-72.4489580290761,46.76273539599557],[-72.44895587042447,46.762721372442975],[-72.44895374680713,46.76270734642531],[-72.44895166002073,46.762693318557865],[-72.44894960916693,46.76267928760999],[-72.44894759514408,46.76266525419695],[-72.44894561615551,46.7626512183188],[-72.44894367220124,46.7626371805909],[-72.44894176687451,46.76262313916714],[-72.44893989478545,46.762609098355085],[-72.44893806042565,46.76259505261646],[-72.44893626289677,46.76258100502808],[-72.44893449860554,46.76256695620529],[-72.44893277294189,46.76255290491736],[-72.44893108321082,46.76253885116427],[-72.44892942761577,46.76252479617684],[-72.44892780974993,46.76251073810886],[-72.44892622781671,46.762496678806485],[-72.44892468181614,46.7624826182697],[-72.44892317174812,46.76246855403707],[-72.44892169851107,46.76245448980072],[-72.4489202603083,46.762440421868504],[-72.44891885803813,46.76242635393263],[-72.44891749349722,46.76241228414699],[-72.4489161639906,46.7623982118962],[-72.44891487131491,46.76238413902635],[-72.44891361277519,46.76237006369132],[-72.44891239286304,46.76235598773727],[-72.44891120798518,46.76234190993345],[-72.44891005903992,46.76232782966448],[-72.44890894602729,46.76231375000716],[-72.4489078716422,46.76229966665397],[-72.44890683049479,46.76228558452782],[-72.4489058261783,46.76227149993651],[-72.44890485779443,46.76225741349541],[-72.44890392624147,46.76224332705064],[-72.44890303151948,46.76222923875604],[-72.44890217093341,46.76221514984242],[-72.44890134807662,46.76220105969436],[-72.44890056115244,46.762186968927274],[-72.44889981016084,46.76217287692569],[-72.44889909510188,46.76215878492047],[-72.44949723294391,46.76214482275497],[-72.44949741620023,46.76214854267648],[-72.44949760484646,46.76215226382843],[-72.4496840160477,46.761787128797764],[-72.4498158294426,46.761528935598236],[-72.45014674094548,46.76089780260229],[-72.45632807805991,46.762465164590274],[-72.45633978131143,46.76247028137486],[-72.4563515043259,46.76247537846718],[-72.45636324710328,46.762480454021144],[-72.45637500784699,46.762485506806044],[-72.45638678835363,46.76249053866794],[-72.4563985886232,46.76249555022222],[-72.4564104086557,46.7625005402382],[-72.45642224665453,46.76250550810049],[-72.45643410441626,46.7625104550398],[-72.45644598104263,46.76251538044083],[-72.45645787473701,46.76252028553427],[-72.45646978909261,46.762525167243325],[-72.45648172051622,46.76253002926013],[-72.45649367170276,46.76253486850797],[-72.45650563995729,46.762539686832866],[-72.45651762887306,46.76254448238873],[-72.45652963485684,46.762549257637076],[-72.4565416579086,46.76255401073179],[-72.45655369982498,46.762558741672905],[-72.456565760606,46.76256345107573],[-72.456577838455,46.762568138940296],[-72.45658993516861,46.76257280526663],[-72.45660204984854,46.76257744820863],[-72.45661418069811,46.762582071458496],[-72.45662633131066,46.76258667132404],[-72.45663849809286,46.76259124965132],[-72.45665068194306,46.76259580644044],[-72.45666288375958,46.76260034046059],[-72.45667510084743,46.762604852327165],[-72.45668733769824,46.76260934265554],[-72.45669959071871,46.762613810830345],[-72.45671186170549,46.76261825685163],[-72.45672414886195,46.76262268071936],[-72.4567364539847,46.76262708181817],[-72.45674877437884,46.76263146076342],[-72.45676111184093,46.76263581817051],[-72.45677346637105,46.762640153424066],[-72.45678583707083,46.762644465293384],[-72.45679822394027,46.76264875562455],[-72.4568106269794,46.76265302318686],[-72.45682304798483,46.76265726859562],[-72.45683548336332,46.762661491850906],[-72.45684793580978,46.76266569233732],[-72.45686040442592,46.76266986943952],[-72.45687288831343,46.76267402500361],[-72.45688538837061,46.76267815779884],[-72.45689790280083,46.7626822678252],[-72.45691043609567,46.76268635569813],[-72.45692298196694,46.762690420802215],[-72.45693554490617,46.76269446313749],[-72.45694812221846,46.76269848208857],[-72.45696071480214,46.76270247950155],[-72.45697332445377,46.762706454145714],[-72.45698594668181,46.76271040540576],[-72.45699858597789,46.76271433451232],[-72.45701124054527,46.76271823961937],[-72.45702390948573,46.762722121342264],[-72.45703659190092,46.762725981527126],[-72.45704929048577,46.762729819558544],[-72.45706200254536,46.76273363359043],[-72.4570747298763,46.76273742485361],[-72.45708747247862,46.76274119273264],[-72.45710022855565,46.76274493784289],[-72.4571129981074,46.76274866018436],[-72.45712578293053,46.76275235914178],[-72.45713858122838,46.76275603533038],[-72.45715139389928,46.76275968813495],[-72.4571642200449,46.762763318170755],[-72.45717706146189,46.762766924207064],[-72.45718991545529,46.76277050747467],[-72.4572027820251,46.7627740673582],[-72.45721566296795,46.762777604472994],[-72.45722855918218,46.76278111758836],[-72.45724146707451,46.76278460855036],[-72.45725438844154,46.76278807612832],[-72.45726732418164,46.7627915197068],[-72.45728027159983,46.76279493928592],[-72.45729323249275,46.76279833732703],[-72.45730620596208,46.76280171013802],[-72.45731919290616,46.76280506018031],[-72.4573321915283,46.7628083862232],[-72.46225398551151,46.764062694661725],[-72.46228209828834,46.76401691569833],[-72.4623333426837,46.763933471061165],[-72.46557441751642,46.7647537206045],[-72.4655875410044,46.76473359276887],[-72.46561378887868,46.764693328460346],[-72.46562691326498,46.76467319752548]]],[[[-72.44971634282152,46.76518405943741],[-72.44921709781414,46.76376283082173],[-72.44921239513363,46.763749389660866],[-72.44920772479247,46.76373594172773],[-72.4492030894856,46.76372248763774],[-72.44919848561977,46.76370902923688],[-72.44919391858487,46.763695565294476],[-72.44918938299101,46.76368209519515],[-72.44918488243142,46.76366862016963],[-72.44918041510951,46.7636551396026],[-72.44917598372022,46.763641654109314],[-72.44917158467027,46.76362816307446],[-72.44916721975632,46.7636146671134],[-72.44916288808001,46.76360116499539],[-72.449158591438,46.76358765918191],[-72.44915432893198,46.763574147211465],[-72.44915009966363,46.763560630930115],[-72.44914590453125,46.76354710910717],[-72.44914174353484,46.76353358297342],[-72.44913761757275,46.763520050682644],[-72.44913352484832,46.76350651469636],[-72.44912946715817,46.76349297378379],[-72.44912544090907,46.76347942794497],[-72.4491214514909,46.76346587594923],[-72.44911749531039,46.76345232087328],[-72.44911357416417,46.763438760871026],[-72.44910968535731,46.76342519655792],[-72.44910583158473,46.76341162670313],[-72.44910201194816,46.763398052537454],[-72.44909822644753,46.763384473445456],[-72.44909447508293,46.763370891273276],[-72.44909075785428,46.76335730355946],[-72.44908707476161,46.76334371215006],[-72.44908342670324,46.763330115199004],[-72.44907981278085,46.763316514552386],[-72.4490762653338,46.76330304312759],[-72.44907275471765,46.763289567391894],[-72.44906927644088,46.763276087345325],[-72.4490658331984,46.7632626029879],[-72.44906242229526,46.76324911431956],[-72.4490590446298,46.76323562195571],[-72.449055700202,46.76322212589631],[-72.44905238991018,46.763208626141356],[-72.44904911375433,46.76319512207552],[-72.44904587083614,46.76318161369876],[-72.44904266295227,46.76316810285722],[-72.44903948650943,46.76315458770474],[-72.44903634510088,46.76314106885669],[-72.44903323782832,46.76312754446701],[-72.44903016379341,46.76311401884323],[-72.44902712209787,46.76310048952388],[-72.44902411633491,46.763086954662924],[-72.44902114380965,46.763073418567785],[-72.44901820362372,46.7630598775464],[-72.44901529847209,46.7630463334448],[-72.44901242655813,46.76303278626294],[-72.44900958878016,46.76301923538558],[-72.44900678423984,46.76300568142795],[-72.4490040138355,46.76299212439008],[-72.4489972378433,46.76300420455956],[-72.44899049688541,46.76301629457209],[-72.44898378736856,46.76302839258165],[-72.44897711198767,46.76304049920352],[-72.44897046894616,46.76305261566844],[-72.44896385914228,46.763064739514995],[-72.44895728437271,46.7630768725892],[-72.44895074373913,46.76308901427574],[-72.4489442345466,46.76310116334391],[-72.44893776038835,46.763113322255045],[-72.44893131946775,46.7631254885478],[-72.44892490998821,46.76313766468359],[-72.44891853554296,46.76314984881627],[-72.44891219523367,46.763162039715176],[-72.44890588906038,46.76317423984173],[-72.44889961612476,46.763186447349845],[-72.44889337642678,46.763198664700916],[-72.44888717086481,46.76321088881816],[-72.44888099764218,46.76322312093234],[-72.44887485855551,46.76323536165877],[-72.44886875540148,46.76324760976673],[-72.44886268458677,46.76325986648687],[-72.448856602094,46.76327222043097],[-72.44885055463551,46.76328458175652],[-72.44884454400794,46.76329695169427],[-72.44883856571974,46.763309329628825],[-72.44883262156749,46.763321713714085],[-72.44882671334786,46.76333410764226],[-72.4488208383659,46.76334650895187],[-72.44881499751993,46.76335891764295],[-72.44880919260657,46.76337133371545],[-72.44880342003256,46.76338375778472],[-72.44879768339113,46.76339618862005],[-72.44879198268234,46.763408628067516],[-72.4487863134146,46.7634210736657],[-72.44878068097776,46.763433527875996],[-72.44877508267692,46.76344598885233],[-72.44876951761373,46.763458457825415],[-72.44876398848314,46.76347093294919],[-72.44875849438688,46.763483416069704],[-72.44875303442657,46.76349590595626],[-72.44874760950059,46.76350840322415],[-72.44874221960886,46.76352090725812],[-72.44873686385316,46.763533419288756],[-72.44873154313171,46.76354593808543],[-72.44872625654627,46.763558463032716],[-72.44872100589345,46.763570995361384],[-72.44871579027489,46.7635835338407],[-72.4487106069957,46.76359608093204],[-72.44870546054744,46.76360863294333],[-72.44870034913349,46.763621192951256],[-72.44869527275381,46.76363375910986],[-72.44869022961181,46.763646332034405],[-72.4486852224024,46.76365891110953],[-72.44868025022731,46.76367149695065],[-72.44867531308651,46.76368408894236],[-72.44867041098001,46.76369668831538],[-72.44866554300948,46.76370929322363],[-72.44866071097157,46.763721905513165],[-72.44865591396794,46.76373452333797],[-72.44865115289694,46.76374714731333],[-72.4486464250636,46.76375977805459],[-72.4486417340612,46.76377241433111],[-72.44863707719476,46.763785058604206],[-72.44863245446432,46.76379770656647],[-72.44862786856477,46.76381036129467],[-72.44862331680123,46.763823021558075],[-72.44861880007198,46.76383568858734],[-72.44861431927534,46.763848361151815],[-72.448609873513,46.763861040482155],[-72.44860546368328,46.76387372473236],[-72.44860108798952,46.76388641574842],[-72.4485967482284,46.76389911045363],[-72.44859244260323,46.763911812540044],[-72.448588173809,46.763924519546265],[-72.44858394004908,46.76393723147234],[-72.44857974042512,46.76394995077962],[-72.44857557673377,46.76396267439132],[-72.44857144897504,46.76397540353818],[-72.4485673553523,46.76398813883555],[-72.4485632994588,46.76400087843735],[-72.44855927770125,46.76401362357429],[-72.44855529097804,46.76402637363105],[-72.4485513392891,46.76403912983827],[-72.44854742353277,46.76405189096525],[-72.44854354281075,46.76406465701204],[-72.44853969802134,46.76407742797859],[-72.44853589006284,46.76409020386487],[-72.44853211444371,46.764102984670934],[-72.4485283774521,46.764115771012115],[-72.44852467459651,46.764128561042384],[-72.44852100767352,46.764141357838426],[-72.44851737578482,46.76415415770816],[-72.44851377982874,46.764166963113006],[-72.44851021890696,46.764179772822274],[-72.44850669391779,46.76419258683587],[-72.44850320396291,46.764205406999956],[-72.44849975083895,46.764218230237695],[-72.4484963327493,46.76423105777984],[-72.44849294969394,46.76424389085706],[-72.44848960346951,46.764256728238635],[-72.4484862931777,46.764269569309256],[-72.44848301792015,46.76428241529959],[-72.4484797767986,46.764295266209615],[-72.44847657340631,46.76430812019333],[-72.44847340414998,46.76432097786607],[-72.4484702726229,46.764333841073814],[-72.44846861972279,46.7643407434167],[-72.44846700365359,46.76434764945075],[-72.4484654226187,46.764354559176006],[-72.4484638775164,46.764361473207785],[-72.44846236834672,46.76436839093076],[-72.44846089421134,46.76437531234491],[-72.44845945600856,46.764382237450256],[-72.44845805463673,46.76438916624681],[-72.44845669009581,46.76439609811916],[-72.44845536058918,46.76440303306739],[-72.44845406701518,46.764409972322134],[-72.44845281027212,46.76441691342201],[-72.44845158946164,46.76442385821309],[-72.44845040368546,46.76443080546465],[-72.44844925563852,46.76443775640735],[-72.44844814172758,46.76444470919522],[-72.44844706554585,46.76445166444357],[-72.44844602350014,46.764458622152404],[-72.44844501918365,46.76446558355242],[-72.44844405169808,46.764472547412915],[-72.44844311924682,46.76447951250318],[-72.44844222362649,46.76448648066927],[-72.44844136304043,46.764493450680526],[-72.44844053928531,46.76450042315221],[-72.44843975236114,46.76450739746905],[-72.44843900136956,46.76451437240035],[-72.44843828541227,46.76452135040743],[-72.44843760628592,46.764528330259665],[-72.44843696488881,46.76453531134171],[-72.44843635852598,46.76454229426882],[-72.44843578899409,46.76454927842578],[-72.44843525539481,46.76455626381245],[-72.44843475682984,46.76456325042898],[-72.44843429689242,46.76457023827525],[-72.44843387109097,46.764577227351296],[-72.44843348301876,46.764584216426464],[-72.44843313087918,46.7645912073467],[-72.4484328146722,46.76459819949679],[-72.44843253439782,46.76460519164592],[-72.44843229185268,46.76461218440949],[-72.44843208434186,46.76461917840287],[-72.44843191456027,46.76462617239534],[-72.44843177981298,46.76463316761755],[-72.44843168189662,46.76464016160817],[-72.44843161991285,46.76464715682862],[-72.44843159386173,46.76465415204812],[-72.44843160553982,46.764661146651356],[-72.44843165225222,46.76466814186903],[-72.44843173669385,46.76467513708585],[-72.44843185527147,46.76468213107101],[-72.44843201247664,46.76468912567066],[-72.44843220561442,46.764696119654005],[-72.44843243198989,46.764703113021135],[-72.4484326978912,46.764710105772004],[-72.44843300062345,46.76471709790665],[-72.4484333374917,46.76472408819434],[-72.44843371208917,46.76473107909642],[-72.44843412172092,46.76473806815164],[-72.44843456908195,46.76474505597524],[-72.44843505237557,46.764752043797934],[-72.44843557160179,46.76475902977367],[-72.44843612676064,46.76476601513319],[-72.44843671875041,46.76477299803044],[-72.44843734667282,46.764779979080735],[-72.4484380105278,46.76478696013017],[-72.44843871121373,46.76479393687128],[-72.44843944873057,46.76480091484214],[-72.44844022218004,46.76480789035079],[-72.44844103066379,46.76481486216642],[-72.44844187597846,46.76482183336589],[-72.44844275722576,46.764828802103004],[-72.44844367530398,46.76483576837791],[-72.4484446293148,46.76484273219055],[-72.44844562015658,46.76484969538694],[-72.44971634282152,46.76518405943741]]],[[[-72.44260926485732,46.749354205687446],[-72.44260330723036,46.749234746490046],[-72.4425816326792,46.74902372643574],[-72.44254270149139,46.748644710352416],[-72.4425000422952,46.74838271668607],[-72.4424935357976,46.748309216339386],[-72.44248795366642,46.74824617129256],[-72.44246352847384,46.74814342501689],[-72.44244320409054,46.74802794009404],[-72.44242282311338,46.74794622865879],[-72.44237611521018,46.74765610832929],[-72.44226404678521,46.747243695650894],[-72.44219561582182,46.747059960410745],[-72.43884741958642,46.74942524685016],[-72.43871052082869,46.74952195185718],[-72.4382304692257,46.7498610550701],[-72.43824086722512,46.749869133663694],[-72.43825128947906,46.749877196868304],[-72.43826174227569,46.74988524160632],[-72.43827222022517,46.74989327095536],[-72.43828272602242,46.74990128183787],[-72.43829325876914,46.74990927794694],[-72.4383038184653,46.74991725620497],[-72.43831440600923,46.74992521784301],[-72.438325018706,46.74993316224554],[-72.43833565835222,46.749941088797144],[-72.43834632674452,46.749948999959734],[-72.43835702028967,46.7499568938869],[-72.43836774078427,46.7499647699631],[-72.43837848733001,46.74997262941936],[-72.43838926172353,46.74998047102469],[-72.43840006126989,46.749988296010045],[-72.43841088866401,46.749996103144476],[-72.43842174121096,46.75000389304352],[-72.43843261980903,46.750011666322656],[-72.43844352625489,46.75001942236637],[-72.4384544578536,46.75002715932816],[-72.43846541550343,46.750034880285575],[-72.43847639920442,46.75004258339208],[-72.43848740895653,46.750050269263234],[-72.43849844565811,46.75005793605249],[-72.43850950661421,46.75006558683741],[-72.43852059451974,46.750073219155965],[-72.43853170847646,46.750080834239164],[-72.43854284578936,46.75008843085601],[-72.43855401095,46.750096010853035],[-72.43856520216181,46.75010357176821],[-72.43857641672983,46.75011111483256],[-72.4385876591456,46.75011864004608],[-72.43859892491759,46.750126148024336],[-72.43861021763902,46.75013363692072],[-72.43862153551328,46.75014110858184],[-72.43863287854037,46.75014856177668],[-72.4386442467203,46.750155997120764],[-72.43865563825642,46.75016341399852],[-72.43866705674199,46.75017081302554],[-72.43867849858377,46.75017819358625],[-72.43868996647669,46.750185555680766],[-72.43870145952245,46.75019289992451],[-72.4387129768227,46.75020022570202],[-72.43872451837747,46.75020753239777],[-72.43873608688169,46.75021482062727],[-72.43874767694548,46.7502220903906],[-72.43875929395874,46.7502293423032],[-72.43877093432819,46.750236575749604],[-72.43878259985047,46.750243789498775],[-72.43879428872894,46.75025098539729],[-72.43880600186193,46.75025816282963],[-72.43881774104608,46.75026532179576],[-72.4388295026881,46.750272461680204],[-72.43884128858461,46.750279581251995],[-72.43885309963397,46.75028668358867],[-72.4388649322429,46.750293767459176],[-72.43887679090297,46.750300830401514],[-72.43888867291922,46.75030787610872],[-72.43890057829168,46.750314902118824],[-72.43891250881697,46.75032190904726],[-72.43892446180013,46.7503288975096],[-72.43893643903782,46.750335866274845],[-72.43894843873339,46.7503428159585],[-72.43896046268345,46.750349745945044],[-72.43897250909141,46.75035665808098],[-72.43898457885558,46.75036354990434],[-72.43899667287427,46.75037042203068],[-72.43900879024912,46.75037727630642],[-72.43902093098018,46.7503841108851],[-72.43903309416913,46.750390925151194],[-72.43904527981596,46.75039772095129],[-72.4390574897173,46.750404495823325],[-72.4390697202799,46.75041125222933],[-72.439081975097,46.7504179889383],[-72.43909425237199,46.750424705950294],[-72.43910655300319,46.750431403880775],[-72.43911887609224,46.75043808088321],[-72.43913122074088,46.75044474003518],[-72.43914358964402,46.75045137764364],[-72.43915597831011,46.750457995555124],[-72.439168392129,46.750464595000636],[-72.4391808275075,46.75047117474919],[-72.43919328444554,46.750477732954245],[-72.43920576294315,46.750484272693384],[-72.43921826479696,46.750490791504575],[-72.43923078731203,46.75049729061881],[-72.43924333318327,46.7505037694206],[-72.4392559006141,46.75051022975652],[-72.43926848870618,46.75051666854897],[-72.43928109925614,46.75052308764454],[-72.43929373136567,46.750529485812166],[-72.43930638593308,46.75053586428289],[-72.43931906116174,46.75054222244124],[-72.43933175794997,46.750548560287235],[-72.43934447719607,46.75055487966733],[-72.43935721620511,46.75056117627305],[-72.43936980070393,46.750567366395856],[-72.43938240496567,46.75057353620635],[-72.43939503078698,46.75057968755099],[-72.43940767547294,46.75058581858333],[-72.43942034261676,46.750591928072346],[-72.4394330286252,46.750598019095534],[-72.4394457352949,46.75060409042195],[-72.43945846172753,46.75061014020506],[-72.43947120792309,46.75061617152241],[-72.43948397567821,46.75062218129643],[-72.43949676229796,46.75062817198921],[-72.43950956957899,46.75063414236971],[-72.43952239662293,46.75064009182246],[-72.4395352434298,46.75064602219395],[-72.43954810999962,46.7506519310222],[-72.43956099633236,46.75065782015369],[-72.43957390063142,46.75066369020394],[-72.43958682649004,46.750669538095465],[-72.43959977031497,46.75067536690581],[-72.43961273569946,46.75068117417289],[-72.43962571815194,46.75068696174329],[-72.43963872126568,46.75069272777044],[-72.43965174324406,46.75069847471646],[-72.43966478408703,46.75070420073474],[-72.43967784469294,46.750709905825396],[-72.43969092416347,46.75071559060382],[-72.43970402249865,46.75072125445456],[-72.43971713969842,46.75072689860869],[-72.4397302748645,46.75073252183513],[-72.43974342979352,46.75073812351846],[-72.43975660268885,46.75074370488958],[-72.43976979355048,46.7507492647176],[-72.43978300327673,46.750754805464496],[-72.43979623096929,46.75076032343724],[-72.43980947842479,46.750765821713365],[-72.43982274294828,46.75077129967739],[-72.4398360272347,46.7507767554828],[-72.4398493285891,46.75078219159165],[-72.43986264790982,46.75078760554184],[-72.43987598609516,46.75079299917997],[-72.43988934224681,46.75079837127502],[-72.43990271456812,46.7508037224425],[-72.43991610575407,46.75080905206693],[-72.43992951490631,46.75081436199476],[-72.43994294292318,46.75081965037956],[-72.4399563862114,46.75082491722126],[-72.43996984836426,46.75083016190444],[-72.4399833275851,46.750835386891126],[-72.43999682387393,46.750840590334725],[-72.44001033902737,46.75084577223531],[-72.44002386945219,46.75085093320839],[-72.4400374178433,46.75085607202294],[-72.44005098330241,46.75086118991],[-72.4400645658295,46.75086628625405],[-72.44007816632289,46.75087136167059],[-72.44009178118935,46.75087641615968],[-72.44010541492042,46.75088144787473],[-72.44011906482116,46.750886458662364],[-72.44025028892123,46.750717107201154],[-72.44122702802798,46.75107037535657],[-72.44180407342714,46.75127149638097],[-72.44185427308186,46.75120481167475],[-72.44189335608492,46.751103508841695],[-72.44203136516033,46.75089045264316],[-72.44210944313157,46.75082003691417],[-72.44220985771233,46.75068384483848],[-72.44231859608253,46.750487155102384],[-72.44233305087377,46.750420959983686],[-72.44237221652183,46.75035178696406],[-72.44242144869098,46.750242279043206],[-72.442432993839,46.75018248060154],[-72.44244209287451,46.750135356036864],[-72.44249563785534,46.749974845873226],[-72.44255625617072,46.749653853041146],[-72.44256794325258,46.74959196611978],[-72.44260926485732,46.749354205687446]]],[[[-72.44113269953324,46.75265144929859],[-72.44026577228347,46.75234929266578],[-72.43956899493166,46.75209728111686],[-72.43930402246556,46.752442117348956],[-72.43988072650492,46.75265147084039],[-72.43993671669995,46.752745649672356],[-72.43992498380402,46.75277463010862],[-72.43977768704688,46.75313862480905],[-72.43967783660813,46.75341120731676],[-72.43963272411287,46.753534371619004],[-72.43958150846356,46.75367419514078],[-72.43988336395859,46.75389298632465],[-72.43962720666036,46.75440363226484],[-72.44003492861164,46.75449932206394],[-72.44026133280933,46.75416694488442],[-72.44053011503055,46.75423667184691],[-72.44053233027606,46.75431819587765],[-72.44048535197993,46.75448101400289],[-72.4403843337313,46.75455273649051],[-72.4404509599793,46.7543183072761],[-72.44045121779578,46.75431735023417],[-72.44045143967965,46.754316388268535],[-72.4404516256309,46.75431542322558],[-72.44045177564958,46.75431445510534],[-72.4404518897356,46.75431348513866],[-72.4404519651941,46.7543125133256],[-72.4404520065166,46.75431154028158],[-72.44045201100818,46.754310567237546],[-72.44045197956713,46.75430959357801],[-72.44045191129517,46.75430862053398],[-72.44045180529397,46.754307650567206],[-72.44045166515677,46.75430668121587],[-72.44045148729035,46.75430571555727],[-72.44045127438964,46.75430475236053],[-72.44045102645461,46.754303795318364],[-72.44045074168868,46.75430284135348],[-72.44045042188844,46.754301893543214],[-72.44045006525727,46.75430095004113],[-72.44044967538842,46.75430001454008],[-72.44044924958699,46.75429908642448],[-72.44044878875124,46.754298166309916],[-72.44044829467785,46.75429725358085],[-72.44044776646845,46.754296349468234],[-72.44044720412309,46.75429545643387],[-72.44044660854004,46.754294573246895],[-72.44044598061767,46.75429370113822],[-72.44044532035593,46.754292839492365],[-72.44044462865317,46.75429198954028],[-72.44044390371272,46.75429115312833],[-72.44044314822958,46.754290329641044],[-72.44044236400033,46.75428952030936],[-72.44044154743173,46.75428872328688],[-72.44044070391368,46.754287942266366],[-72.44043982985292,46.75428717663242],[-72.44043892704606,46.75428642515403],[-72.44043799728975,46.75428569152405],[-72.44043703968563,46.75428497451152],[-72.44043605692873,46.75428427350092],[-72.44043504632403,46.754283591569674],[-72.44043401146483,46.7542829256404],[-72.4404329523511,46.754282279405906],[-72.4404318698812,46.75428165225067],[-72.44043076405507,46.75428104417477],[-72.44042963487276,46.75428045640907],[-72.44042848502919,46.754279887107195],[-72.44042731362607,46.754279339346475],[-72.44042612425663,46.754278813126895],[-72.44042491242931,46.754278307217554],[-72.440423683534,46.75427782346484],[-72.4404224375707,46.75427736125322],[-72.4404211736411,46.754276921198276],[-72.44041989354183,46.7542765032999],[-72.44041860086611,46.754276108173606],[-72.44041729112244,46.75427573643484],[-72.44041596790402,46.75427538746816],[-72.44041463390583,46.75427506373537],[-72.44041328553459,46.754274761543776],[-72.4404119290785,46.754274484586084],[-72.44041056094433,46.75427423040047],[-72.44040918472533,46.754274000217855],[-72.44040780042145,46.75427379526918],[-72.44040640803277,46.754273615554396],[-72.4404050102542,46.75427345922717],[-72.44040360708571,46.75427332874931],[-72.44040219942566,46.754273222274456],[-72.44040078727404,46.754273141649],[-72.44039937332577,46.754273084411075],[-72.44039795847921,46.75427305240707],[-72.4403965409377,46.75427304625245],[-72.4403951251928,46.75427306533176],[-72.44039371034624,46.75427310841407],[-72.44039229819461,46.75427317734578],[-72.44039088783961,46.754273270280436],[-72.44038948197618,46.75427338967999],[-72.44038808060435,46.754273532467096],[-72.4403866855207,46.754273700488106],[-72.44038529582696,46.754273892512096],[-72.44038391601468,46.75427410976998],[-72.44038254428725,46.75427435041549],[-72.44038118154297,46.75427461567941],[-72.44037982957846,46.754274905561786],[-72.44037848749542,46.754275218831694],[-72.44037715888712,46.75427555548916],[-72.44037584375356,46.7542759143032],[-72.44037454119638,46.75427629835122],[-72.44037325211397,46.754276704555814],[-72.44037198099782,46.75427713353247],[-72.44037072605137,46.75427758466577],[-72.4403694881729,46.75427805672471],[-72.44036826826076,46.75427855155578],[-72.44032175798692,46.75429796443859],[-72.44000303841906,46.754667888626514],[-72.43989231836535,46.754743544861476],[-72.43989010940805,46.75474503549635],[-72.43988787529794,46.754746509513794],[-72.43988561693332,46.754747963836685],[-72.43988333251755,46.75474940031124],[-72.43988102384729,46.75475081955301],[-72.43987869092248,46.75475221786926],[-72.43987633374319,46.754753597721795],[-72.43987395410599,46.7547549584951],[-72.43987155021429,46.75475630080476],[-72.43986912386472,46.75475762157337],[-72.43986667415894,46.75475892387833],[-72.43986420199526,46.754760204642245],[-72.43986170917036,46.754761466327],[-72.43985919478588,46.75476270893259],[-72.43985665794351,46.75476392876631],[-72.43985410133821,46.75476512890539],[-72.43985152407167,46.754766307503495],[-72.43984892704216,46.75476746640697],[-72.43984630935145,46.75476860376947],[-72.43984367279609,46.75476971897557],[-72.43984101557946,46.75477081264064],[-72.4398383430915,46.754771885380215],[-72.43983564994227,46.754772935963345],[-72.43983293972506,46.75477396439004],[-72.43983021064322,46.754774970660335],[-72.43982746718835,46.75477595600508],[-72.43982470397054,46.754776917962516],[-72.43982192727799,46.75477785653263],[-72.43981913172084,46.75477877356172],[-72.43981632268893,46.75477966781895],[-72.43981349838567,46.754780538688834],[-72.43981065791276,46.75478138678687],[-72.4398078039651,46.754782211497584],[-72.4398049365427,46.75478301405188],[-72.43980205384896,46.754783792603334],[-72.43979915947712,46.754784546536605],[-72.43979625252886,46.754785277697984],[-72.43979333210586,46.754785985472054],[-72.43979040000478,46.75478666985876],[-72.4397874562256,46.754787329627234],[-72.43978450166664,46.75478796477751],[-72.43978153632789,46.75478857777138],[-72.43977855931102,46.75478916368513],[-72.43977557420934,46.754789728057986],[-72.43977257922619,46.7547902678126],[-72.43976957436155,46.75479078171805],[-72.4397665623104,46.75479127285166],[-72.4397635403778,46.754791738751585],[-72.43976051215697,46.754792178802326],[-72.43975747585131,46.75479259608124],[-72.43975443235912,46.7547929881265],[-72.43975138257873,46.75479335493802],[-72.43974832651014,46.754793697131355],[-72.43974526505164,46.754794014706455],[-72.43974219820326,46.75479430581694],[-72.43973912686332,46.754794574155575],[-72.43973605103179,46.75479481664511],[-72.43973297070868,46.75479503390089],[-72.4397298867923,46.75479522715396],[-72.4397268010793,46.75479539394241],[-72.43972371177304,46.75479553672813],[-72.43972061977182,46.75479565366471],[-72.4397175268723,46.754795745982996],[-72.43971443217616,46.7547958130677],[-72.4397113365817,46.75479585368776],[-72.4397082409872,46.75479587092049],[-72.43970514359611,46.754795861688685],[-72.43970204889997,46.754795827838606],[-72.4396989533055,46.754795768754875],[-72.43969586040596,46.75479568505292],[-72.43969276840477,46.754795576117274],[-72.43968967730187,46.75479544194798],[-72.43968658979223,46.75479528192952],[-72.43968350497755,46.7547950979083],[-72.43968042375612,46.75479488680704],[-72.43967734612797,46.754794652933896],[-72.4396742738897,46.75479439321163],[-72.43967120524468,46.754794108255695],[-72.4394952001277,46.7547770502855],[-72.43955633407603,46.75508093996053],[-72.43956383500867,46.75513526714091],[-72.43917720011038,46.75540976036467],[-72.43906621325704,46.75539470402872],[-72.43886915162977,46.75592607739215],[-72.43821928160715,46.75583699753034],[-72.43821273917693,46.7559912047275],[-72.43820997865409,46.75609642303905],[-72.4362790050351,46.7574671995111],[-72.43852350416296,46.757156323408196],[-72.43865854161142,46.75713761868277],[-72.43956099543404,46.757012608939675],[-72.43997790086246,46.75695485447093],[-72.44006731736921,46.756846565598266],[-72.44018951879058,46.756722424172175],[-72.4402246905289,46.75668669454847],[-72.44029699951936,46.75655976421614],[-72.44033685058201,46.75648497029556],[-72.44039220656644,46.756349588296395],[-72.44041913985528,46.756283721021546],[-72.44043644679756,46.756215907031525],[-72.4404540807266,46.75619048630255],[-72.44048071487646,46.75613768401606],[-72.44053097202332,46.75595032890528],[-72.44054193506307,46.75591689314031],[-72.44056385754924,46.75585002216363],[-72.44057481969065,46.75581658572097],[-72.44057730982063,46.7558089899115],[-72.44059804024245,46.75569886286292],[-72.44060373376472,46.75568062475473],[-72.44060754621478,46.75566841800777],[-72.44061516841997,46.755644003890005],[-72.44061897817507,46.75563179713475],[-72.44063116112696,46.755592775995616],[-72.44065996201329,46.755508393908805],[-72.44068288073113,46.75541230155178],[-72.44069611650853,46.75536459257508],[-72.44070967478112,46.75531518491518],[-72.44074649762292,46.755173667620994],[-72.44076406777157,46.755094319892414],[-72.44076907228603,46.75506007981529],[-72.44077907951826,46.75499160082669],[-72.44078408313442,46.754957359453414],[-72.44078780036307,46.75493192335986],[-72.44080032647139,46.75480214733615],[-72.44079523122709,46.75477032766142],[-72.44079856577342,46.754748695613976],[-72.44080879758451,46.7546823173995],[-72.44080965637392,46.754616687499755],[-72.44081400871148,46.75456332729691],[-72.44081477497441,46.75455912371699],[-72.44081646919703,46.75454069258453],[-72.44082579909958,46.7543898853471],[-72.44082247712966,46.7542416570886],[-72.44081658687634,46.754150520642554],[-72.44081416142507,46.7541156681952],[-72.4408129576826,46.75409218703231],[-72.44082883989681,46.75401598396588],[-72.4408380961375,46.75400780136489],[-72.44084061231861,46.75395308776665],[-72.44083573626325,46.753904704793996],[-72.44083593119767,46.753782124801006],[-72.44084076952377,46.753647495499806],[-72.44084588003943,46.753556981519765],[-72.44087064299856,46.75348489827211],[-72.44086186376329,46.75341005330788],[-72.44089438816647,46.75333948392532],[-72.44091552732174,46.75318435885398],[-72.44097854773217,46.75311401751705],[-72.44094699530613,46.75307993682072],[-72.44101182312693,46.752937182087564],[-72.44104374565886,46.75283600006698],[-72.44108388238575,46.752784607632364],[-72.44108696630214,46.75277509171764],[-72.44109313593151,46.75275605680575],[-72.44109621984788,46.752746539039514],[-72.44111863281421,46.75267738131424],[-72.44113269953324,46.75265144929859]]],[[[-72.44057971101738,46.76132585409669],[-72.44057781467382,46.76122861519533],[-72.44054923028148,46.76114545300791],[-72.44052677150106,46.76107920636515],[-72.44051457507445,46.761010146102606],[-72.44050032240415,46.76094249498409],[-72.44049228697392,46.76083679936445],[-72.44048219889329,46.7607325115447],[-72.4404783550022,46.76057045139101],[-72.44041719859597,46.76033226184682],[-72.44038662443526,46.76021105341778],[-72.44033551119392,46.76010674346341],[-72.44032123157416,46.76005741399895],[-72.44029878357352,46.75998553206545],[-72.44024165161977,46.75979808017704],[-72.44021914702527,46.7597614270328],[-72.44020071539228,46.75974309675893],[-72.44014742193971,46.75971910726668],[-72.44010850602332,46.75968385410318],[-72.44008190331449,46.75964438111755],[-72.44006351749556,46.759597867919084],[-72.44004510921876,46.759565446136804],[-72.44003281307916,46.759558391793455],[-72.44000820103699,46.75955696837046],[-72.43999178612181,46.759559775215294],[-72.43994864632693,46.75959920395403],[-72.43992391480883,46.75967105378674],[-72.43990325535393,46.75976122579736],[-72.43990107604105,46.7598401377216],[-72.43989057204043,46.759992321732504],[-72.43987600675644,46.76011913751578],[-72.4398511907967,46.76024172032503],[-72.4398262535644,46.76043899231333],[-72.43980348486521,46.76056439841829],[-72.43979699902886,46.760767321558525],[-72.43975775432904,46.760932177431805],[-72.43975766180259,46.760988547329355],[-72.43976371465095,46.76105055777924],[-72.43978410820453,46.76112525982431],[-72.43980852351564,46.76124788095967],[-72.4398555350494,46.761352194858596],[-72.4399374542168,46.76143679979244],[-72.4400193679943,46.76152422364348],[-72.44011772094149,46.76159474600045],[-72.44026533749887,46.76164697679233],[-72.44039041352914,46.761683691422306],[-72.44044579646302,46.76168654246346],[-72.44046838100759,46.761673873698136],[-72.4405074253831,46.76163161881801],[-72.44053627747338,46.761548488636926],[-72.44056926450894,46.76144563295244],[-72.44057971101738,46.76132585409669]]],[[[-72.44043319130297,46.761871151519465],[-72.44038609532755,46.76181757081132],[-72.44031022631361,46.761797796335074],[-72.44023230015767,46.76178083842669],[-72.44018306709019,46.76177940029341],[-72.44014613375562,46.761785015597454],[-72.44009892459249,46.76180048983402],[-72.44008040312798,46.761837120668375],[-72.44005571023743,46.76188361224179],[-72.44004127790406,46.76192870133751],[-72.44003897462369,46.762083723084864],[-72.44002834036736,46.76231625394646],[-72.4400508063343,46.76237827948322],[-72.44005074345222,46.76241633019532],[-72.44004853269831,46.76251498229811],[-72.440048349442,46.762627730414046],[-72.44007498449015,46.762648885466746],[-72.44010572843246,46.76266722398255],[-72.44016727830076,46.762664441298845],[-72.44023706661856,46.762640523259044],[-72.44027815915291,46.7626010844386],[-72.44032147591592,46.7624545384148],[-72.44034413412231,46.762398179281654],[-72.44038535511577,46.76227841054343],[-72.44041433925842,46.76211353848212],[-72.4404288326772,46.762030397352525],[-72.44043319130297,46.761871151519465]]],[[[-72.44020302496087,46.76339451669408],[-72.44018667652102,46.76335504458094],[-72.44013546985488,46.763304277536555],[-72.44008830560752,46.76329015752075],[-72.44005960533251,46.7632774565185],[-72.44002882186435,46.76328307720463],[-72.44001649787697,46.763292935249275],[-72.43999593364349,46.76332252167942],[-72.43993823036121,46.763481752761436],[-72.43986199663124,46.76368184782283],[-72.43988241354103,46.763742463858804],[-72.43988234706569,46.76378333746211],[-72.43986175049285,46.76383124758934],[-72.43984936452173,46.76387916136613],[-72.43984315267153,46.76391298478456],[-72.43982670451867,46.763935526949545],[-72.4398246132407,46.76395948687366],[-72.43982869877861,46.76397076379342],[-72.43984306104338,46.76396936263963],[-72.43999287128668,46.763944074792306],[-72.44004421719168,46.76391027662277],[-72.44008943748479,46.76385815140424],[-72.44010600511356,46.76376231946327],[-72.44008966655517,46.763717208518706],[-72.44010204983135,46.763670705605115],[-72.44011033589153,46.76362278856619],[-72.4401083703777,46.76356923052221],[-72.44011459390599,46.7635269512837],[-72.44017624079235,46.76346497260581],[-72.44020296926533,46.7634283422629],[-72.44020302496087,46.76339451669408]]],[[[-72.44014890595658,46.76436298388299],[-72.4401327380781,46.76428366876188],[-72.44006305037162,46.76422212662089],[-72.43998294849605,46.7642396535728],[-72.43992799495686,46.76433048989592],[-72.43991686393217,46.76444608879955],[-72.44000463113206,46.76448952908784],[-72.44008425510391,46.764496356954034],[-72.44013813335968,46.7644603180438],[-72.44014890595658,46.76436298388299]]],[[[-72.44014238239099,46.76300908253257],[-72.44013676253057,46.762934875389575],[-72.44002466176626,46.76287791739508],[-72.4399419853191,46.76285405421743],[-72.43991464509342,46.762895133410666],[-72.43991859139247,46.76296446201641],[-72.43999701431677,46.76302475517938],[-72.4400814343939,46.76304985023478],[-72.44014238239099,46.76300908253257]]],[[[-72.43970921116772,46.757300677537444],[-72.43483339296074,46.76076182122585],[-72.43572204776231,46.76116697418004],[-72.43576952731834,46.7611742289276],[-72.43586912712716,46.76117633292111],[-72.43598612820134,46.761176243075234],[-72.43615363076414,46.761190582105854],[-72.43632455500989,46.761228733964074],[-72.43633607320845,46.76126946178296],[-72.43640213800941,46.761286734927566],[-72.43643361497695,46.761315350772705],[-72.43648714468644,46.761315847385276],[-72.43661559389058,46.7612968462592],[-72.43690220767019,46.761143385320764],[-72.4370036301607,46.7611134604638],[-72.43714405660256,46.76107651959934],[-72.43722206720015,46.76102433933133],[-72.43731942661064,46.7609187355647],[-72.43736034756677,46.760857855427794],[-72.43738184335322,46.760780876079295],[-72.43738404512398,46.760668946257375],[-72.43738652537247,46.76054286223608],[-72.43749706576311,46.760478754565824],[-72.43762136115741,46.760471712649846],[-72.43769759398907,46.76046218332313],[-72.43776299583332,46.76041683453573],[-72.43784761084487,46.760395832454485],[-72.43800317749252,46.760340308716586],[-72.43805130742882,46.76033704159898],[-72.4381025338579,46.760302980855435],[-72.43812784568765,46.76024094062161],[-72.43839602244435,46.76010593852684],[-72.43856500902405,46.76004219772795],[-72.43864168382679,46.759986370850605],[-72.4386519165362,46.75994148382572],[-72.43870918952544,46.75985385801759],[-72.4387334898522,46.759807292075664],[-72.4387994279907,46.75978304968316],[-72.43890049654497,46.759806514212144],[-72.43890376820926,46.75965414505639],[-72.43892461990362,46.75944156205884],[-72.43891857154681,46.75938102241701],[-72.43892278644212,46.75931204121109],[-72.43890455154018,46.75918388809831],[-72.43890479139036,46.759039639325515],[-72.43894005565515,46.75885742435582],[-72.43895872174845,46.7587965086576],[-72.43900190556079,46.75869522563342],[-72.43903495907166,46.758534768041194],[-72.4390618797841,46.758449881614055],[-72.43916486264827,46.75822439289225],[-72.43921645469166,46.758093139178854],[-72.43927857049862,46.757996709257995],[-72.43938922497532,46.75786590732406],[-72.43945082065771,46.757790319476584],[-72.43962992496243,46.75741976129471],[-72.43970921116772,46.757300677537444]]],[[[-72.43950399732927,46.75207377322413],[-72.43930363529167,46.752001304543896],[-72.43928811060692,46.75199567529495],[-72.43927260299019,46.75199002450331],[-72.43925711333974,46.75198435278454],[-72.43924164075729,46.75197865890762],[-72.4392261834462,46.751972941641526],[-72.43921074589804,46.75196720467925],[-72.43919532272291,46.751961445558784],[-72.43917991931073,46.75195566366463],[-72.43916453206823,46.75194986084326],[-72.43914916279205,46.7519440370947],[-72.43913380968553,46.751938189956974],[-72.43911847364699,46.75193232312292],[-72.43910315557477,46.75192643413069],[-72.43908785636717,46.75192052174927],[-72.43907257332923,46.75191459028702],[-72.43905730915594,46.751908636051056],[-72.4390420611523,46.751902660887836],[-72.43902683201328,46.751896664181814],[-72.43901162173889,46.751890645317566],[-72.43899642763418,46.75188460614149],[-72.4389812532924,46.75187854542266],[-72.4389660960186,46.7518724625455],[-72.43895095671112,46.75186635935655],[-72.43893583536995,46.751860233393785],[-72.43892073379172,46.7518540871192],[-72.43890564928147,46.75184792053275],[-72.43889058363582,46.75184173117251],[-72.43887553685481,46.75183552026943],[-72.43886050804012,46.75182928966998],[-72.43884549719172,46.751823037527664],[-72.43883050610626,46.75181676384244],[-72.43881553388542,46.751810469845395],[-72.43880057963088,46.75180415368994],[-72.43878564603759,46.751797817838096],[-72.43877072771568,46.751791459827864],[-72.4387558309533,46.751785080890244],[-72.4387409539539,46.751778681640666],[-72.4387260949208,46.75177226084818],[-72.4387112556506,46.751765818512766],[-72.43869643524503,46.75175935709639],[-72.43868163370412,46.751752874137125],[-72.43866685192611,46.75174636963487],[-72.43865208901273,46.751739844205126],[-72.43863734676061,46.751733299078914],[-72.4386226233731,46.751726733025244],[-72.43860791885021,46.751720144813106],[-72.43859323498857,46.751713538135455],[-72.43857856999155,46.7517069092993],[-72.43856392565581,46.75170026015111],[-72.43854930108299,46.75169359130643],[-72.43853469537477,46.75168690030323],[-72.43852011122613,46.75168018898796],[-72.43850554594212,46.75167345797618],[-72.43849100131935,46.751666706036815],[-72.43847647645951,46.75165993440091],[-72.43846197226094,46.751653141221965],[-72.4384474878253,46.75164632711541],[-72.43843302405092,46.75163949454326],[-72.43841858003947,46.75163264042803],[-72.43840415758756,46.75162576661622],[-72.43838975579693,46.751618871261286],[-72.43837537376925,46.75161195620971],[-72.4383610133011,46.751605022692544],[-72.4383466716976,46.75159806763221],[-72.43833235255197,46.751591091644265],[-72.43831805316928,46.75158409534419],[-72.43830377534614,46.75157707934744],[-72.43828951998091,46.75157004488497],[-72.43827528258197,46.75156298887939],[-72.43826106764091,46.75155591256161],[-72.4382468733611,46.75154881777812],[-72.43823269974256,46.751541700835965],[-72.43821855037851,46.75153456481258],[-72.43820441898077,46.751527409708025],[-72.43819031093925,46.75152023367567],[-72.43817622266064,46.751513039177624],[-72.43816215773825,46.75150582313635],[-72.43814811257877,46.75149858801383],[-72.43813408987718,46.751491333809994],[-72.43812008873518,46.751484059293965],[-72.43810610915273,46.75147676508111],[-72.43809215202816,46.7514694511715],[-72.4381615495788,46.75141962571284],[-72.43814802274726,46.751412526602984],[-72.43813451657697,46.75140540964282],[-72.43812103016958,46.751398272985895],[-72.43810756442348,46.751391117863236],[-72.43809412023693,46.75138394489021],[-72.43808069760996,46.751376752220445],[-72.43806729474592,46.75136954108488],[-72.43805391433978,46.75136231271453],[-72.43804055369654,46.7513550640318],[-72.43802721551121,46.751347798114274],[-72.43801389798712,46.751340514346424],[-72.43800060112429,46.75133321088174],[-72.43798732761765,46.751325888951214],[-72.43797407477226,46.75131855040132],[-72.4379608416898,46.75131119215456],[-72.43840045652861,46.75093846840662],[-72.43838756839922,46.75093127136892],[-72.43837470542267,46.75092405586523],[-72.43836186400569,46.750916821280114],[-72.43834904235163,46.7509095688445],[-72.43833624585041,46.750902295480934],[-72.43832347180708,46.75089500549786],[-72.43831072022161,46.7508876964333],[-72.43829799109403,46.75088036767173],[-72.43828528442434,46.75087302044415],[-72.43827260200915,46.75086565475058],[-72.43825994115355,46.75085827059098],[-72.43824730365414,46.75085086796532],[-72.43823469040923,46.750843446873674],[-72.43822209872388,46.750836006700425],[-72.43820953129305,46.75082854806114],[-72.43819698721843,46.750821072186824],[-72.4381844656017,46.75081357661542],[-72.43817196644284,46.75080606319342],[-72.43815949153847,46.75079853007436],[-72.43814704088864,46.7507909797202],[-72.438134613595,46.75078341213093],[-72.43812220875924,46.75077582484457],[-72.43810982907631,46.75076822032309],[-72.43809747095295,46.750760597335486],[-72.43808513798241,46.75075295588177],[-72.43807282926639,46.75074529596188],[-72.43806054300823,46.75073761942238],[-72.43804828010632,46.750729923185716],[-72.4380360432555,46.750722209098356],[-72.4380238297609,46.75071447900685],[-72.4380116396225,46.750706729218194],[-72.43799947463692,46.750698962194335],[-72.43798733390585,46.75069117608878],[-72.43797521653099,46.75068337459456],[-72.43796312430895,46.75067555340309],[-72.4379510554431,46.75066771559192],[-72.43793901173008,46.75065985931455],[-72.43792699137327,46.750651984570936],[-72.43791499706761,46.75064409443857],[-72.43790302701643,46.750636184608986],[-72.43789108121977,46.750628257544136],[-72.43787915788103,46.750620313244056],[-72.43786726328835,46.75061235232416],[-72.43785539025524,46.75060437355356],[-72.43784354417159,46.75059637631663],[-72.43783172144413,46.75058836245991],[-72.43781992566613,46.75058033136787],[-72.43780815234602,46.750572282425054],[-72.43779640597536,46.750564216862465],[-72.43778468385922,46.750556133448974],[-72.43777298779422,46.75054803341571],[-72.43776131598374,46.750539916762605],[-72.43774967022439,46.750531781643154],[-72.43742814701454,46.751335768263935],[-72.43801565239686,46.751453871180466],[-72.4377705470716,46.75218733593448],[-72.43762430852985,46.75223117509332],[-72.43721771126933,46.752379464890666],[-72.43702567751272,46.75220979006718],[-72.43702114730877,46.75221497799098],[-72.43701658656207,46.7522201542201],[-72.43701199617094,46.75222531813895],[-72.43700737433882,46.752230467901185],[-72.4370027237606,46.752235605968764],[-72.43699804174135,46.75224072987964],[-72.43699332828103,46.752245842095846],[-72.43698858607466,46.7522509413864],[-72.43698381332554,46.75225602590482],[-72.43697901272867,46.752261098113095],[-72.43697417979243,46.752266156164694],[-72.43696931811013,46.7522712012907],[-72.4369644267834,46.75227623226009],[-72.43695950581227,46.75228125091929],[-72.43695455429844,46.75228625542192],[-72.4369495740385,46.75229124515245],[-72.43694456503248,46.75229622134186],[-72.43693952638203,46.75230118337472],[-72.43693445988384,46.75230613248192],[-72.4369293628429,46.752311066201536],[-72.43692423525928,46.75231598514915],[-72.43691908162448,46.75232089117113],[-72.43691389744698,46.75232578242103],[-72.43690868452339,46.75233065951439],[-72.4369034428537,46.752335521220196],[-72.43689817243794,46.75234036938492],[-72.43689287417439,46.752345202162125],[-72.43688754626643,46.75235002016732],[-72.43688219140904,46.75235482340046],[-72.43687680870384,46.75235961124606],[-72.43687139725257,46.752364384319655],[-72.43686595615691,46.752369142621255],[-72.4368604899084,46.752373885535334],[-72.4368549949138,46.75237861244642],[-72.4368494702748,46.75238332520102],[-72.43684391868636,46.75238802133711],[-72.43683833925012,46.75239270454767],[-72.43683273376274,46.752397369293334],[-72.43682709952928,46.75240201926703],[-72.43682143834636,46.752406654468714],[-72.436815750214,46.75241127243646],[-72.43681003603047,46.75241587563225],[-72.43680429130424,46.75242046220962],[-72.43679852232347,46.752425032784046],[-72.43679272549494,46.75242958735549],[-72.43678690261525,46.75243412653955],[-72.43678105278613,46.75243864848971],[-72.43677517600754,46.75244315443689],[-72.43676927227949,46.75244764376571],[-72.4367633425003,46.75245211770708],[-72.43675738666998,46.75245657441459],[-72.4367514056868,46.75246101450371],[-72.43674539685587,46.7524654367435],[-72.43673936287212,46.75246984359583],[-72.4367333019389,46.75247423259885],[-72.43672721585286,46.752478606829925],[-72.43672110461397,46.7524829625962],[-72.4361381474019,46.75289674832339],[-72.43607761083324,46.75294232562705],[-72.43623898688583,46.75304358130511],[-72.43667972192377,46.7531145412861],[-72.43717518861705,46.7532708482666],[-72.43730243946861,46.75363682142517],[-72.43950399732927,46.75207377322413]]],[[[-72.43904936176062,46.762943571078125],[-72.43902745813904,46.76278913701635],[-72.43897354664558,46.76267724890388],[-72.43884930335356,46.7626546760595],[-72.43874224393466,46.76270937713049],[-72.43865919288999,46.76281142735233],[-72.43856241019792,46.76297761292217],[-72.43849148820625,46.76309691304721],[-72.43841963735655,46.76326333034207],[-72.4384105419143,46.76340890743969],[-72.43843269616585,46.76355049110165],[-72.43854220349391,46.763688601333534],[-72.43867857943215,46.76372842333848],[-72.43877250099004,46.763707873602435],[-72.43890028184764,46.76355054463757],[-72.43893607611845,46.763315245068235],[-72.4389849265036,46.7630500791492],[-72.43904936176062,46.762943571078125]]]]}},{"type":"Feature","properties":{"zone_code":"68-Ca","prefix":"","kind":"unknown","n_lots":161,"source":"t2-gcp-claude48-vision-multisheet","confidence":"contour-autogcp-multisheet"},"geometry":{"type":"MultiPolygon","coordinates":[[[[-72.44605266724147,46.74583495683222],[-72.4458684048104,46.74565364948349],[-72.44545618319788,46.74524391458],[-72.4451308924537,46.74506519308584],[-72.44507261874122,46.74499876170167],[-72.44501111648361,46.74492865036873],[-72.44540938007326,46.74476356209433],[-72.44587357820811,46.745224964418476],[-72.44578306575673,46.74508485612953],[-72.44561148035093,46.74487741906003],[-72.44543829594394,46.74474336523393],[-72.44542442415933,46.74473262599203],[-72.44553884617032,46.74466277285286],[-72.44427626224186,46.74368543498315],[-72.44361490097013,46.7430280110683],[-72.44360521623304,46.74301836600385],[-72.44359555036058,46.7430087123194],[-72.4435859060477,46.742999046936994],[-72.44357628329438,46.742989372319016],[-72.44356486750375,46.74297785400566],[-72.44355348045922,46.742966319684484],[-72.44354212395739,46.74295477366459],[-72.4435307997949,46.742943211636934],[-72.44351950348022,46.74293163667933],[-72.44350823860655,46.74292004756064],[-72.44349700337729,46.74290844489645],[-72.44348579869076,46.742896827455596],[-72.44347462454692,46.74288519646921],[-72.44346348094584,46.742873552552865],[-72.44345236788746,46.742861893244225],[-72.44344128627012,46.74285022162124],[-72.44343023429717,46.74283853522149],[-72.44341921286694,46.74282683650739],[-72.44340822197945,46.74281512301651],[-72.44339726253298,46.742803395980054],[-72.44338633183261,46.742791655398],[-72.44337543436988,46.74277990188596],[-72.44336456655158,46.74276813482831],[-72.44335373017431,46.742756354225044],[-72.44334292344145,46.742744560076154],[-72.44333214814962,46.742732752997235],[-72.4433214034005,46.74272093175706],[-72.44331069009242,46.74270909881801],[-72.44330000822538,46.7426972517177],[-72.44328935779936,46.74268539107176],[-72.44327873611945,46.742673516880096],[-72.44326814857551,46.742661630989566],[-72.44325758977766,46.742649730937735],[-72.44324706331916,46.74263781857141],[-72.44323656740337,46.742625891428155],[-72.44322610292865,46.74261395443272],[-72.44321567079324,46.7426020026604],[-72.44320526920056,46.742590037342325],[-72.44319489904893,46.742578060325336],[-72.44318455854169,46.74256607037814],[-72.44317425217045,46.742554067500784],[-72.44316397544358,46.74254205230883],[-72.44315373015777,46.74253002295552],[-72.4431435172113,46.742517981903205],[-72.44313333480756,46.74250592792069],[-72.44312318564147,46.742493862239144],[-72.44311306701812,46.74248178301177],[-72.4431029798358,46.7424696920854],[-72.44309292499283,46.74245758884437],[-72.44308290159087,46.74244547205748],[-72.44307290962998,46.74243334295592],[-72.44306294911011,46.74242120277093],[-72.4430530218279,46.74240904965562],[-72.44304312598672,46.742396883610056],[-72.4430332606883,46.74238470648098],[-72.4430234286275,46.74237251642162],[-72.44301362710942,46.74236031466318],[-72.44300385882903,46.742348100590014],[-72.44299412288797,46.742335874202084],[-72.44298441659134,46.74232363673066],[-72.44297474443069,46.74231138571325],[-72.44296510371105,46.7422991242279],[-72.44295549622909,46.74228684919663],[-72.44294591928983,46.74227456431297],[-72.44293637468994,46.74226226649894],[-72.44292686332771,46.74224995637011],[-72.44291738340652,46.74223763515768],[-72.44290793582466,46.74222530224609],[-72.44289852237881,46.742212958250875],[-72.44288913857736,46.74220060132521],[-72.44287978801357,46.742188233931586],[-72.44287047068745,46.7421758542231],[-72.44286118480235,46.74216346404658],[-72.4428519312566,46.74215106093957],[-72.4428427100502,46.74213864798018],[-72.44283352208147,46.74212622209028],[-72.44282436735043,46.74211378573232],[-72.44281524406041,46.74210133767507],[-72.44280615400804,46.74208887853412],[-72.4427970953967,46.742076408925094],[-72.44278807181969,46.74206392761679],[-72.44277907878538,46.74205143460917],[-72.44277011809042,46.74203893051777],[-72.44276119153143,46.742026415342686],[-72.44275229821012,46.74201388969948],[-72.44274343632985,46.74200135235692],[-72.44273460678892,46.74198880516184],[-72.44272581228229,46.7419762474986],[-72.4427170492167,46.74196367752037],[-72.44270831938874,46.741951096458365],[-72.44269962100186,46.74193850492819],[-72.44269095854757,46.74192590416106],[-72.44268232753434,46.741913291078916],[-72.44267372796212,46.74190066691296],[-72.4426651643225,46.74188803412564],[-72.44265663302227,46.74187538902328],[-72.44264813316305,46.74186273406826],[-72.4426396674398,46.741850068645086],[-72.44263123675087,46.74183739275361],[-72.44262283660464,46.74182470700953],[-72.44261447149272,46.74181200956596],[-72.44260613782183,46.741799303500954],[-72.44259783918523,46.741786585736506],[-72.442589572888,46.74177385873496],[-72.44258134072672,46.741761120649535],[-72.44257314090481,46.74174837271145],[-72.44256497432058,46.74173561553629],[-72.44255684187229,46.741722846661574],[-72.4425487426617,46.74171006854977],[-72.44254067758708,46.74169728058529],[-72.4425326448518,46.74168448215243],[-72.44252464625251,46.7416716744825],[-72.44251667999258,46.74165885634421],[-72.44250875056356,46.74164602835317],[-72.44250085257558,46.74163319112501],[-72.44249298692695,46.741620344659694],[-72.4424851554143,46.74160748649482],[-72.44247735983427,46.74159462032395],[-72.44246959569526,46.74158174430033],[-72.44246186569227,46.74156885965518],[-72.44245417072352,46.74155596331036],[-72.44244650899248,46.741543058344],[-72.44243888049908,46.74153014475604],[-72.44243128524334,46.74151722069968],[-72.44242372592025,46.74150428740607],[-72.44241619893647,46.741491344259664],[-72.44240870429205,46.74147839372288],[-72.44240124647855,46.74146543271761],[-72.44239382100443,46.741452462475124],[-72.44238643056458,46.741439483611],[-72.44237907426071,46.74142649427843],[-72.4423717493979,46.741413496324185],[-72.442364461366,46.74140049036391],[-72.44235720657176,46.74138747455078],[-72.44234998411687,46.74137445073153],[-72.44234279849292,46.741361416443844],[-72.44233564610661,46.74134837476566],[-72.44232852695801,46.74133532261898],[-72.44232144284365,46.741322262466205],[-72.44231439286531,46.74130919492298],[-72.44230737702294,46.741296117526836],[-72.44230039531656,46.74128303150893],[-72.44229344684784,46.741269936869344],[-72.44228653521003,46.741256832992406],[-72.44227965680992,46.74124372172498],[-72.44227281164744,46.7412306018358],[-72.44226600151927,46.7412174727093],[-72.44225922552708,46.74120433557662],[-72.44225248367087,46.74119119105342],[-72.44224577774729,46.74117803667725],[-72.44223910506135,46.741164874910545],[-72.44223246740971,46.74115170390645],[-72.44222586389407,46.74113852551176],[-72.44221929541271,46.74112533972656],[-72.4422127592707,46.741112144088326],[-72.44220626085794,46.7410989416751],[-72.44219979478451,46.74108573064011],[-72.4421933637454,46.74107251159893],[-72.44218696774058,46.74105928578275],[-72.44218060677004,46.74104605072911],[-72.44217427993551,46.74103280890051],[-72.44216798723694,46.74101955783449],[-72.44216172957267,46.74100629999345],[-72.44215550784102,46.74099303414617],[-72.44214931934702,46.74097976090824],[-72.44214316588732,46.740966479664124],[-72.44213704746193,46.74095319102933],[-72.44213096496912,46.740939895003905],[-72.442124915714,46.740926590972215],[-72.44211890149319,46.74091328016552],[-72.44211292230666,46.74089996073693],[-72.4421069772561,46.74088663514889],[-72.44210106813816,46.74087330278578],[-72.44209519495284,46.74085996118517],[-72.44208935500518,46.740846614040734],[-72.44208354829519,46.74083325888999],[-72.44207778021274,46.740819896964155],[-72.44207204626628,46.74080652703201],[-72.44206634465918,46.74079315094042],[-72.44206068078131,46.74077976807373],[-72.44205505014111,46.740766377200714],[-72.44174845423632,46.74082709227392],[-72.44174305625978,46.74081416928023],[-72.4417376915209,46.74080124074289],[-72.44173235642641,46.74078830543071],[-72.44172705456963,46.74077536457488],[-72.44172178505215,46.74076241755982],[-72.44171654697574,46.74074946438544],[-72.44171134034036,46.740736504436185],[-72.441706165146,46.7407235395589],[-72.441701022291,46.74071056852232],[-72.44169591177534,46.74069759194206],[-72.44169083180242,46.74068460797129],[-72.44168578416884,46.740671618456844],[-72.4416807688746,46.74065862401434],[-72.44167578591973,46.74064562279689],[-72.44158146461152,46.74039872219391],[-72.44141721305172,46.73996875239515],[-72.44013432809614,46.74082838752807],[-72.44013204727365,46.74105072876907],[-72.44017563981943,46.741340846480924],[-72.44017987986759,46.741369060460215],[-72.44026488295134,46.74182119006544],[-72.44027244137614,46.7418613902063],[-72.44033222066504,46.74214134553982],[-72.44035068643402,46.74219405380946],[-72.44038183821144,46.74228296907959],[-72.44040290280654,46.74230129482743],[-72.44046540758399,46.74239161286679],[-72.44056066044516,46.742697806367694],[-72.44057303922978,46.74272172156346],[-72.44058412444038,46.74274313990261],[-72.44059069292173,46.74282009269371],[-72.44061151856496,46.74295971193382],[-72.44063769547235,46.74301506520974],[-72.44068308285208,46.74311316617674],[-72.44069465045798,46.74313498326189],[-72.4407576394274,46.743253784987374],[-72.44083546497204,46.74342261633588],[-72.44089545536501,46.74355204548601],[-72.44090822222185,46.743575066475344],[-72.44093375773211,46.74362110842442],[-72.44094652458892,46.74364412938426],[-72.44097812103242,46.743700076609976],[-72.44104280871602,46.74381058398314],[-72.44109127462224,46.74389093940874],[-72.4411549022938,46.7439820667338],[-72.44123679361341,46.744090971179894],[-72.44137842918764,46.744295130258294],[-72.44143414449819,46.74436128980996],[-72.44147630782436,46.744420341862636],[-72.44148766342786,46.74443181985552],[-72.44156525630885,46.744512459980996],[-72.44162997363686,46.74458225237325],[-72.44166785110083,46.74460919965599],[-72.44174608897218,46.744677571800466],[-72.44184952009567,46.74479298141488],[-72.44185795886945,46.744801674491065],[-72.44201195885525,46.74496029795501],[-72.44215175557807,46.745110550483844],[-72.44221471580138,46.745167623903804],[-72.44240233433837,46.74541515577966],[-72.4425197091117,46.745551892397394],[-72.44253534249259,46.74557102095667],[-72.44261900888321,46.74567338987305],[-72.44282182242323,46.74595719356884],[-72.44282692754899,46.74596588153288],[-72.44291656773625,46.746118421122375],[-72.44303517589647,46.746316062440506],[-72.44307916639593,46.746390967115964],[-72.44311661446518,46.746454730218296],[-72.44319936367589,46.746657472585376],[-72.4433110071977,46.74697498696689],[-72.44339578839761,46.747246249533866],[-72.4434780606029,46.74759422034525],[-72.44602395349175,46.74585457835276],[-72.44605266724147,46.74583495683222]]],[[[-72.44219561582182,46.747059960410745],[-72.4421694892201,46.74698980805491],[-72.44208995328316,46.74676729617872],[-72.44187347996095,46.74633822293869],[-72.4417324022405,46.74609116496989],[-72.44161315897138,46.74596695629437],[-72.44156757845387,46.74589778679201],[-72.44147641562219,46.745759449367725],[-72.44143083240975,46.745690279599096],[-72.44142272601262,46.74568325914177],[-72.44140650872679,46.745669218224414],[-72.44139840053303,46.745662198379904],[-72.44135733764308,46.74560392698717],[-72.44127521545643,46.7454873858595],[-72.4412341525665,46.74542911427784],[-72.44119458447317,46.74536617112374],[-72.44111544559159,46.74524028582617],[-72.44107587839659,46.74517734183602],[-72.44094306068519,46.74502713812316],[-72.44087220427052,46.74494967386753],[-72.4406715412973,46.74477696859495],[-72.44064051258908,46.74474773393676],[-72.4406107918279,46.74471628013042],[-72.44054545017077,46.744634464568044],[-72.44050446094265,46.74460377154262],[-72.44035191173606,46.74446202606014],[-72.44027417063306,46.74434669391525],[-72.4401983653995,46.74425082973381],[-72.44015356641627,46.74419418440017],[-72.44011516703114,46.74410829292165],[-72.44008266059427,46.744023532739796],[-72.44007245034274,46.74394638899008],[-72.44002395389383,46.74385007287626],[-72.43995298698638,46.743731648585346],[-72.43991223042192,46.74359155242042],[-72.43983750406503,46.74343419672833],[-72.43977738072138,46.74331018384325],[-72.43972369021348,46.74325192221988],[-72.43960993744734,46.743076188964366],[-72.43954412058143,46.742910808767135],[-72.4395196378967,46.742819480794935],[-72.43950779091472,46.74277528555537],[-72.43945293349528,46.74265520849539],[-72.43938906417688,46.74252785667441],[-72.43938165936399,46.742462825723365],[-72.43937807059443,46.742431313948984],[-72.43934729880436,46.74232083391283],[-72.43938531910045,46.742227848364024],[-72.43933859772253,46.74214385226334],[-72.43936609515339,46.74208575251374],[-72.43931571044571,46.74202251119845],[-72.43928587290355,46.74201348340246],[-72.439260219714,46.74200572312874],[-72.43928068333615,46.74194400902905],[-72.43927362078139,46.74186667023543],[-72.43923854336619,46.74176333867229],[-72.4391995358216,46.741663946786666],[-72.43916599722047,46.74162032865394],[-72.43915148583538,46.741509896820105],[-72.43915563066209,46.74145700504608],[-72.43912988584437,46.74125054638076],[-72.43913206336062,46.74102496784037],[-72.43910171647369,46.74078654784833],[-72.43906408245317,46.740441070676304],[-72.43906934927568,46.740223145856014],[-72.43904725071968,46.7400609501479],[-72.4390050748171,46.739920864759924],[-72.43900142406379,46.73988409651767],[-72.43899439205175,46.73981327179354],[-72.43897399220995,46.739693074245366],[-72.43895033328032,46.73954758144177],[-72.43893967656611,46.73941123160185],[-72.43893603479593,46.739364643070175],[-72.43890951922369,46.739182911951595],[-72.43889271264305,46.738891316180286],[-72.43886525922966,46.73880179137561],[-72.43884159491013,46.73869667412487],[-72.43882635049975,46.738625267292235],[-72.43881894838181,46.738541446577436],[-72.4387897369654,46.73838069195596],[-72.4387693712596,46.73825903213694],[-72.4387423526308,46.73809261949971],[-72.43873277209828,46.73801284768456],[-72.43873019303511,46.7378680060131],[-72.43633255360918,46.73847298723314],[-72.43580048505967,46.73864605745908],[-72.43522698171765,46.738763890210755],[-72.43503049860544,46.73828687772684],[-72.43524177876702,46.73814131894853],[-72.4351602809095,46.737943466044],[-72.43491096877375,46.73799668878927],[-72.43480345929886,46.73773567581707],[-72.43475091773621,46.73759928445608],[-72.43534751227257,46.73737651033709],[-72.43520718374711,46.73698974679247],[-72.43462651544239,46.73727560754915],[-72.43458467730636,46.73716675028593],[-72.4344622944253,46.73718898288295],[-72.4343780288584,46.736981232844705],[-72.43430099652616,46.73679102465853],[-72.43422076888645,46.73659292545933],[-72.43378219789001,46.7367105502943],[-72.43370545032371,46.736511529149894],[-72.43362292479351,46.736344291667734],[-72.43354120684874,46.73623651486793],[-72.43345020391719,46.736302340766706],[-72.4330921444281,46.73606665993777],[-72.43296502742551,46.735982988547526],[-72.43314873200279,46.73585381027525],[-72.43313896821397,46.73584571849911],[-72.43320471411297,46.735808217290526],[-72.43333191645553,46.73574596784947],[-72.43342053885158,46.735710131352754],[-72.43363556049628,46.73565405824198],[-72.43384317373486,46.73560384752806],[-72.43381183061628,46.73552423272235],[-72.43359449131813,46.735576795389115],[-72.43341726449235,46.73562301286348],[-72.43336862880457,46.73563569575698],[-72.4332667805126,46.735676881894],[-72.43323803352519,46.73569095004078],[-72.4331317349793,46.73574297075268],[-72.43305252692744,46.73578815006058],[-72.43303933157424,46.73578026945032],[-72.4326951232085,46.73602231078633],[-72.43266771381255,46.7360023673857],[-72.43222651075233,46.73568134737661],[-72.4322525106916,46.73566320839057],[-72.43196855772187,46.73547069846725],[-72.43168864267933,46.735665990005906],[-72.431358433659,46.73589636980857],[-72.43124481025028,46.735819384971066],[-72.43096424752244,46.735629289664764],[-72.43064665444194,46.73541410239782],[-72.43078661106489,46.735316459031345],[-72.4306786784835,46.73524332751569],[-72.4305065289357,46.73536343093372],[-72.43045170744887,46.73540167680517],[-72.42996348477004,46.73574228920252],[-72.42995135751372,46.73575075039798],[-72.42811598081063,46.7370311787743],[-72.42736380345693,46.73604397128238],[-72.4271418045974,46.73575259926416],[-72.42707182583678,46.735660753698056],[-72.42688677737982,46.735417876497074],[-72.42592265600956,46.73415242960448],[-72.42578290599911,46.734251267054816],[-72.42539272365379,46.73452721622332],[-72.42505124616652,46.73476871891867],[-72.42573508867655,46.735668937853056],[-72.42462508270079,46.73644412863506],[-72.42413547841305,46.73678605688822],[-72.42267200333929,46.73780806209493],[-72.4222523077436,46.73810112834683],[-72.42120825158442,46.73883015382105],[-72.42023154751199,46.738177249870255],[-72.41970491915981,46.73854960566958],[-72.41951621096639,46.73842345635081],[-72.41896016728026,46.73881660424482],[-72.41887486954909,46.7388769139617],[-72.41886341063932,46.7388849978953],[-72.41885192657674,46.73889306643681],[-72.41884041466636,46.738901115276676],[-72.41882887850149,46.73890914749318],[-72.41881731628546,46.73891716247064],[-72.41880572891661,46.73892516020911],[-72.41879411549662,46.7389331407085],[-72.4187824778221,46.73894110150641],[-72.41877081409646,46.738949047527804],[-72.41875912431966,46.73895697507894],[-72.41874741028836,46.73896488477548],[-72.41873567110423,46.73897277600178],[-72.41872390676727,46.73898064998909],[-72.41871211548086,46.73898850612183],[-72.41870030083824,46.7389963450156],[-72.4186884619411,46.7390041666704],[-72.41867659609453,46.73901196923941],[-72.41866470599344,46.73901975456946],[-72.41865279163781,46.739027521429286],[-72.41864085302768,46.73903527105023],[-72.41862888836641,46.73904300158535],[-72.41861690034894,46.739050714881614],[-72.41860488628033,46.73905840909202],[-72.41859284975385,46.739066087294866],[-72.41858078807452,46.7390737451806],[-72.41856869944576,46.73908138644313],[-72.41855659015572,46.73908900738865],[-72.41854445481454,46.73909661232654],[-72.41853229521885,46.73910419756309],[-72.41812425526398,46.7388033883411],[-72.4181125196731,46.73881065779656],[-72.41810076072603,46.738817908781854],[-72.41808897842277,46.738825140681406],[-72.41807717006836,46.738832354110855],[-72.41806533925607,46.738839547838914],[-72.41805348508757,46.73884672432814],[-72.41804160486794,46.73885388111605],[-72.41802970129213,46.73886102004949],[-72.4180177752584,46.738868140512906],[-72.41800582407187,46.73887524127494],[-72.41799385042745,46.73888232233568],[-72.4179818516302,46.73888938554197],[-72.41796983127338,46.73889642966263],[-72.41795778666206,46.73890345592888],[-72.41794571869453,46.73891046187816],[-72.41793362557416,46.73891744935743],[-72.41792151179256,46.73892441713546],[-72.41790937285813,46.738931366443445],[-72.41789721236412,46.738938296665836],[-72.41788502851392,46.73894520657131],[-72.41787282040922,46.73895209862241],[-72.41786058984663,46.73895897097231],[-72.41784833772446,46.738965823620944],[-72.41783606134778,46.73897265595269],[-72.41782376341155,46.73897947043019],[-72.41781144122079,46.738986265206414],[-72.41779909657215,46.73899304028146],[-72.41778672946566,46.73899979627089],[-72.41777434169788,46.73900653255916],[-72.41776192967559,46.739013249761875],[-72.41774949519544,46.7390199466478],[-72.41773704005404,46.739026623832544],[-72.41772456155641,46.7390332819317],[-72.41771205970261,46.73903992032978],[-72.41769953808587,46.73904653841102],[-72.41768699311291,46.73905313740678],[-72.41767442478377,46.73905971670139],[-72.41766183759002,46.73906627444797],[-72.41764922614173,46.73907281372466],[-72.41763659313389,46.73907933268463],[-72.41762394036313,46.73908583317477],[-72.41761126423614,46.73909231334819],[-72.41759856744793,46.739098772589216],[-72.4175858482018,46.73910521151355],[-72.41757310739614,46.73911163073679],[-72.41756034682753,46.7391180296433],[-72.41754756380104,46.739124408848774],[-72.41753475741834,46.73913076712194],[-72.41752193306934,46.73913710630964],[-72.41750908716078,46.739143425180686],[-72.41749621969265,46.73914972311944],[-72.41748333066495,46.73915600074151],[-72.41747042187433,46.739162257431296],[-72.41745749062581,46.739168495651356],[-72.41744454051266,46.739174711707854],[-72.41743156794165,46.73918090806333],[-72.4174185756077,46.73918708287093],[-72.4174055626125,46.73919323920881],[-72.41739252985435,46.73919937461445],[-72.41737947643497,46.73920548724093],[-72.417366401456,46.739211581397726],[-72.4173533067141,46.73921765462231],[-72.41734019131096,46.73922370691463],[-72.41732705704318,46.73922973827475],[-72.41731390211416,46.73923574993397],[-72.4173007265239,46.73924173942967],[-72.41728753117069,46.73924770922448],[-72.41727431785117,46.739253657471465],[-72.41726108297209,46.73925958601754],[-72.41724782653343,46.739265491784515],[-72.41723455392513,46.739271377850635],[-72.41722125885892,46.739277242984606],[-72.41720794672473,46.73928308718639],[-72.41719461392927,46.739288909224754],[-72.4171812622692,46.73929471156228],[-72.41716788994789,46.73930049296765],[-72.41715450055857,46.739306252209666],[-72.4171410896097,46.739311991135175],[-72.41712766069452,46.739317708512935],[-72.41700893395668,46.739244617514814],[-72.4164321176279,46.7394385754731],[-72.41583147348621,46.73961908863171],[-72.4160520988217,46.740139957407465],[-72.41591802257058,46.74017986207189],[-72.41446978112742,46.740187501946444],[-72.41382128283223,46.74025736149991],[-72.4128411885179,46.74099636646033],[-72.41261311704704,46.74113979736521],[-72.41232518004904,46.74134256649308],[-72.41200709828503,46.74151518981139],[-72.41177914898505,46.741745563092074],[-72.4114293746578,46.74199833221496],[-72.41141451831965,46.742007749073736],[-72.41139968803263,46.74201718316768],[-72.41138487930516,46.74202663388122],[-72.41137009662884,46.74203610244552],[-72.41135533730872,46.74204558947622],[-72.41134060224313,46.74205509435767],[-72.4113258896354,46.74206461708985],[-72.41131120487545,46.742074157057196],[-72.41129654077676,46.7420837148753],[-72.4112819027292,46.7420932899285],[-72.41126728983447,46.74210288221682],[-72.41125270029595,46.74211249358701],[-72.4112381341136,46.742122120961135],[-72.41122359398243,46.742131766185985],[-72.41120907720743,46.742141429877044],[-72.4111945873819,46.742151109571964],[-72.41118012001425,46.742160806502014],[-72.4111656769011,46.74217052251386],[-72.41115126073743,46.742180255145165],[-72.41113686792994,46.74219000378029],[-72.41112250027528,46.74219977149723],[-72.41110815687514,46.74220955521799],[-72.41109383862783,46.74221935617376],[-72.41107954643168,46.74222917498011],[-72.41106527759169,46.74223901102145],[-72.41105103480285,46.74224886368212],[-72.41103681716687,46.742258733577835],[-72.41102262378537,46.74226862132403],[-72.41100845645502,46.74227852507401],[-72.41099431337919,46.74228844605891],[-72.4109801963545,46.742298383663176],[-72.41096610358433,46.742308339733505],[-72.41095203686528,46.74231831119199],[-72.4109379961974,46.74232829988538],[-72.41092397978403,46.74233830581363],[-72.4109099903201,46.74234832774557],[-72.4108960251107,46.74235836752794],[-72.41088208595244,46.74236842454525],[-72.4110728126603,46.742493141376144],[-72.41108673744553,46.74248309607848],[-72.41110068738357,46.7424730686312],[-72.41111466247445,46.7424630584188],[-72.41112866631138,46.74245306482562],[-72.41114269350456,46.742443089082904],[-72.41115674764718,46.742433129959466],[-72.41117082694264,46.74242318868647],[-72.41118493318754,46.74241326464834],[-72.41119906458528,46.74240335661394],[-72.41121322203415,46.74239346827685],[-72.41122740463585,46.742383595327865],[-72.41124161508533,46.74237374146055],[-72.41125584799269,46.74236390359701],[-72.41127010784952,46.742354083584026],[-72.41128439285916,46.742344282037145],[-72.41129870302164,46.74233449710962],[-72.41131303923527,46.742324730032685],[-72.41132740060172,46.742314980190706],[-72.41134178712099,46.74230524881495],[-72.4113561996914,46.742295534674156],[-72.41137063651632,46.74228583776839],[-72.41138510029073,46.74227615994444],[-72.41139958652299,46.74226649935548],[-72.41141409970473,46.742256856617175],[-72.41142863714097,46.74224723049833],[-72.41144320062836,46.7422376240769],[-72.41145778747195,46.74222803427498],[-72.41147240036668,46.74221846232367],[-72.41148703751591,46.742208909454284],[-72.41150169981798,46.74219937382001],[-72.41151638727287,46.742189856036376],[-72.41153109808397,46.74218035610347],[-72.41154583404789,46.74217087525249],[-72.4115605942663,46.74216141163666],[-72.41157538053588,46.74215196648715],[-72.41159018926335,46.74214253980398],[-72.41160502494027,46.74213313097159],[-72.41161988307505,46.74212374122113],[-72.41163476726102,46.7421143680903],[-72.41164967480316,46.74210501465702],[-72.41166460570149,46.742095679690124],[-72.41167956354927,46.74208636195846],[-72.41169454295664,46.742077062693184],[-72.41170954841516,46.742067781894335],[-72.41172457633152,46.74205852017752],[-72.41173962940074,46.742049276311576],[-72.41175470492784,46.74204005152768],[-72.41176980650609,46.742030845825816],[-72.41178492964391,46.74202165797484],[-72.41180007793453,46.74201248735916],[-72.41181524958137,46.74200333705676],[-72.41183044638103,46.74199420522084],[-72.41184566563858,46.741985091851475],[-72.41186090915063,46.74197599756418],[-72.41187617601888,46.74196692112785],[-72.41189146534502,46.74195786438922],[-72.41190677982398,46.74194882550156],[-72.41192211765915,46.74193980631167],[-72.4119374779522,46.74193080435713],[-72.41195286249975,46.74192182394721],[-72.41196826950518,46.74191286015702],[-72.41198369986681,46.74190391729588],[-72.41199915448297,46.741894992285715],[-72.41201463065869,46.741886085126545],[-72.41203013198721,46.741877198280825],[-72.41204565487533,46.74186833051735],[-72.41206120111964,46.741859481836066],[-72.41207677072015,46.74185065223708],[-72.41209236277854,46.74184184110475],[-72.41210797819312,46.741833050285884],[-72.41212361516726,46.741824277318116],[-72.41213927639592,46.74181552466386],[-72.41215496008247,46.74180679109187],[-72.41217066532859,46.74179807598657],[-72.41218639482922,46.74178938119483],[-72.4122021449911,46.741780705485404],[-72.41221791940747,46.741772048242716],[-72.41223371628175,46.7417634113136],[-72.41224953471558,46.741754793466846],[-72.4122653756073,46.74174619470241],[-72.41228123895692,46.74173761686719],[-72.4122971247644,46.74172905749875],[-72.41231303302975,46.741720517212705],[-72.41232896195639,46.74171199662467],[-72.41234491423918,46.74170349635025],[-72.41236088808158,46.74169501577386],[-72.41237688438184,46.741686554895466],[-72.41239290313997,46.741678111868325],[-72.4124089434577,46.74166969038607],[-72.41242500443667,46.74166128798626],[-72.4124410869752,46.74165290528453],[-72.41245719376823,46.74164454166529],[-72.41247332032421,46.741636198975336],[-72.41248946843977,46.74162787598348],[-72.41250563811488,46.74161957145852],[-72.41252183024788,46.7416112884785],[-72.41253804304212,46.74160302458101],[-72.41255427649763,46.741594780381604],[-72.41294323443924,46.74150564482029],[-72.41295993412037,46.74149779890407],[-72.41297665536108,46.74148997391734],[-72.41299339726301,46.74148216986013],[-72.41301015802959,46.741474385501235],[-72.41302694035572,46.74146662330312],[-72.41304374334311,46.741458881418914],[-72.41306056699176,46.74145116107987],[-72.41307740950501,46.7414434604392],[-72.41309427267952,46.74143578195933],[-72.4131111565153,46.74142812317784],[-72.41312806101232,46.74142048717275],[-72.41314498617058,46.74141287086605],[-72.41316193019347,46.7414052767202],[-72.41317889218266,46.74139770165709],[-72.41319587662974,46.74139014937051],[-72.41321287994144,46.741382618629125],[-72.41322990391438,46.74137510820181],[-72.41324694765028,46.74136761808851],[-72.4132640111491,46.74136015013611],[-72.41328109351254,46.741352704344614],[-72.41329819474059,46.7413452788672],[-72.41331531752823,46.741337873703856],[-72.41333245828217,46.74133049193264],[-72.41334961790074,46.74132313109115],[-72.41336679818053,46.74131579056376],[-72.41338399822327,46.7413084715817],[-72.41340121713064,46.74130117476061],[-72.41341845400432,46.741293898253666],[-72.41343571153924,46.741286644523285],[-72.41345298704046,46.74127941110704],[-72.41347028140632,46.741272200467435],[-72.4134875955351,46.74126501014195],[-72.41350492763021,46.741257841977514],[-72.41352228038653,46.741250695358445],[-72.41353965021088,46.74124357028484],[-72.41355703889982,46.741236466141025],[-72.41357444735172,46.74122938477384],[-72.41359187376992,46.74122232495213],[-72.41360931815443,46.74121528544464],[-72.41362678140355,46.74120826871379],[-72.41364426351728,46.741201274759696],[-72.41366176359733,46.74119430050421],[-72.413679282542,46.741187349641024],[-72.413696819453,46.741180419707746],[-72.41371437343194,46.74117351255117],[-72.41373194717384,46.74116662632448],[-72.41374953798373,46.74115976225891],[-72.41376714675995,46.74115292035454],[-72.41378477529909,46.741146099380025],[-72.41380242090621,46.74113930118231],[-72.41382008358131,46.741132525145744],[-72.41383776512106,46.741125770039126],[-72.4138554637288,46.74111903770926],[-72.41387317940452,46.74111232815626],[-72.41389091214822,46.74110563891755],[-72.41390866555317,46.74109897307134],[-72.4139264342295,46.74109232877068],[-72.41394421997381,46.74108570663124],[-72.41396202458274,46.741079106653046],[-72.41397984625965,46.741072529451664],[-72.41399768410626,46.74106597379592],[-72.41401553991916,46.74105944030148],[-72.41403341280005,46.74105292958387],[-72.41405130274893,46.74104644164313],[-72.41406921066411,46.74103997463246],[-72.41408713385067,46.74103353039866],[-72.41410507590184,46.74102710771054],[-72.41412303412268,46.74102070841497],[-72.41414100851321,46.741014330665095],[-72.41415900087003,46.74100797630774],[-72.4141770075999,46.741001643496105],[-72.41419503229608,46.74099533346142],[-72.41421307495855,46.74098904620371],[-72.41423113289238,46.74098278110731],[-72.41424920789423,46.74097653817226],[-72.4142672972691,46.74097031739859],[-72.41428540550861,46.74096412001751],[-72.41430352812115,46.74095794541342],[-72.4143216687,46.740951792355105],[-72.41433982455021,46.74094566207378],[-72.41435799657008,46.7409395551851],[-72.41437618386132,46.74093346984222],[-72.41439438732225,46.74092740789197],[-72.41441260695284,46.74092136810314],[-72.41443084454974,46.740915352322574],[-72.41444909651968,46.74090935808784],[-72.41446736286267,46.74090338601455],[-72.41448564627363,46.740897437949606],[-72.41450394495598,46.74089151081484],[-72.41452225890967,46.74088560891962],[-72.41454058813474,46.74087972795468],[-72.41455893442779,46.740873870998016],[-72.41457729509388,46.74086803620289],[-72.41459567013301,46.74086222418486],[-72.41461406134184,46.74085643617517],[-72.41463246782199,46.740850669711364],[-72.41465089047185,46.74084492725593],[-72.4146693256981,46.740839205730815],[-72.41468777799234,46.7408335088297],[-72.41470624555797,46.7408278353213],[-72.41472472749662,46.7408221839745],[-72.41474322201168,46.74081655478927],[-72.41476173449307,46.74081095022802],[-72.41478025955087,46.74080536782833],[-72.41479879988,46.74079980820587],[-72.41481735637883,46.740794271976206],[-72.41536745501443,46.7406305506396],[-72.41568590418937,46.74044613845585],[-72.41621544398137,46.740288532259555],[-72.41680502626866,46.740295384739206],[-72.41683571182044,46.740344657803774],[-72.41682168732221,46.7403544732578],[-72.41733126834525,46.74153693982644],[-72.41750340262166,46.741416767667154],[-72.41815305076041,46.74245990410266],[-72.41841908952675,46.74288707340795],[-72.4187576214382,46.74353254316632],[-72.4193306414866,46.74462506786644],[-72.41985499350783,46.74577062175835],[-72.42037848224805,46.74691419202534],[-72.42081762816628,46.7478734700517],[-72.42092329250157,46.74815010168722],[-72.42139471937952,46.74938521176853],[-72.42158219777932,46.74987630930031],[-72.42226108069067,46.750342502665696],[-72.43212145906807,46.743482410580874],[-72.43284246937297,46.74443122151765],[-72.43359784113582,46.74542520853329],[-72.43435299460806,46.74641885959685],[-72.43513178006049,46.74744356294308],[-72.43589338882634,46.74844562061726],[-72.43642611673928,46.74914651052498],[-72.436566747997,46.749322959536485],[-72.43657474479967,46.74933296847511],[-72.43658277394168,46.749342965717055],[-72.43659083452472,46.74935294880024],[-72.4365989265488,46.7493629220333],[-72.43660704911561,46.74937288172308],[-72.43661520402175,46.74938283094728],[-72.43662339036894,46.74939276601274],[-72.43663160725883,46.74940268999705],[-72.4366398564881,46.7494126022847],[-72.43664813446344,46.74942250102915],[-72.43665644657477,46.749432389308],[-72.43666478743218,46.74944226342815],[-72.4363772115569,46.74964662505617],[-72.43638600426691,46.74965665917079],[-72.43639482751962,46.74966668035775],[-72.43640368131506,46.749676687386],[-72.43641256655154,46.74968668271767],[-72.43642148143242,46.74969666573719],[-72.43643042865266,46.749706633367026],[-72.43643940461897,46.74971659053125],[-72.43644841202632,46.74972653353686],[-72.4364574508747,46.74973646484587],[-72.43646651846919,46.749746380765224],[-72.43647561750471,46.749756284987996],[-72.43648474798124,46.749766176283195],[-72.43649390720388,46.749776052804236],[-72.43650309786754,46.74978591578223],[-72.4365123172773,46.74979576706363],[-72.43652156902643,46.749805604186456],[-72.43653084862332,46.749815427150715],[-72.43654015966123,46.749825237187416],[-72.43654950124187,46.74983503429659],[-72.43655887156861,46.74984481724719],[-72.43656827423467,46.749854586654756],[-72.43657770474854,46.749864343750296],[-72.43658716580511,46.74987408545627],[-72.43659665650608,46.74988381361924],[-72.43660617685146,46.74989352885472],[-72.43661572773956,46.749903228700674],[-72.4366253091704,46.749912915619106],[-72.43663491934728,46.749922587763564],[-72.43664455916861,46.74993224698051],[-72.43665422953264,46.749941892039004],[-72.43666392864276,46.749951522939014],[-72.4366736573973,46.74996113906507],[-72.43668341489791,46.749970742263656],[-72.43669320383957,46.74998033130377],[-72.43670302062898,46.74998990433895],[-72.43671286706281,46.74999946506216],[-72.43672274403937,46.750009010395985],[-72.43673264886368,46.750018540955836],[-72.43674258333242,46.75002805735728],[-72.43675254654723,46.75003756021586],[-72.43676253850813,46.750047048300466],[-72.43677256191006,46.75005652099572],[-72.43678261315979,46.75006598014805],[-72.4367926940539,46.750075423911],[-72.4368028027958,46.75008485413108],[-72.43681294028379,46.750094268346295],[-72.43682310741616,46.75010366901864],[-72.43683330329463,46.75011305430165],[-72.4368435279192,46.75012242481078],[-72.43685378128986,46.750131779930584],[-72.4368640634066,46.750141120276524],[-72.43687437426944,46.75015044584867],[-72.43688471477665,46.750159757262495],[-72.43689508313167,46.75016905205598],[-72.43690547753782,46.75017833330667],[-72.43691590518165,46.75018759916803],[-72.4369263579783,46.75019684902464],[-72.43693683862271,46.75020608410745],[-72.43694734980984,46.750215303800985],[-72.43695788884476,46.75022450810522],[-72.43696845572745,46.75023369825125],[-72.43697905045792,46.750242871777],[-72.43698967393446,46.7502520311445],[-72.4370003252588,46.750261173891744],[-72.4370110053292,46.75027030063425],[-72.43702171234908,46.75027941321853],[-72.43703244811503,46.75028850979815],[-72.43704321083044,46.75029759098852],[-72.43705400319027,46.75030665617414],[-72.43706482160123,46.75031570597063],[-72.4370756687583,46.75032473976239],[-72.43708654376313,46.750333758164984],[-72.43709744571741,46.75034275994739],[-72.43710837551946,46.75035174695616],[-72.43711933316932,46.75036071672924],[-72.43713031866692,46.75036967172871],[-72.43714133111399,46.75037861010798],[-72.43715237140883,46.75038753309812],[-72.4371634377548,46.7503964400837],[-72.4371745328469,46.75040533106461],[-72.43718565488842,46.75041420480988],[-72.43719680387942,46.750423063781575],[-72.43720798071817,46.750431904902186],[-72.43721918360808,46.75044073063368],[-72.43723041434576,46.750449540976106],[-72.43724167203291,46.75045833346742],[-72.43725295756782,46.750467110569694],[-72.43726426915389,46.75047587043642],[-72.43727560858771,46.75048461491408],[-72.43728697317437,46.750493342771684],[-72.43729836650712,46.750502053393774],[-72.43730978499269,46.75051074739583],[-72.43732123132604,46.75051942539332],[-72.43751177298097,46.75038481994795],[-72.43753027558087,46.75037175090835],[-72.43754158087873,46.75038032798528],[-72.43755291492266,46.75038888782665],[-72.43756427591606,46.75039742981703],[-72.43757566296061,46.7504059558029],[-72.43758707875124,46.750414463937766],[-72.43759851879636,46.75042295606812],[-72.43760998668928,46.750431430963005],[-72.43762148153166,46.750439888622395],[-72.43763300332348,46.75044832904629],[-72.43764455116649,46.750456752850276],[-72.43765612506061,46.750465158803266],[-72.43766772590418,46.750473548136306],[-72.43767935369722,46.750481919002894],[-72.43769100754139,46.750490272634046],[-72.43770268743673,46.75049860964531],[-72.43771439338317,46.75050692880562],[-72.4377261262791,46.75051523073056],[-72.43773788522618,46.75052351480457],[-72.43774967022439,46.750531781643154],[-72.43776131598374,46.750539916762605],[-72.43777298779422,46.75054803341571],[-72.43778468385922,46.750556133448974],[-72.43779640597536,46.750564216862465],[-72.43780815234602,46.750572282425054],[-72.43781992566613,46.75058033136787],[-72.43783172144413,46.75058836245991],[-72.43784354417159,46.75059637631663],[-72.43785539025524,46.75060437355356],[-72.43786726328835,46.75061235232416],[-72.43787915788103,46.750620313244056],[-72.43789108121977,46.750628257544136],[-72.43790302701643,46.750636184608986],[-72.43791499706761,46.75064409443857],[-72.43792699137327,46.750651984570936],[-72.43793901173008,46.75065985931455],[-72.4379510554431,46.75066771559192],[-72.43796312430895,46.75067555340309],[-72.43797521653099,46.75068337459456],[-72.43798733390585,46.75069117608878],[-72.43799947463692,46.750698962194335],[-72.4380116396225,46.750706729218194],[-72.4380238297609,46.75071447900685],[-72.4380360432555,46.750722209098356],[-72.43804828010632,46.750729923185716],[-72.43806054300823,46.75073761942238],[-72.43807282926639,46.75074529596188],[-72.43808513798241,46.75075295588177],[-72.43809747095295,46.750760597335486],[-72.43810982907631,46.75076822032309],[-72.43812220875924,46.75077582484457],[-72.438134613595,46.75078341213093],[-72.43814704088864,46.7507909797202],[-72.43815949153847,46.75079853007436],[-72.43817196644284,46.75080606319342],[-72.4381844656017,46.75081357661542],[-72.43819698721843,46.750821072186824],[-72.43820953129305,46.75082854806114],[-72.43822209872388,46.750836006700425],[-72.43823469040923,46.750843446873674],[-72.43824730365414,46.75085086796532],[-72.43825994115355,46.75085827059098],[-72.43827260200915,46.75086565475058],[-72.43828528442434,46.75087302044415],[-72.43829799109403,46.75088036767173],[-72.43831072022161,46.7508876964333],[-72.43832347180708,46.75089500549786],[-72.43833624585041,46.750902295480934],[-72.43834904235163,46.7509095688445],[-72.43836186400569,46.750916821280114],[-72.43837470542267,46.75092405586523],[-72.43838756839922,46.75093127136892],[-72.43840045652861,46.75093846840662],[-72.4379608416898,46.75131119215456],[-72.43797407477226,46.75131855040132],[-72.43798732761765,46.751325888951214],[-72.43800060112429,46.75133321088174],[-72.43801389798712,46.751340514346424],[-72.43802721551121,46.751347798114274],[-72.43804055369654,46.7513550640318],[-72.43805391433978,46.75136231271453],[-72.43806729474592,46.75136954108488],[-72.43808069760996,46.751376752220445],[-72.43809412023693,46.75138394489021],[-72.43810756442348,46.751391117863236],[-72.43812103016958,46.751398272985895],[-72.43813451657697,46.75140540964282],[-72.43814802274726,46.751412526602984],[-72.4381615495788,46.75141962571284],[-72.43809215202816,46.7514694511715],[-72.43810610915273,46.75147676508111],[-72.43812008873518,46.751484059293965],[-72.43813408987718,46.751491333809994],[-72.43814811257877,46.75149858801383],[-72.43816215773825,46.75150582313635],[-72.43817622266064,46.751513039177624],[-72.43819031093925,46.75152023367567],[-72.43820441898077,46.751527409708025],[-72.43821855037851,46.75153456481258],[-72.43823269974256,46.751541700835965],[-72.4382468733611,46.75154881777812],[-72.43826106764091,46.75155591256161],[-72.43827528258197,46.75156298887939],[-72.43828951998091,46.75157004488497],[-72.43830377534614,46.75157707934744],[-72.43831805316928,46.75158409534419],[-72.43833235255197,46.751591091644265],[-72.4383466716976,46.75159806763221],[-72.4383610133011,46.751605022692544],[-72.43837537376925,46.75161195620971],[-72.43838975579693,46.751618871261286],[-72.43840415758756,46.75162576661622],[-72.43841858003947,46.75163264042803],[-72.43843302405092,46.75163949454326],[-72.4384474878253,46.75164632711541],[-72.43846197226094,46.751653141221965],[-72.43847647645951,46.75165993440091],[-72.43849100131935,46.751666706036815],[-72.43850554594212,46.75167345797618],[-72.43852011122613,46.75168018898796],[-72.43853469537477,46.75168690030323],[-72.43854930108299,46.75169359130643],[-72.43856392565581,46.75170026015111],[-72.43857856999155,46.7517069092993],[-72.43859323498857,46.751713538135455],[-72.43860791885021,46.751720144813106],[-72.4386226233731,46.751726733025244],[-72.43863734676061,46.751733299078914],[-72.43865208901273,46.751739844205126],[-72.43866685192611,46.75174636963487],[-72.43868163370412,46.751752874137125],[-72.43869643524503,46.75175935709639],[-72.4387112556506,46.751765818512766],[-72.4387260949208,46.75177226084818],[-72.4387409539539,46.751778681640666],[-72.4387558309533,46.751785080890244],[-72.43877072771568,46.751791459827864],[-72.43878564603759,46.751797817838096],[-72.43880057963088,46.75180415368994],[-72.43881553388542,46.751810469845395],[-72.43883050610626,46.75181676384244],[-72.43884549719172,46.751823037527664],[-72.43886050804012,46.75182928966998],[-72.43887553685481,46.75183552026943],[-72.43889058363582,46.75184173117251],[-72.43890564928147,46.75184792053275],[-72.43892073379172,46.7518540871192],[-72.43893583536995,46.751860233393785],[-72.43895095671112,46.75186635935655],[-72.4389660960186,46.7518724625455],[-72.4389812532924,46.75187854542266],[-72.43899642763418,46.75188460614149],[-72.43901162173889,46.751890645317566],[-72.43902683201328,46.751896664181814],[-72.4390420611523,46.751902660887836],[-72.43905730915594,46.751908636051056],[-72.43907257332923,46.75191459028702],[-72.43908785636717,46.75192052174927],[-72.43910315557477,46.75192643413069],[-72.43911847364699,46.75193232312292],[-72.43913380968553,46.751938189956974],[-72.43914916279205,46.7519440370947],[-72.43916453206823,46.75194986084326],[-72.43917991931073,46.75195566366463],[-72.43919532272291,46.751961445558784],[-72.43921074589804,46.75196720467925],[-72.4392261834462,46.751972941641526],[-72.43924164075729,46.75197865890762],[-72.43925711333974,46.75198435278454],[-72.43927260299019,46.75199002450331],[-72.43928811060692,46.75199567529495],[-72.43930363529167,46.752001304543896],[-72.43950399732927,46.75207377322413],[-72.43956899493166,46.75209728111686],[-72.44026577228347,46.75234929266578],[-72.44113269953324,46.75265144929859],[-72.44125618285052,46.75246138871691],[-72.44127460639868,46.752394288801],[-72.44127881949737,46.75232519094108],[-72.44129755116765,46.752273952506],[-72.44133698720864,46.75221849733443],[-72.44140094815519,46.752166170003825],[-72.44152134036956,46.75206872746415],[-72.44157454039731,46.752015438596914],[-72.44164589088538,46.75193162023532],[-72.44164996115194,46.751886283348526],[-72.44160922884201,46.751797812914184],[-72.44159482615306,46.75173948783615],[-72.44161147373191,46.751640356847034],[-72.44163632831918,46.75156954695161],[-72.44167960555632,46.75150320051995],[-72.44172468750885,46.75142601577267],[-72.44175356834523,46.75133858353845],[-72.44180407342714,46.75127149638097],[-72.44122702802798,46.75107037535657],[-72.44025028892123,46.750717107201154],[-72.44011906482116,46.750886458662364],[-72.44010541492042,46.75088144787473],[-72.44009178118935,46.75087641615968],[-72.44007816632289,46.75087136167059],[-72.4400645658295,46.75086628625405],[-72.44005098330241,46.75086118991],[-72.4400374178433,46.75085607202294],[-72.44002386945219,46.75085093320839],[-72.44001033902737,46.75084577223531],[-72.43999682387393,46.750840590334725],[-72.4399833275851,46.750835386891126],[-72.43996984836426,46.75083016190444],[-72.4399563862114,46.75082491722126],[-72.43994294292318,46.75081965037956],[-72.43992951490631,46.75081436199476],[-72.43991610575407,46.75080905206693],[-72.43990271456812,46.7508037224425],[-72.43988934224681,46.75079837127502],[-72.43987598609516,46.75079299917997],[-72.43986264790982,46.75078760554184],[-72.4398493285891,46.75078219159165],[-72.4398360272347,46.7507767554828],[-72.43982274294828,46.75077129967739],[-72.43980947842479,46.750765821713365],[-72.43979623096929,46.75076032343724],[-72.43978300327673,46.750754805464496],[-72.43976979355048,46.7507492647176],[-72.43975660268885,46.75074370488958],[-72.43974342979352,46.75073812351846],[-72.4397302748645,46.75073252183513],[-72.43971713969842,46.75072689860869],[-72.43970402249865,46.75072125445456],[-72.43969092416347,46.75071559060382],[-72.43967784469294,46.750709905825396],[-72.43966478408703,46.75070420073474],[-72.43965174324406,46.75069847471646],[-72.43963872126568,46.75069272777044],[-72.43962571815194,46.75068696174329],[-72.43961273569946,46.75068117417289],[-72.43959977031497,46.75067536690581],[-72.43958682649004,46.750669538095465],[-72.43957390063142,46.75066369020394],[-72.43956099633236,46.75065782015369],[-72.43954810999962,46.7506519310222],[-72.4395352434298,46.75064602219395],[-72.43952239662293,46.75064009182246],[-72.43950956957899,46.75063414236971],[-72.43949676229796,46.75062817198921],[-72.43948397567821,46.75062218129643],[-72.43947120792309,46.75061617152241],[-72.43945846172753,46.75061014020506],[-72.4394457352949,46.75060409042195],[-72.4394330286252,46.750598019095534],[-72.43942034261676,46.750591928072346],[-72.43940767547294,46.75058581858333],[-72.43939503078698,46.75057968755099],[-72.43938240496567,46.75057353620635],[-72.43936980070393,46.750567366395856],[-72.43935721620511,46.75056117627305],[-72.43934447719607,46.75055487966733],[-72.43933175794997,46.750548560287235],[-72.43931906116174,46.75054222244124],[-72.43930638593308,46.75053586428289],[-72.43929373136567,46.750529485812166],[-72.43928109925614,46.75052308764454],[-72.43926848870618,46.75051666854897],[-72.4392559006141,46.75051022975652],[-72.43924333318327,46.7505037694206],[-72.43923078731203,46.75049729061881],[-72.43921826479696,46.750490791504575],[-72.43920576294315,46.750484272693384],[-72.43919328444554,46.750477732954245],[-72.4391808275075,46.75047117474919],[-72.439168392129,46.750464595000636],[-72.43915597831011,46.750457995555124],[-72.43914358964402,46.75045137764364],[-72.43913122074088,46.75044474003518],[-72.43911887609224,46.75043808088321],[-72.43910655300319,46.750431403880775],[-72.43909425237199,46.750424705950294],[-72.439081975097,46.7504179889383],[-72.4390697202799,46.75041125222933],[-72.4390574897173,46.750404495823325],[-72.43904527981596,46.75039772095129],[-72.43903309416913,46.750390925151194],[-72.43902093098018,46.7503841108851],[-72.43900879024912,46.75037727630642],[-72.43899667287427,46.75037042203068],[-72.43898457885558,46.75036354990434],[-72.43897250909141,46.75035665808098],[-72.43896046268345,46.750349745945044],[-72.43894843873339,46.7503428159585],[-72.43893643903782,46.750335866274845],[-72.43892446180013,46.7503288975096],[-72.43891250881697,46.75032190904726],[-72.43890057829168,46.750314902118824],[-72.43888867291922,46.75030787610872],[-72.43887679090297,46.750300830401514],[-72.4388649322429,46.750293767459176],[-72.43885309963397,46.75028668358867],[-72.43884128858461,46.750279581251995],[-72.4388295026881,46.750272461680204],[-72.43881774104608,46.75026532179576],[-72.43880600186193,46.75025816282963],[-72.43879428872894,46.75025098539729],[-72.43878259985047,46.750243789498775],[-72.43877093432819,46.750236575749604],[-72.43875929395874,46.7502293423032],[-72.43874767694548,46.7502220903906],[-72.43873608688169,46.75021482062727],[-72.43872451837747,46.75020753239777],[-72.4387129768227,46.75020022570202],[-72.43870145952245,46.75019289992451],[-72.43868996647669,46.750185555680766],[-72.43867849858377,46.75017819358625],[-72.43866705674199,46.75017081302554],[-72.43865563825642,46.75016341399852],[-72.4386442467203,46.750155997120764],[-72.43863287854037,46.75014856177668],[-72.43862153551328,46.75014110858184],[-72.43861021763902,46.75013363692072],[-72.43859892491759,46.750126148024336],[-72.4385876591456,46.75011864004608],[-72.43857641672983,46.75011111483256],[-72.43856520216181,46.75010357176821],[-72.43855401095,46.750096010853035],[-72.43854284578936,46.75008843085601],[-72.43853170847646,46.750080834239164],[-72.43852059451974,46.750073219155965],[-72.43850950661421,46.75006558683741],[-72.43849844565811,46.75005793605249],[-72.43848740895653,46.750050269263234],[-72.43847639920442,46.75004258339208],[-72.43846541550343,46.750034880285575],[-72.4384544578536,46.75002715932816],[-72.43844352625489,46.75001942236637],[-72.43843261980903,46.750011666322656],[-72.43842174121096,46.75000389304352],[-72.43841088866401,46.749996103144476],[-72.43840006126989,46.749988296010045],[-72.43838926172353,46.74998047102469],[-72.43837848733001,46.74997262941936],[-72.43836774078427,46.7499647699631],[-72.43835702028967,46.7499568938869],[-72.43834632674452,46.749948999959734],[-72.43833565835222,46.749941088797144],[-72.438325018706,46.74993316224554],[-72.43831440600923,46.74992521784301],[-72.4383038184653,46.74991725620497],[-72.43829325876914,46.74990927794694],[-72.43828272602242,46.74990128183787],[-72.43827222022517,46.74989327095536],[-72.43826174227569,46.74988524160632],[-72.43825128947906,46.749877196868304],[-72.43824086722512,46.749869133663694],[-72.4382304692257,46.7498610550701],[-72.43871052082869,46.74952195185718],[-72.43884741958642,46.74942524685016],[-72.44219561582182,46.747059960410745]]],[[[-72.43167028201326,46.73552254392403],[-72.43139192644604,46.7353339461312],[-72.43137319477573,46.73534701389123],[-72.43110641130605,46.73553314031683],[-72.43138476777153,46.73572174172274],[-72.43167028201326,46.73552254392403]]]]}},{"type":"Feature","properties":{"zone_code":"48-P","prefix":"","kind":"unknown","n_lots":18,"source":"t2-gcp-claude48-vision-multisheet","confidence":"contour-autogcp-multisheet"},"geometry":{"type":"MultiPolygon","coordinates":[[[[-72.46621350595899,46.76479287848404],[-72.46570522569652,46.764663849237316],[-72.46566976290404,46.76469688021732],[-72.46562384821324,46.76476622988746],[-72.46609084729516,46.764884407978215],[-72.46621350595899,46.76479287848404]]],[[[-72.46225398551151,46.764062694661725],[-72.4573321915283,46.7628083862232],[-72.45731919290616,46.76280506018031],[-72.45730620596208,46.76280171013802],[-72.45729323249275,46.76279833732703],[-72.45728027159983,46.76279493928592],[-72.45726732418164,46.7627915197068],[-72.45725438844154,46.76278807612832],[-72.45724146707451,46.76278460855036],[-72.45722855918218,46.76278111758836],[-72.45721566296795,46.762777604472994],[-72.4572027820251,46.7627740673582],[-72.45718991545529,46.76277050747467],[-72.45717706146189,46.762766924207064],[-72.4571642200449,46.762763318170755],[-72.45715139389928,46.76275968813495],[-72.45713858122838,46.76275603533038],[-72.45712578293053,46.76275235914178],[-72.4571129981074,46.76274866018436],[-72.45710022855565,46.76274493784289],[-72.45708747247862,46.76274119273264],[-72.4570747298763,46.76273742485361],[-72.45706200254536,46.76273363359043],[-72.45704929048577,46.762729819558544],[-72.45703659190092,46.762725981527126],[-72.45702390948573,46.762722121342264],[-72.45701124054527,46.76271823961937],[-72.45699858597789,46.76271433451232],[-72.45698594668181,46.76271040540576],[-72.45697332445377,46.762706454145714],[-72.45696071480214,46.76270247950155],[-72.45694812221846,46.76269848208857],[-72.45693554490617,46.76269446313749],[-72.45692298196694,46.762690420802215],[-72.45691043609567,46.76268635569813],[-72.45689790280083,46.7626822678252],[-72.45688538837061,46.76267815779884],[-72.45687288831343,46.76267402500361],[-72.45686040442592,46.76266986943952],[-72.45684793580978,46.76266569233732],[-72.45683548336332,46.762661491850906],[-72.45682304798483,46.76265726859562],[-72.4568106269794,46.76265302318686],[-72.45679822394027,46.76264875562455],[-72.45678583707083,46.762644465293384],[-72.45677346637105,46.762640153424066],[-72.45676111184093,46.76263581817051],[-72.45674877437884,46.76263146076342],[-72.4567364539847,46.76262708181817],[-72.45672414886195,46.76262268071936],[-72.45671186170549,46.76261825685163],[-72.45669959071871,46.762613810830345],[-72.45668733769824,46.76260934265554],[-72.45667510084743,46.762604852327165],[-72.45666288375958,46.76260034046059],[-72.45665068194306,46.76259580644044],[-72.45663849809286,46.76259124965132],[-72.45662633131066,46.76258667132404],[-72.45661418069811,46.762582071458496],[-72.45660204984854,46.76257744820863],[-72.45658993516861,46.76257280526663],[-72.456577838455,46.762568138940296],[-72.456565760606,46.76256345107573],[-72.45655369982498,46.762558741672905],[-72.4565416579086,46.76255401073179],[-72.45652963485684,46.762549257637076],[-72.45651762887306,46.76254448238873],[-72.45650563995729,46.762539686832866],[-72.45649367170276,46.76253486850797],[-72.45648172051622,46.76253002926013],[-72.45646978909261,46.762525167243325],[-72.45645787473701,46.76252028553427],[-72.45644598104263,46.76251538044083],[-72.45643410441626,46.7625104550398],[-72.45642224665453,46.76250550810049],[-72.4564104086557,46.7625005402382],[-72.4563985886232,46.76249555022222],[-72.45638678835363,46.76249053866794],[-72.45637500784699,46.762485506806044],[-72.45636324710328,46.762480454021144],[-72.4563515043259,46.76247537846718],[-72.45633978131143,46.76247028137486],[-72.45632807805991,46.762465164590274],[-72.45014674094548,46.76089780260229],[-72.4498158294426,46.761528935598236],[-72.4496840160477,46.761787128797764],[-72.44949760484646,46.76215226382843],[-72.44949741620023,46.76214854267648],[-72.44949723294391,46.76214482275497],[-72.44889909510188,46.76215878492047],[-72.44889981016084,46.76217287692569],[-72.44890056115244,46.762186968927274],[-72.44890134807662,46.76220105969436],[-72.44890217093341,46.76221514984242],[-72.44890303151948,46.76222923875604],[-72.44890392624147,46.76224332705064],[-72.44890485779443,46.76225741349541],[-72.4489058261783,46.76227149993651],[-72.44890683049479,46.76228558452782],[-72.4489078716422,46.76229966665397],[-72.44890894602729,46.76231375000716],[-72.44891005903992,46.76232782966448],[-72.44891120798518,46.76234190993345],[-72.44891239286304,46.76235598773727],[-72.44891361277519,46.76237006369132],[-72.44891487131491,46.76238413902635],[-72.4489161639906,46.7623982118962],[-72.44891749349722,46.76241228414699],[-72.44891885803813,46.76242635393263],[-72.4489202603083,46.762440421868504],[-72.44892169851107,46.76245448980072],[-72.44892317174812,46.76246855403707],[-72.44892468181614,46.7624826182697],[-72.44892622781671,46.762496678806485],[-72.44892780974993,46.76251073810886],[-72.44892942761577,46.76252479617684],[-72.44893108321082,46.76253885116427],[-72.44893277294189,46.76255290491736],[-72.44893449860554,46.76256695620529],[-72.44893626289677,46.76258100502808],[-72.44893806042565,46.76259505261646],[-72.44893989478545,46.762609098355085],[-72.44894176687451,46.76262313916714],[-72.44894367220124,46.7626371805909],[-72.44894561615551,46.7626512183188],[-72.44894759514408,46.76266525419695],[-72.44894960916693,46.76267928760999],[-72.44895166002073,46.762693318557865],[-72.44895374680713,46.76270734642531],[-72.44895587042447,46.762721372442975],[-72.4489580290761,46.76273539599557],[-72.44896022366034,46.76274941585227],[-72.44896245597381,46.762763433859284],[-72.4489647233216,46.762777448785776],[-72.4489574757139,46.762789381931356],[-72.44895026044551,46.7628013236893],[-72.44894307841483,46.762813274675125],[-72.44893592962178,46.76282523488873],[-72.44892881137149,46.76283720494553],[-72.44892172725716,46.762849183614726],[-72.44891467548217,46.76286117089635],[-72.44890765604654,46.76287316802115],[-72.44890066805195,46.762885173758335],[-72.44889371509164,46.762897188723294],[-72.44888679177576,46.76290921168529],[-72.44887990259582,46.76292124387503],[-72.44887304575528,46.762933284677196],[-72.44886622215239,46.7629453347071],[-72.44885943178714,46.76295739273401],[-72.44885267286294,46.762969459988625],[-72.4488459462781,46.76298153708636],[-72.44883925382923,46.7629936209504],[-72.44883259461804,46.76300571527282],[-72.44882596505123,46.76301781636157],[-72.44881937141704,46.76302992606263],[-72.44881280922391,46.76304204437599],[-72.4488063629134,46.763054019307496],[-72.44879994804397,46.763066002236044],[-72.44879356371726,46.763077993161566],[-72.44878721262819,46.76308999331489],[-72.44878089387849,46.76310200023449],[-72.44877460746811,46.7631140151511],[-72.4487683524988,46.76312603806471],[-72.44876213076715,46.76313806897532],[-72.44875594047652,46.763150108498245],[-72.44874978342355,46.76316215540289],[-72.44874365691332,46.763174209073725],[-72.44873756453907,46.76318627135696],[-72.44873150270752,46.763198341021734],[-72.44872547501197,46.76321041806817],[-72.44871947875747,46.763222504342295],[-72.448713345959,46.76323494136843],[-72.44870724639823,46.76324738762211],[-72.44870118187175,46.76325984064182],[-72.44869515148125,46.76327230042759],[-72.4486891543284,46.76328476944092],[-72.44868319310818,46.763297246450975],[-72.44867726602394,46.763309731457795],[-72.448671373974,46.763322222615315],[-72.44866551516171,46.76333472238496],[-72.44865969138372,46.76334723015135],[-72.44865390174172,46.763359745299134],[-72.44864814623568,46.76337226721296],[-72.44864242576395,46.76338479773888],[-72.44863673942821,46.76339733441544],[-72.44863108902507,46.76340987970408],[-72.4486254718596,46.763422430528024],[-72.44861988972842,46.76343498934867],[-72.44861434173323,46.763447556781394],[-72.44860882877234,46.76346013036472],[-72.44860334994742,46.76347271132943],[-72.44859790615679,46.76348529844476],[-72.44859249650216,46.763497893556796],[-72.44858712278011,46.76351049666546],[-72.44858178229575,46.763523105924804],[-72.44857647774401,46.76353572195007],[-72.44857120822655,46.763548344741274],[-72.44856597284507,46.7635609736831],[-72.4485607724979,46.763573610006254],[-72.4485556062867,46.76358625371069],[-72.4485504751098,46.76359890356568],[-72.44854537896718,46.76361155957126],[-72.44854031785889,46.76362422295816],[-72.44853529088654,46.763636891880225],[-72.44853029984682,46.76364956756824],[-72.4485253438414,46.7636622506375],[-72.44852042197198,46.76367494108807],[-72.44851553693344,46.76368763584307],[-72.44851068513259,46.76370033797939],[-72.44850586836604,46.76371304565085],[-72.4485010866338,46.763725760703565],[-72.44849633993583,46.76373848006076],[-72.44849162827215,46.763751208029866],[-72.4484869525411,46.76376393968815],[-72.44848231004771,46.7637766787276],[-72.44847770528357,46.76378942391758],[-72.44847313375709,46.763802175258085],[-72.44846859816322,46.76381493213374],[-72.44846409670532,46.7638276939292],[-72.44845963207837,46.763840461875155],[-72.44845519979076,46.76385323720231],[-72.44845080433407,46.763866016833916],[-72.44844644570831,46.763878802000626],[-72.44844212032021,46.76389159331783],[-72.44843783176306,46.76390439140087],[-72.44843357734186,46.76391719317301],[-72.44842935795498,46.763930001095574],[-72.44842517539902,46.76394281516859],[-72.44842102608072,46.763955634161384],[-72.44841691269502,46.76396845807395],[-72.44841283524195,46.76398128813696],[-72.44840879282319,46.76399412250439],[-72.4484047854387,46.764006963022254],[-72.44840081488515,46.76401980722912],[-72.44839687756925,46.7640326582018],[-72.4483929779826,46.764045513478884],[-72.4483891107353,46.76405837429106],[-72.44838528121726,46.76407124063826],[-72.4483814867335,46.764084111289876],[-72.44837772818234,46.76409698624583],[-72.44837400376719,46.76410986612154],[-72.44837031708126,46.76412275214763],[-72.44836666273468,46.7641356424781],[-72.44836304611734,46.76414853526684],[-72.448359463636,46.764161435436705],[-72.44835591888388,46.764174339295586],[-72.44835240736941,46.76418724868948],[-72.44834893358423,46.76420016177242],[-72.44834549303668,46.76421307854428],[-72.44834209021839,46.76422600146658],[-72.44833872243439,46.76423892746249],[-72.44833538878638,46.764251857762744],[-72.44833209196928,46.76426479359804],[-72.4483288319831,46.764277732506955],[-72.44832560703122,46.76429067695085],[-72.44832241711367,46.764303624468425],[-72.44831926223038,46.76431657690565],[-72.44831757339766,46.76432362570323],[-72.44831591959922,46.76433068003801],[-72.44831430353003,46.764337738063965],[-72.44831272069848,46.76434479855037],[-72.44831117469788,46.764351863958666],[-72.44830966373158,46.76435893305809],[-72.44830818779957,46.76436600584862],[-72.44830674869847,46.764373081099656],[-72.44830534463169,46.76438016004181],[-72.4483039755992,46.76438724267513],[-72.44830264249933,46.7643943277689],[-72.44830134623035,46.76440141716918],[-72.44830008409738,46.764408509029856],[-72.44829885789703,46.764415602735674],[-72.44829766852759,46.76442270074796],[-72.44829651329414,46.76442980060537],[-72.44829539578991,46.76443690476925],[-72.44829431242168,46.76444401016286],[-72.44829326498608,46.76445111924762],[-72.44829225527968,46.76445822894679],[-72.44829127881097,46.764465342952484],[-72.4482903400715,46.76447245818789],[-72.44828943546801,46.76447957526837],[-72.44828856769544,46.76448669480929],[-72.4482877358555,46.764493816810656],[-72.44828693994815,46.76450094004178],[-72.44828617907511,46.76450806511803],[-72.44828545503299,46.76451519327002],[-72.44828476692348,46.76452232203642],[-72.44828411294995,46.76452945326325],[-72.44828349580735,46.764536583873785],[-72.44828291549568,46.76454371694474],[-72.44828237111662,46.764550851860825],[-72.44828186177185,46.7645579892373],[-72.44828138835969,46.7645651259975],[-72.44828095088016,46.764572263987475],[-72.44828054933322,46.764579403207165],[-72.44828018551553,46.76458654427193],[-72.4482798549355,46.76459368533579],[-72.44827956118641,46.76460082639865],[-72.44827930426824,46.76460796930663],[-72.44827908328267,46.76461511098296],[-72.4482788973314,46.764622255119704],[-72.44827874731276,46.764629399255504],[-72.44827863412505,46.76463654339037],[-72.4482785550733,46.76464368752431],[-72.44827851464909,46.76465083227257],[-72.44827850925921,46.764657976404635],[-72.44827853890361,46.764665121151054],[-72.44827860448063,46.76467226528117],[-72.44827870688857,46.764679409410334],[-72.44827884522913,46.76468655415392],[-72.4482790195023,46.764693697665884],[-72.44827922970806,46.7647008405615],[-72.44827947584646,46.764707983456226],[-72.44827975612083,46.764715124503944],[-72.44828007412443,46.764722266781405],[-72.44828042985728,46.76472940659658],[-72.44828081972612,46.764736546410795],[-72.44828124462926,46.76474368560871],[-72.44828170636332,46.76475082357498],[-72.44828220402997,46.764757959694286],[-72.44828273583262,46.764765093351286],[-72.44828330626282,46.7647722276227],[-72.44828391262564,46.7647793606625],[-72.44828455312444,46.76478649185531],[-72.44828523045416,46.764793621816466],[-72.44828594281819,46.76480074870002],[-72.44828669201314,46.764807874967225],[-72.448287478039,46.764815013540385],[-72.4482882999975,46.764822148420485],[-72.4482891587869,46.76482928391504],[-72.44829005261062,46.764836415716545],[-72.44829098416355,46.76484354567115],[-72.44829194985249,46.76485067377874],[-72.44829295147403,46.76485779880869],[-72.4482939899265,46.76486492199169],[-72.44829506341327,46.76487204209703],[-72.44829617462926,46.76487915974008],[-72.44829732087958,46.76488627492083],[-72.44829850126585,46.76489338763929],[-72.44829971938138,46.76490049666475],[-72.4483009725312,46.76490760322791],[-72.44830226161363,46.764914706713434],[-72.44830358662868,46.76492180712135],[-72.44830494757635,46.76492890506694],[-72.44830634445661,46.76493599931953],[-72.44830777637117,46.76494308926388],[-72.44830924421834,46.76495017613055],[-72.44831074799812,46.764957259304275],[-72.44831228950714,46.764964338785006],[-72.44831386335552,46.76497141580347],[-72.44831547493315,46.76497848912894],[-72.44831712244338,46.76498555691543],[-72.44831880408961,46.76499262100899],[-72.44832052256673,46.76499968202492],[-72.44832227517985,46.765006738117215],[-72.44832406552221,46.7650137911319],[-72.44832588910225,46.765020837992246],[-72.44832775041151,46.76502788239033],[-72.44832964495843,46.76503492124944],[-72.44833157633629,46.76504195518493],[-72.44833354364677,46.765048985427455],[-72.44833554509322,46.765056010131005],[-72.44833758247229,46.76506303114165],[-72.44833965578397,46.76507004661328],[-72.44834176412994,46.765077057161356],[-72.44843313087918,46.76537821942632],[-72.4484375874213,46.76539296961275],[-72.44844200803082,46.76540772471779],[-72.44844639270771,46.765422485356815],[-72.44845074235033,46.76543725029911],[-72.448455055162,46.76545202077537],[-72.44845933114276,46.76546679555493],[-72.44846357388583,46.76548157586845],[-72.44846777889968,46.76549636048523],[-72.44847194977756,46.76551115063596],[-72.44847608292616,46.76552594570527],[-72.44848018104048,46.76554074507788],[-72.44848424322221,46.765555548138394],[-72.44848827036964,46.76557035673282],[-72.44849226068612,46.76558517024589],[-72.44849621596832,46.76559998806215],[-72.44850013352126,46.76561481018172],[-72.44850401693824,46.76562963721982],[-72.4485078635243,46.76564446794583],[-72.44851167507605,46.76565930297507],[-72.44851544979687,46.76567414292291],[-72.44851918768676,46.76568898717396],[-72.44852289054235,46.76570383511293],[-72.44852655836367,46.76571868858573],[-72.44853018845572,46.76573354513115],[-72.44853378441181,46.76574840536442],[-72.44853734263866,46.765763270516224],[-72.44854086583119,46.76577813935593],[-72.44854435219281,46.76579301372951],[-72.44854780262182,46.76580788932964],[-72.44855121711822,46.76582277169423],[-72.448554595682,46.76583765590078],[-72.44855793921148,46.76585254379516],[-72.44856124501173,46.765867436608055],[-72.44856451487937,46.76588233310877],[-72.44856774971271,46.76589723268206],[-72.44857094771511,46.765912137173856],[-72.44857410978491,46.76592704412284],[-72.44857723592212,46.76594195475963],[-72.44858032522836,46.765956869084285],[-72.44858337950033,46.76597178832748],[-72.44858639514474,46.76598670818182],[-72.44858937755149,46.766001634185265],[-72.44859232222898,46.76601656203065],[-72.44859523097388,46.76603149294849],[-72.44859810378615,46.76604642816946],[-72.44860093886919,46.766061366462935],[-72.44860373981624,46.766076308444234],[-72.44860650303407,46.766091252267366],[-72.4486092321159,46.76610620039366],[-72.44861192257017,46.76612115036176],[-72.44861457799016,46.76613610463299],[-72.44861719747752,46.76615106259203],[-72.44861977923564,46.76616602239292],[-72.44862232595948,46.76618098465092],[-72.4486248367507,46.76619595059673],[-72.44862731071098,46.76621091961502],[-72.44862974694205,46.766225891090436],[-72.44863214903711,46.76624086502299],[-72.44863451430125,46.766255842028016],[-72.44863684183616,46.76627082087483],[-72.44863913523507,46.76628580279411],[-72.44864139180306,46.76630078778585],[-72.44864361064181,46.76631577523471],[-72.44864579534459,46.766330766371354],[-72.4486479414198,46.76634575688851],[-72.44865005156241,46.76636075232407],[-72.44865212667071,46.766375750216774],[-72.4486541649481,46.76639074933589],[-72.44865616639454,46.76640575152749],[-72.44865813190837,46.76642075556087],[-72.4486600605913,46.76643576143603],[-72.44866195334158,46.766450769153],[-72.44866380926098,46.766465780557695],[-72.44866562924776,46.766480793188876],[-72.44866741240358,46.766495808277156],[-72.44866916052513,46.76651082582253],[-72.4486708691208,46.76652584459434],[-72.4486725435805,46.76654086459262],[-72.44867418210757,46.766555888894],[-72.4486757829054,46.766570912575794],[-72.44867734866894,46.76658593871473],[-72.44867887580492,46.76660096669543],[-72.4486803679066,46.76661599651792],[-72.44868180970265,46.766630873121414],[-72.44868321376944,46.7666457497208],[-72.44868458370024,46.76666063000797],[-72.44868591769843,46.76667551090641],[-72.44868721576401,46.76669039180069],[-72.44868847699867,46.76670527576746],[-72.44868970409738,46.76672016096078],[-72.44869089526343,46.76673504799592],[-72.44869204870027,46.76674993502696],[-72.44869316979774,46.76676482389986],[-72.44869425316597,46.76677971399927],[-72.44869530060157,46.76679460594049],[-72.44869631390122,46.76680949849293],[-72.44869728947162,46.766824391041254],[-72.44869823090603,46.76683928727739],[-72.44869913550951,46.76685418227875],[-72.44870000507873,46.76686908035258],[-72.44870083781699,46.76688397719168],[-72.44870163641927,46.76689887648788],[-72.44870239729232,46.766913776395285],[-72.44870312582601,46.76692867629861],[-72.44870381393552,46.766943577428435],[-72.44870446970569,46.76695848040006],[-72.44870508864493,46.76697338275224],[-72.44870567344817,46.76698828571568],[-72.44870621872555,46.767003190520875],[-72.44870673166358,46.767018094706664],[-72.44870720777067,46.76703299950361],[-72.44874300832969,46.76819768929242],[-72.44875393184354,46.768378925110504],[-72.43931335596136,46.76594094992855],[-72.43921702332524,46.76605025796508],[-72.43915829506523,46.76614378390165],[-72.43911627996106,46.766266970789204],[-72.43906850216437,46.76632607391162],[-72.4390208788779,46.76636416490803],[-72.43894190079475,46.766454968728624],[-72.4387903657861,46.766683308239514],[-72.43853488042772,46.7669902898009],[-72.43838978005145,46.767289337615],[-72.43834223132514,46.767377126078486],[-72.44885774385273,46.77010098567836],[-72.44887527178055,46.770391731512305],[-72.44891063486001,46.77129801402629],[-72.44896960027528,46.771774502440714],[-72.44897211825301,46.771827241412794],[-72.44904680418574,46.77339150944298],[-72.44905429793184,46.77364996448241],[-72.4491069814283,46.77546716579034],[-72.44912572567502,46.77611381170134],[-72.44915636181946,46.77717060647993],[-72.44915702028457,46.77721405619283],[-72.44931070226676,46.77721161569634],[-72.44926130031601,46.775507605380824],[-72.45353144561234,46.776626499318674],[-72.45376288935877,46.776687138315665],[-72.45419707927157,46.777919629417966],[-72.45445200587784,46.77747771959632],[-72.45421524410492,46.77680565445338],[-72.45443583530441,46.776863448547736],[-72.45475771065385,46.776947776887546],[-72.4550807717795,46.776387733565365],[-72.45538034375707,46.77586839750888],[-72.45567473155714,46.775358039897306],[-72.45645643563591,46.774002806670104],[-72.45657586036474,46.77380206149437],[-72.45769744562452,46.771916674453514],[-72.45831116294853,46.77084602461938],[-72.458836481557,46.76992953434378],[-72.45913968991485,46.769400530733684],[-72.45969537157993,46.76843101272855],[-72.46000506397749,46.76789066477222],[-72.46056226559205,46.76691844049927],[-72.46086485770562,46.76639044721224],[-72.46142903204338,46.765405980860145],[-72.46172309734827,46.76492715688638],[-72.46199173044914,46.7644897370744],[-72.4621565838802,46.76422129897791],[-72.46225398551151,46.764062694661725]],[[-72.44971634282152,46.76518405943741],[-72.44844562015658,46.76484969538694],[-72.4484446293148,46.76484273219055],[-72.44844367530398,46.76483576837791],[-72.44844275722576,46.764828802103004],[-72.44844187597846,46.76482183336589],[-72.44844103066379,46.76481486216642],[-72.44844022218004,46.76480789035079],[-72.44843944873057,46.76480091484214],[-72.44843871121373,46.76479393687128],[-72.4484380105278,46.76478696013017],[-72.44843734667282,46.764779979080735],[-72.44843671875041,46.76477299803044],[-72.44843612676064,46.76476601513319],[-72.44843557160179,46.76475902977367],[-72.44843505237557,46.764752043797934],[-72.44843456908195,46.76474505597524],[-72.44843412172092,46.76473806815164],[-72.44843371208917,46.76473107909642],[-72.4484333374917,46.76472408819434],[-72.44843300062345,46.76471709790665],[-72.4484326978912,46.764710105772004],[-72.44843243198989,46.764703113021135],[-72.44843220561442,46.764696119654005],[-72.44843201247664,46.76468912567066],[-72.44843185527147,46.76468213107101],[-72.44843173669385,46.76467513708585],[-72.44843165225222,46.76466814186903],[-72.44843160553982,46.764661146651356],[-72.44843159386173,46.76465415204812],[-72.44843161991285,46.76464715682862],[-72.44843168189662,46.76464016160817],[-72.44843177981298,46.76463316761755],[-72.44843191456027,46.76462617239534],[-72.44843208434186,46.76461917840287],[-72.44843229185268,46.76461218440949],[-72.44843253439782,46.76460519164592],[-72.4484328146722,46.76459819949679],[-72.44843313087918,46.7645912073467],[-72.44843348301876,46.764584216426464],[-72.44843387109097,46.764577227351296],[-72.44843429689242,46.76457023827525],[-72.44843475682984,46.76456325042898],[-72.44843525539481,46.76455626381245],[-72.44843578899409,46.76454927842578],[-72.44843635852598,46.76454229426882],[-72.44843696488881,46.76453531134171],[-72.44843760628592,46.764528330259665],[-72.44843828541227,46.76452135040743],[-72.44843900136956,46.76451437240035],[-72.44843975236114,46.76450739746905],[-72.44844053928531,46.76450042315221],[-72.44844136304043,46.764493450680526],[-72.44844222362649,46.76448648066927],[-72.44844311924682,46.76447951250318],[-72.44844405169808,46.764472547412915],[-72.44844501918365,46.76446558355242],[-72.44844602350014,46.764458622152404],[-72.44844706554585,46.76445166444357],[-72.44844814172758,46.76444470919522],[-72.44844925563852,46.76443775640735],[-72.44845040368546,46.76443080546465],[-72.44845158946164,46.76442385821309],[-72.44845281027212,46.76441691342201],[-72.44845406701518,46.764409972322134],[-72.44845536058918,46.76440303306739],[-72.44845669009581,46.76439609811916],[-72.44845805463673,46.76438916624681],[-72.44845945600856,46.764382237450256],[-72.44846089421134,46.76437531234491],[-72.44846236834672,46.76436839093076],[-72.4484638775164,46.764361473207785],[-72.4484654226187,46.764354559176006],[-72.44846700365359,46.76434764945075],[-72.44846861972279,46.7643407434167],[-72.4484702726229,46.764333841073814],[-72.44847340414998,46.76432097786607],[-72.44847657340631,46.76430812019333],[-72.4484797767986,46.764295266209615],[-72.44848301792015,46.76428241529959],[-72.4484862931777,46.764269569309256],[-72.44848960346951,46.764256728238635],[-72.44849294969394,46.76424389085706],[-72.4484963327493,46.76423105777984],[-72.44849975083895,46.764218230237695],[-72.44850320396291,46.764205406999956],[-72.44850669391779,46.76419258683587],[-72.44851021890696,46.764179772822274],[-72.44851377982874,46.764166963113006],[-72.44851737578482,46.76415415770816],[-72.44852100767352,46.764141357838426],[-72.44852467459651,46.764128561042384],[-72.4485283774521,46.764115771012115],[-72.44853211444371,46.764102984670934],[-72.44853589006284,46.76409020386487],[-72.44853969802134,46.76407742797859],[-72.44854354281075,46.76406465701204],[-72.44854742353277,46.76405189096525],[-72.4485513392891,46.76403912983827],[-72.44855529097804,46.76402637363105],[-72.44855927770125,46.76401362357429],[-72.4485632994588,46.76400087843735],[-72.4485673553523,46.76398813883555],[-72.44857144897504,46.76397540353818],[-72.44857557673377,46.76396267439132],[-72.44857974042512,46.76394995077962],[-72.44858394004908,46.76393723147234],[-72.448588173809,46.763924519546265],[-72.44859244260323,46.763911812540044],[-72.4485967482284,46.76389911045363],[-72.44860108798952,46.76388641574842],[-72.44860546368328,46.76387372473236],[-72.448609873513,46.763861040482155],[-72.44861431927534,46.763848361151815],[-72.44861880007198,46.76383568858734],[-72.44862331680123,46.763823021558075],[-72.44862786856477,46.76381036129467],[-72.44863245446432,46.76379770656647],[-72.44863707719476,46.763785058604206],[-72.4486417340612,46.76377241433111],[-72.4486464250636,46.76375977805459],[-72.44865115289694,46.76374714731333],[-72.44865591396794,46.76373452333797],[-72.44866071097157,46.763721905513165],[-72.44866554300948,46.76370929322363],[-72.44867041098001,46.76369668831538],[-72.44867531308651,46.76368408894236],[-72.44868025022731,46.76367149695065],[-72.4486852224024,46.76365891110953],[-72.44869022961181,46.763646332034405],[-72.44869527275381,46.76363375910986],[-72.44870034913349,46.763621192951256],[-72.44870546054744,46.76360863294333],[-72.4487106069957,46.76359608093204],[-72.44871579027489,46.7635835338407],[-72.44872100589345,46.763570995361384],[-72.44872625654627,46.763558463032716],[-72.44873154313171,46.76354593808543],[-72.44873686385316,46.763533419288756],[-72.44874221960886,46.76352090725812],[-72.44874760950059,46.76350840322415],[-72.44875303442657,46.76349590595626],[-72.44875849438688,46.763483416069704],[-72.44876398848314,46.76347093294919],[-72.44876951761373,46.763458457825415],[-72.44877508267692,46.76344598885233],[-72.44878068097776,46.763433527875996],[-72.4487863134146,46.7634210736657],[-72.44879198268234,46.763408628067516],[-72.44879768339113,46.76339618862005],[-72.44880342003256,46.76338375778472],[-72.44880919260657,46.76337133371545],[-72.44881499751993,46.76335891764295],[-72.4488208383659,46.76334650895187],[-72.44882671334786,46.76333410764226],[-72.44883262156749,46.763321713714085],[-72.44883856571974,46.763309329628825],[-72.44884454400794,46.76329695169427],[-72.44885055463551,46.76328458175652],[-72.448856602094,46.76327222043097],[-72.44886268458677,46.76325986648687],[-72.44886875540148,46.76324760976673],[-72.44887485855551,46.76323536165877],[-72.44888099764218,46.76322312093234],[-72.44888717086481,46.76321088881816],[-72.44889337642678,46.763198664700916],[-72.44889961612476,46.763186447349845],[-72.44890588906038,46.76317423984173],[-72.44891219523367,46.763162039715176],[-72.44891853554296,46.76314984881627],[-72.44892490998821,46.76313766468359],[-72.44893131946775,46.7631254885478],[-72.44893776038835,46.763113322255045],[-72.4489442345466,46.76310116334391],[-72.44895074373913,46.76308901427574],[-72.44895728437271,46.7630768725892],[-72.44896385914228,46.763064739514995],[-72.44897046894616,46.76305261566844],[-72.44897711198767,46.76304049920352],[-72.44898378736856,46.76302839258165],[-72.44899049688541,46.76301629457209],[-72.4489972378433,46.76300420455956],[-72.4490040138355,46.76299212439008],[-72.44900678423984,46.76300568142795],[-72.44900958878016,46.76301923538558],[-72.44901242655813,46.76303278626294],[-72.44901529847209,46.7630463334448],[-72.44901820362372,46.7630598775464],[-72.44902114380965,46.763073418567785],[-72.44902411633491,46.763086954662924],[-72.44902712209787,46.76310048952388],[-72.44903016379341,46.76311401884323],[-72.44903323782832,46.76312754446701],[-72.44903634510088,46.76314106885669],[-72.44903948650943,46.76315458770474],[-72.44904266295227,46.76316810285722],[-72.44904587083614,46.76318161369876],[-72.44904911375433,46.76319512207552],[-72.44905238991018,46.763208626141356],[-72.449055700202,46.76322212589631],[-72.4490590446298,46.76323562195571],[-72.44906242229526,46.76324911431956],[-72.4490658331984,46.7632626029879],[-72.44906927644088,46.763276087345325],[-72.44907275471765,46.763289567391894],[-72.4490762653338,46.76330304312759],[-72.44907981278085,46.763316514552386],[-72.44908342670324,46.763330115199004],[-72.44908707476161,46.76334371215006],[-72.44909075785428,46.76335730355946],[-72.44909447508293,46.763370891273276],[-72.44909822644753,46.763384473445456],[-72.44910201194816,46.763398052537454],[-72.44910583158473,46.76341162670313],[-72.44910968535731,46.76342519655792],[-72.44911357416417,46.763438760871026],[-72.44911749531039,46.76345232087328],[-72.4491214514909,46.76346587594923],[-72.44912544090907,46.76347942794497],[-72.44912946715817,46.76349297378379],[-72.44913352484832,46.76350651469636],[-72.44913761757275,46.763520050682644],[-72.44914174353484,46.76353358297342],[-72.44914590453125,46.76354710910717],[-72.44915009966363,46.763560630930115],[-72.44915432893198,46.763574147211465],[-72.449158591438,46.76358765918191],[-72.44916288808001,46.76360116499539],[-72.44916721975632,46.7636146671134],[-72.44917158467027,46.76362816307446],[-72.44917598372022,46.763641654109314],[-72.44918041510951,46.7636551396026],[-72.44918488243142,46.76366862016963],[-72.44918938299101,46.76368209519515],[-72.44919391858487,46.763695565294476],[-72.44919848561977,46.76370902923688],[-72.4492030894856,46.76372248763774],[-72.44920772479247,46.76373594172773],[-72.44921239513363,46.763749389660866],[-72.44921709781414,46.76376283082173],[-72.44971634282152,46.76518405943741]]]]}},{"type":"Feature","properties":{"zone_code":"65-Ca","prefix":"","kind":"unknown","n_lots":7,"source":"t2-gcp-claude48-vision-multisheet","confidence":"contour-autogcp-multisheet"},"geometry":{"type":"MultiPolygon","coordinates":[[[[-72.481917338123,46.71125196693463],[-72.48094220969557,46.71058158263527],[-72.4801746819303,46.71005390283234],[-72.47972787787428,46.70974671521283],[-72.47844670510764,46.70886585753763],[-72.4780375036311,46.70858450919972],[-72.47793313556477,46.70851274957909],[-72.47787280291367,46.70847126612286],[-72.47787083290825,46.70846991218906],[-72.4775175147272,46.70822698215636],[-72.4767191217471,46.70767802633028],[-72.4763953581389,46.707455410134614],[-72.47528725120165,46.706693465094745],[-72.47538463307004,46.70662912028247],[-72.47527564945976,46.70655457679384],[-72.47483620170762,46.70625399382803],[-72.47428778022665,46.70587886599879],[-72.47373936683053,46.70550373494672],[-72.47349279635303,46.70533507010315],[-72.47319096151925,46.70512860067171],[-72.47209417604952,46.70437832553325],[-72.47099740315622,46.70362802333426],[-72.46990066439888,46.70287771563573],[-72.4693523120882,46.70250256003224],[-72.46880396965898,46.702127403669984],[-72.46770731534328,46.70137709113362],[-72.46729385495398,46.70109419993977],[-72.45150287003774,46.71220820101886],[-72.45642431277967,46.715578751613265],[-72.45692222648377,46.71591972139203],[-72.45756608677715,46.716397678176655],[-72.45766337252579,46.71646586437184],[-72.45858398669021,46.71711110040983],[-72.45927414076344,46.71759479650102],[-72.45970907268465,46.717899613284544],[-72.46088526563223,46.718723909479394],[-72.46092682978211,46.71875303630568],[-72.46195956537208,46.71943987463293],[-72.46249731576579,46.7197975023017],[-72.464110809492,46.72087051088192],[-72.46462429549155,46.7212119762287],[-72.4658555003688,46.72204792073506],[-72.481917338123,46.71125196693463]]]]}},{"type":"Feature","properties":{"zone_code":"69-Ca","prefix":"","kind":"unknown","n_lots":7,"source":"t2-gcp-claude48-vision-multisheet","confidence":"contour-autogcp-multisheet"},"geometry":{"type":"MultiPolygon","coordinates":[[[[-72.4002522717881,46.710155339464464],[-72.3997996906665,46.70965818733234],[-72.39899805656484,46.70877758138054],[-72.39860418394031,46.708344894918895],[-72.39774587512736,46.707401973684256],[-72.39734483843844,46.70696138767872],[-72.39649572208582,46.70602850915033],[-72.39608579836379,46.70557813573834],[-72.39524758666037,46.704657184248894],[-72.39252696156731,46.7066152219654],[-72.3925720767575,46.706632188605575],[-72.39285718496069,46.70671850752921],[-72.39288024291741,46.70685473612394],[-72.39298596833815,46.70697025995004],[-72.3929852901101,46.707003426696396],[-72.39295633112029,46.70706192644991],[-72.39279418071993,46.70706942871977],[-72.39272021254112,46.70708876681806],[-72.39253416875083,46.70707416329895],[-72.39225606920348,46.70708569913691],[-72.39198890394978,46.70708311378377],[-72.39184986989662,46.70714413350526],[-72.39177830201626,46.707153997505735],[-72.3861332213972,46.71121600267596],[-72.38446517118714,46.71005367369287],[-72.38279719284233,46.708891320910304],[-72.37197090275232,46.71675021658621],[-72.37203911362847,46.71679651855727],[-72.3736350111549,46.71787976603398],[-72.37368861003465,46.71791614464807],[-72.36335132775102,46.72531476153185],[-72.36337582750376,46.725390281002305],[-72.36339465798875,46.72542087289133],[-72.36344440668917,46.72557775588504],[-72.36356200783797,46.725895776197945],[-72.36360196939339,46.72592994120176],[-72.36363667939766,46.72598417768524],[-72.3637154805127,46.72606359166612],[-72.36378499843757,46.72616659061966],[-72.36381289292376,46.72619791977542],[-72.36382893413982,46.726301260846704],[-72.36389232465616,46.72640761842495],[-72.36399395735246,46.726615354392685],[-72.36401828013709,46.726793587157374],[-72.3640215077839,46.7269647835072],[-72.36406421638745,46.727025296137185],[-72.3640871764278,46.72707089285255],[-72.37529918962606,46.71900929060517],[-72.37658243121281,46.71808638931356],[-72.37823293642704,46.7192498386077],[-72.37988386744273,46.72041351531303],[-72.38153522515815,46.72157741694983],[-72.38318700687842,46.72274154658114],[-72.4002522717881,46.710155339464464]]]]}},{"type":"Feature","properties":{"zone_code":"70-Ca","prefix":"","kind":"unknown","n_lots":17,"source":"t2-gcp-claude48-vision-multisheet","confidence":"contour-autogcp-multisheet"},"geometry":{"type":"MultiPolygon","coordinates":[[[[-72.39648437366881,46.68857649755231],[-72.3962842694477,46.688427372944744],[-72.39614161428564,46.68824716727216],[-72.39582358821717,46.68841546955413],[-72.39593591445862,46.68861052288889],[-72.39592586231058,46.68861584263868],[-72.3959885395646,46.68883889885012],[-72.39648437366881,46.68857649755231]]],[[[-72.39571854821101,46.68958686166048],[-72.3957171127032,46.68956311207807],[-72.39569827233673,46.68951465715458],[-72.39567906815259,46.68948900409544],[-72.39567046858038,46.689459963765366],[-72.39562255873133,46.68945677553939],[-72.39559057331732,46.689446350643095],[-72.3955372124911,46.689405690570524],[-72.39550145774618,46.68933059706359],[-72.39543482341337,46.68930282048099],[-72.39543076662154,46.689275798117166],[-72.39544871046932,46.689226225758034],[-72.39544696414443,46.689150733317035],[-72.39538172130196,46.689098912925566],[-72.39531083883615,46.689027926007206],[-72.3952225443252,46.68895505894768],[-72.39505170182616,46.68889534289839],[-72.3949003141412,46.688806485043514],[-72.39472822837381,46.688565789645004],[-72.39466122573171,46.68849510643495],[-72.39449930260511,46.688360970391685],[-72.39441656058092,46.68828517294748],[-72.39436362286123,46.688246984256224],[-72.39427660485629,46.688208463397764],[-72.39416397767923,46.68824483366513],[-72.39408226692098,46.6882624389313],[-72.3940117321032,46.688237368833335],[-72.39385802317155,46.68822134661666],[-72.39370319134581,46.68821290816099],[-72.39358597916755,46.68816095376709],[-72.39224756395437,46.68806359090606],[-72.39201332824403,46.68799846409334],[-72.39143960571312,46.687951137294846],[-72.39037547939384,46.68786333162214],[-72.38706095830352,46.68757527038462],[-72.38795449185537,46.68840995567742],[-72.389046222505,46.68942973846376],[-72.38905635909465,46.689439187299946],[-72.38906652712537,46.689448618880846],[-72.38907672390215,46.689458036903645],[-72.3890869476284,46.689467440752196],[-72.38909720369399,46.68947682734546],[-72.38910748850569,46.68948620038068],[-72.38911780116516,46.68949555800925],[-72.38912814346902,46.68950490023116],[-72.38913851541729,46.689514227046445],[-72.38914891521334,46.689523539071324],[-72.38915934465378,46.689532835689555],[-72.38916980284033,46.689542116284976],[-72.38918029067125,46.68955138147381],[-72.38919080634997,46.68956063125603],[-72.38920135167308,46.68956986501551],[-72.38921192484399,46.68957908398458],[-72.38922252676097,46.689588287547046],[-72.38923315832237,46.6895974744706],[-72.38924381683321,46.68960664660377],[-72.38925450588678,46.68961580333042],[-72.38926522278811,46.68962494403433],[-72.38927596753723,46.68963406809925],[-72.38928674013411,46.68964317675771],[-72.38929754327371,46.68965227000963],[-72.3893083733628,46.68966134662268],[-72.38931923129962,46.689670406596775],[-72.38933011798254,46.68967945239682],[-72.38934103251324,46.68968848094176],[-72.38935197579005,46.689697492847834],[-72.38936294511798,46.689706489963655],[-72.38937394409032,46.68971546982441],[-72.38938497180874,46.68972443366251],[-72.38939602647665,46.68973338147793],[-72.3894071089923,46.6897423120384],[-72.38941821845742,46.689751228424775],[-72.38942935756694,46.689760125707544],[-72.38944052272761,46.68976900758397],[-72.38945171663435,46.689777873437734],[-72.38946293749058,46.68978672265272],[-72.38947418529624,46.68979555646131],[-72.38948546094969,46.68980437116635],[-72.38949676534924,46.6898131710812],[-72.3895080957999,46.6898219531249],[-72.38951945409836,46.68983071852985],[-72.38953083934626,46.68983946791226],[-72.38954225244196,46.68984820127213],[-72.38955369158877,46.6898569161447],[-72.38956515858337,46.689865614994694],[-72.38957665162911,46.689874295973624],[-72.38958817431929,46.68988296093008],[-72.38959972126393,46.68989160863159],[-72.38961129695468,46.68990023969446],[-72.38962289869659,46.689908852270015],[-72.38963452648963,46.689917449439314],[-72.38964618123211,46.68992602812136],[-72.38965786292407,46.68993459016477],[-72.3896695724638,46.68994313495335],[-72.38968130805468,46.68995166248704],[-72.38969306879837,46.689960172765936],[-72.38970485738984,46.689968665173836],[-72.38971667203248,46.68997714155932],[-72.38972851362453,46.68998559822521],[-72.38974038036943,46.68999403886871],[-72.38975227316548,46.69000246164121],[-72.38976419380931,46.69001086777511],[-72.38977613870765,46.69001925542191],[-72.38978811235205,46.69002762519773],[-72.38980011025099,46.690035977102575],[-72.38981213420107,46.690044312368904],[-72.38982418330397,46.69005262976429],[-72.38983626025467,46.690060928672565],[-72.38984836145984,46.69006920970995],[-72.3898604887162,46.69007747349259],[-72.38987264202366,46.69008571940437],[-72.3898848213823,46.69009394744523],[-72.38989702589375,46.69010215699902],[-72.3899092546597,46.69011034806575],[-72.38992151127343,46.69011852187779],[-72.38993379214169,46.690126676586594],[-72.38994609906109,46.69013481527314],[-72.38995842933667,46.69014293362408],[-72.38997078656172,46.690151035336584],[-72.3899831689396,46.69015911794582],[-72.3899955764703,46.69016718206811],[-72.39000800825552,46.69017522893576],[-72.39002046609188,46.69018325546787],[-72.39003294818275,46.69019126536153],[-72.39004545542645,46.69019925615205],[-72.39005798782298,46.690207229071774],[-72.39007054447403,46.69021518288834],[-72.39008312537958,46.690223118834176],[-72.39009573233628,46.69023103567687],[-72.39010836264917,46.69023893341643],[-72.3901210190132,46.69024681328528],[-72.39013369783511,46.69025467405097],[-72.3901464045048,46.690262516329796],[-72.39015913183577,46.69027034012169],[-72.39017188611616,46.690278144810506],[-72.39018466375278,46.690285931012426],[-72.39019746474557,46.69029369749513],[-72.3902102917895,46.690301445490924],[-72.39022314129133,46.69030917561606],[-72.39023601414937,46.690316886021954],[-72.39024891305851,46.69032457732481],[-72.39026183532387,46.690332248908426],[-72.39027478184376,46.690339902621425],[-72.39028774992319,46.690347535382855],[-72.3903007449521,46.69035515027363],[-72.39031376154057,46.69036274606141],[-72.39032680148523,46.690370323362444],[-72.3903398665827,46.69037788032805],[-72.3903529541381,46.69038541819073],[-72.3903660668463,46.69039293695044],[-72.39037919931745,46.69040043537479],[-72.39039235783972,46.690407916544736],[-72.3904055397182,46.690415376147044],[-72.39041874315625,46.690422817262565],[-72.39043197264543,46.690430239275216],[-72.39044522279586,46.69043764218488],[-72.39045849630251,46.690445022910744],[-72.39047179406366,46.690452386382255],[-72.39048511158775,46.690459729518466],[-72.39049845516298,46.690467053551835],[-72.39051181939946,46.69047435724994],[-72.39052520789046,46.690481641228956],[-72.39053861883933,46.690488906105124],[-72.39055205134777,46.69049615064608],[-72.39056550721241,46.69050337485179],[-72.39057898643327,46.690510579338486],[-72.39059248631534,46.690517764106175],[-72.39060601045195,46.69052493038719],[-72.39112453689856,46.69079905686847],[-72.39106384851459,46.69085341123205],[-72.39123149301123,46.69094203711509],[-72.39402203398286,46.689984579038075],[-72.39437923468256,46.6902187715948],[-72.39468514427446,46.690350363084356],[-72.3949356906954,46.6904373519593],[-72.39555419873484,46.69058328409049],[-72.39563313908873,46.69060190900238],[-72.39568272609242,46.690502402504826],[-72.39571229413998,46.68976851277707],[-72.39571854821101,46.68958686166048]]],[[[-72.39445955754367,46.69333991005996],[-72.39005980780975,46.69101411524373],[-72.39004571773451,46.69100665017852],[-72.39003164832053,46.69099916539438],[-72.39001760046612,46.69099166150745],[-72.39000357506958,46.69098413851781],[-72.38998957123263,46.69097659580924],[-72.38997558895524,46.690969032765544],[-72.38996162913571,46.690961451235275],[-72.38994769177407,46.69095385121838],[-72.38993377687034,46.6909462314825],[-72.38991988442446,46.69093859264387],[-72.38990601263984,46.69093093408624],[-72.3898921633131,46.6909232558096],[-72.38987833913922,46.69091555904633],[-72.38986453472823,46.690907844412635],[-72.38985075457177,46.6909001094437],[-72.38983699597487,46.69089235537193],[-72.38982325983588,46.69088458281349],[-72.38980954705306,46.6908767911522],[-72.38979585582982,46.690868981004186],[-72.38978218886108,46.690861151137135],[-72.38976854524854,46.6908533033996],[-72.38975492319558,46.69084543532677],[-72.38974132539711,46.69083754938344],[-72.38972774915823,46.69082964495334],[-72.38971419627555,46.69082172203657],[-72.38970066764736,46.69081377878443],[-72.38968716147707,46.69080581951033],[-72.38967367776465,46.69079783928475],[-72.38966021920506,46.69078984180471],[-72.38964678310334,46.69078182460561],[-72.38963337035784,46.69077378953584],[-72.38961998096853,46.69076573597933],[-72.38960661403712,46.69075766331979],[-72.38959327225851,46.690749573405846],[-72.3895799538361,46.690741463156556],[-72.38956665876991,46.690733336885145],[-72.3895533879582,46.690725191510715],[-72.3895401405027,46.6907170270333],[-72.38952691640343,46.690708844069],[-72.38951371655864,46.69070064323406],[-72.38950054096837,46.690692425144604],[-72.38948739053092,46.690684188568284],[-72.38947426255135,46.6906759335051],[-72.38946115972462,46.69066765995498],[-72.38944807935577,46.69065936915037],[-72.38943502324143,46.69065105924266],[-72.38942199317823,46.69064273208045],[-72.38940898647124,46.69063438643127],[-72.38939600401875,46.69062602352753],[-72.38938292095494,46.690617559567656],[-72.38936986214567,46.69060907896938],[-72.38935682669258,46.690600579267915],[-72.38934381908726,46.690592062311886],[-72.38933083663478,46.6905835262526],[-72.38931787753849,46.69057497232253],[-72.38930494269671,46.69056640052165],[-72.38929203570272,46.690557810849896],[-72.38927915386154,46.69054920269112],[-72.38926629627487,46.690540577277666],[-72.38925346384103,46.69053193399336],[-72.38924065745836,46.690523272222016],[-72.3892278771268,46.69051459381215],[-72.38921512104976,46.690505895682826],[-72.38920239102389,46.690497182147375],[-72.38918968884575,46.690488448892445],[-72.38917701002384,46.69047969838276],[-72.3891643590497,46.690470930618375],[-72.38915173053344,46.69046214436688],[-72.38913913166157,46.690453340860614],[-72.38912655614591,46.690444520099575],[-72.38911400847802,46.69043568269996],[-72.38910148506464,46.69042682619703],[-72.38908898949904,46.69041795305551],[-72.38907651818795,46.690409062659185],[-72.38906407562295,46.690400154391824],[-72.38905165821078,46.69039122886969],[-72.38903926595144,46.690382286708974],[-72.38902690064155,46.69037332729336],[-72.38901456138281,46.69036434939054],[-72.38900224907353,46.690355355465314],[-72.38898996461202,46.69034634366897],[-72.38897770530333,46.69033731461779],[-72.38896547384242,46.69032826954417],[-72.38895326663602,46.69031920721561],[-72.38894108817573,46.69031012701599],[-72.38892893486825,46.690301030177665],[-72.38891681030685,46.690291916700616],[-72.38890471089829,46.69028278658488],[-72.3888926393375,46.690273638598015],[-72.38888059562449,46.69026447458861],[-72.38886857796261,46.690255293940446],[-72.3888565872502,46.690246096037306],[-72.38884462258893,46.690236882111655],[-72.38883268577544,46.69022765031478],[-72.38882077680971,46.69021840249536],[-72.38880889569177,46.69020913865335],[-72.38879704062497,46.69019985817254],[-72.38878521340594,46.6901905598205],[-72.388773414933,46.69018124729446],[-72.38876164161289,46.69017191628103],[-72.38874989703885,46.69016257047726],[-72.3887381794143,46.69015320680235],[-72.38872649053582,46.690143827104734],[-72.38871482770848,46.690134432000704],[-72.38870319362725,46.69012502025777],[-72.38869158559713,46.69011559249214],[-72.38868000810974,46.69010614747143],[-72.38866845847014,46.69009668766043],[-72.38865693398336,46.69008721182673],[-72.38864543914097,46.69007771812175],[-72.38863397124807,46.69006821024257],[-72.38862253299956,46.69005868634071],[-72.3886111208022,46.6900491445675],[-72.38859973914754,46.69003958862017],[-72.38858838444234,46.69003001665003],[-72.38857705758493,46.69002042865713],[-72.3885657594736,46.69001082525766],[-72.38855448921005,46.69000120521921],[-72.3885432476926,46.6899915703904],[-72.3885320349212,46.68998191953873],[-72.3885208490993,46.689972252664255],[-72.38850969292177,46.68996257099939],[-72.38849856638866,46.6899528726955],[-72.388487466805,46.68994316021735],[-72.38847639686577,46.689933432332566],[-72.38846535387597,46.689923687192525],[-72.38845434232722,46.68991392849441],[-72.38844335772792,46.68990415377343],[-72.38843240097641,46.6898943636458],[-72.38842147566592,46.68988455811148],[-72.38841057640659,46.68987473840281],[-72.38839970858828,46.68986490205508],[-72.38838886861774,46.689855051533016],[-72.3883780573933,46.68984518560425],[-72.38836727760989,46.68983530488492],[-72.38835652297932,46.689825408758885],[-72.38834579978978,46.68981549784227],[-72.38833510624461,46.68980557213513],[-72.38832444054724,46.68979563163741],[-72.38712172573922,46.68867216244555],[-72.38583329099184,46.687468551570895],[-72.37494369842037,46.686525021685384],[-72.37551670050244,46.68817231063013],[-72.3755834354466,46.68836415683368],[-72.37596372734065,46.688588278281436],[-72.37647731484984,46.68889094872034],[-72.37764397038404,46.68971765548026],[-72.37876667674131,46.69051318520331],[-72.37927831490632,46.69087571097952],[-72.36776406442902,46.69840610302484],[-72.36783902075466,46.69845845418877],[-72.36947967145021,46.69960427902421],[-72.36950898257962,46.699624749697364],[-72.37117894260795,46.70079096887977],[-72.37119520031796,46.700802321238875],[-72.3723326049099,46.701596587394995],[-72.37284889904303,46.70195711173937],[-72.37291305761894,46.70200191274716],[-72.37450158177352,46.70310931540649],[-72.37457978910214,46.70316383295297],[-72.3761545941857,46.70426160290527],[-72.37620690577963,46.70429806708749],[-72.37780770361596,46.70541388675401],[-72.37783412666171,46.705432303264764],[-72.37946145174834,46.70656654209916],[-72.38960160952267,46.69957840711832],[-72.38818095624016,46.698323456937686],[-72.38779655994358,46.69798388298206],[-72.3877811628196,46.697970281865956],[-72.39445955754367,46.69333991005996]],[[-72.3772146960525,46.6952903515585],[-72.3771113583538,46.69538848757912],[-72.37701638756364,46.695487769428055],[-72.37694614200336,46.695503769156865],[-72.37690141129211,46.69556223208123],[-72.37679930518365,46.69564060891121],[-72.37674290356023,46.695820918070964],[-72.37667653872197,46.695866069202204],[-72.37653239954307,46.696271375345546],[-72.37646770197797,46.69647108591312],[-72.37652956086676,46.696547613678575],[-72.37647872071327,46.69665204969921],[-72.37638298815175,46.69673595337761],[-72.3763803695627,46.69682007071844],[-72.37633131525997,46.69695700325131],[-72.37625188801917,46.69696849504253],[-72.3762135335498,46.696994623270754],[-72.37619260190537,46.69704952220558],[-72.37617122469656,46.69712253606972],[-72.37609885731558,46.69717189108665],[-72.3760680136603,46.69721429199265],[-72.37590610670338,46.69726527284611],[-72.37588978341635,46.69728639440426],[-72.37579319925196,46.69728819899651],[-72.37579241681934,46.69724043735311],[-72.37576999576818,46.69720650186068],[-72.37576926184457,46.69717311715227],[-72.37582741338619,46.697121167064545],[-72.37582346079894,46.69707106157378],[-72.3758960922846,46.69694436917863],[-72.37586775492898,46.69679732735624],[-72.37587608949816,46.696739489280716],[-72.37594400303196,46.696698434837586],[-72.3760201181843,46.696537201857254],[-72.37603969247434,46.69641909941491],[-72.37617713650944,46.69616548330185],[-72.37626928928455,46.696090796594575],[-72.37629391569975,46.69593543904037],[-72.37641257057236,46.69578689604449],[-72.3765338413391,46.695703366114664],[-72.37655507481746,46.69560834952254],[-72.3765779279583,46.695572743287755],[-72.37657493207682,46.6955452262263],[-72.37652326098168,46.69545685558246],[-72.3765170212837,46.69537936325402],[-72.37653703754488,46.69536023352747],[-72.37656998685118,46.6953623973902],[-72.37661455856063,46.695406090516805],[-72.37669521469672,46.6954084164208],[-72.37670194038326,46.69547106607086],[-72.37682690502244,46.69548417244584],[-72.37684505458444,46.695469011267996],[-72.37679671174743,46.69543509684311],[-72.37684310254532,46.69538941301198],[-72.3769661331117,46.69541240218824],[-72.37703070042105,46.695394935418165],[-72.37711211204031,46.6953178132977],[-72.3771616756878,46.695271362895355],[-72.3772146960525,46.6952903515585]]]]}},{"type":"Feature","properties":{"zone_code":"71-Ca","prefix":"","kind":"unknown","n_lots":4,"source":"t2-gcp-claude48-vision-multisheet","confidence":"contour-autogcp-multisheet"},"geometry":{"type":"MultiPolygon","coordinates":[[[[-72.43582823132384,46.680571869376294],[-72.4355307838619,46.68040859019141],[-72.43395812485356,46.67954527857544],[-72.43204937375808,46.678361515959466],[-72.43169981951809,46.67860323431762],[-72.43025163736372,46.67960462592808],[-72.42963302691636,46.68003236819214],[-72.42881128941696,46.680600547784856],[-72.42733492351886,46.68162131923939],[-72.42582741572481,46.68266356290649],[-72.42080383363677,46.686136258673564],[-72.41706546224256,46.68872008941684],[-72.41768333876634,46.68913825824756],[-72.41850081555636,46.689691497234605],[-72.41867393528466,46.6898086568193],[-72.42046020827766,46.6910174789901],[-72.43582823132384,46.680571869376294]]]]}},{"type":"Feature","properties":{"zone_code":"73-Ca","prefix":"","kind":"unknown","n_lots":1,"source":"t2-gcp-claude48-vision-multisheet","confidence":"contour-autogcp-multisheet"},"geometry":{"type":"MultiPolygon","coordinates":[[[[-72.37596372734065,46.688588278281436],[-72.3755834354466,46.68836415683368],[-72.37431706422089,46.68738190115198],[-72.37271959823597,46.68614276431129],[-72.37112119261329,46.684902812089966],[-72.36952183477638,46.68366204011989],[-72.36792150855561,46.68242042862544],[-72.36632019598464,46.68117797138765],[-72.36471787999551,46.679934662186994],[-72.36311454352023,46.678690482476824],[-72.3615101596093,46.677445424802826],[-72.36028166045767,46.676492020983076],[-72.36020028207608,46.676590713207126],[-72.35986210320254,46.67671323014058],[-72.35965944686771,46.676774732267944],[-72.35950254891681,46.67681474605623],[-72.35923703746154,46.676673504727596],[-72.35922980243025,46.67666551378528],[-72.35913044516656,46.6765557921414],[-72.35910869695353,46.67637087739377],[-72.35900336858815,46.67624726381017],[-72.35905639703769,46.67603657699909],[-72.35906090388546,46.675822431604324],[-72.35915657446323,46.675618834966905],[-72.35922012937127,46.67552091511651],[-72.3591738993718,46.675517045606],[-72.35923721263302,46.674809020364634],[-72.35908425559127,46.674539550169484],[-72.35905554633312,46.67442525750259],[-72.35899824459777,46.674197141738055],[-72.35887654982622,46.67378987442777],[-72.35884282078226,46.6734441487985],[-72.35906367069654,46.673195437259594],[-72.35930758485574,46.67310936430895],[-72.35908764942643,46.67108028088981],[-72.35905381527957,46.670669135027225],[-72.35899933784748,46.67059319440823],[-72.35895688167052,46.67045354998483],[-72.35897341695994,46.67037385198877],[-72.35892062297071,46.670288273228266],[-72.35887918009338,46.67016015448412],[-72.35892478306877,46.67011711098576],[-72.35890091123841,46.6700477794931],[-72.35898706057249,46.66985799182855],[-72.35869261797518,46.666279920425616],[-72.35876318153906,46.66579861633773],[-72.35869778508469,46.66584561916783],[-72.35708460217558,46.66700503156589],[-72.35547135458775,46.66816441478146],[-72.35385803603302,46.66932377497918],[-72.35305085303784,46.66990380574475],[-72.35225799817145,46.67047352069683],[-72.35067984506682,46.67160746692254],[-72.34911730108858,46.67273012109282],[-72.34742588569799,46.67394528890231],[-72.34489040158834,46.675766719072705],[-72.34410046714494,46.67633414781193],[-72.34331052731166,46.676901557649565],[-72.34250801465764,46.67747798102096],[-72.34087121144641,46.678653579435434],[-72.3403255891159,46.67904544153336],[-72.34028702623738,46.67907313648929],[-72.34149707129815,46.67992597221497],[-72.34331218919493,46.68120521473852],[-72.33261557450943,46.689943945867086],[-72.33335330156348,46.69044707728855],[-72.3349822013968,46.69155789579547],[-72.33661116051896,46.692668688375385],[-72.33837200220627,46.6938693601689],[-72.34009187892,46.69504203693826],[-72.340951860396,46.69562837501567],[-72.34353203658934,46.69738742867996],[-72.34525235257927,46.69856016274655],[-72.34703904328889,46.69977807773119],[-72.34882580047382,46.70099595908344],[-72.3289836831208,46.71468821888548],[-72.32993320417273,46.715433639051554],[-72.3303878738774,46.71582167011305],[-72.35057151812502,46.70218578241608],[-72.35170463326148,46.702958040878045],[-72.36291262380392,46.69499545567734],[-72.36434248930965,46.69600107259697],[-72.37596372734065,46.688588278281436]]]]}}]}