{"type":"FeatureCollection","crs":{"type":"name","properties":{"name":"urn:ogc:def:crs:OGC:1.3:CRS84"}},"features":[{"type":"Feature","properties":{"zone_code":"1-R","prefix":"","kind":"unknown","n_lots":1,"source":"t2-gcp3","confidence":"contour-manual-gcp"},"geometry":{"type":"MultiPolygon","coordinates":[[[[-74.853842180021,45.8515525164342],[-74.8531252561523,45.849779072007074],[-74.85236459241412,45.84789729699988],[-74.85233434973176,45.84664964656082],[-74.85293002169836,45.84335654478706],[-74.85182789394763,45.84391511155271],[-74.85066347611676,45.84402203289303],[-74.8506599735855,45.84402610921774],[-74.85065644051147,45.8440301724008],[-74.85065287509812,45.84403422244216],[-74.85064928093865,45.84403825934194],[-74.85064565533817,45.84404228310004],[-74.85064200009329,45.8440462930907],[-74.85063831430567,45.844050289313955],[-74.85063459797533,45.84405427239557],[-74.85063085200059,45.844058241083985],[-74.85062707638146,45.844062196004984],[-74.8506232702196,45.84406613841015],[-74.85061943441335,45.84407006517054],[-74.850615569861,45.84407397691201],[-74.85061167476591,45.84407787613759],[-74.85060775092475,45.84408176034426],[-74.85060379654087,45.84408562953194],[-74.85059981341091,45.84408948432649],[-74.85059580153485,45.84409332410208],[-74.85059176091269,45.84409715011024],[-74.85058769154446,45.84410096047373],[-74.85058359253182,45.84410475519248],[-74.85057946567142,45.844108535518124],[-74.8505753100649,45.84411229894744],[-74.85057112571232,45.84411604923522],[-74.85056691351194,45.844119782000945],[-74.85056267256549,45.84412350099926],[-74.85055840466957,45.844127203101365],[-74.85055410802757,45.84413089018458],[-74.8505497835378,45.8441345603715],[-74.85054543209854,45.84413821553954],[-74.85054105191321,45.84414185318553],[-74.85053664477844,45.84414547643845],[-74.85053220979589,45.84414908216934],[-74.85052774876219,45.84415267100399],[-74.85052325988072,45.84415624419394],[-74.8505187440498,45.844159801113484],[-74.85051420216769,45.844163340511024],[-74.85050963333617,45.84416686301235],[-74.85050503755518,45.84417036924324],[-74.85050041572305,45.84417385857791],[-74.85049576604312,45.84417732913905],[-74.85049109121039,45.84418078405556],[-74.8504863903265,45.84418422145007],[-74.85048166428979,45.84418764132259],[-74.85047691130363,45.84419104304739],[-74.85047213316462,45.84419442850177],[-74.85046732987281,45.8441977951826],[-74.85046250052986,45.8442011443415],[-74.85045764693237,45.84420447535268],[-74.85045276638542,45.84420778946768],[-74.85044786248227,45.844211084183385],[-74.850442932528,45.844214361377134],[-74.85043797831922,45.84421762042317],[-74.85043300075424,45.844220861321475],[-74.85042799803641,45.844224083446285],[-74.85042297016575,45.84422728617183],[-74.8504179189389,45.844230471375475],[-74.85041284255925,45.84423363717981],[-74.85040774372169,45.84423678546224],[-74.85040262062962,45.844239913093894],[-74.85039747418136,45.84424302320362],[-74.85039230437691,45.84424611453982],[-74.85038711031794,45.84424918522526],[-74.85038189380109,45.84425223713724],[-74.85037665392802,45.84425527027576],[-74.85037139249542,45.84425828464084],[-74.85036610590996,45.844261277729316],[-74.85036079956159,45.84426425267015],[-74.85035546895868,45.844267207585965],[-74.85035011589791,45.844270142476766],[-74.85034474127755,45.84427305734261],[-74.85033934509764,45.84427595218345],[-74.85033392645985,45.844278828250864],[-74.8503284862625,45.84428168366749],[-74.85032302540388,45.84428451843338],[-74.85031754208738,45.84428733317428],[-74.85031203810964,45.84429012851597],[-74.85030651347064,45.84429290258116],[-74.85030096727208,45.84429565662136],[-74.85029540041226,45.84429838938507],[-74.8502898128912,45.84430110274957],[-74.85028420470887,45.84430379421175],[-74.85027857676363,45.84430646564904],[-74.85027292905544,45.84430911643554],[-74.85026726068598,45.8443117453198],[-74.85026157255362,45.844314354179055],[-74.8502558646583,45.84431694238766],[-74.85025013789836,45.84431950869395],[-74.85024439047717,45.84432205372376],[-74.850238625988,45.844324577477096],[-74.85023284083756,45.84432708057969],[-74.85022703772084,45.844329561780036],[-74.85022121484114,45.84433202170391],[-74.85021537399517,45.84433445972553],[-74.85020951608122,45.84433687647064],[-74.85020363840431,45.844339271313565],[-74.8501977427611,45.84434164425419],[-74.8501918300499,45.84434399654415],[-74.84970513450706,45.8469778399482],[-74.84951760759824,45.85207049196733],[-74.84748327112771,45.85370239135184],[-74.8474787849412,45.85370596955945],[-74.84747427360185,45.85370953212504],[-74.84746973441472,45.85371307717167],[-74.8474651673798,45.853716606576306],[-74.84746057519207,45.853720117210656],[-74.84745595515656,45.85372361220297],[-74.84745131086653,45.85372709030201],[-74.84744663872875,45.85373055025644],[-74.84744194053981,45.85373399331754],[-74.84743721629974,45.85373741948535],[-74.84743246690682,45.85374082750851],[-74.84742769056446,45.85374421801272],[-74.84742288996758,45.85374759099797],[-74.84741806242126,45.85375094646429],[-74.84741321062039,45.85375428316028],[-74.84740833366672,45.85375760233735],[-74.84740343156022,45.85376090336979],[-74.84739850340256,45.85376418625762],[-74.84739355188873,45.85376745162652],[-74.84738857612035,45.85377069759945],[-74.84738357519919,45.85377392542781],[-74.84737854912515,45.853777135111585],[-74.84737349969495,45.85378032665075],[-74.84736842601022,45.8537834981683],[-74.84736332807098,45.85378665154127],[-74.84735820677555,45.853789786144006],[-74.84735306212391,45.853792901350765],[-74.84734789321777,45.85379599841301],[-74.84734270095544,45.85379907545362],[-74.84733748623522,45.85380213309836],[-74.84733224815879,45.853805172598506],[-74.84732698762448,45.853808191451435],[-74.84732170283566,45.853811191534135],[-74.84731639648727,45.85381417159525],[-74.847311067681,45.85381713226043],[-74.84730571641687,45.853820073529754],[-74.84730034269484,45.853822994151884],[-74.84729494651494,45.85382589537807],[-74.84728952967377,45.853828776582745],[-74.84728409037471,45.85383163839155],[-74.84727862951611,45.85383447955311],[-74.84727314799625,45.85383729944179],[-74.8472676440185,45.85384010056029],[-74.8472621193795,45.85384288040588],[-74.84725657407925,45.85384564022998],[-74.84725100811775,45.85384837940689],[-74.84724542059669,45.853851098562224],[-74.84723981241436,45.853853795193395],[-74.84723418446912,45.85385647368002],[-74.84722853676092,45.853859129642494],[-74.84722286928978,45.85386176433208],[-74.84721718115742,45.853864379625826],[-74.8472114741604,45.85386697239543],[-74.84720574740048,45.85386954451783],[-74.84719999997928,45.8538720953674],[-74.84719423369349,45.85387462556979],[-74.84718845033969,45.853877133247984],[-74.84718264632464,45.85387962027905],[-74.84717682344497,45.85388208666293],[-74.847170982599,45.85388453052269],[-74.84716512288838,45.85388695248391],[-74.84715924521147,45.85388935317238],[-74.84715334956826,45.853891732587996],[-74.84714743506045,45.85389408947943],[-74.84714150438293,45.85389642447242],[-74.84713555573913,45.8538987381926],[-74.84712958823069,45.853901029388624],[-74.8471236054509,45.853903298686184],[-74.84711760470479,45.8539055454596],[-74.8471115868907,45.85390777033456],[-74.84710555290695,45.853909972685365],[-74.84709950095687,45.8539121537634],[-74.84709343373545,45.85391431169162],[-74.84708734944604,45.85391644647008],[-74.84708124988526,45.85391855935008],[-74.84707513505312,45.853920649705955],[-74.84706900315297,45.85392271753772],[-74.84706285598149,45.85392476221972],[-74.84705669353865,45.85392678437756],[-74.84705051582444,45.853928784637],[-74.84704432283887,45.8539307604953],[-74.84703811548025,45.85393271445521],[-74.8470318937486,45.85393464526533],[-74.84702565674559,45.8539365523],[-74.84701940626783,45.85393843743628],[-74.84701313962042,45.853940299422725],[-74.84700686129489,45.85394213763383],[-74.847000567698,45.85394395269513],[-74.8469942615247,45.85394574460668],[-74.84698794097838,45.853947513368496],[-74.84698160785562,45.853949258354874],[-74.84697526125814,45.85395097956585],[-74.84696890118593,45.853952678878414],[-74.84696252943563,45.85395435253855],[-74.84695614421057,45.85395600367466],[-74.84694974730743,45.853957631661],[-74.84694333782788,45.85395923587191],[-74.84693691577192,45.85396081568175],[-74.84693048203785,45.85396237171622],[-74.846924037524,45.85396390460098],[-74.84691758043374,45.85396541371031],[-74.8469111125637,45.8539668984186],[-74.84690463391387,45.853968359351455],[-74.84689814358595,45.85396979650895],[-74.84689164247824,45.85397120989106],[-74.84688513059074,45.85397259887212],[-74.84687860882177,45.8539739634521],[-74.84687207717134,45.853975303631024],[-74.84686553474111,45.85397662066027],[-74.84685898242944,45.85397791266279],[-74.8468524211346,45.85397918151559],[-74.84684584995831,45.85398042534167],[-74.84683926890054,45.85398164476676],[-74.84683267885961,45.85398284041639],[-74.84682608073386,45.85398401041375],[-74.84681947272662,45.853985157887],[-74.84681285663454,45.853986279707925],[-74.84680623335596,45.85398737775344],[-74.84679960019591,45.853988450772256],[-74.846792958951,45.853989499390046],[-74.8467863114179,45.85399052360682],[-74.84677965400334,45.85399152279693],[-74.84677299119888,45.853992497585985],[-74.84676632030957,45.85399344797401],[-74.84675964223375,45.85399437396098],[-74.8467529569714,45.853995274921296],[-74.84674626542086,45.85399615085491],[-74.8467395675821,45.85399700238753],[-74.84673286255682,45.85399782889345],[-74.84672615214164,45.8539986309983],[-74.84671943543827,45.853999407450836],[-74.84671271244666,45.85400015950238],[-74.8467059849635,45.85400088777856],[-74.84669925119215,45.85400158977672],[-74.84669251292921,45.85400226799954],[-74.84668576837805,45.85400292057001],[-74.84667902023364,45.85400354873946],[-74.84667226669933,45.85400415188224],[-74.84666550957176,45.85400472999834],[-74.84665874795263,45.8540052818364],[-74.8466519818419,45.85400580989918],[-74.84664521213793,45.85400631293523],[-74.84663843794236,45.85400679094461],[-74.84663166105186,45.854007243927356],[-74.84662487966978,45.85400767188338],[-74.84661809559275,45.85400807481277],[-74.84661130882078,45.85400845146413],[-74.84660452025217,45.854008804965844],[-74.84659772809032,45.854009132815214],[-74.84659093413181,45.85400943501223],[-74.84658413747837,45.85400971155693],[-74.84657733813,45.854009964951956],[-74.84657053788328,45.85401019206895],[-74.84656373583996,45.854010393533635],[-74.84655693289831,45.85401056997164],[-74.84655012816003,45.85401072200866],[-74.84654332252344,45.85401084901901],[-74.84653651598853,45.85401094975133],[-74.84652970855531,45.85401102608265],[-74.84652290022377,45.85401107676167],[-74.84651609279057,45.85401110303965],[-74.84650928445902,45.85401110366532],[-74.84650247612747,45.854011079890014],[-74.84649566869425,45.85401102983667],[-74.84648886126102,45.85401095475665],[-74.84648205472612,45.854010854650014],[-74.84647524998783,45.854010729516645],[-74.84646844435125,45.854010579982294],[-74.8464616405113,45.85401040479564],[-74.84645483846795,45.854010203956626],[-74.84644803911958,45.85400997871662],[-74.8464412397712,45.85400972782426],[-74.84643444311776,45.854009451905235],[-74.84642764915925,45.85400915095953],[-74.84642085699738,45.8540088249872],[-74.84641406663215,45.85400847398813],[-74.84640727986019,45.854008097962456],[-74.84640049578316,45.85400769691005],[-74.8463937152994,45.854007269579654],[-74.8463869384089,45.854006819099624],[-74.84638016421333,45.85400634296724],[-74.84637339361105,45.854005840556816],[-74.84636662750033,45.85400531499674],[-74.84635986498286,45.85400476315868],[-74.84635310695697,45.854004186919575],[-74.84634635432099,45.854003585028096],[-74.84633960527825,45.85400295873567],[-74.84633286162543,45.8540023080422],[-74.84632612246415,45.854001631696406],[-74.84631938869279,45.85400093094956],[-74.846312659413,45.85400020517607],[-74.84630593731973,45.85399945375022],[-74.84629921971803,45.853998677923315],[-74.84629250840455,45.85399787769544],[-74.84628580337926,45.853997053066514],[-74.8462791055405,45.85399620278526],[-74.84627241309164,45.853995328103],[-74.84626572782929,45.853994427768356],[-74.84625904975347,45.85399350365833],[-74.84625237706754,45.853992555147336],[-74.84624571336477,45.853991581609606],[-74.84623905774681,45.853990583670885],[-74.84623240841708,45.85398956070542],[-74.84622576627388,45.853988513964616],[-74.84621913401213,45.85398744282279],[-74.84621250893692,45.85398634602858],[-74.84620589284485,45.85398522608469],[-74.84619928483761,45.853984081114106],[-74.84619268581355,45.85398291111681],[-74.8461860948743,45.85398171671847],[-74.84617951381652,45.85398049917041],[-74.84617294174191,45.853979257221326],[-74.84616637954876,45.853977989619835],[-74.84615982723709,45.85397669886867],[-74.84615328390854,45.85397538371642],[-74.84614675225812,45.85397404416317],[-74.84614022869252,45.85397268083451],[-74.84613371680503,45.85397129310479],[-74.84612721479901,45.85396988222535],[-74.84612072536939,45.85396844569354],[-74.84611424492293,45.85396698663767],[-74.84610777615457,45.85396550318071],[-74.84610131906432,45.853963995948405],[-74.84609487275382,45.85396246368933],[-74.84608843901977,45.853960908906224],[-74.84608201606548,45.85395933097336],[-74.84607560658593,45.85395772801376],[-74.84606920788617,45.8539561019044],[-74.84606282266111,45.853954452019664],[-74.84605644911417,45.8539527789852],[-74.84605008904197,45.853951082175314],[-74.84604374154617,45.853949362215694],[-74.8460374075251,45.853947617854956],[-74.84603108608044,45.85394585097018],[-74.84602477811053,45.85394406093562],[-74.84601848451365,45.853942247125616],[-74.84601220439149,45.85394041016589],[-74.84600593864238,45.85393855005643],[-74.84599968636802,45.85393666679718],[-74.84599344936498,45.85393475976248],[-74.84598722583671,45.85393283082939],[-74.84598101757976,45.85393087812084],[-74.84095243187558,45.85233821343397],[-74.83956719736813,45.8498395854306],[-74.83954783148722,45.84972770459291],[-74.83905622126147,45.846887331999184],[-74.83922752010469,45.842743527158134],[-74.8383120155576,45.84115146644129],[-74.83804888553615,45.83915522006304],[-74.82946013891876,45.837061778473874],[-74.83079451081485,45.83438741445742],[-74.83944326938479,45.836495471691684],[-74.84034665745531,45.83597685167882],[-74.84046228949701,45.83537148231317],[-74.84017543227397,45.834418822105974],[-74.84089296789534,45.83125183223513],[-74.84064582519102,45.83052880169507],[-74.84114804721523,45.82909415474865],[-74.84127808823408,45.828722667130265],[-74.84289378462937,45.828065548505506],[-74.84434341486796,45.82701242653505],[-74.84484535571949,45.82686220158],[-74.84536038592302,45.82582790208555],[-74.84520602930607,45.8249787587428],[-74.84534569487485,45.823525628547436],[-74.84505111034375,45.821987792855474],[-74.8443991643145,45.82139733870404],[-74.84444534849989,45.82033185139415],[-74.84412328630086,45.819279388852244],[-74.84478359295045,45.81741769925653],[-74.84471305543771,45.81529987538806],[-74.84483622524294,45.81418223753774],[-74.84524445564067,45.81310594984917],[-74.84532574778397,45.811649332723015],[-74.8457031282382,45.81076451910271],[-74.84550379028003,45.81045718605207],[-74.84408901557276,45.8101438777391],[-74.8442513177884,45.809064472567435],[-74.84319637764125,45.80803105034129],[-74.84429362933662,45.80727761339388],[-74.84471623008393,45.80608181379804],[-74.84463783680401,45.805064907822015],[-74.8449216514332,45.803865210034935],[-74.84592187250146,45.80320840421622],[-74.84606058675436,45.8027610849981],[-74.84500586130456,45.801355139127274],[-74.84512429249669,45.80002486117774],[-74.84432751648406,45.79898408587802],[-74.84398453342038,45.79699173842687],[-74.84313120666401,45.79570039686732],[-74.83697528558392,45.795608868542814],[-74.83585299604495,45.79628925017055],[-74.83551422967322,45.797050099017156],[-74.83374305825843,45.79776793641811],[-74.83322467194901,45.798439196678395],[-74.83184718810581,45.79920869519959],[-74.83132048788843,45.8024910621258],[-74.83259747630247,45.80327043305596],[-74.83236744201272,45.80499764705139],[-74.82988344484359,45.80648186512768],[-74.82922904012541,45.80795156126173],[-74.82821962749516,45.80848719831811],[-74.82819683004988,45.81098625010517],[-74.82860600188201,45.81180761083304],[-74.8278977934682,45.81225806698457],[-74.82761480798405,45.81312046409118],[-74.82781840575329,45.814139156451176],[-74.82708035800069,45.81553138491358],[-74.82604457891854,45.816000688315576],[-74.82540740478584,45.816801618561165],[-74.82390726048217,45.81726118385375],[-74.82331843277973,45.81776387563353],[-74.82229209049962,45.8183009803662],[-74.82153608362788,45.820821632177],[-74.82143963690571,45.82194485553359],[-74.82175077828585,45.82259669456648],[-74.82151058944012,45.82462466641644],[-74.8208311495733,45.82528678913396],[-74.82035222984754,45.826990222109515],[-74.8198502584533,45.827825190551565],[-74.82810336034456,45.827246138343575],[-74.82845721661646,45.830610578246215],[-74.8189127649447,45.82938452953627],[-74.81912210474525,45.83033796945396],[-74.81994137906415,45.830917520909736],[-74.81960295764549,45.833064136868344],[-74.81825601652196,45.833736324358895],[-74.81825067693589,45.83456653564268],[-74.81889021633276,45.83463221163883],[-74.81981071191954,45.83549237520941],[-74.81926268839227,45.83674234371692],[-74.81943881478182,45.837424445358344],[-74.81960741059436,45.840031310408754],[-74.82234913352018,45.840613932565624],[-74.83138718420501,45.8399658836046],[-74.8316647806958,45.842878137669665],[-74.82332003267926,45.843028169832536],[-74.82343825636053,45.84330061007929],[-74.82439010315075,45.84376412308375],[-74.82497818165824,45.84505577401608],[-74.82599483740462,45.84573180149367],[-74.82819339219728,45.844217781247806],[-74.83017090124292,45.84461076022332],[-74.83022739269788,45.84647178323515],[-74.83190140412815,45.846379064930446],[-74.834635246134,45.851429094331095],[-74.83307231498186,45.8544033615154],[-74.83343302809432,45.85440217838803],[-74.83375341942691,45.854401127275324],[-74.83546591917553,45.854395563885824],[-74.83645172408013,45.85438979027312],[-74.83676161500536,45.85438998110018],[-74.83755418330921,45.85439046473723],[-74.83990107420978,45.85438302060517],[-74.84009018574676,45.85437979594048],[-74.84048999982859,45.854372977469595],[-74.84127786365525,45.85437868601511],[-74.84254671872272,45.85436609768291],[-74.84366894178635,45.854370093164796],[-74.8460028655058,45.85436177810741],[-74.84658569246214,45.854354937736126],[-74.84789347063254,45.85434978415119],[-74.84972057025858,45.854339458835575],[-74.8500757569354,45.854347377226006],[-74.85097587064674,45.854507669331014],[-74.85141736565942,45.85358092236088],[-74.853842180021,45.8515525164342]]]]}},{"type":"Feature","properties":{"zone_code":"10-Af","prefix":"","kind":"unknown","n_lots":1,"source":"t2-gcp3","confidence":"contour-manual-gcp"},"geometry":{"type":"MultiPolygon","coordinates":[[[[-74.972876212656,45.74815679918349],[-74.97268789433143,45.748113561110365],[-74.97265930993909,45.748107793398596],[-74.9726279605323,45.748096375195644],[-74.97258531660745,45.74807504136],[-74.97254649591245,45.74805098695375],[-74.97250739134982,45.748035568132224],[-74.97246405572218,45.748020712851805],[-74.97240678991945,45.74800108278811],[-74.97237387564745,45.74798778586859],[-74.97233589308061,45.74796939195857],[-74.97231060640368,45.747949306150424],[-74.9722864399259,45.74792624463485],[-74.97220314903107,45.747824482739304],[-74.97218051418086,45.74780060374605],[-74.97215405879574,45.74777944594524],[-74.97212379724877,45.74776235583736],[-74.97208344402789,45.74773911935029],[-74.97204422807417,45.74771425740169],[-74.97200218242727,45.74767835139001],[-74.9719682880933,45.74764725464268],[-74.9719409936817,45.747620435588274],[-74.97191840823884,45.74760060228024],[-74.97190051290005,45.7475864082245],[-74.9718787808567,45.747573585114736],[-74.9718196591346,45.74754372448368],[-74.97181378145768,45.747537114208534],[-74.9718108080341,45.74753103927409],[-74.97180834215864,45.74752330126971],[-74.97180466265922,45.74750743722909],[-74.97180331967789,45.74749832012087],[-74.97180199017126,45.74748823701362],[-74.971796379294,45.74746049513851],[-74.9717887454107,45.74743885389617],[-74.97178473353466,45.7474267309604],[-74.97178327736559,45.74742022222349],[-74.97170776947439,45.74727534668311],[-74.97169470437689,45.747220386768305],[-74.97169071585704,45.74720399544625],[-74.97158661998023,45.74703249371027],[-74.97151197716664,45.74690233734145],[-74.97146432962566,45.74680968014465],[-74.97143516043005,45.74670532973629],[-74.97142811673992,45.746663850799145],[-74.97142151232595,45.7466303381424],[-74.97141530406901,45.74660116468756],[-74.97140742943724,45.746576831940885],[-74.97139996533554,45.74655804576936],[-74.97139491860028,45.7465394896545],[-74.9713934327868,45.74653056671935],[-74.97139402477657,45.746522355912646],[-74.97139455927415,45.74650931754031],[-74.9713941622188,45.746504974549886],[-74.97138259820615,45.74644947852473],[-74.97136266279337,45.74639163353878],[-74.97135649136737,45.74638262469791],[-74.97134899223137,45.74637270061581],[-74.97133535221208,45.746356535347346],[-74.9713273006122,45.74634458456765],[-74.97125897654833,45.746252687474836],[-74.97124587911149,45.74623762735773],[-74.97123201451339,45.746224602083274],[-74.9712200085296,45.746212674469845],[-74.97120589419987,45.746200942439955],[-74.97119100462403,45.74619032249029],[-74.97117055896817,45.746178259463726],[-74.97114931471002,45.74616546110563],[-74.97113128013237,45.74615652118495],[-74.97110423365581,45.746143572997745],[-74.97108250340906,45.74613428515558],[-74.97105733890304,45.74612428016189],[-74.97102874732416,45.746114478275366],[-74.97099830791076,45.74610450274144],[-74.97097611503165,45.746100570952564],[-74.97094890865496,45.7460963000215],[-74.97092170137996,45.74609202783634],[-74.97082597869992,45.74608804276184],[-74.97079503982322,45.74608881883895],[-74.97076323856385,45.74608880504759],[-74.97071474211491,45.74609346088339],[-74.97067564743375,45.7461008461527],[-74.97063715731876,45.74611140719275],[-74.97059563269477,45.74612934095873],[-74.97056006569773,45.74614684279928],[-74.9705186111423,45.746170740679446],[-74.97047721497736,45.74619960718874],[-74.97045305209285,45.74622101884719],[-74.97042608466805,45.746245428228065],[-74.97039432203623,45.74627264789108],[-74.97036643473655,45.74629129937999],[-74.97033572043865,45.74631095888133],[-74.97029734800299,45.74633145901785],[-74.97027448677733,45.74634292209014],[-74.97023264684464,45.7463582743034],[-74.97018622191077,45.74637007525664],[-74.97013585157615,45.74638448213283],[-74.96983941292228,45.746417687141],[-74.96979494092584,45.746420523128286],[-74.96975947723503,45.74642119827376],[-74.96972830569469,45.746416927367235],[-74.96969812140281,45.74641124536219],[-74.96966185910975,45.746401148267346],[-74.96962019524686,45.746386864890106],[-74.96958799513551,45.74638049206415],[-74.96954210829249,45.746377009765176],[-74.96936685865865,45.746357176642235],[-74.96933165458097,45.74635152472125],[-74.96929306295637,45.74634237796098],[-74.96925846164827,45.74633109793669],[-74.9692137533949,45.7463140205498],[-74.96916865976426,45.746292728660634],[-74.96905863949814,45.746242761489015],[-74.9690448018495,45.746232767798574],[-74.96903429695058,45.74622158241077],[-74.96902474875742,45.74620664327275],[-74.96900344880373,45.74618825880584],[-74.96877488236113,45.746074316600726],[-74.96873612454822,45.74605111200878],[-74.96868485859325,45.746017204049416],[-74.96862482777608,45.745977958177996],[-74.96855743436684,45.745938519826346],[-74.96840418806758,45.7458550667983],[-74.96835026220107,45.74582257860934],[-74.96832927665773,45.74580255283636],[-74.96831801627562,45.74578410868244],[-74.968302751204,45.74576662490781],[-74.96828386592179,45.74575431793199],[-74.96809359286314,45.74565085133884],[-74.96805961498585,45.74562868469227],[-74.96802663873008,45.74560129420249],[-74.9679997270008,45.74557660118772],[-74.96796597999051,45.74554399623585],[-74.96793941770588,45.74551880419436],[-74.96790391179428,45.7454874529818],[-74.96769977413751,45.74533209022765],[-74.96752381124136,45.74518824175542],[-74.96737631505823,45.745050440534364],[-74.96728409311285,45.744964998303026],[-74.96715742347126,45.744817633263246],[-74.96710200280813,45.744752851249984],[-74.96707616815887,45.74472914584649],[-74.96706537579905,45.74471678410207],[-74.96702028396504,45.74468523872841],[-74.96700272818946,45.74467117683321],[-74.96699372347705,45.74466004692624],[-74.96698975202517,45.74465431897895],[-74.96698755744093,45.74464879477234],[-74.9669870202484,45.744641981666945],[-74.96698708133383,45.744634313474464],[-74.96698676422854,45.74463314368634],[-74.96697933516113,45.744622840021],[-74.96688509649793,45.744491682520234],[-74.96686484038659,45.74446484753112],[-74.96684899859656,45.7444471226144],[-74.96683419256405,45.744433839266975],[-74.96678880159105,45.74439773931418],[-74.9667840486049,45.74438792834791],[-74.96677658719813,45.744373682069515],[-74.96676239830823,45.744353611266924],[-74.96667469129545,45.74424629792421],[-74.96657619192287,45.744125919743205],[-74.9664493462115,45.74396801047897],[-74.9664478837542,45.743955570829996],[-74.96645162164411,45.743943495409326],[-74.96645643212246,45.74392892741579],[-74.96645740589622,45.74391303226223],[-74.96645297630356,45.74390577333813],[-74.96643868320906,45.74389606259008],[-74.96640833183058,45.74387555466328],[-74.96638522087325,45.74385220559609],[-74.96636761748695,45.74383971639577],[-74.96635499256395,45.7438290483521],[-74.96634042278835,45.74381103924538],[-74.96632900430278,45.74378370428529],[-74.96622989766905,45.74360567282898],[-74.96621043836336,45.74356341171494],[-74.96619706155047,45.74352219374479],[-74.96618517144937,45.74347671464326],[-74.96617102657692,45.74341401304146],[-74.96616713687173,45.74338190647397],[-74.96616409427786,45.74334107391984],[-74.96616265877003,45.74331193573378],[-74.96616571573695,45.74327427279244],[-74.96616974737594,45.74324490136034],[-74.96618124581158,45.74319848417227],[-74.96619455435251,45.743150571131785],[-74.96620549313774,45.74311032645304],[-74.96622252878876,45.74307324953996],[-74.96624354667148,45.7430401980171],[-74.96626517361194,45.74300735837172],[-74.96627740956443,45.742978169858304],[-74.9662977842534,45.74294065401683],[-74.96632217261504,45.74291142095758],[-74.96633781138583,45.74289030330701],[-74.96635352381846,45.74287875677291],[-74.96642605918439,45.74282849816393],[-74.96646297994258,45.742809427991595],[-74.96649352535717,45.74279080793901],[-74.96653626989333,45.74277852413002],[-74.96657263998424,45.74276668919092],[-74.96661082736698,45.74275442167646],[-74.96663622992658,45.742738798897605],[-74.96666978739233,45.74271697589939],[-74.96670889464991,45.74270555659374],[-74.96673315006089,45.742699083667596],[-74.96676008784131,45.7426855829906],[-74.9667875700008,45.742663783167615],[-74.96681506024512,45.7426430465898],[-74.96684652283963,45.74262527407575],[-74.966888609809,45.742606396925005],[-74.96692947956117,45.74258709973213],[-74.96697220882598,45.74257268874132],[-74.96734335227718,45.74251685152412],[-74.9673855120101,45.74250754803249],[-74.96741520312689,45.74249658884331],[-74.96743819999816,45.74248437769234],[-74.96745937059445,45.74247153585678],[-74.96749456928224,45.742465660985594],[-74.96754042468423,45.74246293764312],[-74.96758505388587,45.742458729752734],[-74.96761631166449,45.74245414696349],[-74.96764724425297,45.742446798827004],[-74.96768180244196,45.74243645965052],[-74.96801577450503,45.7423269389918],[-74.96806397810317,45.74231335797882],[-74.96810466010744,45.742309377023005],[-74.96814352841317,45.74230689190336],[-74.96818416999324,45.74229759401901],[-74.96822506938982,45.74228255101564],[-74.96827351014319,45.74226003383561],[-74.9683316562949,45.742235566915944],[-74.96838804713855,45.742220040538065],[-74.96841899679504,45.74221481889445],[-74.96844539828123,45.74221067994693],[-74.96848602189502,45.74219925301461],[-74.9686013961202,45.74214947088315],[-74.968759427745,45.74208380180983],[-74.96880535052064,45.74206342173691],[-74.96884264946955,45.7420409464725],[-74.96887566435286,45.74202096887006],[-74.96890085311344,45.742004033730666],[-74.96893128803526,45.74197786146033],[-74.96896848727117,45.74194209030956],[-74.96900665219603,45.74190046677463],[-74.96903699998126,45.74186277216162],[-74.96908303235136,45.74179027362453],[-74.96912559902111,45.74172806916394],[-74.96915529103619,45.74167069888663],[-74.96918018874261,45.741615653206836],[-74.96920042419269,45.741546618768346],[-74.96921797817166,45.74145809482032],[-74.96923098308204,45.741370651563976],[-74.96924023303451,45.74118909154706],[-74.96923747969815,45.741159851301305],[-74.96923393943764,45.74112724753154],[-74.96923066328178,45.74109605810993],[-74.96923348758504,45.74103471303276],[-74.96922661187986,45.74096294317544],[-74.96922289644785,45.740940444271374],[-74.96921103778777,45.74091247908703],[-74.9692048025814,45.74089176192077],[-74.96920292869571,45.74087829591531],[-74.96920157403625,45.74086677905813],[-74.96920023374985,45.74085703392678],[-74.96919174646705,45.74083951600827],[-74.96918070707054,45.740819348013396],[-74.9691747224941,45.740798274711125],[-74.969172571029,45.740781618815774],[-74.96917066839723,45.74076460869463],[-74.96913706960896,45.740674325565394],[-74.9690865196113,45.74055255163299],[-74.96907494571718,45.74052866325963],[-74.9690641614422,45.74050902679967],[-74.96905314270693,45.74049151754913],[-74.96904183920569,45.740469932537785],[-74.96903426550953,45.740439470630044],[-74.96902523564431,45.7404173451733],[-74.96901167108352,45.74039807355542],[-74.96900043495594,45.74038535224012],[-74.9689813188067,45.74036858211776],[-74.96896422746009,45.74035162704187],[-74.96894406926512,45.74033096233079],[-74.96893098530302,45.740308320228685],[-74.96890511831441,45.740265190807385],[-74.96889039133363,45.74024631285866],[-74.96887355331194,45.7402293577456],[-74.96885643052433,45.740214956177375],[-74.96883841481129,45.74020289875605],[-74.96881918816926,45.74019148269784],[-74.96879813435397,45.74017943718339],[-74.96877221436475,45.74016676973569],[-74.96873411052535,45.7401498929668],[-74.96870059528041,45.74013725497881],[-74.96862870939643,45.740112421618875],[-74.96854467110329,45.740087634015026],[-74.96840808675591,45.740064317845714],[-74.96839774535036,45.740062866462445],[-74.96837280093155,45.74005849287703],[-74.96834544363789,45.74005646658274],[-74.96830382199582,45.74005640953054],[-74.96827221567086,45.74005503839635],[-74.96823969935252,45.74005388230512],[-74.96817803899143,45.74005538948697],[-74.96807847781018,45.74006660933847],[-74.96793342594292,45.740088634622644],[-74.96778594682779,45.74011088246431],[-74.96765425021388,45.740131155415135],[-74.96748199556322,45.74017136337072],[-74.96745285062212,45.74017402475729],[-74.96743492384232,45.740173665517155],[-74.96740907661665,45.740170570283745],[-74.96738627467978,45.740168528319884],[-74.96736803977784,45.74016753272926],[-74.96734890206903,45.7401678167359],[-74.96720445297134,45.74018898745277],[-74.96700354026646,45.740216112265266],[-74.9668313808372,45.74023844218598],[-74.96678463430645,45.74024358063069],[-74.96674863791472,45.74024550033744],[-74.96672624291467,45.74024617931928],[-74.96653718707324,45.74025293026661],[-74.96642875952014,45.74025694835884],[-74.96627222089535,45.740273200031126],[-74.96623851610588,45.74027838800129],[-74.96620793386036,45.74028645740989],[-74.96618149374659,45.74029595813233],[-74.96616124931336,45.74030519428248],[-74.96615268747038,45.74031125307576],[-74.96613722027782,45.74031492697123],[-74.96611863503291,45.740315719429155],[-74.9660810836574,45.74031296526151],[-74.9660597253132,45.740311598522254],[-74.96596919399718,45.740314585286384],[-74.96585802298921,45.7403200603933],[-74.96572103889152,45.74032683640949],[-74.96568624983553,45.74032503645189],[-74.96565867874281,45.74032152242794],[-74.96563901462125,45.74031653194935],[-74.9656079553703,45.7403070030179],[-74.96553342574443,45.74028606431541],[-74.96551064087556,45.7402781917675],[-74.96549512876724,45.740275838842855],[-74.96545967675456,45.74027741686348],[-74.96544419339232,45.74027867890379],[-74.9654221460403,45.74027707392454],[-74.96539935218829,45.740267995759915],[-74.96538238570751,45.74025552268531],[-74.96535756076463,45.74021467781348],[-74.96534891717496,45.74019784870697],[-74.96534050984224,45.740173409723084],[-74.96530280575313,45.74008039653665],[-74.96529062729282,45.74006234546914],[-74.9652702373325,45.74004555957608],[-74.9652513466604,45.74003287955903],[-74.96523686042812,45.74002018386541],[-74.96522853124878,45.740006025499085],[-74.96522635013929,45.73998937751771],[-74.9652334504233,45.73995747775465],[-74.96526933901721,45.73985925049496],[-74.96528146447692,45.73982233254895],[-74.96528830514781,45.7397893355271],[-74.96528927622663,45.73975033229609],[-74.96529155255757,45.7397166424505],[-74.96528960501003,45.7396934270655],[-74.96528844259005,45.739673575894294],[-74.96529208705516,45.73965317675994],[-74.96529874267308,45.739629397718474],[-74.96531176824472,45.7396109139079],[-74.96532756332233,45.73959029218245],[-74.96533958457749,45.73957322903431],[-74.96535206217679,45.739549251214584],[-74.96541419415341,45.73939568195358],[-74.96543166099579,45.739361934841085],[-74.96544669070882,45.739340606444784],[-74.96546324216791,45.73931980593712],[-74.96548863484605,45.739296311391676],[-74.9655080213882,45.739282234346085],[-74.96553824161268,45.73926085074718],[-74.96556969073247,45.73923503079452],[-74.96559105536485,45.739214564415576],[-74.9656078969798,45.73919872434596],[-74.96562269762241,45.73918041029828],[-74.96570213833796,45.739073045632416],[-74.96572797208889,45.73904086321432],[-74.96574420554438,45.73901155350498],[-74.9657627207207,45.738982589234936],[-74.9657777899596,45.73896657919344],[-74.96579769842293,45.73895445128301],[-74.96581051289044,45.738941639983494],[-74.96581774343016,45.738926898897674],[-74.96582339562995,45.73890454337406],[-74.96582957244584,45.73888413330042],[-74.96583903709568,45.738863535131046],[-74.96585378114443,45.738838131296866],[-74.96586525622388,45.73881557511003],[-74.96588880106746,45.73878215993665],[-74.96598484534438,45.73867301706488],[-74.96602040695153,45.73863243874877],[-74.96605208244677,45.73860149809214],[-74.96608281650758,45.73856941759742],[-74.96611023847994,45.73853050066237],[-74.96613051615086,45.738501721724425],[-74.96614360280792,45.73847655659937],[-74.96615897927065,45.73844649172725],[-74.9661797195739,45.73841705882059],[-74.96619700854986,45.73839334633803],[-74.9662258983694,45.738363883308956],[-74.9662427318995,45.73834164041389],[-74.96625747415165,45.73831989532179],[-74.96626453131653,45.73829834144623],[-74.9662706479453,45.738275649616355],[-74.96628026530873,45.738253759668986],[-74.96629772226963,45.73822156549329],[-74.96631659946702,45.73819230300345],[-74.96632624018665,45.73817367514133],[-74.96633860369991,45.73814541452281],[-74.96635023239125,45.73811242716844],[-74.96635609389847,45.73808680041834],[-74.96635793274986,45.738052871320406],[-74.9663535507679,45.73802777182494],[-74.9663475491235,45.738004146326006],[-74.96633602014514,45.73795787086507],[-74.96633003017881,45.737935876088905],[-74.9663203364586,45.73791666693866],[-74.96630857930816,45.737902032794395],[-74.96629801332378,45.73789065576499],[-74.96621671489225,45.73778712569393],[-74.96614890466472,45.73771863261583],[-74.9660857207609,45.73767723665879],[-74.96605051398828,45.73764543150187],[-74.96601967841784,45.737615126677845],[-74.96598966390756,45.73758054711994],[-74.96596137865421,45.73754504337846],[-74.96593925045383,45.73751468708788],[-74.9659308269514,45.73750193188591],[-74.96586751099524,45.73741267423153],[-74.96584366970758,45.737384764962194],[-74.96582211373403,45.73736599011793],[-74.96580280714196,45.737353298833746],[-74.96578428477909,45.737333285697176],[-74.9657754157123,45.737319620081394],[-74.96575211071888,45.737300243942904],[-74.96571967255399,45.73728153176803],[-74.9656779736568,45.73725281363031],[-74.96563878734747,45.73721584944547],[-74.96560222411878,45.73717978432518],[-74.96558136164462,45.73714606659541],[-74.96555837824809,45.7371169345809],[-74.965354008826,45.73691783531306],[-74.96531843015084,45.73689121424656],[-74.96528383333433,45.73687403929757],[-74.96525091277411,45.73685136569837],[-74.96523097915795,45.73682252068872],[-74.96521140127464,45.73678696693347],[-74.96518388318256,45.73674261781486],[-74.96514376981185,45.73670078161766],[-74.96510579622816,45.736655883818145],[-74.96508525535089,45.73661240986809],[-74.96506910274375,45.73657195670584],[-74.96504651011435,45.73653916341492],[-74.96501615873585,45.7365128186693],[-74.96500511125448,45.7364991641385],[-74.96499558012931,45.736466295566274],[-74.96496397470268,45.73629758919366],[-74.96495283289822,45.73623912111925],[-74.96496042456067,45.736181764638665],[-74.96497372411845,45.73612864217362],[-74.96499412845182,45.73608706258319],[-74.96503230056318,45.73603867382242],[-74.96507794845436,45.73599664273],[-74.96514480646768,45.73594442734868],[-74.96522254846901,45.7358921504731],[-74.96530264764964,45.735855101370234],[-74.96536923976166,45.73581721645834],[-74.96545240758728,45.73578197869578],[-74.96551442008797,45.73576149725728],[-74.96553739809463,45.7357534365997],[-74.96557596636303,45.73573857867794],[-74.965854184488,45.73559489546734],[-74.96594823540329,45.73555959423771],[-74.96602580133482,45.73552926633674],[-74.96609292974105,45.73549991465621],[-74.96616339359194,45.735458043042996],[-74.96621290064556,45.73544769442141],[-74.96624770766788,45.735445966411454],[-74.96626593987489,45.735441592464404],[-74.96629237639539,45.73543168336638],[-74.96651288135659,45.73530388192721],[-74.96681008717171,45.7351097840685],[-74.96687819114835,45.735052684126494],[-74.9669388903121,45.734995320784265],[-74.96700206882603,45.734926665022485],[-74.96707173946453,45.73485492179935],[-74.96712926128711,45.73478660256754],[-74.96718549941716,45.7347201203839],[-74.96723690191602,45.73464970427175],[-74.96728994294199,45.73457074131058],[-74.9673356168843,45.73449456529704],[-74.96738551560338,45.73440769550932],[-74.96742993459921,45.73429921122811],[-74.96747219494345,45.73419226605397],[-74.96750686901511,45.73406981460326],[-74.96754660778832,45.73386106283063],[-74.9675822709051,45.73360233492781],[-74.9675907689677,45.73354832591],[-74.96760239137085,45.73350070116925],[-74.9676304241976,45.733442005065626],[-74.96766534081438,45.733376560884636],[-74.96771750598292,45.73329729891419],[-74.96776373418575,45.73323117988563],[-74.96783334643376,45.73315486472641],[-74.9678783996402,45.733099726629774],[-74.96790570123832,45.73305292353773],[-74.96794016151092,45.73302223749736],[-74.96807474980174,45.732955296737465],[-74.96812672991734,45.73293365238035],[-74.96818769857568,45.732899151437074],[-74.96823907053182,45.73286287911766],[-74.96829596892361,45.732815598031166],[-74.96833438897,45.732788545494195],[-74.96839029562169,45.7327674879719],[-74.96843710323789,45.73275014308367],[-74.96849297216035,45.732726037555096],[-74.96856296439572,45.73268172847645],[-74.96861908035488,45.732641769075144],[-74.96871828849824,45.732564974058334],[-74.96879462822942,45.73250538533142],[-74.9688702762578,45.73246073810703],[-74.96892748277172,45.7324393681987],[-74.96898255039694,45.732421058831484],[-74.96902876512505,45.73239060820854],[-74.96906315263413,45.732353823899146],[-74.96908057366244,45.73231805410714],[-74.96911440421603,45.7322712127379],[-74.9691392462269,45.73223722806247],[-74.9691588070422,45.73219839700745],[-74.96916447181839,45.7321623907233],[-74.96916275154464,45.73212764789449],[-74.96915243439358,45.7321020999126],[-74.96914005021908,45.73208570979507],[-74.96911983363361,45.73206967144057],[-74.96908834319134,45.73205735642917],[-74.96907037688565,45.73204740158394],[-74.96895410704009,45.732007535157415],[-74.96862476758896,45.73191434784659],[-74.96847174497019,45.73185884484229],[-74.96844161188231,45.73185079114587],[-74.96841149765905,45.73184425990072],[-74.9681218727266,45.731759374963424],[-74.96807377243472,45.731741363844705],[-74.96801205997134,45.731713373360805],[-74.96795555593995,45.73168413379621],[-74.96775180455879,45.73157252656796],[-74.96771100128196,45.73154563332479],[-74.96768723545279,45.73152382350894],[-74.96767003361342,45.73150502223947],[-74.96764234124817,45.731482624240705],[-74.96760553457602,45.73146241398952],[-74.96756983103505,45.73142512492505],[-74.96746584205776,45.7313028059842],[-74.96744712655715,45.73129193865267],[-74.96742988968346,45.731282851502705],[-74.96742064152762,45.7312714210799],[-74.96740208952036,45.73121636577509],[-74.96739193496438,45.731194517580796],[-74.96737951934885,45.731163127599274],[-74.96737131683199,45.73113842067411],[-74.96736737861778,45.731101967248364],[-74.96736889407566,45.731081394425566],[-74.96736650186206,45.731066539650094],[-74.96736328319842,45.731038390184644],[-74.96736371618638,45.73101264731933],[-74.96736530171286,45.73096923857856],[-74.96736911775618,45.73092709895332],[-74.9673861866449,45.73088614692983],[-74.96742197103423,45.73083862212821],[-74.96744264306554,45.73079221594603],[-74.96746389810347,45.73075141619728],[-74.96749382008728,45.730718931133325],[-74.96752702002357,45.730692956111284],[-74.96755623682986,45.730667964923164],[-74.9676101061025,45.73059558415894],[-74.96764904807006,45.73056766709318],[-74.96769001663691,45.730549705127444],[-74.96774058909247,45.73054191899443],[-74.96779166550289,45.730536619758084],[-74.96784001283147,45.73052886058662],[-74.96788605598137,45.73051801003497],[-74.96802102605618,45.73046584972839],[-74.96812967279821,45.730429602792064],[-74.96820926263408,45.730406805554544],[-74.9682651055054,45.73039614811242],[-74.9683167739056,45.73037867958471],[-74.96834450310178,45.73036555655191],[-74.9683679787751,45.73034250658447],[-74.96838286385936,45.730314257679126],[-74.9683863403395,45.730310785665075],[-74.96839852688466,45.73029941085142],[-74.9684493346988,45.73028319954324],[-74.96847390092688,45.73026824359921],[-74.96849792187759,45.73024924062159],[-74.96854436567608,45.73020065053325],[-74.96857346659972,45.730170982522864],[-74.96863498323037,45.7301197148243],[-74.96898084090297,45.72984450607463],[-74.96910953624551,45.72973691025709],[-74.96921628844062,45.729624278903586],[-74.96926689682878,45.7295780077856],[-74.96823289641088,45.729179049956926],[-74.96732602018211,45.728817976456064],[-74.96616485604922,45.7283389910706],[-74.96570049172603,45.72815371837497],[-74.96502536556919,45.72789108426321],[-74.96365314675188,45.727335314432636],[-74.96285484270499,45.72701660615399],[-74.96035978817301,45.73647196102783],[-74.95965517032539,45.73635591049141],[-74.9600193590197,45.736962240093945],[-74.96102995473117,45.73752533251299],[-74.96255961498012,45.74012795171762],[-74.96197751565916,45.740952047630735],[-74.96219441029125,45.74216088152559],[-74.9610801031819,45.74399386773783],[-74.95996472528073,45.74441546926177],[-74.95855852499285,45.74591393917255],[-74.95663861232997,45.74697616823397],[-74.95515610105701,45.7472227243555],[-74.95406361402591,45.74807647999786],[-74.95135867172107,45.7463765684441],[-74.95013416108931,45.74623866546779],[-74.94881684281057,45.74568270396708],[-74.94670691131228,45.74539559459877],[-74.94468238983457,45.748333519163786],[-74.9452859346363,45.74942757649422],[-74.94637363095198,45.74984846187697],[-74.94839085002475,45.74992059327944],[-74.94781106476397,45.75181263151382],[-74.94625766653363,45.75256617208488],[-74.94404322952676,45.75515916106849],[-74.94352647994778,45.75597030479676],[-74.94273987645744,45.75630182814494],[-74.94245985810865,45.75681541336613],[-74.94245743894558,45.75681981384293],[-74.94245498654486,45.756824207425005],[-74.94245250090648,45.75682859035186],[-74.94244998203041,45.75683296325022],[-74.9424474299167,45.75683732800038],[-74.942444843667,45.756841682095256],[-74.94244222597625,45.75684602741521],[-74.94243957414955,45.756850362079916],[-74.94243688908516,45.756854688596384],[-74.94243417168141,45.756859003204134],[-74.94243142104003,45.7568633084102],[-74.94242863805925,45.756867602334225],[-74.94242582184084,45.75687188622979],[-74.9424229741814,45.756876160096915],[-74.94242009238597,45.75688042330882],[-74.94241718004781,45.75688467523869],[-74.94241423357369,45.756888916513404],[-74.94241125565853,45.75689314650608],[-74.942408245404,45.75689736521684],[-74.94240520370845,45.756901573272394],[-74.94240212877523,45.756905769419205],[-74.94239902240099,45.756909953657285],[-74.9423958845857,45.756914126613395],[-74.94239271532936,45.75691828828759],[-74.94238951373369,45.756922437426276],[-74.942386280697,45.756926574656255],[-74.94238301621925,45.75693070060427],[-74.94237972030047,45.756934813390075],[-74.94237639383897,45.75693891364044],[-74.94237303593644,45.75694300135532],[-74.94236964659287,45.75694707778826],[-74.94236622580827,45.75695114043227],[-74.94236277448097,45.756955190540765],[-74.94235929261092,45.756959227487116],[-74.94235578019813,45.756963251897986],[-74.94235223724267,45.756967262519915],[-74.94234866374447,45.75697126060641],[-74.94234505970354,45.756975244903956],[-74.9423414242216,45.75697921603928],[-74.94233776089187,45.75698317275894],[-74.94233406522278,45.75698711568965],[-74.94233034080763,45.75699104608491],[-74.94232658674805,45.75699496081098],[-74.94232280124744,45.7569988630016],[-74.94231898789904,45.75700275014981],[-74.94231514490627,45.757006622882315],[-74.94231127137077,45.7570104818259],[-74.94230736908918,45.75701432572707],[-74.94230343716316,45.75701815521256],[-74.94229947649109,45.7570219696556],[-74.9422954870729,45.75702576968295],[-74.94229146801032,45.7570295546679],[-74.94228742109996,45.75703332523724],[-74.94228334544353,45.75703708013731],[-74.94227924104099,45.75704081874151],[-74.94227510879068,45.75704454418357],[-74.94227094599766,45.757048252076196],[-74.94226675715349,45.75705194617988],[-74.94226254046154,45.757055623360955],[-74.9422582941252,45.75705928487282],[-74.94225402173772,45.757062930088814],[-74.94224972060414,45.757066560262395],[-74.9422453925211,45.757070174140075],[-74.94224103659027,45.7570737710951],[-74.94223665191338,45.75707735238099],[-74.94223224208363,45.757080917370956],[-74.94222780440614,45.75708446543831],[-74.9422233406775,45.75708799720978],[-74.94221884820276,45.7570915120586],[-74.9422143305752,45.75709500998477],[-74.94220978599817,45.75709849098832],[-74.9422052144717,45.75710195506922],[-74.94220061689407,45.75710540222753],[-74.94219599326529,45.75710883246317],[-74.94219134448369,45.75711224514946],[-74.94218666875265,45.75711564028636],[-74.94218196697044,45.757119018500674],[-74.94217724003542,45.757122378538845],[-74.94217248704926,45.757125720400865],[-74.94216770891028,45.75712904534033],[-74.94216290651676,45.75713235210363],[-74.9421580780721,45.75713564006409],[-74.94215322447461,45.75713891110199],[-74.94214834662263,45.75714216459048],[-74.94214344361781,45.757145398649406],[-74.94213851635847,45.7571486145322],[-74.9421335639463,45.75715181161215],[-74.94212858817795,45.75715499051603],[-74.9421235881551,45.75715815124379],[-74.94211856297939,45.75716129254195],[-74.9421135153458,45.75716441566406],[-74.94210844345771,45.75716751935657],[-74.94210334821342,45.757170604246255],[-74.94209822961292,45.757173670333074],[-74.94209308765625,45.75717671761712],[-74.94208792234336,45.75717974547154],[-74.9420827345726,45.757182753269674],[-74.94207752344563,45.757185742264944],[-74.94207228896245,45.7571887118307],[-74.94206703291974,45.75719166134011],[-74.94206175441914,45.75719459141992],[-74.94205645346064,45.75719750269698],[-74.94205113004426,45.75720039266418],[-74.94204578506833,45.757203263828636],[-74.94204041943114,45.75720611493674],[-74.94203503043774,45.75720894473504],[-74.9420296207831,45.75721175573056],[-74.94202418956888,45.75721454541628],[-74.94201873769345,45.75721731567247],[-74.9420132642584,45.75722006587235],[-74.94200776926382,45.75722279476246],[-74.94200225450628,45.757225502969504],[-74.9419967190875,45.75722819049353],[-74.94199116300747,45.75723085796127],[-74.94198558716451,45.75723350474596],[-74.9419799915586,45.75723613084764],[-74.94197437529145,45.75723873501279],[-74.94196873926136,45.757241318494955],[-74.94196308346834,45.75724388192079],[-74.94195740881067,45.75724642278338],[-74.94195171439009,45.757248942962995],[-74.94194600110488,45.757251443086325],[-74.94194026985336,45.75725392001962],[-74.94193451883893,45.75725637564314],[-74.94192874806153,45.757258810583714],[-74.94192296021616,45.75726122358774],[-74.94191715440448,45.75726361590879],[-74.94191132972817,45.757265985666585],[-74.94190548708558,45.7572683341146],[-74.94189962647665,45.757270659999406],[-74.94189374879974,45.75727296394772],[-74.94188785315654,45.75727524658632],[-74.94188194044534,45.7572775066616],[-74.94187601156446,45.757279744800464],[-74.94187006471729,45.75728196100285],[-74.94186410080212,45.757284154641944],[-74.94185812071727,45.757286326971375],[-74.94185212356443,45.757288476110794],[-74.94184611024193,45.75729060268699],[-74.94184008164805,45.75729270669996],[-74.94183403688449,45.7572947887765],[-74.9418279768496,45.75729684766302],[-74.9418218997467,45.757298885239884],[-74.94181580737244,45.757300898999986],[-74.94180970062514,45.75730289019689],[-74.94180357860648,45.7573048582038],[-74.94179744131645,45.757306804274315],[-74.9417912905517,45.757308725901325],[-74.94178512361728,45.75731062621865],[-74.94177894410643,45.757312502092525],[-74.94177274842592,45.75731435602996],[-74.941766540169,45.75731618615072],[-74.94176031664071,45.75731799308151],[-74.941754080536,45.75731977682233],[-74.94174783095657,45.75732153674648],[-74.94174156700409,45.75732327536097],[-74.94173529047521,45.757324988278484],[-74.94172900136991,45.75732667925958],[-74.94172269968819,45.75732834517048],[-74.94171638453174,45.75732998914496],[-74.9417100576972,45.75733160804924],[-74.94170371828623,45.75733320501716],[-74.94169736719718,45.757334776914846],[-74.9416910035317,45.757336326249344],[-74.94168462908645,45.757337851140434],[-74.94167824206478,45.75733935221486],[-74.94167184426333,45.75734082884588],[-74.94166543478376,45.75734228228696],[-74.94165901542276,45.757343711911396],[-74.94165258438365,45.75734511709238],[-74.94164614256474,45.75734649782999],[-74.94163969086436,45.75734785600444],[-74.9416332283842,45.75734918910868],[-74.94162675602257,45.75735049839632],[-74.94162027377949,45.75735178324052],[-74.94161378165492,45.757353044268086],[-74.94160728144553,45.757354280225485],[-74.94160077135467,45.75735549299297],[-74.94159425138236,45.757356681317056],[-74.94158772242686,45.75735784394427],[-74.94158118538653,45.75735898338157],[-74.94157463936305,45.757360098375486],[-74.94156808435642,45.75736118829924],[-74.94156152126497,45.75736225440634],[-74.94155495098698,45.75736329607003],[-74.94154837262415,45.75736431203688],[-74.94154178617649,45.75736530544057],[-74.9415351925423,45.75736627189388],[-74.9415285917216,45.75736721515729],[-74.94152198371437,45.757368133977316],[-74.94151536852061,45.75736902835397],[-74.94150874703865,45.75736989703371],[-74.94150211926849,45.75737074127009],[-74.94149548431179,45.75737156043632],[-74.94148884486353,45.75737235515918],[-74.94148219733042,45.75737312543861],[-74.94147554530575,45.7573738700212],[-74.94146888789118,45.75737459141394],[-74.94146222329009,45.757375286483025],[-74.94145555509574,45.75737595710873],[-74.94144888151149,45.75737660329107],[-74.94144220343567,45.75737722440324],[-74.94143552086828,45.75737782044533],[-74.9414288338093,45.7573783901638],[-74.94142214136042,45.75737893606562],[-74.94141544531831,45.75737945752409],[-74.9414087456829,45.75737995328566],[-74.94140204245426,45.75738042397715],[-74.94139533563235,45.75738087022523],[-74.9413886261155,45.75738129140319],[-74.94138191300537,45.75738168751107],[-74.9413751972003,45.757382058548785],[-74.94136847780197,45.75738240451642],[-74.94136175570871,45.757382725413876],[-74.94135503271713,45.75738301998774],[-74.9413483070306,45.757383291371774],[-74.9413415786491,45.757383536432144],[-74.941334848471,45.757383756422456],[-74.9413281182929,45.75738395196935],[-74.94132138631815,45.75738412244613],[-74.94131465164848,45.75738426722604],[-74.9413079169788,45.757384386309084],[-74.94130118141078,45.75738448094879],[-74.94129444494448,45.757384551145094],[-74.94128770847816,45.75738459501783],[-74.94128097111353,45.75738461444713],[-74.9412742337489,45.757384608179635],[-74.94126749728258,45.757384577468734],[-74.94126076081626,45.757384521060956],[-74.94125402524827,45.75738444020986],[-74.94124729057859,45.75738433428861],[-74.94124055501058,45.75738420204374],[-74.94123382213753,45.75738404535553],[-74.94122709016278,45.75738386422391],[-74.94122035908636,45.75738365739546],[-74.9412136316032,45.75738342549687],[-74.94120690412004,45.757383167274696],[-74.94120017933182,45.75738288523586],[-74.94119345634023,45.75738257812697],[-74.94118673604359,45.75738224532114],[-74.94118001844188,45.757381888072],[-74.94117330353514,45.75738150512596],[-74.94116659222166,45.75738109836329],[-74.94115988360312,45.757380665277005],[-74.94115317857784,45.75738020837413],[-74.9411464762475,45.757379725147594],[-74.94113977840874,45.757379217477705],[-74.94113308506155,45.757378684110925],[-74.94112639530763,45.757378126927534],[-74.94111971004529,45.7573775440473],[-74.94111302837621,45.75737693735037],[-74.94110635299533,45.75737630432988],[-74.94109968210603,45.757375646865974],[-74.9410930157083,45.7573749649587],[-74.94108635470049,45.75737425798134],[-74.94107969998086,45.7573735259338],[-74.9410730497528,45.757372769442895],[-74.94106640581298,45.75737198725512],[-74.94105976816134,45.7573711812507],[-74.9410531367979,45.75737035017614],[-74.94104651172267,45.757369494031494],[-74.94103989293566,45.75736861344342],[-74.94103328133518,45.75736770841196],[-74.94102667692121,45.75736677831037],[-74.94102007879546,45.75736582439215],[-74.94101348875454,45.757364844150274],[-74.94100690590011,45.757363841345295],[-74.94100033202888,45.75736281221664],[-74.94099376444584,45.75736175989809],[-74.94098720584593,45.757360681882666],[-74.94098065533089,45.757359581304094],[-74.94097411290068,45.75735845377513],[-74.94096758035194,45.75735730430978],[-74.9409610549897,45.75735612914751],[-74.94095454040728,45.75735493016857],[-74.94094803390966,45.7573537061195],[-74.94094153639521,45.75735245825377],[-74.94093504966055,45.757351185944636],[-74.94092857280735,45.757349889818855],[-74.9409221049373,45.757348569249686],[-74.94091564784704,45.75734722486382],[-74.94090920063825,45.757345856034604],[-74.94090276331092,45.7573444640154],[-74.9408963376617,45.757343046926074],[-74.94088992279225,45.75734160602006],[-74.94088351870259,45.75734014192416],[-74.94087712718935,45.75733865401156],[-74.94087074555758,45.75733714102883],[-74.94086437560388,45.75733560485616],[-74.94085801822663,45.757334046120306],[-74.94085167162913,45.75733246168751],[-74.94084533760807,45.75733085469158],[-74.94083901706173,45.75732922387894],[-74.94083270819348,45.75732756987635],[-74.94082641190167,45.757325892057146],[-74.94082012908457,45.75732419104794],[-74.94081385884387,45.757322466222064],[-74.94080760117961,45.75732071820628],[-74.94080135788839,45.757318947000535],[-74.9407951280719,45.75731715197811],[-74.94078891262845,45.757315333765725],[-74.9407827088631,45.757313492990136],[-74.94077652126741,45.757311629024635],[-74.94077034714645,45.75730974186916],[-74.94076418739857,45.75730783089699],[-74.9407580420237,45.757305897988324],[-74.94075191281851,45.757303941889795],[-74.94074579708807,45.75730196260122],[-74.94073969752728,45.757299960749485],[-74.94073361323788,45.757297936961244],[-74.94072754421981,45.75729588998306],[-74.94072149047311,45.757293819814954],[-74.9407154537944,45.75729172708355],[-74.94070943148874,45.75728961304251],[-74.94070342625106,45.757287474557934],[-74.94069743808137,45.75728531601713],[-74.94069175713551,45.7572832408346],[-74.94068609146102,45.75728114559579],[-74.94068044105788,45.75727903092758],[-74.94022598515228,45.75710789170241],[-74.94013069815514,45.757407507218765],[-74.93967080474714,45.75801993833317],[-74.93985822206149,45.75975095256242],[-74.93998941921211,45.75991147511638],[-74.9408302171652,45.76094019130567],[-74.93967277295593,45.762007951439514],[-74.93974406864676,45.76307256396055],[-74.93980655815285,45.764005656606386],[-74.93948279454467,45.765805244006145],[-74.94013381081761,45.766726564483896],[-74.94004922365383,45.767441274462286],[-74.94134451793673,45.76783368315282],[-74.94154231438588,45.76882433247897],[-74.94373749780127,45.77155873775135],[-74.94490222914416,45.77189128944691],[-74.94581996780136,45.774073433936074],[-74.94665233506551,45.77483130289636],[-74.94886244937926,45.77044139411937],[-74.94551975173172,45.77048374892454],[-74.94536914019116,45.76465226853442],[-74.94916794484779,45.764604135774114],[-74.95096366901592,45.76297587641679],[-74.95235397181823,45.76343466620006],[-74.95299586390281,45.76364647778707],[-74.95403203105717,45.76210815644693],[-74.95817893198809,45.76259314606415],[-74.9550295598745,45.767269088582985],[-74.95577991544482,45.76832350381743],[-74.95440193393497,45.76880380488671],[-74.95225567456657,45.76636414521916],[-74.94789740723581,45.77510946965987],[-74.94789511832847,45.77511402345257],[-74.94789279528516,45.77511856847315],[-74.94789043900415,45.775123105348115],[-74.94788804768888,45.77512763470412],[-74.94788562403424,45.77513215340832],[-74.94788316714194,45.77513666459357],[-74.94788067521533,45.77514116575351],[-74.94787815094939,45.775145658767954],[-74.94787559254745,45.7751501417572],[-74.94787300180617,45.77515461597428],[-74.94787037692893,45.77515907953965],[-74.947867718814,45.775163534959425],[-74.94786502835971,45.77516797972745],[-74.94786230376945,45.775172415096854],[-74.94785954683985,45.77517683981446],[-74.94785675757089,45.775181255133454],[-74.94785393506427,45.7751856598007],[-74.9478510802183,45.77519005506928],[-74.94784819213467,45.77519443905957],[-74.94784527081336,45.7751988117716],[-74.94784231805102,45.77520317508498],[-74.94783933294933,45.77520752712007],[-74.94783631460999,45.77521186787681],[-74.94783326482958,45.775216197981884],[-74.94783018181153,45.77522051618211],[-74.94782706735245,45.77522482435717],[-74.94782392145233,45.77522912000087],[-74.94782074231453,45.775233404366254],[-74.94781753263402,45.77523767682684],[-74.94781429151247,45.77524193800911],[-74.94781101805158,45.775246187913154],[-74.94780771225133,45.77525042528585],[-74.94780437590836,45.77525465012716],[-74.94780100722605,45.775258863063634],[-74.94779760889934,45.77526306409534],[-74.94779417823325,45.77526725196911],[-74.94779071702447,45.775271427938094],[-74.94778722347633,45.77527559137571],[-74.94778370028378,45.775279741028875],[-74.9477801456502,45.775283878150724],[-74.9477765604739,45.77528800211468],[-74.94777294475489,45.77529211417383],[-74.94776929849314,45.775296212448495],[-74.9477656216887,45.77530029631226],[-74.9477619143415,45.775304367644615],[-74.94775817734994,45.77530842519259],[-74.94775440981563,45.775312469582644],[-74.94775061263694,45.77531649956177],[-74.94774678581383,45.775320515129906],[-74.94774292754967,45.7753245181667],[-74.94773904053943,45.775328506166005],[-74.94773512478312,45.7753324803809],[-74.94773117848406,45.775336439558245],[-74.9477272025406,45.77534038432468],[-74.94772319785108,45.775344315306654],[-74.94771916351715,45.775348231251165],[-74.94771510043712,45.77535213278475],[-74.947711008611,45.77535601928077],[-74.94770688714047,45.77535989073933],[-74.94770273782218,45.77536374778698],[-74.94769855975778,45.77536758854401],[-74.947694352049,45.775371414890124],[-74.94769011739075,45.77537522494562],[-74.94768585308809,45.775379019963665],[-74.94768156183599,45.77538279994421],[-74.94767724273609,45.77538656300768],[-74.94767289399181,45.77539031040709],[-74.94766851829806,45.77539404276902],[-74.94766411565486,45.77539775946699],[-74.94765968426556,45.77540145987436],[-74.9476552268251,45.77540514273805],[-74.9476507406386,45.77540881056432],[-74.9476462275026,45.77541246210004],[-74.94764168741716,45.775416096718665],[-74.94763712038225,45.775419715046745],[-74.94763252639788,45.775423315831155],[-74.94762790546406,45.7754269009516],[-74.94762325847911,45.77543046790188],[-74.94761858454467,45.77543401918815],[-74.9476138845591,45.77543755293081],[-74.9476091585224,45.77544106912983],[-74.94760440643455,45.77544456778522],[-74.94759962739724,45.775448050150096],[-74.9475948232071,45.77545151497137],[-74.9475899929658,45.77545496099591],[-74.94758513847003,45.77545839072993],[-74.94758025702477,45.775461802293826],[-74.94757535042667,45.77546519631415],[-74.94757041957408,45.77546857091117],[-74.94756546267035,45.775471929217694],[-74.94756048151208,45.775475269354104],[-74.94755547520101,45.77547859006727],[-74.94755044463543,45.77548189323684],[-74.947545388917,45.77548517823629],[-74.94754030894407,45.775488443812456],[-74.94753520561494,45.775491691845126],[-74.94753007713301,45.77549492108109],[-74.94752492529484,45.77549813089382],[-74.94751974920217,45.775501323162985],[-74.94751454975331,45.77550449538241],[-74.94750932604994,45.775507649431695],[-74.94750407988866,45.77551078405778],[-74.94749881037121,45.7755138992607],[-74.94749351749756,45.77551699504038],[-74.94748820216601,45.77552007202342],[-74.94748286347829,45.77552312895674],[-74.94747750233267,45.775526167093396],[-74.94747211872917,45.77552918643342],[-74.9474667126678,45.77553218447062],[-74.94746128325022,45.77553516308464],[-74.94745583317139,45.7755381235286],[-74.94745036063468,45.77554106204315],[-74.9474448665384,45.77554398113453],[-74.94743934998425,45.77554688017622],[-74.94743381366715,45.77554975916819],[-74.94742825399385,45.775552618110474],[-74.94742267455763,45.775555457629565],[-74.94741707356182,45.775558275219296],[-74.94741145100646,45.77556107338587],[-74.94740580868815,45.77556385024972],[-74.94740014570861,45.775566607690365],[-74.94739446116948,45.77556934320168],[-74.94738875866406,45.77557205866329],[-74.94738303370076,45.77557475219559],[-74.94737728897452,45.77557742630477],[-74.94737152628197,45.77558007973767],[-74.94736574202986,45.77558271061473],[-74.94735993981145,45.775585320815594],[-74.94735411783009,45.77558791034022],[-74.94734827518747,45.77559047856209],[-74.94734241547688,45.7755930248546],[-74.94733653510504,45.775595550470925],[-74.94733063766519,45.77559805353144],[-74.9473247204624,45.77560053654224],[-74.94731878529333,45.775602997623785],[-74.94731283215793,45.77560543677599],[-74.94730686015794,45.77560785337239],[-74.94730087108994,45.77561024866602],[-74.94729486495393,45.775612622656965],[-74.94728883995333,45.77561497471858],[-74.94728279788474,45.775617304850925],[-74.94727673874814,45.77561961180087],[-74.94727066254356,45.7756218974481],[-74.94726456837267,45.775624161792614],[-74.94725845893042,45.775626402954785],[-74.94725233242018,45.77562862156109],[-74.94724618974027,45.77563081761162],[-74.94724002999237,45.77563299298597],[-74.9472338549731,45.77563514392486],[-74.94722766288585,45.7756372729345],[-74.94722145552723,45.77563938001489],[-74.94721523379559,45.775641463912905],[-74.94720899499593,45.775643524628606],[-74.94720274182323,45.775645564041575],[-74.94719647248088,45.775647579019164],[-74.94719018966379,45.77564957206746],[-74.94718389157532,45.77565154193345],[-74.94717757911381,45.77565348861708],[-74.94717125138095,45.775655412744925],[-74.94716491107168,45.77565731369047],[-74.94715855549104,45.775659192080184],[-74.94715218553736,45.77566104603453],[-74.94714580300727,45.77566287680653],[-74.94713940700244,45.775664685022804],[-74.94713299662459,45.77566647005669],[-74.9471265736703,45.775668230655214],[-74.9471201381396,45.775669968697976],[-74.94711368913417,45.775671684184964],[-74.94710722665401,45.77567337461],[-74.94710075249577,45.77567504185271],[-74.94709426576111,45.77567668591314],[-74.94708776824666,45.77567830616469],[-74.94708125725748,45.775679901980894],[-74.94707473459022,45.7756814752413],[-74.94706820114313,45.77568302281326],[-74.94706165601798,45.77568454782946],[-74.94705509921472,45.77568604966334],[-74.94704853073335,45.7756875270619],[-74.94704195326887,45.77568898002502],[-74.94703536322793,45.775690409179305],[-74.94702876330554,45.775691815151355],[-74.94702215260335,45.77569319606145],[-74.94701553291803,45.77569455316271],[-74.94700890245292,45.77569588582862],[-74.94700226210634,45.77569719531223],[-74.9469956118783,45.77569847910736],[-74.94698895356541,45.77569973909368],[-74.94698228447274,45.77570097527121],[-74.94697560639692,45.77570218701337],[-74.94696891933793,45.775703374946694],[-74.94696222419412,45.77570453781809],[-74.94695552006716,45.775705676254155],[-74.94694880695704,45.77570679025485],[-74.94694208755872,45.7757078798202],[-74.94693535827892,45.7757089449502],[-74.94692862271093,45.77570998627136],[-74.94692187815977,45.775711001904114],[-74.9469151264221,45.77571199435458],[-74.94690836749791,45.77571295986352],[-74.94690160138718,45.77571390281675],[-74.94689482808992,45.77571482008156],[-74.94688804940282,45.77571571291099],[-74.94688126352915,45.775716581305076],[-74.94687447046896,45.77571742526382],[-74.94686767112059,45.775718242907566],[-74.94686086728062,45.77571903736908],[-74.94685405625414,45.775719806142156],[-74.94684724073608,45.77572055110645],[-74.94684041892981,45.77572127038234],[-74.94683359173365,45.77572196522286],[-74.94682675914758,45.77572263437493],[-74.9468199238666,45.775723279091665],[-74.94681308139909,45.77572389937307],[-74.94680623533831,45.77572449396609],[-74.94679938568424,45.77572506412372],[-74.94679253064031,45.77572560921948],[-74.94678567200313,45.775726129253385],[-74.94677880977267,45.77572662422538],[-74.94677194394895,45.77572709413553],[-74.94676507453198,45.775727538983766],[-74.94675820152173,45.7757279593967],[-74.94675132671487,45.77572835412121],[-74.94674444741644,45.7757287244104],[-74.94673756811797,45.77572906901115],[-74.94673068342964,45.775729389176526],[-74.94672379784298,45.775729683027016],[-74.94671690956139,45.775729953068684],[-74.94671002038149,45.77573019742192],[-74.94670312940494,45.77573041733989],[-74.94669623573344,45.77573061094281],[-74.94668934116363,45.77573078011046],[-74.94668244569552,45.77573092421624],[-74.94667554932909,45.77573104326014],[-74.94666865206433,45.77573113724216],[-74.94666175390125,45.7757312049092],[-74.94665485573819,45.77573124939403],[-74.94664795757514,45.775731266937356],[-74.94664105851373,45.775731261298425],[-74.94663416035068,45.775731229344515],[-74.9466272612893,45.77573117232877],[-74.94662036402454,45.775731088998036],[-74.94661346765811,45.77573098248509],[-74.94660657129167,45.77573085028373],[-74.94659967672187,45.77573069239392],[-74.94659278215207,45.77573050944223],[-74.94658589027722,45.77573030205524],[-74.94657899930067,45.77573006897985],[-74.94657211012075,45.77572981146909],[-74.94656522453408,45.77572952826994],[-74.94655833984577,45.77572922000892],[-74.94655145785237,45.77572888605946],[-74.94654457765559,45.775728528301244],[-74.94653770015378,45.77572814548109],[-74.94653082624524,45.775727736346035],[-74.94652395682826,45.77572730340218],[-74.9465170883096,45.775726844143314],[-74.9465102242825,45.77572636107573],[-74.946503364747,45.77572585231966],[-74.94649650790643,45.77572531912828],[-74.94648965555744,45.77572476024849],[-74.94648280770004,45.775724176933366],[-74.94647596343587,45.77572356792977],[-74.94646912456163,45.775722935117436],[-74.94646229107725,45.77572227724317],[-74.94645546208447,45.77572159430707],[-74.94644863758326,45.775720886309074],[-74.94644181937025,45.775720153249196],[-74.94643500564882,45.77571939512742],[-74.9464281982156,45.775718613196815],[-74.9464213970706,45.77571780495126],[-74.94641460221378,45.77571697289693],[-74.94640781184854,45.77571611703377],[-74.94640103046646,45.77571523485563],[-74.94639425447427,45.775714328868716],[-74.94638748387197,45.77571339844642],[-74.94638072225283,45.775712442962266],[-74.9463739669219,45.77571146241617],[-74.9463672205741,45.77571045806128],[-74.94636048051453,45.77570942801798],[-74.94635374764148,45.77570837416584],[-74.94634702375158,45.77570729587835],[-74.9463403070482,45.775706193155514],[-74.94633359932797,45.77570506599733],[-74.9463269005909,45.77570391440373],[-74.94632020904035,45.77570273837483],[-74.94631352737126,45.77570153728398],[-74.94630685468533,45.77570031301087],[-74.94630019098254,45.775699064302415],[-74.94629353626293,45.77569778990548],[-74.94628689142478,45.77569649295281],[-74.94628025646809,45.775695170938256],[-74.94627363139287,45.77569382511486],[-74.94626701709741,45.775692454856085],[-74.94626041178515,45.77569106078845],[-74.94625381815095,45.7756896422855],[-74.94624723439824,45.77568819997368],[-74.9462406614253,45.775686733853],[-74.94623410013048,45.77568524392355],[-74.9462275487171,45.77568373018518],[-74.94622100988016,45.77568219201147],[-74.94621448182299,45.77568063002894],[-74.94620796634223,45.775679044864056],[-74.94620146164125,45.77567743589038],[-74.94619497041501,45.77567580310782],[-74.94618848996855,45.77567414714295],[-74.94618202299684,45.77567246674273],[-74.9461755677032,45.775670763160186],[-74.9461691258843,45.77566903576876],[-74.94616269754013,45.775667285195034],[-74.94615628087405,45.77566551206555],[-74.94614987858101,45.775663713874096],[-74.9461434888644,45.775661893753416],[-74.94613711352082,45.77566004982384],[-74.94613075255029,45.77565818271203],[-74.94612440415618,45.77565629304437],[-74.94611807013513,45.775654378941304],[-74.9461117513854,45.775652442909],[-74.94610544611042,45.77565048369435],[-74.94609915610681,45.77564850192395],[-74.94609288047624,45.77564649571807],[-74.94608662101534,45.77564446820956],[-74.94608037592748,45.7756424181452],[-74.946074146111,45.775640343645414],[-74.94606793066754,45.77563824784293],[-74.94606173229207,45.775636128858125],[-74.94605555008629,45.77563398794401],[-74.94604938315187,45.775631823847576],[-74.94604323148879,45.775629637821886],[-74.94603709779203,45.77562742861381],[-74.94603098116326,45.775625198102986],[-74.94602487890754,45.77562294503638],[-74.94601879461813,45.7756206700405],[-74.946012728295,45.775618371862286],[-74.94600667814157,45.77561605175474],[-74.94600064505612,45.77561371097104],[-74.94599462993699,45.77561134700493],[-74.94598863278415,45.775608961736104],[-74.94598265359761,45.77560655391144],[-74.94597669147907,45.77560412478404],[-74.94597074822515,45.775601674980415],[-74.94596482293754,45.77559920199442],[-74.94595891651454,45.775596707705695],[-74.94595302805786,45.77559419274073],[-74.94594715846578,45.775591655846476],[-74.94594130863665,45.775589097649416],[-74.94593547767214,45.775586517523095],[-74.94592966557225,45.77558391797365],[-74.94592387233699,45.775581295868285],[-74.94591809976298,45.775578652460204],[-74.9459123469519,45.77557598837588],[-74.94590661390376,45.77557330361534],[-74.94590090061855,45.775570598805054],[-74.9458952079946,45.775567871438945],[-74.94588953513357,45.775565124649674],[-74.9458838829338,45.77556235781075],[-74.94587825049697,45.77555956841587],[-74.94587264051802,45.77555675959789],[-74.94586705120034,45.775553930730204],[-74.94586148164557,45.775551081812786],[-74.94585593454869,45.775548211592536],[-74.94585040901137,45.7755453213226],[-74.94584490503362,45.77554241162956],[-74.94583942171714,45.77553948126016],[-74.94583396175683,45.77553653146765],[-74.94582852335611,45.77553356162539],[-74.94582310741325,45.7755305717334],[-74.94581771302998,45.77552756241821],[-74.94581234110457,45.7755245336799],[-74.94580699253537,45.77552148551835],[-74.94580166552574,45.77551841730703],[-74.9457963618723,45.775515330299136],[-74.94579108247338,45.77551222324148],[-74.94578582463402,45.77550909738713],[-74.94578059015086,45.775505952109626],[-74.94577538082052,45.77550278928854],[-74.94577019304975,45.775499606417675],[-74.94576503043183,45.7754964041236],[-74.94575989117008,45.77549318428595],[-74.94575477616286,45.775489944398544],[-74.94574968541014,45.77548668759412],[-74.94574461981026,45.775483411366466],[-74.94573957666826,45.77548011634214],[-74.9457345595774,45.77547680314769],[-74.94572956674104,45.775473472409594],[-74.94572459905751,45.77547012224831],[-74.9457196556285,45.77546675516996],[-74.94571473825064,45.775463370548046],[-74.94570984512728,45.77545996650283],[-74.94570497805508,45.77545654554056],[-74.9457001361357,45.77545310703471],[-74.94569532026746,45.77544965035872],[-74.94569053045038,45.77544617739217],[-74.9456857648878,45.77544268625548],[-74.94568102717298,45.77543917694863],[-74.9456763155093,45.775435651351216],[-74.94567162899848,45.775432108210204],[-74.9456669694371,45.7754285481521],[-74.94566233592685,45.775424971803474],[-74.94565773026441,45.7754213779112],[-74.9456531515514,45.77541776835494],[-74.94564859799121,45.77541414125503],[-74.94564407317714,45.775410497238056],[-74.9456395753125,45.775406836930486],[-74.94563510439734,45.77540316095893],[-74.94563066043162,45.77539946807027],[-74.94562624431369,45.77539576014413],[-74.94562185604354,45.77539203530091],[-74.94561749562115,45.77538829416713],[-74.94561316304652,45.77538453799587],[-74.94560885742136,45.775380764907474],[-74.94560458144062,45.77537697803471],[-74.94560033420595,45.775373173618284],[-74.94559611392074,45.77536935479093],[-74.94559192148331,45.775365520926066],[-74.9455877586903,45.77536167202375],[-74.94558362464335,45.77535780683079],[-74.94465151833151,45.77448171061539],[-74.94384363824368,45.77256071218802],[-74.93387840581137,45.77302970778147],[-74.93295286708256,45.76338768862388],[-74.93846009762801,45.76311468120603],[-74.9383670097067,45.76172410468965],[-74.93929240021347,45.76087043810971],[-74.93859850196215,45.76002142881028],[-74.93836131348948,45.757830160647686],[-74.93891336596081,45.75709500873124],[-74.93905811419748,45.75663992801017],[-74.9390594203479,45.7566358791323],[-74.939060759736,45.756631834641425],[-74.9390621350567,45.7566277976714],[-74.9390635454117,45.75662376571521],[-74.93906498900435,45.7566197400263],[-74.93906646942796,45.75661572060474],[-74.93906798219088,45.75661170682374],[-74.93906953088643,45.756607700563585],[-74.93907111461627,45.75660369994403],[-74.93907273158378,45.756599706845286],[-74.93907438268728,45.756595720013884],[-74.93907606792675,45.756591740703364],[-74.93907778909885,45.75658776891369],[-74.9390795435086,45.75658380339133],[-74.93908133205431,45.756579845389865],[-74.93908315473602,45.756575895536],[-74.93908501155373,45.756571953829784],[-74.93908690160907,45.75656801964441],[-74.93908882669874,45.75656409360667],[-74.93909078412774,45.75656017571655],[-74.93909277659102,45.75655626660085],[-74.9390948013937,45.75655236563277],[-74.93909686033233,45.75654847281233],[-74.93909895340693,45.7565445887663],[-74.93910107971921,45.756540714748226],[-74.93910323926916,45.756536848250974],[-74.93910543115844,45.756532991154906],[-74.93910765718371,45.756529144713575],[-74.93910991644665,45.75652530641985],[-74.93911220894726,45.756521478154085],[-74.93911453378722,45.75651766054302],[-74.93911689186484,45.7565138510796],[-74.9391192813835,45.75651005352439],[-74.93912170593644,45.756506264116865],[-74.93912416103213,45.75650248661756],[-74.93912664936545,45.75649871851945],[-74.93912917003814,45.756494961076065],[-74.93913172394849,45.75649121554092],[-74.93913430840158,45.75648748003373],[-74.9391369260923,45.756483755181236],[-74.9391395761224,45.75648004223701],[-74.9391422566952,45.75647633994752],[-74.93914496960736,45.75647264893951],[-74.93914771575719,45.75646897046654],[-74.93915049155142,45.75646530202154],[-74.93915329968499,45.75646164611153],[-74.93915614015792,45.75645800210981],[-74.93915901117357,45.75645437126986],[-74.93916191273193,45.75645075108465],[-74.93916484662965,45.75644714406127],[-74.93916781107009,45.75644354894613],[-74.93917080695157,45.75643996699279],[-74.93917383247744,45.75643639694777],[-74.93917688944435,45.75643284006452],[-74.93917997695398,45.75642929634311],[-74.93918309500634,45.75642576578345],[-74.93918624270309,45.75642224901242],[-74.93918942184088,45.75641874414969],[-74.93919262972477,45.756415253702265],[-74.93919586904967,45.75641177704344],[-74.939199138019,45.75640831417319],[-74.9392024357344,45.756404863838036],[-74.93920576399252,45.756401429171746],[-74.93920912099675,45.75639800704055],[-74.93921250764537,45.75639459995147],[-74.93921592483672,45.756391207904485],[-74.93921936987583,45.756387829646144],[-74.93922284455934,45.756384465803144],[-74.93922634798895,45.7563811170023],[-74.93922988016466,45.756377782616845],[-74.93923344108643,45.75637446390027],[-74.93923702985599,45.7563711595991],[-74.93924064826996,45.75636787096683],[-74.93924429363338,45.756364598003444],[-74.93924796774289,45.75636134008224],[-74.93925166970018,45.756358097829995],[-74.93925540040354,45.75635487061987],[-74.93925915805639,45.75635165970545],[-74.939262943557,45.75634846445993],[-74.93926675600706,45.75634528551011],[-74.9392705972032,45.75634212285602],[-74.93927446355221,45.75633897649759],[-74.93927835774895,45.7563358464349],[-74.93928227979347,45.756332732667914],[-74.93928622788916,45.75632963582336],[-74.93929020203598,45.75632655590134],[-74.93929420313226,45.75632349290176],[-74.93929823117799,45.75632044557116],[-74.93930228437654,45.756317416416564],[-74.93930636362624,45.75631440355768],[-74.93931046892709,45.7563114088748],[-74.9393146011774,45.756308431741246],[-74.93931875678392,45.75630547153014],[-74.93932294023818,45.756302528868275],[-74.93932714704866,45.75629960375574],[-74.93933137991029,45.75629669744595],[-74.93933563702642,45.756293807431945],[-74.93933992019369,45.756290936220736],[-74.93934422671715,45.75628808381233],[-74.93934855839346,45.75628524957994],[-74.93935291432427,45.75628243227008],[-74.93935729361128,45.75627963564337],[-74.93936169894944,45.75627685531239],[-74.93936612674548,45.75627409566452],[-74.9393705778977,45.75627135356597],[-74.93937505420276,45.7562686296435],[-74.9393795520674,45.75626592515058],[-74.93938407418653,45.75626324071404],[-74.93938861876356,45.7562605744536],[-74.93939318669678,45.75625792762271],[-74.93939777708788,45.75625530022149],[-74.93940238993684,45.75625269224983],[-74.93940702614204,45.75625010433456],[-74.93941168300847,45.75624753522213],[-74.93941636323112,45.7562449861661],[-74.9394210650133,45.75624245653969],[-74.93942578835507,45.75623994759646],[-74.93943053325641,45.75623745745604],[-74.93943529881898,45.756234987998845],[-74.93944008594113,45.75623253922475],[-74.93944489372453,45.756230110507104],[-74.93944972396581,45.75622770121905],[-74.93945457397004,45.756225313240975],[-74.93945944373719,45.75622294531928],[-74.9394643350639,45.756220598080766],[-74.93946924615356,45.756218272152196],[-74.93947417610785,45.75621596628006],[-74.93947912672338,45.75621368234462],[-74.93948409710185,45.75621141846559],[-74.93948908634493,45.7562091752698],[-74.93949409535095,45.756206953383916],[-74.93949912322161,45.75620475343481],[-74.93950416995686,45.75620257416882],[-74.93950923465844,45.75620041621288],[-74.93951431912296,45.75619827894007],[-74.93951942065546,45.75619616423082],[-74.93952454195089,45.7561940714583],[-74.9395296803143,45.75619199936897],[-74.93953483574572,45.75618994921639],[-74.93954001004175,45.756187921000546],[-74.93954520050747,45.75618591534823],[-74.9395504089395,45.756183931005936],[-74.93955563354118,45.75618196797356],[-74.93956087610918,45.75618002813149],[-74.93956613394853,45.75617811022624],[-74.93957140975421,45.756176214257685],[-74.93957670083122,45.75617434085267],[-74.93958200807793,45.756172490011195],[-74.93958733059598,45.756170661106495],[-74.93959267018202,45.75616885476533],[-74.93959802414113,45.756167070987665],[-74.93960339337157,45.75616530977359],[-74.93960877787339,45.75616357174981],[-74.93961417764656,45.75616185628957],[-74.93961959179278,45.75616016276608],[-74.93962502031205,45.75615849431323],[-74.93963046410266,45.75615684717041],[-74.9396359204697,45.75615522321792],[-74.9396413921081,45.756153621828936],[-74.9396468763229,45.75615204425708],[-74.93965237491076,45.756150489875566],[-74.93965788607503,45.75614895868435],[-74.93966341071402,45.75614745068344],[-74.93966894792943,45.756145965872925],[-74.93967449772127,45.756144504879444],[-74.93968006098781,45.75614306707637],[-74.93968563593246,45.75614165309033],[-74.9396912216569,45.75614026166787],[-74.93969682085607,45.75613889468932],[-74.93970243173334,45.75613755215465],[-74.93970805339038,45.756136232183515],[-74.93971368672553,45.756134936029525],[-74.93971933084046,45.75613366369262],[-74.93972498663348,45.75613241579965],[-74.93973065140968,45.75613119172373],[-74.93973632876227,45.756129990838225],[-74.9397420141997,45.75612881502333],[-74.93974771131523,45.756127661772034],[-74.93975341741393,45.756126534218176],[-74.93975913339406,45.75612542985465],[-74.93976485835738,45.756124349935],[-74.93977059320216,45.75612329383252],[-74.93977633703008,45.756122262173925],[-74.93978208894285,45.75612125495922],[-74.93978785073708,45.75612027218846],[-74.93979361971782,45.756119312607986],[-74.93979939768174,45.756118378725006],[-74.93980518193385,45.75611746865915],[-74.93981097516911,45.75611658303718],[-74.93981677648921,45.75611572185912],[-74.93982258409753,45.756114885751735],[-74.93982839889236,45.75611407408825],[-74.93983422087372,45.75611328561516],[-74.9398400500416,45.75611252283952],[-74.93984588549768,45.75611178513453],[-74.93985172634366,45.75611107061992],[-74.93985757437615,45.75611038305628],[-74.93986342690023,45.756109718056265],[-74.93986928571252,45.75610907875371],[-74.9398751499147,45.756108463895075],[-74.93988101950676,45.756107874107116],[-74.93988689448872,45.75610730876307],[-74.93989277306395,45.75610676911645],[-74.93989865702905,45.75610625266026],[-74.93990454458743,45.75610576190146],[-74.93991043663738,45.75610529684017],[-74.93991633317891,45.756104855596014],[-74.9399222333137,45.75610444004933],[-74.93992813614342,45.75610404769301],[-74.93993404256642,45.756103681660925],[-74.93993995168435,45.7561033406995],[-74.93994586529386,45.756103024808795],[-74.93995177980169,45.75610273273526],[-74.93995769700447,45.7561024669859],[-74.93996361690219,45.756102225680465],[-74.93996953859654,45.756102008819],[-74.93997546208753,45.75610181765496],[-74.93998138647683,45.756101651561615],[-74.93998731266277,45.756101509912234],[-74.939993239747,45.75610139396028],[-74.93999916772955,45.75610130307902],[-74.94000509661043,45.756101236014906],[-74.94001102638963,45.75610119464827],[-74.9400169552705,45.7561011789791],[-74.940022885948,45.75610118775385],[-74.94002881482888,45.756101221599245],[-74.94003474460807,45.756101281142165],[-74.94004067259064,45.75610136387545],[-74.9400466005732,45.75610147293294],[-74.94005252675912,45.756101607061176],[-74.94005845114842,45.75610176563329],[-74.94006437553772,45.75610194990286],[-74.94007029723208,45.75610215861639],[-74.94007621802812,45.75610239302737],[-74.94008213612919,45.75610265188225],[-74.94008805243367,45.75610293580783],[-74.94009396514485,45.75610324480411],[-74.94009987516111,45.75610357887108],[-74.94010578338073,45.75610393800874],[-74.9401116871088,45.756104321590314],[-74.9401175881419,45.75610473086932],[-74.94012348558174,45.7561051639655],[-74.94012937852999,45.75610562275915],[-74.94013526788501,45.75610610599672],[-74.94014115274842,45.7561066136782],[-74.94014703312028,45.756107147057094],[-74.94015290900056,45.75610770487995],[-74.94015878038925,45.75610828777349],[-74.94016464638806,45.75610889511094],[-74.94017050609864,45.756109528145814],[-74.94017636131768,45.75611018374435],[-74.94018221024848,45.756110865667026],[-74.94018805289109,45.75611157203366],[-74.9401938901438,45.75611230284421],[-74.94019972110831,45.75611305872543],[-74.9402055448863,45.7561138390506],[-74.94021136147778,45.75611464381963],[-74.94021717178103,45.75611547303256],[-74.94022297489776,45.75611632668943],[-74.94022876992966,45.75611720604372],[-74.94023455777503,45.75611810796161],[-74.94024033753558,45.75611903495017],[-74.9402461101096,45.75611998700941],[-74.94025187280215,45.75612096288577],[-74.94025762740985,45.756121963206056],[-74.94026337393271,45.7561229879702],[-74.94026911147243,45.75612403592472],[-74.94027483913068,45.7561251089499],[-74.94028055780579,45.75612620704576],[-74.94028626749774,45.75612732770521],[-74.9402919664099,45.75612847280855],[-74.9402976554406,45.75612964172899],[-74.94030333548812,45.756130835720086],[-74.94030900475589,45.756132052901556],[-74.94031466234556,45.75613329390012],[-74.94032031005375,45.75613455934261],[-74.94032594608383,45.75613584797538],[-74.94033157133416,45.75613716105207],[-74.94033718490635,45.7561384979459],[-74.9403427885971,45.75613985803004],[-74.94034837791479,45.75614124130449],[-74.94035395735104,45.756142649022856],[-74.94035952331252,45.7561440793048],[-74.94036507669763,45.75614553403057],[-74.94037061840459,45.75614701131996],[-74.94037614573854,45.75614851242642],[-74.94038166139438,45.75615003734996],[-74.94038716447382,45.75615158483708],[-74.94039265228189,45.75615315488776],[-74.94039812661522,45.75615474938229],[-74.94040358837215,45.756156366440386],[-74.94040903485772,45.756158007315555],[-74.94041446786856,45.7561596701275],[-74.94041988650636,45.756161356129795],[-74.94042529077112,45.75616306406885],[-74.94043067976449,45.756164796451756],[-74.94043605348652,45.756166550144656],[-74.94044141283551,45.75616832702788],[-74.94044675601482,45.75617012710138],[-74.94045208392278,45.75617194911169],[-74.94045739566104,45.75617379305873],[-74.94046269122964,45.75617566019613],[-74.94046797152689,45.75617755052375],[-74.94047323475614,45.75617946153467],[-74.94047848181572,45.756181395109074],[-74.94048371180729,45.75618335124702],[-74.94094743293674,45.75635797999825],[-74.94126781708282,45.75647862951307],[-74.94169720460212,45.75569113062797],[-74.94251731076096,45.75534549304985],[-74.94290073508041,45.75474364275887],[-74.94529724532403,45.75193750430003],[-74.94666118975925,45.75127588119769],[-74.94681769873965,45.75076518606828],[-74.94601170870718,45.750736353888165],[-74.944255454716,45.75005676837758],[-74.94328295026752,45.74829383110754],[-74.9454025260787,45.74521807919778],[-74.94400125125352,45.7450273565069],[-74.94331383255034,45.74493378783031],[-74.9420344510244,45.74573009201329],[-74.94023760755542,45.74641324635079],[-74.94000161743534,45.74711896084105],[-74.93722712127301,45.74705168279886],[-74.93638784686262,45.74683614603315],[-74.93479279734582,45.74715427732996],[-74.93383568013982,45.74691745432447],[-74.93177295870298,45.74838671464247],[-74.93086187835866,45.748096474865946],[-74.93021391456107,45.74793162433963],[-74.92897868073975,45.74785543395641],[-74.92833940185432,45.74770611509701],[-74.92691043286726,45.748049132708566],[-74.92625278882416,45.74857615648102],[-74.92567536523426,45.74843123379245],[-74.9242253442285,45.74806728964021],[-74.92380755395955,45.74662127417516],[-74.92327397354539,45.746442737729836],[-74.9212351535833,45.746502775472045],[-74.92026707603253,45.746980743756424],[-74.91896374003122,45.74868296754191],[-74.91859791550479,45.74949514064677],[-74.91807893630727,45.74985382823287],[-74.91758847682338,45.7509392676315],[-74.9167621210851,45.75159632584861],[-74.91623951089721,45.752813882533445],[-74.91553521015491,45.75358889676757],[-74.91461578625822,45.755972626348274],[-74.91291252119072,45.75658707822212],[-74.91196778726093,45.759297118761886],[-74.90098146050644,45.75752931019376],[-74.89355729341663,45.75634809905618],[-74.89335669691874,45.75668346471064],[-74.89119986348113,45.75801021437185],[-74.89050730192297,45.760598631070785],[-74.89157273349431,45.760741665835035],[-74.89148868711634,45.76371842403191],[-74.89078552903108,45.76660996397622],[-74.88973439145249,45.7681292162149],[-74.89072968885469,45.76974831633122],[-74.88838827767735,45.77546040132841],[-74.88685664472803,45.77717198265611],[-74.88635270422668,45.778455439643],[-74.88590991474167,45.778640877475155],[-74.88480679614919,45.779102843253554],[-74.8845071172721,45.780947739887345],[-74.88359333210046,45.78263230921006],[-74.88432865885606,45.78587866544047],[-74.88508432616464,45.78672653825774],[-74.88541508764888,45.78837531560851],[-74.88393191611422,45.79187828308455],[-74.88335272553813,45.7926645489516],[-74.88334246857421,45.79349005253687],[-74.88412012574264,45.79446302749842],[-74.88283429970284,45.795839132115404],[-74.88262554829879,45.797012158565224],[-74.88015520282704,45.797904155691654],[-74.87942494436628,45.797953733389576],[-74.87883090553687,45.79956793370605],[-74.87834319399946,45.79967988283011],[-74.87997540053135,45.79979127246436],[-74.87963288908318,45.80219186600145],[-74.87983987799262,45.802313470983066],[-74.8793299493216,45.80588719436126],[-74.87967237812475,45.80644504010117],[-74.87942428140958,45.80818365112217],[-74.88113532409082,45.811809858054275],[-74.88071929451979,45.81542896809424],[-74.88108425127365,45.8164731858246],[-74.88019030809002,45.81738350911216],[-74.8798971878128,45.82165080219442],[-74.879870568036,45.82203829817683],[-74.8787854337155,45.822688525994835],[-74.87848031553936,45.823417610488974],[-74.87911530407098,45.82437632399927],[-74.87850839238355,45.826559480040736],[-74.8772657079353,45.82735662654893],[-74.87676722200435,45.828769089525466],[-74.87730921963269,45.82918852368491],[-74.87838226801937,45.831411121197306],[-74.87774012530481,45.836501861759956],[-74.87759476172216,45.83667584657711],[-74.87595070012347,45.838643498435516],[-74.87588228982132,45.83998533423269],[-74.87486300290946,45.840594625469556],[-74.87608015005085,45.84215044827953],[-74.8760517695761,45.842704563992626],[-74.87660413196618,45.84287526966514],[-74.87755218606928,45.84447958439675],[-74.87830608818832,45.84488233979629],[-74.878540638309,45.847092490230715],[-74.87999842435207,45.847012898598244],[-74.88741197425352,45.84455074736173],[-74.88830819915799,45.84098410545806],[-74.88843616866178,45.84048476620672],[-74.88860138591052,45.83982753862586],[-74.88892635146455,45.83853444953915],[-74.88912031300575,45.83775816434619],[-74.8893002725066,45.837037898881285],[-74.88943826002246,45.836481809084816],[-74.88966242561845,45.83557839853345],[-74.88970728209387,45.83539653739031],[-74.89006887375865,45.83396379032246],[-74.89008263505048,45.83390586897635],[-74.89021302910724,45.83335696637516],[-74.8903920534619,45.83269348817342],[-74.89041373340298,45.832601365928674],[-74.89052273228458,45.832138171779455],[-74.89074661131801,45.83129708517609],[-74.89080314409549,45.83108468809011],[-74.89089282201198,45.83069745787601],[-74.89107616007662,45.82999239015853],[-74.8911669653788,45.82964316824595],[-74.89139868311139,45.82868681639301],[-74.89141771212407,45.828608281952874],[-74.89155517322716,45.828106702134],[-74.89183871027691,45.827058092307134],[-74.89194454259716,45.82657582676167],[-74.89208136948967,45.82608038389851],[-74.8921995266956,45.825652543744916],[-74.8924190309336,45.8247767077889],[-74.89253140568408,45.824328318541205],[-74.89273649914828,45.82347049898613],[-74.89290796058656,45.82275333019161],[-74.89305884431663,45.82216490308927],[-74.89325046305156,45.821417602779206],[-74.89339478458848,45.82089108751416],[-74.89343527165833,45.82074338338388],[-74.89369859391927,45.819613383175096],[-74.89370796963588,45.81957315045365],[-74.89401993117785,45.81837754220968],[-74.89402933564057,45.818338964544886],[-74.89414674185493,45.81785738915314],[-74.89458827549518,45.81610578000505],[-74.89466825160662,45.815787349441024],[-74.89480750844194,45.815232870530004],[-74.89499980630323,45.814492858404606],[-74.89519626066937,45.81373683282981],[-74.89533717938797,45.8131977649984],[-74.89540405806257,45.812941918803006],[-74.89568513283014,45.81182972676675],[-74.89584051532314,45.81121487975011],[-74.89602071018261,45.81053577552722],[-74.89612623527904,45.81013808012301],[-74.89633560382568,45.809239284535906],[-74.89636965716147,45.809093094890116],[-74.89667815210476,45.80794622804651],[-74.89696900862745,45.806756263941935],[-74.89699538765578,45.806653758972246],[-74.89709173017336,45.80627938698297],[-74.89732776610752,45.805363160468104],[-74.89758928005978,45.80434799793499],[-74.8976575062073,45.804068477861286],[-74.89796745103145,45.80279860320554],[-74.89797433212654,45.80277220331582],[-74.89826350430808,45.80166268585111],[-74.89831012507469,45.80146010877681],[-74.89837620335035,45.801172978295796],[-74.89861375653904,45.80027492610367],[-74.89864476548432,45.80014787123429],[-74.89874225784548,45.79974839255438],[-74.8989771798687,45.79883535978624],[-74.89912999228167,45.79824143034658],[-74.89932791180001,45.7974324150506],[-74.89968509004181,45.79604704018122],[-74.89994612519203,45.79498202613064],[-74.90041282513495,45.79504246886697],[-74.90118831107533,45.79513783187995],[-74.90282989062891,45.79534021084741],[-74.90437246595668,45.79553123006358],[-74.90504830986742,45.79561519879325],[-74.90664009849975,45.795809200861015],[-74.90766142009572,45.795932941744695],[-74.90843092684958,45.796032065530234],[-74.909768317085,45.796202033751655],[-74.9109126602642,45.796342287191514],[-74.91274907541973,45.79656622886545],[-74.914076735104,45.796728239431594],[-74.915975888599,45.796960050370664],[-74.91727041302569,45.79712566982187],[-74.91817572349095,45.79723660422801],[-74.91855945054265,45.797290297967045],[-74.92135493135001,45.79763796666575],[-74.92282293033955,45.79781652468539],[-74.92411846267599,45.79797495358277],[-74.92489981371688,45.79806957630622],[-74.92628602109978,45.79824014143387],[-74.9271592275734,45.79834402031359],[-74.9282036259907,45.79847447379477],[-74.92944571755089,45.79863197078161],[-74.92961321562214,45.79865320762634],[-74.92993022300108,45.798693400974166],[-74.93194407428986,45.7989497929794],[-74.93265154788176,45.79903579699408],[-74.93400251076281,45.79919412973485],[-74.93526552767925,45.79935010407635],[-74.93625275192197,45.79947222881012],[-74.93828754922824,45.799713534597764],[-74.93866105075706,45.79975974382195],[-74.93979790558004,45.79990038473938],[-74.9401060744349,45.79993837144791],[-74.940342976345,45.79996717945315],[-74.94064631495857,45.80000500766884],[-74.94103810438995,45.800053916516276],[-74.94182195095067,45.80015002060112],[-74.94212180679588,45.80018676461589],[-74.94293537232114,45.80028741269301],[-74.94380805956854,45.80039456878267],[-74.94418459201313,45.800440933383086],[-74.94662163334404,45.800740994389336],[-74.9479349217804,45.80090270473603],[-74.94807909868855,45.800920372264734],[-74.94869363078453,45.8009956823052],[-74.95023675677959,45.80118697146719],[-74.95184604459364,45.80138590220526],[-74.95216604426078,45.801425456051206],[-74.95418993242623,45.80165757498072],[-74.9555567999794,45.80182163299694],[-74.95540856807605,45.80241547730548],[-74.9544224954735,45.80635633857102],[-74.95427049064595,45.80696377622001],[-74.95438640655527,45.806977356526446],[-74.954455750207,45.80670025111793],[-74.95518669498064,45.803779098874465],[-74.95553472657623,45.8023891411114],[-74.95647798098075,45.801925567824824],[-74.95737172833165,45.80203116452968],[-74.95737396603501,45.80202234691153],[-74.95930416350961,45.802262193768044],[-74.95965507959556,45.80087376194146],[-74.95994876491308,45.79970068777026],[-74.96006490090963,45.7992391550894],[-74.96013608341275,45.798977782940554],[-74.96040833402928,45.79790305653933],[-74.96074507110679,45.79655834233586],[-74.96108305414762,45.79521215262227],[-74.96142354169143,45.793860708566186],[-74.96152782621445,45.79345348198878],[-74.96185479411324,45.792152763847895],[-74.96195442805804,45.79176130422173],[-74.96219732532434,45.79080694062448],[-74.96254143487539,45.78946845378434],[-74.96261132470282,45.78919244580331],[-74.96288719283498,45.7881029654473],[-74.96321409785172,45.78675483128286],[-74.96324716034574,45.78662103219624],[-74.96345989308313,45.785760120429146],[-74.96366803093784,45.784827041524856],[-74.96386206164931,45.78396946297886],[-74.96401242615313,45.78330485748543],[-74.96431019431364,45.78202119074198],[-74.96439803427705,45.781572749187085],[-74.96448514930005,45.781318897190324],[-74.96478001500385,45.78045964394028],[-74.96520306131555,45.778814030668045],[-74.96521814852073,45.77875486784061],[-74.9655463012974,45.77746811281447],[-74.96564339480658,45.77708737527214],[-74.96587510265769,45.776181437112754],[-74.96597462341477,45.77579231887671],[-74.96637157097253,45.7741956272172],[-74.96651527626514,45.77360609312098],[-74.96669589782437,45.772865100082726],[-74.96703136109082,45.77152539042609],[-74.96715915901639,45.771020001187544],[-74.96741232222976,45.77001882682443],[-74.96748534987248,45.76972746887912],[-74.96780937848366,45.76843469293729],[-74.96792295787492,45.7679815275822],[-74.96813237403228,45.76714176734362],[-74.96826368796388,45.76661517331139],[-74.96843987274393,45.765847097872275],[-74.9685221323728,45.76548848550459],[-74.96888021072652,45.764288997301634],[-74.96911040311976,45.763264113633234],[-74.96914982658433,45.76308857962251],[-74.96959794757053,45.76135594674666],[-74.96975801837101,45.76067847849375],[-74.96976403259184,45.76065302504841],[-74.96990608228941,45.76000285460939],[-74.97028831274784,45.75864303107411],[-74.97042586817406,45.758095066296924],[-74.97067314921894,45.75710995749015],[-74.97087642449301,45.75603485881009],[-74.97111411242898,45.755221319850996],[-74.97144731463585,45.75395622594423],[-74.97179609183311,45.752635421054165],[-74.97212412333721,45.751054865377476],[-74.97245949138224,45.74980114063757],[-74.97266449231996,45.749081951524616],[-74.972876212656,45.74815679918349]]]]}},{"type":"Feature","properties":{"zone_code":"2-C","prefix":"","kind":"unknown","n_lots":5,"source":"t2-gcp3","confidence":"contour-manual-gcp"},"geometry":{"type":"MultiPolygon","coordinates":[[[[-74.84913647218613,45.7173629483081],[-74.84901776251627,45.717012811545786],[-74.8489371962117,45.7170262143134],[-74.8447573235166,45.7188325253595],[-74.84426272279926,45.7201803777368],[-74.83822485022895,45.72798617646703],[-74.83607284882928,45.731766447354524],[-74.83613912024273,45.73213316330748],[-74.8365478896296,45.734394954018875],[-74.83605875695741,45.73613246995722],[-74.83478735696275,45.73817136789669],[-74.8352583490561,45.73831538115924],[-74.83655214225416,45.73624054564133],[-74.83706815701125,45.73440748169858],[-74.83674285189403,45.73260763162965],[-74.83659931728131,45.731813429604074],[-74.83723957083882,45.73068877617828],[-74.83869099860631,45.72813905596195],[-74.84200501484345,45.723854935612415],[-74.84408735728275,45.72116265191502],[-74.84474458091428,45.72031285859752],[-74.8452033460383,45.719062637463615],[-74.84913647218613,45.7173629483081]]],[[[-74.84476569222177,45.70922800446499],[-74.83822790539924,45.70796432045737],[-74.83334244916759,45.720488548470996],[-74.83498382390528,45.72088976845527],[-74.83739191612786,45.720241060226485],[-74.8386257943914,45.71915462258305],[-74.83836297608536,45.71851641907349],[-74.83855073116625,45.71788241550834],[-74.83957407486994,45.71683561798784],[-74.839779358777,45.71514760968291],[-74.84162213580136,45.71221471650274],[-74.84476569222177,45.70922800446499]]],[[[-74.83334244916759,45.720488548470996],[-74.8312674064383,45.719981281434606],[-74.82752939167524,45.726977689947105],[-74.82659037103065,45.72766019581569],[-74.82623326914565,45.72830243172259],[-74.82648710789212,45.728823144170036],[-74.82675807571441,45.72897552034374],[-74.82630703789846,45.729472142784886],[-74.82410766204563,45.729624631940965],[-74.82308152907301,45.72913217961813],[-74.82299670655061,45.72835318813862],[-74.82285997667617,45.72709744288907],[-74.82438808822957,45.72244154618397],[-74.82500072308366,45.72174685180601],[-74.82517288790281,45.72064124591067],[-74.82522484466222,45.71962607342068],[-74.82692641371047,45.71957170719492],[-74.82821937866183,45.717429705795844],[-74.82792379520411,45.71680658890387],[-74.8291903245333,45.714116182223975],[-74.82994851520951,45.71329405502903],[-74.83085019288774,45.711585764957384],[-74.83002601736065,45.71117077478856],[-74.82909027646515,45.711319740343576],[-74.82837321245928,45.71123286023165],[-74.82680018154842,45.70968814561418],[-74.82420642282798,45.70842812855621],[-74.8231305645111,45.708212676690295],[-74.82279944280243,45.70757413555599],[-74.82284371357626,45.70693161682335],[-74.82233065966636,45.70691426265839],[-74.8222814032427,45.707629031613585],[-74.82273730363929,45.70850821182383],[-74.82398355350092,45.70875778761832],[-74.8264339689498,45.70994817236298],[-74.82807764427292,45.711562268781115],[-74.82910394702715,45.71168661687211],[-74.82991415285326,45.711557635784104],[-74.83023269365637,45.71171802783434],[-74.82948631582614,45.71313205923335],[-74.8287230802113,45.71395964956717],[-74.82738263390729,45.71680701477842],[-74.82767078560265,45.71741447545937],[-74.82657937654989,45.71922254574204],[-74.82472837455076,45.71928168013565],[-74.8246601097757,45.720615251150264],[-74.82450255964791,45.721626946911286],[-74.82390636486183,45.72230299080982],[-74.82234168019826,45.7270701913022],[-74.82249184437778,45.72844943776851],[-74.82186098360489,45.72856970301218],[-74.82145581376736,45.72934586088832],[-74.82021586558741,45.72935228895949],[-74.81990292937337,45.72895225032737],[-74.81893628283883,45.72865546756752],[-74.81791611378137,45.72878918373361],[-74.81549340507081,45.72857813154631],[-74.81439942953129,45.72813463629276],[-74.81313707557153,45.72793471550261],[-74.81183569699922,45.727493428136],[-74.81076077742183,45.72786493547786],[-74.80962858305853,45.72776345996456],[-74.80849275680654,45.72729173979029],[-74.80783256064974,45.72796996511449],[-74.80807616758511,45.72845600828947],[-74.80864841508235,45.72851118796818],[-74.80840342474143,45.72802239677035],[-74.80864559347405,45.72777361185103],[-74.80945792201916,45.72811097713548],[-74.81085787542256,45.72823644912801],[-74.8118348849222,45.727872044105894],[-74.8129605494317,45.72827572252048],[-74.81420974936073,45.72847356081982],[-74.81532635166563,45.72892622933449],[-74.81793204540294,45.729153221580155],[-74.81887507972021,45.729029616557085],[-74.81953635116041,45.72923264180969],[-74.81991269855207,45.7297137465317],[-74.8218160453828,45.72970387843058],[-74.8222523517264,45.72886806582494],[-74.82253162716846,45.72881482541076],[-74.82258788685809,45.729331536150745],[-74.82402079675431,45.73001920594464],[-74.8262602428587,45.72987120574771],[-74.82657234004628,45.72985057666299],[-74.82743798180688,45.72889743604075],[-74.82843777887032,45.7299167417069],[-74.82929036810985,45.73032231410535],[-74.82931305236741,45.730813926346414],[-74.8296145458414,45.73004148099947],[-74.83334244916759,45.720488548470996]]]]}},{"type":"Feature","properties":{"zone_code":"3-F","prefix":"","kind":"unknown","n_lots":47,"source":"t2-gcp3","confidence":"contour-manual-gcp"},"geometry":{"type":"MultiPolygon","coordinates":[[[[-74.93615163665528,45.71160400713648],[-74.92883774674976,45.710544529494335],[-74.92836484843139,45.71186603598048],[-74.91717855669464,45.71005512318168],[-74.91726517944085,45.71000762707714],[-74.91829440351637,45.70958004489869],[-74.91873105571138,45.70939731952509],[-74.91915995903871,45.709228452352555],[-74.91948313784364,45.7090818906647],[-74.91990345956508,45.708906371307606],[-74.920978651332,45.70851337702539],[-74.92225028039707,45.70806830603009],[-74.9234257654722,45.70765993924336],[-74.92388194524484,45.70748928023432],[-74.92446824778303,45.707248340051585],[-74.92469619079479,45.70718989175456],[-74.92506923328452,45.70716024100773],[-74.92531844930052,45.707172270432906],[-74.92558976027928,45.70721310245814],[-74.92584901407025,45.70727318676973],[-74.92611531604298,45.70727466472507],[-74.92626881027725,45.70722531818479],[-74.92637667279006,45.707147718508836],[-74.92647744220537,45.707012746720224],[-74.92650821040216,45.7068484492725],[-74.92649900356882,45.70676551496142],[-74.92649032943643,45.70668738016879],[-74.926436449384,45.70637702362629],[-74.9263980338292,45.70608298595081],[-74.9263974696872,45.70607853317032],[-74.9263969405795,45.70607407788022],[-74.92639644650609,45.70606962008039],[-74.9263959883653,45.70606516102558],[-74.9263955652588,45.70606070071578],[-74.92639517718659,45.70605623789626],[-74.92639482414867,45.706051775076396],[-74.92639450794171,45.70604730974685],[-74.92639422587071,45.70604284316232],[-74.92639397973232,45.7060383759501],[-74.92639376862822,45.70603390811017],[-74.92639359255843,45.70602943901526],[-74.92639345152294,45.706024969919945],[-74.92639334642004,45.70602050019697],[-74.92639327724976,45.70601602921897],[-74.92639324221548,45.70601155886795],[-74.9263932440121,45.70600708788927],[-74.92639328084303,45.706002618164824],[-74.92639335180993,45.70599814718544],[-74.92639345870946,45.70599367808761],[-74.92639360154158,45.7059892077348],[-74.92639377940802,45.70598473863632],[-74.92639399230873,45.705980270792104],[-74.92639424024374,45.70597580357487],[-74.9263945250097,45.70597133761193],[-74.92639484391161,45.7059668729033],[-74.92639519874615,45.70596240882166],[-74.926395588615,45.705957946621645],[-74.92639601351812,45.70595348567595],[-74.92639647345554,45.705949026611876],[-74.92639696932558,45.70594457068405],[-74.92639750022991,45.705940114755926],[-74.92639806616855,45.7059356619641],[-74.92639866803978,45.70593121168124],[-74.92639930494532,45.705926762652666],[-74.92639997598684,45.70592231801508],[-74.92640068296096,45.70591787463176],[-74.92640142496938,45.70591343375742],[-74.92640220201211,45.70590899664673],[-74.92640301498744,45.705904562672345],[-74.92640386120044,45.70590013183427],[-74.92640474334604,45.70589570350516],[-74.92640566142427,45.705891279567005],[-74.92640661363846,45.70588686001984],[-74.92640760088696,45.7058824429816],[-74.92640862227144,45.70587802970706],[-74.92640968048686,45.70587362082342],[-74.92641077193991,45.70586921695812],[-74.9264118984273,45.70586481685649],[-74.92641306084727,45.70586042051846],[-74.9264142565049,45.705856028571446],[-74.92641548719685,45.70585164289736],[-74.9264167538214,45.70584726035959],[-74.92641805458193,45.705842883467476],[-74.92641938947844,45.70583851284833],[-74.92642075851093,45.70583414536551],[-74.92642216257772,45.70582978478298],[-74.9264236016788,45.70582542984614],[-74.92642507491588,45.70582107992757],[-74.9264265813906,45.70581673565464],[-74.92642812379796,45.7058123976547],[-74.92642969944296,45.705808065300474],[-74.92643130922394,45.70580373984648],[-74.92643295493755,45.70579941941086],[-74.92643463299049,45.70579510650286],[-74.92643634517944,45.70579080049517],[-74.92643809240266,45.70578650076053],[-74.92643987286355,45.7057822072988],[-74.92644168746043,45.705777921364806],[-74.92644353619329,45.70577364233108],[-74.92644541816381,45.705769371452384],[-74.92644733427029,45.705765107473994],[-74.92644928451277,45.705760850395954],[-74.92645126799293,45.70575660147292],[-74.92645328560907,45.70575235945019],[-74.92645533556454,45.705748126209855],[-74.92645741965599,45.70574390175182],[-74.92645953788343,45.705739683566755],[-74.92646168755192,45.70573547479138],[-74.92646387135636,45.7057312747984],[-74.9264660892968,45.705727082333055],[-74.92646833957659,45.70572289927739],[-74.92647062219574,45.70571872437675],[-74.92647293984916,45.70571455951311],[-74.92647528894362,45.705710402177175],[-74.92647767037744,45.7057062555056],[-74.92648008594723,45.70570211761635],[-74.9264825338564,45.7056979885095],[-74.92648501320659,45.70569386943966],[-74.92648752669275,45.705689760406834],[-74.92649007161994,45.70568566015639],[-74.9264926497848,45.705681571197644],[-74.9264952593907,45.705677491648565],[-74.92649790133596,45.70567342213656],[-74.92650057651888,45.705669363288926],[-74.92688234165001,45.705094115578504],[-74.92712924360585,45.70461767895959],[-74.9272133825103,45.70448288487473],[-74.927375682031,45.704281371302415],[-74.92762492858974,45.70404480499108],[-74.92783299008764,45.70388103395288],[-74.92798633789653,45.703777241344326],[-74.92814338856103,45.70364551990597],[-74.92824973561592,45.70353754489566],[-74.92838600734959,45.703386104371226],[-74.92849671842015,45.70321267129838],[-74.92860842212909,45.70297115683837],[-74.92868812425436,45.702764160911016],[-74.92875479901139,45.702578960247095],[-74.92879840323528,45.70243206932171],[-74.92891523632449,45.70197302532071],[-74.9289573376669,45.70172161301315],[-74.9289776018631,45.70149729551036],[-74.9289587291573,45.70121665629421],[-74.92891865351584,45.700876314781254],[-74.92891227817226,45.70066731662627],[-74.92893079334858,45.700440654093384],[-74.9290194921014,45.69998235101035],[-74.92905458927957,45.69964758773607],[-74.92890572496225,45.69963416637054],[-74.92877549350058,45.700343385634596],[-74.92877402385677,45.700351489045495],[-74.92877258745064,45.70035959496483],[-74.9287711869771,45.70036770401992],[-74.92876982063956,45.70037581558345],[-74.928768488438,45.70038393091013],[-74.92876719306734,45.700392048745194],[-74.92876593093439,45.70040016908869],[-74.92876470293737,45.70040829194052],[-74.928763510873,45.700416417928146],[-74.92876235294462,45.70042454579681],[-74.92876123005051,45.70043267617384],[-74.92876014129237,45.70044080905921],[-74.92875908756854,45.700448943825656],[-74.92875806887902,45.70045708110043],[-74.92875708522378,45.70046522025619],[-74.92875613570452,45.70047336192037],[-74.92875522211787,45.700481504838116],[-74.92875434266722,45.70048965026425],[-74.92875349914917,45.700497796944006],[-74.92875268886878,45.70050594613211],[-74.92875191362268,45.700514095946446],[-74.92875117341089,45.70052224826916],[-74.9287504691317,45.70053040121803],[-74.9287497989885,45.700538556047924],[-74.9287491638796,45.70054671213138],[-74.92874856380499,45.70055487009586],[-74.92874799786635,45.70056302931389],[-74.92874746786035,45.70057118915814],[-74.92874697199031,45.700579350256],[-74.9287465120529,45.700587511980025],[-74.92874608535313,45.70059567495766],[-74.92874569458597,45.7006038379341],[-74.92874533885313,45.70061200341891],[-74.92874501815456,45.70062016827512],[-74.92874473159199,45.700628334384945],[-74.92874448096202,45.700636501120975],[-74.92874426446804,45.70064466848317],[-74.92874408390668,45.700652835216765],[-74.92874393748127,45.70066100320402],[-74.92874382609018,45.700669171190036],[-74.92874374973337,45.70067733917485],[-74.92874370841088,45.70068550715848],[-74.92874370122436,45.700693676395666],[-74.92874373086876,45.70070184437691],[-74.92874379375084,45.70071001235701],[-74.92873848919908,45.7008891944135],[-74.92877914155895,45.70117002097901],[-74.92880206207342,45.70155797005595],[-74.92877063541152,45.701749472972445],[-74.92855213638833,45.70258433741953],[-74.92840134967632,45.70299924892687],[-74.9283242185294,45.703169361409806],[-74.92813861940517,45.70342439271312],[-74.92805749345018,45.703514020869214],[-74.92793230782546,45.703621933816585],[-74.92776593085168,45.70374353795549],[-74.92739068209961,45.704057218398546],[-74.92722700815654,45.70423377242521],[-74.92707770635968,45.70443777548338],[-74.92698979093777,45.70457861979967],[-74.92674347648014,45.705053919383346],[-74.92636446378702,45.70562501894777],[-74.92636161882251,45.70562933437821],[-74.92635880709568,45.70563366047299],[-74.92635602680988,45.70563799597747],[-74.92635327886343,45.705642341518924],[-74.92635056325632,45.705646697097414],[-74.92634787998855,45.705651063340234],[-74.92634522995847,45.705655438992686],[-74.92634261226775,45.70565982405483],[-74.92634002691635,45.70566421852659],[-74.92633747390431,45.705668622408034],[-74.92633495502827,45.70567303632649],[-74.92633246849155,45.7056774583999],[-74.9263300142942,45.705681890510306],[-74.9263275933345,45.70568633014836],[-74.92632520471416,45.705690779196075],[-74.92632285112812,45.70569523765341],[-74.92632052898313,45.70569970363841],[-74.92631824097408,45.70570417840569],[-74.92631598620271,45.70570866132793],[-74.92631376466903,45.70571315240519],[-74.9263115772713,45.70571765163737],[-74.92630942221294,45.7057221596519],[-74.92630730129056,45.705726674566705],[-74.92630521450415,45.70573119638179],[-74.92630316005709,45.70573572760651],[-74.92630113974602,45.70574026447686],[-74.92629915446925,45.70574480950217],[-74.92629720243012,45.70574936268243],[-74.92629528273036,45.70575392150832],[-74.92629339896321,45.70575848723446],[-74.92629154933206,45.70576306048825],[-74.92628973204022,45.705767640642314],[-74.9262879497827,45.70577222644199],[-74.92628620255948,45.705776819769305],[-74.92628448857391,45.7057814187422],[-74.92628280782601,45.705786023360695],[-74.92628116301073,45.70579063550684],[-74.92627955233144,45.705795252671244],[-74.92627797488979,45.70579987548126],[-74.92627643338076,45.705804504564185],[-74.9262749251094,45.705809138665416],[-74.92627345187232,45.7058137784122],[-74.92627201277125,45.705818423804644],[-74.92627060870447,45.70582307484269],[-74.92626924057029,45.705827729644305],[-74.92626790477544,45.70583238946418],[-74.92626660491324,45.70583705555699],[-74.92626533918701,45.70584172478608],[-74.92626410849506,45.705846399660764],[-74.92626291283742,45.70585107829906],[-74.92626175221406,45.70585576132822],[-74.92626062482839,45.70586044874839],[-74.92625953427363,45.70586514055946],[-74.92625847785486,45.70586983550675],[-74.92625745647037,45.705874534844995],[-74.92625647012021,45.70587923731951],[-74.92625551880433,45.70588394355762],[-74.92625460252273,45.705888653559306],[-74.92625372127543,45.705893366697254],[-74.92625287506243,45.70589808234411],[-74.92625206388374,45.70590280175459],[-74.92625128773933,45.70590752367398],[-74.92625054752754,45.705912248729575],[-74.92624984145172,45.70591697566685],[-74.9262491704102,45.7059217057403],[-74.9262485353013,45.70592643895005],[-74.92624793522668,45.70593117278674],[-74.92624737018636,45.70593590975964],[-74.92624684107868,45.70594064861417],[-74.92624634610694,45.70594538997761],[-74.92624588706784,45.70595013196794],[-74.92624546306303,45.705954875839886],[-74.92624507499082,45.70595962096612],[-74.9262447219529,45.70596436797388],[-74.9262444039493,45.70596911560862],[-74.92624412187831,45.70597386575227],[-74.92624387394328,45.705978615895475],[-74.9262436628392,45.70598336666566],[-74.92624348587108,45.705988118062734],[-74.92624334483558,45.7059928707141],[-74.9262432397327,45.705997622737705],[-74.9262431687658,45.70600237601554],[-74.92624313373149,45.70600712866569],[-74.9262431346298,45.70601188257006],[-74.9262431696641,45.70601663584674],[-74.92624324063101,45.70602138912296],[-74.92624334842886,45.70602614177149],[-74.92624349036265,45.706030893792274],[-74.92624366733077,45.70603564581265],[-74.9262438802315,45.7060403959506],[-74.92624412816652,45.70604514671554],[-74.92624441113583,45.70604989559805],[-74.92624473003774,45.70605464385282],[-74.92624508307566,45.706059390225214],[-74.92624547294449,45.70606413596991],[-74.92624589694931,45.706068879832145],[-74.92624635688674,45.706073621812045],[-74.92624685185845,45.70607836316421],[-74.9262473827628,45.70608310200666],[-74.92624794780309,45.706087837712005],[-74.92624854877603,45.70609257278971],[-74.92628733533505,45.70638945345364],[-74.92634086953609,45.706697815043285],[-74.92634667534777,45.70675011234177],[-74.92630563222075,45.70687323343642],[-74.9262595962574,45.70694242867113],[-74.92617940904188,45.70701559349119],[-74.92609634092922,45.70706662832888],[-74.9256412481181,45.70711421726625],[-74.92533948604785,45.70706782587864],[-74.92506590233144,45.707054618955155],[-74.92466143407813,45.707086768991395],[-74.92440393829014,45.70715279475711],[-74.92380738327965,45.70739794902066],[-74.92342520941504,45.70753194064422],[-74.9218921059236,45.70805191325205],[-74.920910383862,45.70841970513698],[-74.91983186473526,45.708813915154444],[-74.91945426060053,45.70896304256063],[-74.91725258775551,45.70987879266316],[-74.91724798748294,45.70988072094108],[-74.91724340607499,45.7098826699194],[-74.91723884353165,45.709884638970834],[-74.91723429985295,45.7098866299772],[-74.91722977324224,45.70988864168391],[-74.91722526729278,45.709890674718324],[-74.91722078020793,45.70989272782584],[-74.91721631288603,45.70989480288823],[-74.91721186442874,45.70989689802371],[-74.9172074366327,45.70989901260498],[-74.91720302859959,45.709901148513936],[-74.91719864032945,45.70990330449592],[-74.91719427272052,45.70990548180553],[-74.91718992577287,45.70990767793368],[-74.91718559948646,45.70990989476215],[-74.91718129475962,45.70991213103639],[-74.91717701069403,45.70991438801096],[-74.91717274908632,45.70991666380406],[-74.91716850813988,45.70991895967016],[-74.91716428785465,45.709921274982094],[-74.91716009092565,45.70992360973973],[-74.91715591555621,45.709925964570424],[-74.91715176264466,45.709928337592345],[-74.91714763219096,45.70993073068726],[-74.91714352419518,45.70993314260064],[-74.91713943865726,45.709935573959825],[-74.91713537647556,45.70993802288287],[-74.91713133765003,45.709940490624355],[-74.9171273221807,45.70994297781159],[-74.91712333006758,45.70994548381733],[-74.91711936220898,45.70994800801416],[-74.91711541770657,45.70995054977492],[-74.91711149656035,45.7099531097268],[-74.91710760056696,45.70995568912445],[-74.9171037288281,45.709958284831394],[-74.91709988224204,45.70996089998406],[-74.9170960590122,45.70996353207332],[-74.9170922618335,45.70996618109911],[-74.9170884889093,45.70996884768879],[-74.91708474203624,45.70997153309693],[-74.91708102031603,45.70997423481431],[-74.9170773228503,45.709976954095566],[-74.91707365323238,45.70997968968609],[-74.91707000786897,45.709982442840484],[-74.91706638945499,45.70998521167685],[-74.91706279619385,45.70998799870438],[-74.91705922988218,45.70999080204112],[-74.91705568962165,45.70999362105988],[-74.91705217720889,45.7099964570152],[-74.91704868994896,45.709999308652485],[-74.9170452314351,45.71000217659907],[-74.9170417989724,45.71000506085486],[-74.91703839345917,45.71000796016537],[-74.9170350157937,45.710010875785116],[-74.917031665976,45.71001380708682],[-74.91702834310777,45.710016752815925],[-74.91702504898562,45.71001971485428],[-74.91702178181292,45.71002269194733],[-74.91701854428466,45.71002568409502],[-74.91701533280751,45.71002869067011],[-74.91694622002281,45.71001749803017],[-74.91845751960565,45.70547195990593],[-74.91884848168867,45.704437159428295],[-74.91896571542651,45.70413090769598],[-74.91932988974774,45.7031596529888],[-74.91960859925116,45.70242087202377],[-74.92012819289634,45.70089884174487],[-74.90898214837927,45.69927221554687],[-74.90926921311315,45.69842789606785],[-74.90566137860782,45.697924747943794],[-74.90538805091126,45.69870805111698],[-74.90531321855315,45.69889456773301],[-74.90527314470832,45.69904764478271],[-74.90523760825398,45.699293711702865],[-74.90518297541337,45.69982689993201],[-74.90515710752645,45.69996359370944],[-74.90497611945457,45.70036186612776],[-74.904727810737,45.70089197122898],[-74.9045287009509,45.70130832761001],[-74.90442366184305,45.70148179858682],[-74.90401522034122,45.70217159856171],[-74.9038631634114,45.70239318555317],[-74.90347906176224,45.70282937495256],[-74.90333172547922,45.70299167288511],[-74.90331417150026,45.70298484654184],[-74.90318281265289,45.702933769081085],[-74.9031580811348,45.70292415221438],[-74.90310445889885,45.70299185670261],[-74.90299706351001,45.70316171198975],[-74.89926262853336,45.702421238407815],[-74.8986589229332,45.70499843925173],[-74.89805987150451,45.70755293240194],[-74.90000337123182,45.70779847760647],[-74.89975683578861,45.70812573717304],[-74.89941854911724,45.708547162851495],[-74.89923289429747,45.70875286708594],[-74.89902057209018,45.70894365972137],[-74.89835167485153,45.70946942665602],[-74.89811710317127,45.709677608422574],[-74.8977479953025,45.71007680149514],[-74.89732761878383,45.710675930447145],[-74.89745015976835,45.71015265388479],[-74.89552959942016,45.709884576242224],[-74.89520482700391,45.71103797178881],[-74.89443686535235,45.71093151275216],[-74.89403916141313,45.7123395549129],[-74.89667813413845,45.71270792074916],[-74.8963445097234,45.71384347698537],[-74.89629983201274,45.71400043335458],[-74.89601216989922,45.715032261239884],[-74.89596530748578,45.71520035945982],[-74.89585626189175,45.71563661702276],[-74.89568137966887,45.716184229011866],[-74.89563037781862,45.71639372988495],[-74.8956185110737,45.71658956367497],[-74.89558598038234,45.716723947849275],[-74.89547897306569,45.71713205209742],[-74.89541948393263,45.7173994495865],[-74.89536307961426,45.717652976545935],[-74.89530708043608,45.7179046803502],[-74.89569666989333,45.717940812483576],[-74.8960055870448,45.71796982341688],[-74.89714146450076,45.71807623894115],[-74.89777010912985,45.71814903043243],[-74.89815384157143,45.718192755206175],[-74.89878067879019,45.71825637636871],[-74.8993398063927,45.71830129146839],[-74.90024813340065,45.71839524032085],[-74.90124733667771,45.7184884564579],[-74.902390463538,45.71859491489764],[-74.90228609098007,45.71897159673218],[-74.90225968230736,45.719066906699396],[-74.90190072090971,45.72028530579539],[-74.90182672847638,45.720515539858525],[-74.9013329290563,45.722052021769265],[-74.90131956751476,45.72209359675722],[-74.90100162229467,45.72302261331441],[-74.90081870284494,45.72357093620876],[-74.90062769316775,45.72414349089837],[-74.900486383682,45.72454891206256],[-74.90037582083345,45.72488744946511],[-74.90030902749882,45.7250906007726],[-74.9091965825258,45.72648471762463],[-74.91030842555632,45.72665906867595],[-74.91129503085982,45.72681872694995],[-74.91127196751322,45.72692669837477],[-74.91109368157373,45.72744401040103],[-74.91108805273015,45.7275756970763],[-74.91104328788292,45.7276693707201],[-74.91103587498519,45.72768488609397],[-74.91090241048678,45.728086473288876],[-74.91089538116971,45.72810762224871],[-74.91072900150098,45.728523254811954],[-74.91066670962424,45.72866016436283],[-74.91063717930591,45.72870500149371],[-74.91059889849838,45.72876312378615],[-74.91050393938633,45.72886764443177],[-74.91013066513126,45.72922937415291],[-74.9100559181131,45.72935864805248],[-74.90999076330554,45.729558242061664],[-74.90997426394873,45.72960878225332],[-74.90996493404617,45.72968231056933],[-74.90994663266889,45.72982652067499],[-74.91009444056743,45.72984982920499],[-74.91012294231476,45.72962523392301],[-74.91019963059226,45.729390307432936],[-74.91026303188838,45.72928065583709],[-74.91062825274692,45.72892672785708],[-74.91067306969644,45.728877399180405],[-74.91073102630364,45.728813607006494],[-74.91080696808113,45.728698301197454],[-74.91087288376173,45.72855342535887],[-74.9109484599249,45.72836462981902],[-74.91104088129627,45.72813375398926],[-74.9111378023289,45.72784235228358],[-74.91118151794389,45.72771091769849],[-74.91121749906428,45.72759044931072],[-74.91120963521229,45.72744498615169],[-74.91130596156019,45.727212753884004],[-74.91137037525765,45.72704377687196],[-74.91140460825649,45.72694285296443],[-74.91143947726256,45.72684215337488],[-74.91144570707907,45.726824159483414],[-74.91145622185945,45.72676341140064],[-74.911457770555,45.72665139236983],[-74.91145675725537,45.726575377379625],[-74.91145900214526,45.72651522288962],[-74.91165583380379,45.72592360277208],[-74.91167527334655,45.72589015542729],[-74.91179214236838,45.72573578792053],[-74.91189629304243,45.725514013772546],[-74.91197412936685,45.7253162935494],[-74.92315945810961,45.72714000179311],[-74.92316412755245,45.72712613677582],[-74.92350219772985,45.726109154400675],[-74.92366250299061,45.72566461547516],[-74.923679223333,45.725619198335835],[-74.92375228241676,45.725420751035244],[-74.92419804622365,45.72405835594944],[-74.92454958933368,45.72301705937348],[-74.924684566595,45.72260482885814],[-74.92476347999947,45.72236381837351],[-74.9251353834254,45.72127853395855],[-74.92518535850128,45.72109745988922],[-74.92554770744586,45.7197845237861],[-74.92560530921851,45.71957627555546],[-74.9258114186773,45.71962283656076],[-74.92634225024669,45.719745672157565],[-74.92689213238829,45.719870204617514],[-74.9273258587704,45.71998142882025],[-74.92843665346699,45.72032110085393],[-74.92911727910999,45.7205246111995],[-74.92973515473545,45.72072257792378],[-74.9301754316326,45.72077052902365],[-74.9306582159107,45.720799427479776],[-74.9315581526539,45.72063376257179],[-74.93212256774018,45.72061841018409],[-74.93249510627504,45.720633144813725],[-74.93291202877143,45.72067562711109],[-74.93320692950954,45.7206988416218],[-74.93359806945897,45.7201519110813],[-74.93366215527134,45.71999740165678],[-74.93381165469755,45.71963696434583],[-74.93395003208225,45.719316133671235],[-74.93399868034643,45.71851833952718],[-74.93409375534118,45.71796671817211],[-74.93409013153732,45.7173741896532],[-74.9345371457991,45.716179666018945],[-74.93478477539033,45.715517925863466],[-74.93488441652163,45.71517726058327],[-74.93530044519433,45.7141340880045],[-74.93566606400655,45.71304734846267],[-74.93615163665528,45.71160400713648]]]]}}]}